timestamp_utc,open,high,low,close,volume
2024-01-01 22:00:00,1.10427,1.10447,1.10420,1.10438,61150062182.0
2024-01-01 23:00:00,1.10446,1.10446,1.10356,1.10365,65522751896.0
2024-01-02 00:00:00,1.10366,1.10383,1.10342,1.10381,66583595583.0
2024-01-02 01:00:00,1.10380,1.10432,1.10342,1.10348,67245976782.0
2024-01-02 02:00:00,1.10347,1.10359,1.10182,1.10187,67373524257.0
2024-01-02 03:00:00,1.10187,1.10247,1.10176,1.10245,66688558039.0
2024-01-02 04:00:00,1.10245,1.10250,1.10165,1.10208,66716724429.0
2024-01-02 05:00:00,1.10208,1.10335,1.10208,1.10333,66952425961.0
2024-01-02 06:00:00,1.10334,1.10351,1.10268,1.10286,67228707386.0
2024-01-02 07:00:00,1.10286,1.10380,1.10151,1.10153,67730297978.0
2024-01-02 08:00:00,1.10156,1.10387,1.10156,1.10295,68019086782.0
2024-01-02 09:00:00,1.10296,1.10378,1.10107,1.10150,67877551963.0
2024-01-02 10:00:00,1.10149,1.10170,1.09970,1.10075,67821613542.0
2024-01-02 11:00:00,1.10075,1.10077,1.09665,1.09690,67983979969.0
2024-01-02 12:00:00,1.09691,1.09717,1.09537,1.09537,67687914537.0
2024-01-02 13:00:00,1.09538,1.09650,1.09494,1.09527,67951694150.0
2024-01-02 14:00:00,1.09526,1.09639,1.09448,1.09631,68279716990.0
2024-01-02 15:00:00,1.09631,1.09682,1.09410,1.09435,68344123062.0
2024-01-02 16:00:00,1.09436,1.09616,1.09408,1.09564,67854941391.0
2024-01-02 17:00:00,1.09565,1.09575,1.09459,1.09504,67687798211.0
2024-01-02 18:00:00,1.09504,1.09558,1.09462,1.09467,67408528993.0
2024-01-02 19:00:00,1.09466,1.09501,1.09429,1.09465,67217614438.0
2024-01-02 20:00:00,1.09465,1.09511,1.09421,1.09431,67445634992.0
2024-01-02 21:00:00,1.09430,1.09432,1.09383,1.09396,66854168822.0
2024-01-02 22:00:00,1.09396,1.09438,1.09375,1.09404,66093050099.0
2024-01-02 23:00:00,1.09404,1.09436,1.09404,1.09416,64204489355.0
2024-01-03 00:00:00,1.09416,1.09505,1.09412,1.09494,65454143568.0
2024-01-03 01:00:00,1.09493,1.09546,1.09448,1.09513,66969665207.0
2024-01-03 02:00:00,1.09513,1.09530,1.09486,1.09522,65659257484.0
2024-01-03 03:00:00,1.09522,1.09622,1.09488,1.09608,66961335583.0
2024-01-03 04:00:00,1.09607,1.09624,1.09588,1.09622,66742282483.0
2024-01-03 05:00:00,1.09623,1.09627,1.09512,1.09512,66988710299.0
2024-01-03 06:00:00,1.09512,1.09607,1.09511,1.09586,65636966074.0
2024-01-03 07:00:00,1.09585,1.09627,1.09514,1.09603,67632941633.0
2024-01-03 08:00:00,1.09602,1.09654,1.09502,1.09526,68096492009.0
2024-01-03 09:00:00,1.09526,1.09562,1.09348,1.09362,67807867864.0
2024-01-03 10:00:00,1.09362,1.09390,1.09262,1.09279,67520102071.0
2024-01-03 11:00:00,1.09280,1.09297,1.09154,1.09195,67810079045.0
2024-01-03 12:00:00,1.09195,1.09320,1.09145,1.09168,67775582047.0
2024-01-03 13:00:00,1.09168,1.09300,1.09101,1.09215,68311394061.0
2024-01-03 14:00:00,1.09216,1.09265,1.09099,1.09183,68334372458.0
2024-01-03 15:00:00,1.09179,1.09385,1.08980,1.09044,68750774109.0
2024-01-03 16:00:00,1.09045,1.09182,1.09026,1.09081,68211681035.0
2024-01-03 17:00:00,1.09081,1.09101,1.09032,1.09066,67716042259.0
2024-01-03 18:00:00,1.09066,1.09148,1.09026,1.09054,67596792950.0
2024-01-03 19:00:00,1.09055,1.09257,1.08929,1.09176,68336251622.0
2024-01-03 20:00:00,1.09177,1.09232,1.09150,1.09212,67663805808.0
2024-01-03 21:00:00,1.09211,1.09236,1.09187,1.09206,66701984403.0
2024-01-03 22:00:00,1.09206,1.09225,1.09167,1.09206,64263612004.0
2024-01-03 23:00:00,1.09207,1.09275,1.09207,1.09258,66352050994.0
2024-01-04 00:00:00,1.09259,1.09266,1.09194,1.09225,66760612252.0
2024-01-04 01:00:00,1.09224,1.09241,1.09163,1.09178,67198747280.0
2024-01-04 02:00:00,1.09177,1.09199,1.09160,1.09193,66718770788.0
2024-01-04 03:00:00,1.09193,1.09306,1.09193,1.09261,65798010955.0
2024-01-04 04:00:00,1.09261,1.09285,1.09247,1.09258,66885533693.0
2024-01-04 05:00:00,1.09259,1.09268,1.09219,1.09266,67230082662.0
2024-01-04 06:00:00,1.09265,1.09346,1.09208,1.09324,67406401205.0
2024-01-04 07:00:00,1.09323,1.09436,1.09295,1.09375,67748941169.0
2024-01-04 08:00:00,1.09375,1.09559,1.09345,1.09532,68116521614.0
2024-01-04 09:00:00,1.09532,1.09690,1.09453,1.09675,68017625495.0
2024-01-04 10:00:00,1.09675,1.09721,1.09543,1.09555,67783894470.0
2024-01-04 11:00:00,1.09556,1.09578,1.09462,1.09479,67398543604.0
2024-01-04 12:00:00,1.09477,1.09557,1.09468,1.09522,67436507298.0
2024-01-04 13:00:00,1.09523,1.09552,1.09327,1.09470,68344422399.0
2024-01-04 14:00:00,1.09469,1.09505,1.09381,1.09453,68275899429.0
2024-01-04 15:00:00,1.09452,1.09652,1.09452,1.09550,68291144252.0
2024-01-04 16:00:00,1.09551,1.09639,1.09542,1.09560,67944371158.0
2024-01-04 17:00:00,1.09561,1.09597,1.09418,1.09504,67556804199.0
2024-01-04 18:00:00,1.09504,1.09543,1.09459,1.09469,67668838319.0
2024-01-04 19:00:00,1.09471,1.09498,1.09433,1.09470,67397735546.0
2024-01-04 20:00:00,1.09469,1.09491,1.09431,1.09491,67347813169.0
2024-01-04 21:00:00,1.09490,1.09500,1.09435,1.09441,65674990716.0
2024-01-04 22:00:00,1.09441,1.09498,1.09430,1.09463,65490409556.0
2024-01-04 23:00:00,1.09460,1.09488,1.09431,1.09462,62740414463.0
2024-01-05 00:00:00,1.09461,1.09514,1.09443,1.09508,66410751589.0
2024-01-05 01:00:00,1.09508,1.09558,1.09501,1.09515,67290942345.0
2024-01-05 02:00:00,1.09515,1.09541,1.09466,1.09469,67115459541.0
2024-01-05 03:00:00,1.09468,1.09473,1.09391,1.09392,67275177326.0
2024-01-05 04:00:00,1.09392,1.09411,1.09363,1.09371,65681652449.0
2024-01-05 05:00:00,1.09371,1.09381,1.09341,1.09374,66057715056.0
2024-01-05 06:00:00,1.09374,1.09374,1.09247,1.09276,67354227178.0
2024-01-05 07:00:00,1.09275,1.09333,1.09226,1.09231,67602953995.0
2024-01-05 08:00:00,1.09231,1.09257,1.09034,1.09076,67913736517.0
2024-01-05 09:00:00,1.09075,1.09305,1.09028,1.09126,67797237597.0
2024-01-05 10:00:00,1.09126,1.09137,1.09036,1.09127,67688128679.0
2024-01-05 11:00:00,1.09126,1.09175,1.09099,1.09142,67443891237.0
2024-01-05 12:00:00,1.09142,1.09208,1.09136,1.09176,67471399977.0
2024-01-05 13:00:00,1.09177,1.09278,1.08767,1.09210,68552145228.0
2024-01-05 14:00:00,1.09212,1.09548,1.09212,1.09490,68790786214.0
2024-01-05 15:00:00,1.09492,1.09984,1.09490,1.09781,68808510259.0
2024-01-05 16:00:00,1.09782,1.09805,1.09530,1.09559,68249151734.0
2024-01-05 17:00:00,1.09558,1.09561,1.09430,1.09462,67903593677.0
2024-01-05 18:00:00,1.09461,1.09562,1.09352,1.09540,67717800427.0
2024-01-05 19:00:00,1.09542,1.09597,1.09431,1.09452,67646810029.0
2024-01-05 20:00:00,1.09452,1.09471,1.09357,1.09392,67429628308.0
2024-01-05 21:00:00,1.09393,1.09420,1.09370,1.09392,67097669795.0
2024-01-07 22:00:00,1.09392,1.09451,1.09376,1.09444,59307833426.0
2024-01-07 23:00:00,1.09445,1.09456,1.09349,1.09415,66399189727.0
2024-01-08 00:00:00,1.09413,1.09492,1.09402,1.09485,66372260336.0
2024-01-08 01:00:00,1.09484,1.09530,1.09469,1.09479,66928902147.0
2024-01-08 02:00:00,1.09479,1.09479,1.09359,1.09371,66983398606.0
2024-01-08 03:00:00,1.09370,1.09392,1.09313,1.09329,66863929096.0
2024-01-08 04:00:00,1.09329,1.09371,1.09306,1.09340,65576228619.0
2024-01-08 05:00:00,1.09342,1.09374,1.09320,1.09374,65736478556.0
2024-01-08 06:00:00,1.09372,1.09466,1.09363,1.09457,65868703333.0
2024-01-08 07:00:00,1.09459,1.09522,1.09394,1.09451,67728924999.0
2024-01-08 08:00:00,1.09454,1.09454,1.09293,1.09337,68079454124.0
2024-01-08 09:00:00,1.09336,1.09424,1.09226,1.09369,67834788576.0
2024-01-08 10:00:00,1.09369,1.09434,1.09342,1.09424,67835220129.0
2024-01-08 11:00:00,1.09424,1.09506,1.09368,1.09379,67735751554.0
2024-01-08 12:00:00,1.09378,1.09480,1.09372,1.09445,67540905491.0
2024-01-08 13:00:00,1.09446,1.09561,1.09426,1.09507,68061687640.0
2024-01-08 14:00:00,1.09507,1.09626,1.09493,1.09603,68305156181.0
2024-01-08 15:00:00,1.09602,1.09745,1.09552,1.09697,68197713181.0
2024-01-08 16:00:00,1.09696,1.09787,1.09683,1.09754,68023763435.0
2024-01-08 17:00:00,1.09753,1.09788,1.09625,1.09646,67674579599.0
2024-01-08 18:00:00,1.09646,1.09656,1.09488,1.09553,67248475664.0
2024-01-08 19:00:00,1.09553,1.09628,1.09529,1.09609,67350149205.0
2024-01-08 20:00:00,1.09610,1.09610,1.09494,1.09547,67474708233.0
2024-01-08 21:00:00,1.09548,1.09564,1.09495,1.09495,66650150994.0
2024-01-08 22:00:00,1.09495,1.09548,1.09493,1.09501,62780478259.0
2024-01-08 23:00:00,1.09510,1.09526,1.09495,1.09497,62729853336.0
2024-01-09 00:00:00,1.09497,1.09593,1.09492,1.09552,67141796822.0
2024-01-09 01:00:00,1.09550,1.09618,1.09514,1.09615,67115448404.0
2024-01-09 02:00:00,1.09615,1.09646,1.09605,1.09626,67059014698.0
2024-01-09 03:00:00,1.09629,1.09663,1.09608,1.09627,66716368241.0
2024-01-09 04:00:00,1.09628,1.09629,1.09534,1.09561,66738466979.0
2024-01-09 05:00:00,1.09560,1.09561,1.09480,1.09496,66803685127.0
2024-01-09 06:00:00,1.09496,1.09549,1.09480,1.09501,67231894409.0
2024-01-09 07:00:00,1.09501,1.09629,1.09461,1.09566,67556138846.0
2024-01-09 08:00:00,1.09566,1.09566,1.09389,1.09496,67787518114.0
2024-01-09 09:00:00,1.09497,1.09504,1.09379,1.09440,67818688350.0
2024-01-09 10:00:00,1.09440,1.09480,1.09324,1.09353,67643354970.0
2024-01-09 11:00:00,1.09354,1.09359,1.09287,1.09314,67578138459.0
2024-01-09 12:00:00,1.09313,1.09415,1.09288,1.09405,67869848369.0
2024-01-09 13:00:00,1.09406,1.09468,1.09330,1.09459,68215433130.0
2024-01-09 14:00:00,1.09460,1.09513,1.09379,1.09455,68230273435.0
2024-01-09 15:00:00,1.09456,1.09467,1.09175,1.09178,68316176377.0
2024-01-09 16:00:00,1.09178,1.09351,1.09103,1.09343,68020127499.0
2024-01-09 17:00:00,1.09345,1.09391,1.09301,1.09339,67859130617.0
2024-01-09 18:00:00,1.09340,1.09400,1.09223,1.09241,67821528845.0
2024-01-09 19:00:00,1.09240,1.09286,1.09200,1.09252,67472540305.0
2024-01-09 20:00:00,1.09252,1.09295,1.09250,1.09279,67587339714.0
2024-01-09 21:00:00,1.09280,1.09314,1.09277,1.09307,65677078038.0
2024-01-09 22:00:00,1.09307,1.09307,1.09265,1.09282,66803154942.0
2024-01-09 23:00:00,1.09281,1.09326,1.09280,1.09317,64475620311.0
2024-01-10 00:00:00,1.09316,1.09363,1.09291,1.09308,66906890238.0
2024-01-10 01:00:00,1.09307,1.09333,1.09261,1.09322,67342184611.0
2024-01-10 02:00:00,1.09323,1.09358,1.09316,1.09337,67286053677.0
2024-01-10 03:00:00,1.09337,1.09360,1.09277,1.09292,67302442928.0
2024-01-10 04:00:00,1.09292,1.09329,1.09288,1.09321,66750219552.0
2024-01-10 05:00:00,1.09321,1.09340,1.09304,1.09323,66839289526.0
2024-01-10 06:00:00,1.09323,1.09334,1.09235,1.09246,67298139503.0
2024-01-10 07:00:00,1.09246,1.09453,1.09245,1.09260,67925465334.0
2024-01-10 08:00:00,1.09261,1.09448,1.09228,1.09433,67932083324.0
2024-01-10 09:00:00,1.09432,1.09519,1.09415,1.09471,67749147112.0
2024-01-10 10:00:00,1.09470,1.09548,1.09451,1.09492,67742806836.0
2024-01-10 11:00:00,1.09496,1.09553,1.09416,1.09459,67588913562.0
2024-01-10 12:00:00,1.09459,1.09504,1.09431,1.09438,67509144128.0
2024-01-10 13:00:00,1.09438,1.09519,1.09404,1.09405,67935772835.0
2024-01-10 14:00:00,1.09405,1.09415,1.09320,1.09399,67878083623.0
2024-01-10 15:00:00,1.09399,1.09690,1.09355,1.09673,68238454949.0
2024-01-10 16:00:00,1.09674,1.09690,1.09523,1.09590,67903848280.0
2024-01-10 17:00:00,1.09590,1.09680,1.09582,1.09672,67418471464.0
2024-01-10 18:00:00,1.09672,1.09697,1.09593,1.09695,67334752830.0
2024-01-10 19:00:00,1.09695,1.09707,1.09669,1.09703,67310487799.0
2024-01-10 20:00:00,1.09703,1.09728,1.09615,1.09654,67804236598.0
2024-01-10 21:00:00,1.09654,1.09729,1.09648,1.09722,66853064538.0
2024-01-10 22:00:00,1.09722,1.09724,1.09685,1.09716,66443903304.0
2024-01-10 23:00:00,1.09715,1.09747,1.09709,1.09740,63759116537.0
2024-01-11 00:00:00,1.09742,1.09787,1.09730,1.09777,67347505968.0
2024-01-11 01:00:00,1.09778,1.09802,1.09749,1.09788,67745316045.0
2024-01-11 02:00:00,1.09788,1.09847,1.09770,1.09781,67237163171.0
2024-01-11 03:00:00,1.09780,1.09811,1.09772,1.09803,65832490103.0
2024-01-11 04:00:00,1.09802,1.09827,1.09775,1.09777,67054366884.0
2024-01-11 05:00:00,1.09775,1.09813,1.09757,1.09783,67155015761.0
2024-01-11 06:00:00,1.09784,1.09885,1.09744,1.09857,66927245393.0
2024-01-11 07:00:00,1.09858,1.09867,1.09773,1.09788,67547813965.0
2024-01-11 08:00:00,1.09790,1.09813,1.09717,1.09750,67840167119.0
2024-01-11 09:00:00,1.09749,1.09752,1.09588,1.09637,67831711826.0
2024-01-11 10:00:00,1.09637,1.09697,1.09585,1.09689,67737579358.0
2024-01-11 11:00:00,1.09689,1.09824,1.09676,1.09785,67831209983.0
2024-01-11 12:00:00,1.09786,1.09904,1.09762,1.09837,67654760860.0
2024-01-11 13:00:00,1.09838,1.10000,1.09355,1.09394,68562251940.0
2024-01-11 14:00:00,1.09397,1.09737,1.09314,1.09542,68845560382.0
2024-01-11 15:00:00,1.09542,1.09628,1.09302,1.09464,68794024922.0
2024-01-11 16:00:00,1.09466,1.09573,1.09366,1.09423,68508607285.0
2024-01-11 17:00:00,1.09422,1.09545,1.09415,1.09508,68110947453.0
2024-01-11 18:00:00,1.09508,1.09661,1.09498,1.09647,67894865100.0
2024-01-11 19:00:00,1.09648,1.09829,1.09648,1.09819,67993405525.0
2024-01-11 20:00:00,1.09820,1.09825,1.09561,1.09713,67935491522.0
2024-01-11 21:00:00,1.09714,1.09751,1.09702,1.09717,67161697809.0
2024-01-11 22:00:00,1.09715,1.09739,1.09609,1.09724,64152708711.0
2024-01-11 23:00:00,1.09725,1.09825,1.09700,1.09824,66404255658.0
2024-01-12 00:00:00,1.09823,1.09846,1.09741,1.09756,67307768705.0
2024-01-12 01:00:00,1.09754,1.09842,1.09725,1.09826,67474995611.0
2024-01-12 02:00:00,1.09826,1.09853,1.09781,1.09796,67465725211.0
2024-01-12 03:00:00,1.09796,1.09828,1.09770,1.09776,65388450936.0
2024-01-12 04:00:00,1.09774,1.09774,1.09731,1.09755,66728331839.0
2024-01-12 05:00:00,1.09756,1.09803,1.09736,1.09755,66993051076.0
2024-01-12 06:00:00,1.09755,1.09786,1.09730,1.09752,66937656769.0
2024-01-12 07:00:00,1.09752,1.09778,1.09608,1.09666,67846473645.0
2024-01-12 08:00:00,1.09666,1.09827,1.09649,1.09750,67991723544.0
2024-01-12 09:00:00,1.09751,1.09798,1.09610,1.09624,67956011173.0
2024-01-12 10:00:00,1.09625,1.09640,1.09568,1.09600,67581671997.0
2024-01-12 11:00:00,1.09600,1.09620,1.09465,1.09496,67670676277.0
2024-01-12 12:00:00,1.09495,1.09518,1.09371,1.09377,67884847759.0
2024-01-12 13:00:00,1.09377,1.09695,1.09359,1.09552,68469599442.0
2024-01-12 14:00:00,1.09552,1.09849,1.09526,1.09757,68566738694.0
2024-01-12 15:00:00,1.09755,1.09868,1.09623,1.09661,68441914657.0
2024-01-12 16:00:00,1.09662,1.09738,1.09582,1.09583,68126261577.0
2024-01-12 17:00:00,1.09582,1.09587,1.09470,1.09496,67783755693.0
2024-01-12 18:00:00,1.09496,1.09596,1.09491,1.09594,67411519734.0
2024-01-12 19:00:00,1.09593,1.09633,1.09536,1.09559,67292338258.0
2024-01-12 20:00:00,1.09559,1.09563,1.09504,1.09512,67087729294.0
2024-01-12 21:00:00,1.09511,1.09526,1.09481,1.09483,66916766845.0
2024-01-14 22:00:00,1.09480,1.09502,1.09444,1.09495,64899787156.0
2024-01-14 23:00:00,1.09495,1.09495,1.09440,1.09451,66433596133.0
2024-01-15 00:00:00,1.09451,1.09540,1.09407,1.09534,67499166267.0
2024-01-15 01:00:00,1.09533,1.09561,1.09494,1.09547,67265728676.0
2024-01-15 02:00:00,1.09548,1.09655,1.09548,1.09648,67216487219.0
2024-01-15 03:00:00,1.09651,1.09675,1.09635,1.09643,66063669004.0
2024-01-15 04:00:00,1.09642,1.09643,1.09587,1.09628,66709874282.0
2024-01-15 05:00:00,1.09629,1.09659,1.09607,1.09639,66820719250.0
2024-01-15 06:00:00,1.09640,1.09666,1.09625,1.09639,67179779191.0
2024-01-15 07:00:00,1.09637,1.09662,1.09515,1.09533,67840753171.0
2024-01-15 08:00:00,1.09535,1.09649,1.09535,1.09579,67915285788.0
2024-01-15 09:00:00,1.09580,1.09588,1.09430,1.09466,67802151650.0
2024-01-15 10:00:00,1.09465,1.09466,1.09335,1.09400,67799492528.0
2024-01-15 11:00:00,1.09400,1.09489,1.09399,1.09453,67545733531.0
2024-01-15 12:00:00,1.09453,1.09589,1.09438,1.09538,67737628182.0
2024-01-15 13:00:00,1.09537,1.09541,1.09443,1.09505,67730399067.0
2024-01-15 14:00:00,1.09505,1.09519,1.09385,1.09433,67628946227.0
2024-01-15 15:00:00,1.09433,1.09508,1.09381,1.09496,67779356262.0
2024-01-15 16:00:00,1.09497,1.09523,1.09466,1.09472,67285167638.0
2024-01-15 17:00:00,1.09472,1.09524,1.09460,1.09481,66580013382.0
2024-01-15 18:00:00,1.09480,1.09528,1.09477,1.09528,58825388844.0
2024-01-15 19:00:00,1.09528,1.09536,1.09497,1.09504,58452590594.0
2024-01-15 20:00:00,1.09506,1.09517,1.09491,1.09517,58348628867.0
2024-01-15 21:00:00,1.09516,1.09517,1.09489,1.09494,58936613927.0
2024-01-15 22:00:00,1.09494,1.09504,1.09454,1.09488,66177660355.0
2024-01-15 23:00:00,1.09493,1.09510,1.09447,1.09449,66947413445.0
2024-01-16 00:00:00,1.09447,1.09461,1.09191,1.09196,67451844033.0
2024-01-16 01:00:00,1.09197,1.09315,1.09154,1.09275,67726024378.0
2024-01-16 02:00:00,1.09276,1.09276,1.09215,1.09238,67414417738.0
2024-01-16 03:00:00,1.09238,1.09253,1.09161,1.09189,67037162377.0
2024-01-16 04:00:00,1.09187,1.09200,1.09134,1.09175,66848416072.0
2024-01-16 05:00:00,1.09175,1.09185,1.09126,1.09153,67130987971.0
2024-01-16 06:00:00,1.09153,1.09215,1.09127,1.09172,67277964251.0
2024-01-16 07:00:00,1.09176,1.09265,1.09086,1.09184,67776933721.0
2024-01-16 08:00:00,1.09184,1.09233,1.08944,1.09046,68376649728.0
2024-01-16 09:00:00,1.09045,1.09045,1.08839,1.08860,68269618134.0
2024-01-16 10:00:00,1.08864,1.08893,1.08792,1.08811,67815098941.0
2024-01-16 11:00:00,1.08811,1.08947,1.08739,1.08922,67926360065.0
2024-01-16 12:00:00,1.08923,1.08933,1.08837,1.08862,67876347902.0
2024-01-16 13:00:00,1.08863,1.08979,1.08716,1.08741,68512476528.0
2024-01-16 14:00:00,1.08740,1.08892,1.08665,1.08724,68606150984.0
2024-01-16 15:00:00,1.08726,1.08882,1.08656,1.08857,68159055463.0
2024-01-16 16:00:00,1.08856,1.08946,1.08620,1.08809,68746687777.0
2024-01-16 17:00:00,1.08810,1.08828,1.08628,1.08629,68082796135.0
2024-01-16 18:00:00,1.08629,1.08770,1.08628,1.08699,67679486276.0
2024-01-16 19:00:00,1.08700,1.08747,1.08677,1.08736,67428762090.0
2024-01-16 20:00:00,1.08737,1.08756,1.08700,1.08714,67666921065.0
2024-01-16 21:00:00,1.08716,1.08774,1.08714,1.08745,64178700291.0
2024-01-16 22:00:00,1.08744,1.08771,1.08721,1.08757,66353689395.0
2024-01-16 23:00:00,1.08754,1.08786,1.08749,1.08784,59307302583.0
2024-01-17 00:00:00,1.08786,1.08788,1.08723,1.08779,66910173267.0
2024-01-17 01:00:00,1.08778,1.08822,1.08733,1.08772,67483358985.0
2024-01-17 02:00:00,1.08774,1.08844,1.08738,1.08747,67111270154.0
2024-01-17 03:00:00,1.08747,1.08747,1.08651,1.08663,67284853392.0
2024-01-17 04:00:00,1.08662,1.08711,1.08647,1.08709,67014555070.0
2024-01-17 05:00:00,1.08709,1.08721,1.08607,1.08647,67375015524.0
2024-01-17 06:00:00,1.08649,1.08649,1.08554,1.08623,67592769369.0
2024-01-17 07:00:00,1.08625,1.08737,1.08586,1.08701,68058585988.0
2024-01-17 08:00:00,1.08701,1.08814,1.08662,1.08667,68233417196.0
2024-01-17 09:00:00,1.08668,1.08786,1.08609,1.08766,67931813313.0
2024-01-17 10:00:00,1.08764,1.08839,1.08670,1.08717,67862447389.0
2024-01-17 11:00:00,1.08719,1.08831,1.08697,1.08785,67531996201.0
2024-01-17 12:00:00,1.08785,1.08813,1.08694,1.08743,67567609449.0
2024-01-17 13:00:00,1.08744,1.08785,1.08512,1.08638,68437786707.0
2024-01-17 14:00:00,1.08639,1.08702,1.08477,1.08488,68443098969.0
2024-01-17 15:00:00,1.08488,1.08708,1.08445,1.08490,68428258674.0
2024-01-17 16:00:00,1.08489,1.08646,1.08476,1.08572,68183401432.0
2024-01-17 17:00:00,1.08573,1.08700,1.08568,1.08669,67788341573.0
2024-01-17 18:00:00,1.08671,1.08673,1.08565,1.08657,67761078435.0
2024-01-17 19:00:00,1.08657,1.08787,1.08657,1.08738,67511273062.0
2024-01-17 20:00:00,1.08737,1.08820,1.08702,1.08810,67392300647.0
2024-01-17 21:00:00,1.08809,1.08827,1.08808,1.08818,66389609022.0
2024-01-17 22:00:00,1.08816,1.08829,1.08792,1.08803,65618073765.0
2024-01-17 23:00:00,1.08804,1.08860,1.08804,1.08860,65179197439.0
2024-01-18 00:00:00,1.08861,1.08942,1.08802,1.08938,67282523426.0
2024-01-18 01:00:00,1.08939,1.09008,1.08923,1.08960,67910184633.0
2024-01-18 02:00:00,1.08961,1.09028,1.08930,1.08933,67439154297.0
2024-01-18 03:00:00,1.08932,1.08980,1.08905,1.08954,67257268630.0
2024-01-18 04:00:00,1.08953,1.08963,1.08911,1.08941,67026305681.0
2024-01-18 05:00:00,1.08940,1.08961,1.08904,1.08947,67228643162.0
2024-01-18 06:00:00,1.08948,1.09067,1.08947,1.09039,67481843135.0
2024-01-18 07:00:00,1.09040,1.09063,1.08863,1.08881,67805040804.0
2024-01-18 08:00:00,1.08878,1.08889,1.08775,1.08797,67964738602.0
2024-01-18 09:00:00,1.08797,1.08995,1.08766,1.08845,67983599534.0
2024-01-18 10:00:00,1.08845,1.08959,1.08828,1.08949,67643976254.0
2024-01-18 11:00:00,1.08948,1.08953,1.08846,1.08891,67496776172.0
2024-01-18 12:00:00,1.08890,1.08939,1.08746,1.08774,67818060841.0
2024-01-18 13:00:00,1.08774,1.08775,1.08504,1.08524,68436673495.0
2024-01-18 14:00:00,1.08523,1.08688,1.08492,1.08594,68687726100.0
2024-01-18 15:00:00,1.08595,1.08680,1.08466,1.08521,68617499035.0
2024-01-18 16:00:00,1.08519,1.08701,1.08504,1.08618,68318278447.0
2024-01-18 17:00:00,1.08617,1.08644,1.08501,1.08596,67749160388.0
2024-01-18 18:00:00,1.08591,1.08658,1.08542,1.08637,67742434590.0
2024-01-18 19:00:00,1.08636,1.08691,1.08601,1.08617,67787052479.0
2024-01-18 20:00:00,1.08617,1.08694,1.08607,1.08690,67500645422.0
2024-01-18 21:00:00,1.08689,1.08773,1.08684,1.08757,66720492096.0
2024-01-18 22:00:00,1.08757,1.08760,1.08700,1.08722,66538138500.0
2024-01-18 23:00:00,1.08724,1.08804,1.08724,1.08799,66144866142.0
2024-01-19 00:00:00,1.08800,1.08817,1.08777,1.08798,66964427571.0
2024-01-19 01:00:00,1.08799,1.08873,1.08762,1.08855,67147822532.0
2024-01-19 02:00:00,1.08854,1.08896,1.08826,1.08881,67291927674.0
2024-01-19 03:00:00,1.08882,1.08893,1.08854,1.08889,67008608341.0
2024-01-19 04:00:00,1.08890,1.08894,1.08853,1.08864,66606830062.0
2024-01-19 05:00:00,1.08865,1.08870,1.08795,1.08808,67269649368.0
2024-01-19 06:00:00,1.08809,1.08822,1.08754,1.08809,67405321011.0
2024-01-19 07:00:00,1.08809,1.08862,1.08745,1.08794,67656666970.0
2024-01-19 08:00:00,1.08793,1.08818,1.08681,1.08771,67731951453.0
2024-01-19 09:00:00,1.08771,1.08849,1.08714,1.08829,67749981057.0
2024-01-19 10:00:00,1.08827,1.08849,1.08730,1.08808,67618411315.0
2024-01-19 11:00:00,1.08809,1.08930,1.08791,1.08873,67461703599.0
2024-01-19 12:00:00,1.08873,1.08880,1.08800,1.08826,67433863251.0
2024-01-19 13:00:00,1.08825,1.08896,1.08754,1.08805,67971772252.0
2024-01-19 14:00:00,1.08806,1.08837,1.08656,1.08801,68224742362.0
2024-01-19 15:00:00,1.08798,1.08900,1.08697,1.08825,68474941849.0
2024-01-19 16:00:00,1.08824,1.08879,1.08806,1.08866,68002236332.0
2024-01-19 17:00:00,1.08867,1.08933,1.08800,1.08896,67976520334.0
2024-01-19 18:00:00,1.08896,1.08963,1.08859,1.08920,67180712427.0
2024-01-19 19:00:00,1.08921,1.08947,1.08880,1.08922,67438305939.0
2024-01-19 20:00:00,1.08924,1.08957,1.08899,1.08950,67204019323.0
2024-01-19 21:00:00,1.08948,1.08983,1.08937,1.08960,67166965268.0
2024-01-21 22:00:00,1.08906,1.08959,1.08878,1.08924,62772167967.0
2024-01-21 23:00:00,1.08918,1.08976,1.08904,1.08920,66519064576.0
2024-01-22 00:00:00,1.08920,1.09014,1.08912,1.09011,67078954681.0
2024-01-22 01:00:00,1.09012,1.09050,1.08987,1.09018,67323776530.0
2024-01-22 02:00:00,1.09018,1.09091,1.08996,1.09072,67024182966.0
2024-01-22 03:00:00,1.09073,1.09077,1.09013,1.09019,67057329109.0
2024-01-22 04:00:00,1.09021,1.09045,1.09008,1.09028,66756663047.0
2024-01-22 05:00:00,1.09029,1.09045,1.08985,1.09014,66906714274.0
2024-01-22 06:00:00,1.09015,1.09094,1.09013,1.09048,67364948865.0
2024-01-22 07:00:00,1.09047,1.09079,1.08972,1.08977,67643873363.0
2024-01-22 08:00:00,1.08975,1.09008,1.08870,1.08917,67932108387.0
2024-01-22 09:00:00,1.08916,1.09023,1.08898,1.08969,67705641044.0
2024-01-22 10:00:00,1.08969,1.08969,1.08858,1.08867,67580036710.0
2024-01-22 11:00:00,1.08867,1.08904,1.08815,1.08898,67559568181.0
2024-01-22 12:00:00,1.08899,1.08995,1.08881,1.08925,67761127426.0
2024-01-22 13:00:00,1.08925,1.08952,1.08800,1.08915,68043746014.0
2024-01-22 14:00:00,1.08917,1.08963,1.08853,1.08897,68095446710.0
2024-01-22 15:00:00,1.08896,1.08981,1.08824,1.08852,67735814145.0
2024-01-22 16:00:00,1.08851,1.08943,1.08819,1.08938,67652810505.0
2024-01-22 17:00:00,1.08938,1.09000,1.08906,1.08964,67225252658.0
2024-01-22 18:00:00,1.08963,1.08963,1.08838,1.08901,67585469315.0
2024-01-22 19:00:00,1.08900,1.08911,1.08803,1.08847,67257445586.0
2024-01-22 20:00:00,1.08849,1.08854,1.08803,1.08841,67209238938.0
2024-01-22 21:00:00,1.08841,1.08849,1.08815,1.08819,66558911450.0
2024-01-22 22:00:00,1.08816,1.08846,1.08798,1.08811,64823109388.0
2024-01-22 23:00:00,1.08810,1.08816,1.08768,1.08772,64185637273.0
2024-01-23 00:00:00,1.08776,1.08839,1.08756,1.08831,66666355750.0
2024-01-23 01:00:00,1.08831,1.08885,1.08766,1.08883,67014731037.0
2024-01-23 02:00:00,1.08883,1.08939,1.08848,1.08873,67501346323.0
2024-01-23 03:00:00,1.08875,1.08949,1.08853,1.08927,67366045615.0
2024-01-23 04:00:00,1.08928,1.08986,1.08916,1.08983,66942381590.0
2024-01-23 05:00:00,1.08984,1.09079,1.08967,1.09069,67321450659.0
2024-01-23 06:00:00,1.09069,1.09141,1.09016,1.09139,67681879329.0
2024-01-23 07:00:00,1.09140,1.09162,1.09038,1.09083,67986719867.0
2024-01-23 08:00:00,1.09084,1.09105,1.08924,1.08951,68043121464.0
2024-01-23 09:00:00,1.08950,1.08951,1.08837,1.08874,67772958636.0
2024-01-23 10:00:00,1.08873,1.08882,1.08674,1.08694,67674574357.0
2024-01-23 11:00:00,1.08695,1.08719,1.08600,1.08663,67575878122.0
2024-01-23 12:00:00,1.08663,1.08732,1.08603,1.08637,67707999354.0
2024-01-23 13:00:00,1.08639,1.08758,1.08639,1.08740,67851716852.0
2024-01-23 14:00:00,1.08739,1.08740,1.08484,1.08526,68211712160.0
2024-01-23 15:00:00,1.08528,1.08582,1.08215,1.08308,68363219108.0
2024-01-23 16:00:00,1.08310,1.08395,1.08256,1.08282,68016505162.0
2024-01-23 17:00:00,1.08281,1.08357,1.08244,1.08314,67622022350.0
2024-01-23 18:00:00,1.08315,1.08393,1.08302,1.08370,67547747120.0
2024-01-23 19:00:00,1.08371,1.08477,1.08358,1.08451,67326218076.0
2024-01-23 20:00:00,1.08452,1.08501,1.08435,1.08496,66815368233.0
2024-01-23 21:00:00,1.08498,1.08559,1.08482,1.08530,66745009439.0
2024-01-23 22:00:00,1.08529,1.08546,1.08446,1.08522,64841400647.0
2024-01-23 23:00:00,1.08522,1.08593,1.08522,1.08572,62819074048.0
2024-01-24 00:00:00,1.08573,1.08599,1.08552,1.08559,66891532209.0
2024-01-24 01:00:00,1.08558,1.08593,1.08514,1.08579,67603849220.0
2024-01-24 02:00:00,1.08580,1.08584,1.08533,1.08569,67029450752.0
2024-01-24 03:00:00,1.08569,1.08614,1.08565,1.08589,67141887592.0
2024-01-24 04:00:00,1.08592,1.08660,1.08581,1.08645,67230072503.0
2024-01-24 05:00:00,1.08644,1.08645,1.08592,1.08621,67275975234.0
2024-01-24 06:00:00,1.08620,1.08665,1.08607,1.08633,67361780857.0
2024-01-24 07:00:00,1.08633,1.08794,1.08602,1.08732,67816766342.0
2024-01-24 08:00:00,1.08733,1.08801,1.08625,1.08696,68255909888.0
2024-01-24 09:00:00,1.08701,1.09077,1.08695,1.09027,68155918503.0
2024-01-24 10:00:00,1.09027,1.09048,1.08931,1.08977,67915901828.0
2024-01-24 11:00:00,1.08976,1.09014,1.08909,1.08927,67636042468.0
2024-01-24 12:00:00,1.08928,1.08991,1.08874,1.08948,67774391252.0
2024-01-24 13:00:00,1.08948,1.09271,1.08935,1.09249,68167383943.0
2024-01-24 14:00:00,1.09249,1.09323,1.09016,1.09032,68431546287.0
2024-01-24 15:00:00,1.09033,1.09075,1.08932,1.09007,68650729715.0
2024-01-24 16:00:00,1.09007,1.09053,1.08904,1.09005,68287874337.0
2024-01-24 17:00:00,1.09003,1.09086,1.08954,1.09052,67640448941.0
2024-01-24 18:00:00,1.09052,1.09060,1.08903,1.08927,67928505875.0
2024-01-24 19:00:00,1.08925,1.08932,1.08813,1.08883,67550849273.0
2024-01-24 20:00:00,1.08882,1.08905,1.08791,1.08800,67694676537.0
2024-01-24 21:00:00,1.08799,1.08852,1.08776,1.08844,66642548491.0
2024-01-24 22:00:00,1.08843,1.08861,1.08811,1.08851,66419372852.0
2024-01-24 23:00:00,1.08851,1.08861,1.08810,1.08810,66129849219.0
2024-01-25 00:00:00,1.08811,1.08812,1.08722,1.08742,67306821056.0
2024-01-25 01:00:00,1.08742,1.08786,1.08702,1.08775,67578535278.0
2024-01-25 02:00:00,1.08777,1.08798,1.08749,1.08772,67105015729.0
2024-01-25 03:00:00,1.08772,1.08818,1.08772,1.08778,66797429722.0
2024-01-25 04:00:00,1.08777,1.08812,1.08744,1.08754,65634522890.0
2024-01-25 05:00:00,1.08754,1.08788,1.08748,1.08781,66715767279.0
2024-01-25 06:00:00,1.08781,1.08865,1.08757,1.08860,66939155252.0
2024-01-25 07:00:00,1.08860,1.08913,1.08840,1.08878,67363521825.0
2024-01-25 08:00:00,1.08877,1.08996,1.08828,1.08988,67836337524.0
2024-01-25 09:00:00,1.08988,1.08996,1.08917,1.08959,67971222899.0
2024-01-25 10:00:00,1.08958,1.08987,1.08919,1.08929,67640565104.0
2024-01-25 11:00:00,1.08930,1.08951,1.08866,1.08948,67410147409.0
2024-01-25 12:00:00,1.08949,1.08956,1.08856,1.08881,67420073162.0
2024-01-25 13:00:00,1.08882,1.09018,1.08668,1.08792,68746229475.0
2024-01-25 14:00:00,1.08792,1.08792,1.08530,1.08600,68768987381.0
2024-01-25 15:00:00,1.08600,1.08613,1.08293,1.08317,68663403730.0
2024-01-25 16:00:00,1.08316,1.08396,1.08242,1.08362,68086314110.0
2024-01-25 17:00:00,1.08363,1.08519,1.08312,1.08375,67980180850.0
2024-01-25 18:00:00,1.08375,1.08467,1.08300,1.08301,67997416324.0
2024-01-25 19:00:00,1.08301,1.08376,1.08216,1.08359,67836986653.0
2024-01-25 20:00:00,1.08358,1.08404,1.08334,1.08397,67351854118.0
2024-01-25 21:00:00,1.08398,1.08479,1.08390,1.08460,66579336398.0
2024-01-25 22:00:00,1.08449,1.08477,1.08436,1.08464,66190785251.0
2024-01-25 23:00:00,1.08462,1.08475,1.08426,1.08454,62991311180.0
2024-01-26 00:00:00,1.08455,1.08459,1.08373,1.08398,67255228176.0
2024-01-26 01:00:00,1.08399,1.08466,1.08391,1.08443,67322409450.0
2024-01-26 02:00:00,1.08444,1.08488,1.08438,1.08441,67129760807.0
2024-01-26 03:00:00,1.08441,1.08475,1.08440,1.08449,65492404143.0
2024-01-26 04:00:00,1.08449,1.08449,1.08379,1.08395,65695671908.0
2024-01-26 05:00:00,1.08395,1.08437,1.08383,1.08424,67172086581.0
2024-01-26 06:00:00,1.08423,1.08427,1.08285,1.08293,67360949534.0
2024-01-26 07:00:00,1.08292,1.08303,1.08128,1.08194,68033050214.0
2024-01-26 08:00:00,1.08193,1.08421,1.08173,1.08402,68040930427.0
2024-01-26 09:00:00,1.08403,1.08505,1.08341,1.08441,68126716069.0
2024-01-26 10:00:00,1.08443,1.08662,1.08442,1.08647,67687706457.0
2024-01-26 11:00:00,1.08648,1.08761,1.08642,1.08745,67962744667.0
2024-01-26 12:00:00,1.08745,1.08757,1.08656,1.08673,67739319665.0
2024-01-26 13:00:00,1.08674,1.08854,1.08563,1.08719,68394963518.0
2024-01-26 14:00:00,1.08718,1.08802,1.08609,1.08739,68342687991.0
2024-01-26 15:00:00,1.08739,1.08739,1.08550,1.08641,68148286096.0
2024-01-26 16:00:00,1.08640,1.08694,1.08589,1.08649,67729964068.0
2024-01-26 17:00:00,1.08649,1.08704,1.08591,1.08636,67545261342.0
2024-01-26 18:00:00,1.08636,1.08658,1.08537,1.08556,67373851935.0
2024-01-26 19:00:00,1.08556,1.08616,1.08552,1.08581,67257104132.0
2024-01-26 20:00:00,1.08582,1.08622,1.08532,1.08545,66879753420.0
2024-01-26 21:00:00,1.08544,1.08568,1.08502,1.08504,66833862494.0
2024-01-28 22:00:00,1.08468,1.08484,1.08414,1.08451,66831809248.0
2024-01-28 23:00:00,1.08451,1.08490,1.08418,1.08422,66974520769.0
2024-01-29 00:00:00,1.08423,1.08450,1.08413,1.08448,66947161131.0
2024-01-29 01:00:00,1.08448,1.08489,1.08433,1.08439,67288985438.0
2024-01-29 02:00:00,1.08439,1.08451,1.08393,1.08435,66942090614.0
2024-01-29 03:00:00,1.08435,1.08466,1.08424,1.08451,66750581964.0
2024-01-29 04:00:00,1.08452,1.08476,1.08437,1.08448,66529034896.0
2024-01-29 05:00:00,1.08446,1.08449,1.08395,1.08399,66763598722.0
2024-01-29 06:00:00,1.08400,1.08472,1.08392,1.08465,67094033858.0
2024-01-29 07:00:00,1.08464,1.08500,1.08349,1.08371,67666409883.0
2024-01-29 08:00:00,1.08370,1.08418,1.08331,1.08346,67755597500.0
2024-01-29 09:00:00,1.08345,1.08356,1.08231,1.08251,67819131861.0
2024-01-29 10:00:00,1.08248,1.08253,1.08139,1.08189,67587318580.0
2024-01-29 11:00:00,1.08190,1.08270,1.08163,1.08228,67445671198.0
2024-01-29 12:00:00,1.08228,1.08368,1.08203,1.08219,67621469057.0
2024-01-29 13:00:00,1.08220,1.08243,1.08138,1.08203,67847915276.0
2024-01-29 14:00:00,1.08201,1.08226,1.08042,1.08070,67906117635.0
2024-01-29 15:00:00,1.08068,1.08106,1.07962,1.07972,67978779692.0
2024-01-29 16:00:00,1.07974,1.08087,1.07958,1.08059,67640161405.0
2024-01-29 17:00:00,1.08058,1.08160,1.08055,1.08116,67388532981.0
2024-01-29 18:00:00,1.08117,1.08131,1.08092,1.08114,67280305523.0
2024-01-29 19:00:00,1.08114,1.08199,1.08099,1.08189,66961734043.0
2024-01-29 20:00:00,1.08189,1.08404,1.08189,1.08311,67957871412.0
2024-01-29 21:00:00,1.08311,1.08348,1.08267,1.08323,66731340596.0
2024-01-29 22:00:00,1.08307,1.08336,1.08299,1.08325,65091942811.0
2024-01-29 23:00:00,1.08325,1.08368,1.08325,1.08336,65308838787.0
2024-01-30 00:00:00,1.08336,1.08422,1.08336,1.08408,67229382410.0
2024-01-30 01:00:00,1.08407,1.08407,1.08324,1.08349,67438511060.0
2024-01-30 02:00:00,1.08348,1.08360,1.08299,1.08340,67266033745.0
2024-01-30 03:00:00,1.08339,1.08344,1.08302,1.08305,66724872189.0
2024-01-30 04:00:00,1.08307,1.08335,1.08241,1.08253,67020565382.0
2024-01-30 05:00:00,1.08251,1.08290,1.08218,1.08224,67183695628.0
2024-01-30 06:00:00,1.08225,1.08259,1.08139,1.08150,67644427141.0
2024-01-30 07:00:00,1.08149,1.08242,1.08119,1.08227,67676375614.0
2024-01-30 08:00:00,1.08228,1.08321,1.08162,1.08219,68208337226.0
2024-01-30 09:00:00,1.08219,1.08293,1.08177,1.08269,67681755132.0
2024-01-30 10:00:00,1.08268,1.08404,1.08230,1.08382,67754292508.0
2024-01-30 11:00:00,1.08385,1.08481,1.08371,1.08419,67449909082.0
2024-01-30 12:00:00,1.08418,1.08499,1.08366,1.08476,67601041984.0
2024-01-30 13:00:00,1.08476,1.08485,1.08340,1.08345,68279643174.0
2024-01-30 14:00:00,1.08345,1.08573,1.08296,1.08501,68226105835.0
2024-01-30 15:00:00,1.08500,1.08562,1.08281,1.08369,68574337349.0
2024-01-30 16:00:00,1.08368,1.08441,1.08343,1.08430,67951909436.0
2024-01-30 17:00:00,1.08430,1.08471,1.08367,1.08388,67602700369.0
2024-01-30 18:00:00,1.08388,1.08388,1.08315,1.08358,67391772429.0
2024-01-30 19:00:00,1.08357,1.08471,1.08356,1.08459,67050223373.0
2024-01-30 20:00:00,1.08460,1.08485,1.08408,1.08446,67203236494.0
2024-01-30 21:00:00,1.08447,1.08470,1.08425,1.08447,66746106512.0
2024-01-30 22:00:00,1.08446,1.08450,1.08399,1.08431,64415576554.0
2024-01-30 23:00:00,1.08432,1.08448,1.08426,1.08428,64059856649.0
2024-01-31 00:00:00,1.08429,1.08481,1.08411,1.08428,67165632593.0
2024-01-31 01:00:00,1.08426,1.08436,1.08313,1.08313,67600985957.0
2024-01-31 02:00:00,1.08313,1.08313,1.08162,1.08180,67748783066.0
2024-01-31 03:00:00,1.08180,1.08187,1.08159,1.08186,66854304480.0
2024-01-31 04:00:00,1.08185,1.08222,1.08181,1.08205,66878964367.0
2024-01-31 05:00:00,1.08203,1.08219,1.08175,1.08204,66843625395.0
2024-01-31 06:00:00,1.08204,1.08220,1.08150,1.08155,66883962798.0
2024-01-31 07:00:00,1.08155,1.08214,1.08060,1.08160,67752083699.0
2024-01-31 08:00:00,1.08159,1.08260,1.08092,1.08189,67972352084.0
2024-01-31 09:00:00,1.08190,1.08367,1.08162,1.08221,68292273276.0
2024-01-31 10:00:00,1.08222,1.08315,1.08213,1.08253,67663400799.0
2024-01-31 11:00:00,1.08256,1.08404,1.08254,1.08389,67429872435.0
2024-01-31 12:00:00,1.08390,1.08429,1.08335,1.08366,67712962399.0
2024-01-31 13:00:00,1.08366,1.08628,1.08344,1.08575,68492022497.0
2024-01-31 14:00:00,1.08575,1.08865,1.08522,1.08799,68518931662.0
2024-01-31 15:00:00,1.08800,1.08874,1.08540,1.08613,68543336528.0
2024-01-31 16:00:00,1.08611,1.08678,1.08448,1.08544,68277748530.0
2024-01-31 17:00:00,1.08543,1.08544,1.08418,1.08495,67854934996.0
2024-01-31 18:00:00,1.08493,1.08524,1.08437,1.08458,67728443803.0
2024-01-31 19:00:00,1.08454,1.08642,1.08157,1.08403,68945861340.0
2024-01-31 20:00:00,1.08402,1.08417,1.07949,1.08077,68659573067.0
2024-01-31 21:00:00,1.08077,1.08194,1.08054,1.08180,67167797249.0
2024-01-31 22:00:00,1.08180,1.08203,1.08084,1.08137,59236972627.0
2024-01-31 23:00:00,1.08136,1.08169,1.08030,1.08039,66671477395.0
2024-02-01 00:00:00,1.08039,1.08144,1.08016,1.08081,67585237973.0
2024-02-01 01:00:00,1.08082,1.08124,1.08045,1.08089,67575843225.0
2024-02-01 02:00:00,1.08088,1.08217,1.08084,1.08192,67400505101.0
2024-02-01 03:00:00,1.08191,1.08207,1.08109,1.08116,67072641930.0
2024-02-01 04:00:00,1.08117,1.08135,1.08052,1.08076,66953543351.0
2024-02-01 05:00:00,1.08076,1.08076,1.08026,1.08027,67329063322.0
2024-02-01 06:00:00,1.08026,1.08050,1.07938,1.07960,67361892761.0
2024-02-01 07:00:00,1.07958,1.07972,1.07838,1.07932,67908833608.0
2024-02-01 08:00:00,1.07932,1.07939,1.07799,1.07916,68228742021.0
2024-02-01 09:00:00,1.07916,1.08016,1.07866,1.07983,67987945882.0
2024-02-01 10:00:00,1.07989,1.08027,1.07914,1.07931,67859135366.0
2024-02-01 11:00:00,1.07931,1.08132,1.07926,1.08083,67774887692.0
2024-02-01 12:00:00,1.08084,1.08199,1.08056,1.08151,68143370159.0
2024-02-01 13:00:00,1.08150,1.08272,1.08087,1.08138,68440811111.0
2024-02-01 14:00:00,1.08137,1.08298,1.08115,1.08265,68494070417.0
2024-02-01 15:00:00,1.08265,1.08318,1.08058,1.08264,68844843337.0
2024-02-01 16:00:00,1.08263,1.08658,1.08263,1.08645,68566014689.0
2024-02-01 17:00:00,1.08645,1.08747,1.08607,1.08727,68189072754.0
2024-02-01 18:00:00,1.08727,1.08732,1.08629,1.08698,68044444302.0
2024-02-01 19:00:00,1.08698,1.08748,1.08678,1.08718,67820048547.0
2024-02-01 20:00:00,1.08719,1.08748,1.08681,1.08716,67397734233.0
2024-02-01 21:00:00,1.08715,1.08732,1.08681,1.08712,66861392856.0
2024-02-01 22:00:00,1.08712,1.08735,1.08668,1.08726,63320903840.0
2024-02-01 23:00:00,1.08726,1.08761,1.08722,1.08742,63199359796.0
2024-02-02 00:00:00,1.08741,1.08796,1.08716,1.08727,67004856733.0
2024-02-02 01:00:00,1.08727,1.08758,1.08701,1.08716,67492437358.0
2024-02-02 02:00:00,1.08717,1.08786,1.08713,1.08784,67291571161.0
2024-02-02 03:00:00,1.08786,1.08788,1.08734,1.08767,67276757400.0
2024-02-02 04:00:00,1.08765,1.08773,1.08719,1.08730,67024707913.0
2024-02-02 05:00:00,1.08730,1.08825,1.08723,1.08774,67185702994.0
2024-02-02 06:00:00,1.08774,1.08810,1.08739,1.08757,67517045473.0
2024-02-02 07:00:00,1.08757,1.08869,1.08743,1.08808,67778832301.0
2024-02-02 08:00:00,1.08809,1.08902,1.08735,1.08792,68004718510.0
2024-02-02 09:00:00,1.08792,1.08974,1.08792,1.08908,67633673337.0
2024-02-02 10:00:00,1.08907,1.08950,1.08806,1.08845,67527536808.0
2024-02-02 11:00:00,1.08844,1.08863,1.08781,1.08835,67481392578.0
2024-02-02 12:00:00,1.08837,1.08851,1.08776,1.08803,67510703879.0
2024-02-02 13:00:00,1.08802,1.08860,1.08036,1.08072,68483350690.0
2024-02-02 14:00:00,1.08071,1.08168,1.07916,1.08086,68648202321.0
2024-02-02 15:00:00,1.08086,1.08110,1.07832,1.08023,68641047180.0
2024-02-02 16:00:00,1.08024,1.08037,1.07823,1.07861,68358895207.0
2024-02-02 17:00:00,1.07861,1.07925,1.07808,1.07834,67809353728.0
2024-02-02 18:00:00,1.07836,1.07910,1.07804,1.07881,67910153333.0
2024-02-02 19:00:00,1.07882,1.07957,1.07861,1.07925,67608396105.0
2024-02-02 20:00:00,1.07926,1.07974,1.07920,1.07931,67370571530.0
2024-02-02 21:00:00,1.07931,1.07939,1.07849,1.07849,67192881811.0
2024-02-04 22:00:00,1.07854,1.07858,1.07796,1.07803,66319313142.0
2024-02-04 23:00:00,1.07799,1.07835,1.07698,1.07796,67249693654.0
2024-02-05 00:00:00,1.07796,1.07831,1.07673,1.07726,67954394070.0
2024-02-05 01:00:00,1.07726,1.07787,1.07686,1.07783,67551658311.0
2024-02-05 02:00:00,1.07783,1.07811,1.07755,1.07788,67365409259.0
2024-02-05 03:00:00,1.07789,1.07809,1.07743,1.07791,67226356283.0
2024-02-05 04:00:00,1.07790,1.07800,1.07755,1.07788,66812056702.0
2024-02-05 05:00:00,1.07788,1.07820,1.07733,1.07819,67346018468.0
2024-02-05 06:00:00,1.07819,1.07847,1.07772,1.07779,67226726565.0
2024-02-05 07:00:00,1.07778,1.07832,1.07726,1.07802,67575700522.0
2024-02-05 08:00:00,1.07802,1.07861,1.07635,1.07667,68041569402.0
2024-02-05 09:00:00,1.07667,1.07728,1.07519,1.07537,67856671704.0
2024-02-05 10:00:00,1.07536,1.07560,1.07477,1.07492,67729834310.0
2024-02-05 11:00:00,1.07493,1.07585,1.07469,1.07548,67471081472.0
2024-02-05 12:00:00,1.07551,1.07575,1.07493,1.07496,67546164102.0
2024-02-05 13:00:00,1.07496,1.07504,1.07362,1.07374,68080938351.0
2024-02-05 14:00:00,1.07374,1.07450,1.07352,1.07420,68028912599.0
2024-02-05 15:00:00,1.07419,1.07419,1.07231,1.07252,68410105777.0
2024-02-05 16:00:00,1.07252,1.07359,1.07246,1.07352,67816225829.0
2024-02-05 17:00:00,1.07353,1.07428,1.07340,1.07391,67408579460.0
2024-02-05 18:00:00,1.07392,1.07465,1.07374,1.07440,67323976089.0
2024-02-05 19:00:00,1.07440,1.07464,1.07421,1.07429,67257379062.0
2024-02-05 20:00:00,1.07429,1.07440,1.07367,1.07425,67365202497.0
2024-02-05 21:00:00,1.07425,1.07429,1.07393,1.07418,65647729381.0
2024-02-05 22:00:00,1.07418,1.07435,1.07391,1.07425,65690528645.0
2024-02-05 23:00:00,1.07430,1.07434,1.07408,1.07410,63857412666.0
2024-02-06 00:00:00,1.07409,1.07452,1.07409,1.07438,66940842148.0
2024-02-06 01:00:00,1.07439,1.07472,1.07415,1.07453,67452819540.0
2024-02-06 02:00:00,1.07454,1.07490,1.07438,1.07458,67011830087.0
2024-02-06 03:00:00,1.07459,1.07488,1.07434,1.07439,66851949115.0
2024-02-06 04:00:00,1.07439,1.07503,1.07434,1.07489,67149040189.0
2024-02-06 05:00:00,1.07490,1.07541,1.07486,1.07535,67159094719.0
2024-02-06 06:00:00,1.07533,1.07533,1.07482,1.07508,67082124655.0
2024-02-06 07:00:00,1.07509,1.07623,1.07507,1.07517,67696736664.0
2024-02-06 08:00:00,1.07517,1.07600,1.07450,1.07460,67872531253.0
2024-02-06 09:00:00,1.07461,1.07473,1.07254,1.07291,67885702183.0
2024-02-06 10:00:00,1.07291,1.07363,1.07276,1.07291,67525947227.0
2024-02-06 11:00:00,1.07292,1.07429,1.07242,1.07385,67534767721.0
2024-02-06 12:00:00,1.07384,1.07392,1.07225,1.07358,67579934473.0
2024-02-06 13:00:00,1.07360,1.07440,1.07280,1.07304,68081435935.0
2024-02-06 14:00:00,1.07304,1.07436,1.07289,1.07402,68414156965.0
2024-02-06 15:00:00,1.07406,1.07483,1.07367,1.07432,68268525159.0
2024-02-06 16:00:00,1.07431,1.07533,1.07390,1.07505,67867851490.0
2024-02-06 17:00:00,1.07504,1.07552,1.07478,1.07509,68018619679.0
2024-02-06 18:00:00,1.07508,1.07556,1.07435,1.07539,67641582223.0
2024-02-06 19:00:00,1.07538,1.07546,1.07468,1.07493,67839949534.0
2024-02-06 20:00:00,1.07494,1.07574,1.07494,1.07566,67341771408.0
2024-02-06 21:00:00,1.07565,1.07565,1.07525,1.07540,66583904257.0
2024-02-06 22:00:00,1.07539,1.07556,1.07492,1.07532,63742264115.0
2024-02-06 23:00:00,1.07539,1.07567,1.07533,1.07566,64924092990.0
2024-02-07 00:00:00,1.07569,1.07593,1.07559,1.07589,66827810897.0
2024-02-07 01:00:00,1.07592,1.07649,1.07589,1.07634,67267773728.0
2024-02-07 02:00:00,1.07633,1.07656,1.07616,1.07636,67133292546.0
2024-02-07 03:00:00,1.07636,1.07665,1.07584,1.07588,66951057900.0
2024-02-07 04:00:00,1.07587,1.07601,1.07566,1.07590,64726549134.0
2024-02-07 05:00:00,1.07589,1.07644,1.07579,1.07626,67061213434.0
2024-02-07 06:00:00,1.07626,1.07655,1.07567,1.07611,67331305635.0
2024-02-07 07:00:00,1.07612,1.07728,1.07609,1.07725,67731279052.0
2024-02-07 08:00:00,1.07725,1.07734,1.07604,1.07627,67947135142.0
2024-02-07 09:00:00,1.07627,1.07709,1.07578,1.07693,67820772720.0
2024-02-07 10:00:00,1.07691,1.07708,1.07627,1.07641,67849910354.0
2024-02-07 11:00:00,1.07640,1.07739,1.07622,1.07709,67689542777.0
2024-02-07 12:00:00,1.07709,1.07752,1.07660,1.07737,67876509125.0
2024-02-07 13:00:00,1.07738,1.07838,1.07668,1.07701,67968906690.0
2024-02-07 14:00:00,1.07702,1.07780,1.07654,1.07713,68219120110.0
2024-02-07 15:00:00,1.07715,1.07798,1.07556,1.07566,68436129384.0
2024-02-07 16:00:00,1.07567,1.07712,1.07562,1.07677,68152678154.0
2024-02-07 17:00:00,1.07676,1.07678,1.07593,1.07648,67825976935.0
2024-02-07 18:00:00,1.07647,1.07736,1.07645,1.07710,67805794305.0
2024-02-07 19:00:00,1.07712,1.07753,1.07699,1.07719,67555863430.0
2024-02-07 20:00:00,1.07718,1.07742,1.07708,1.07726,67232820099.0
2024-02-07 21:00:00,1.07726,1.07748,1.07704,1.07704,66480130622.0
2024-02-07 22:00:00,1.07704,1.07734,1.07679,1.07723,66644490981.0
2024-02-07 23:00:00,1.07722,1.07770,1.07717,1.07754,66439815492.0
2024-02-08 00:00:00,1.07754,1.07795,1.07744,1.07779,66920847766.0
2024-02-08 01:00:00,1.07778,1.07798,1.07751,1.07786,67629902072.0
2024-02-08 02:00:00,1.07787,1.07832,1.07783,1.07827,67208626836.0
2024-02-08 03:00:00,1.07827,1.07848,1.07815,1.07823,67006916199.0
2024-02-08 04:00:00,1.07822,1.07883,1.07795,1.07799,67139935930.0
2024-02-08 05:00:00,1.07797,1.07840,1.07784,1.07826,67016185611.0
2024-02-08 06:00:00,1.07828,1.07863,1.07811,1.07839,67139578756.0
2024-02-08 07:00:00,1.07839,1.07889,1.07767,1.07800,67742909892.0
2024-02-08 08:00:00,1.07801,1.07840,1.07684,1.07771,67929381596.0
2024-02-08 09:00:00,1.07772,1.07841,1.07734,1.07828,67697409390.0
2024-02-08 10:00:00,1.07829,1.07855,1.07711,1.07717,67512367843.0
2024-02-08 11:00:00,1.07715,1.07730,1.07610,1.07629,67527108849.0
2024-02-08 12:00:00,1.07630,1.07635,1.07500,1.07568,67782346012.0
2024-02-08 13:00:00,1.07570,1.07621,1.07416,1.07440,68205873644.0
2024-02-08 14:00:00,1.07440,1.07674,1.07435,1.07647,68080117022.0
2024-02-08 15:00:00,1.07650,1.07675,1.07513,1.07611,68164584897.0
2024-02-08 16:00:00,1.07611,1.07740,1.07601,1.07732,67378771068.0
2024-02-08 17:00:00,1.07733,1.07765,1.07713,1.07734,67515278297.0
2024-02-08 18:00:00,1.07734,1.07827,1.07732,1.07766,67732199505.0
2024-02-08 19:00:00,1.07765,1.07785,1.07726,1.07747,67378581668.0
2024-02-08 20:00:00,1.07748,1.07799,1.07748,1.07777,67331627087.0
2024-02-08 21:00:00,1.07778,1.07786,1.07760,1.07769,66613682504.0
2024-02-08 22:00:00,1.07767,1.07787,1.07740,1.07755,63919122023.0
2024-02-08 23:00:00,1.07755,1.07778,1.07738,1.07776,65234073029.0
2024-02-09 00:00:00,1.07775,1.07786,1.07722,1.07729,66911458759.0
2024-02-09 01:00:00,1.07729,1.07786,1.07729,1.07743,67211890527.0
2024-02-09 02:00:00,1.07742,1.07782,1.07732,1.07761,67109112376.0
2024-02-09 03:00:00,1.07763,1.07775,1.07701,1.07708,67217544643.0
2024-02-09 04:00:00,1.07709,1.07726,1.07693,1.07711,66638635335.0
2024-02-09 05:00:00,1.07710,1.07738,1.07695,1.07710,66428177615.0
2024-02-09 06:00:00,1.07711,1.07755,1.07699,1.07745,65645574227.0
2024-02-09 07:00:00,1.07747,1.07827,1.07744,1.07801,67571820136.0
2024-02-09 08:00:00,1.07803,1.07847,1.07723,1.07726,67906598995.0
2024-02-09 09:00:00,1.07725,1.07768,1.07660,1.07670,67812305471.0
2024-02-09 10:00:00,1.07669,1.07701,1.07621,1.07666,67584872940.0
2024-02-09 11:00:00,1.07666,1.07731,1.07635,1.07716,67674145914.0
2024-02-09 12:00:00,1.07717,1.07765,1.07630,1.07672,67744952156.0
2024-02-09 13:00:00,1.07671,1.07949,1.07654,1.07831,68497356064.0
2024-02-09 14:00:00,1.07830,1.07951,1.07749,1.07816,68436985938.0
2024-02-09 15:00:00,1.07816,1.07898,1.07798,1.07863,68226421229.0
2024-02-09 16:00:00,1.07864,1.07880,1.07797,1.07816,68018996511.0
2024-02-09 17:00:00,1.07816,1.07866,1.07792,1.07855,67277205671.0
2024-02-09 18:00:00,1.07856,1.07908,1.07855,1.07866,67131105610.0
2024-02-09 19:00:00,1.07865,1.07877,1.07813,1.07825,66625845988.0
2024-02-09 20:00:00,1.07824,1.07880,1.07797,1.07863,66809188187.0
2024-02-09 21:00:00,1.07862,1.07885,1.07821,1.07821,66928216641.0
2024-02-11 22:00:00,1.07767,1.07861,1.07766,1.07839,66056218214.0
2024-02-11 23:00:00,1.07843,1.07983,1.07839,1.07979,67529906911.0
2024-02-12 00:00:00,1.07980,1.07997,1.07967,1.07986,67289487114.0
2024-02-12 01:00:00,1.07987,1.07987,1.07937,1.07957,64598099229.0
2024-02-12 02:00:00,1.07957,1.07978,1.07932,1.07948,65716112264.0
2024-02-12 03:00:00,1.07948,1.07970,1.07911,1.07918,66806117170.0
2024-02-12 04:00:00,1.07918,1.07939,1.07893,1.07904,63161348263.0
2024-02-12 05:00:00,1.07903,1.07944,1.07899,1.07914,64219540360.0
2024-02-12 06:00:00,1.07914,1.07930,1.07899,1.07914,66592813224.0
2024-02-12 07:00:00,1.07914,1.08055,1.07894,1.08031,67490983444.0
2024-02-12 08:00:00,1.08030,1.08030,1.07743,1.07753,67851861194.0
2024-02-12 09:00:00,1.07751,1.07780,1.07667,1.07691,67483250854.0
2024-02-12 10:00:00,1.07691,1.07787,1.07672,1.07766,67423104534.0
2024-02-12 11:00:00,1.07767,1.07777,1.07630,1.07693,67606817669.0
2024-02-12 12:00:00,1.07695,1.07735,1.07651,1.07697,67559537705.0
2024-02-12 13:00:00,1.07699,1.07736,1.07610,1.07638,67971180301.0
2024-02-12 14:00:00,1.07638,1.07741,1.07631,1.07722,67878594808.0
2024-02-12 15:00:00,1.07721,1.07724,1.07559,1.07674,67741650780.0
2024-02-12 16:00:00,1.07673,1.07774,1.07652,1.07732,67863025746.0
2024-02-12 17:00:00,1.07733,1.07823,1.07728,1.07823,67468542280.0
2024-02-12 18:00:00,1.07823,1.07860,1.07805,1.07812,67334010640.0
2024-02-12 19:00:00,1.07812,1.07829,1.07679,1.07693,67336427602.0
2024-02-12 20:00:00,1.07693,1.07750,1.07693,1.07742,66926662775.0
2024-02-12 21:00:00,1.07743,1.07750,1.07703,1.07706,66263542008.0
2024-02-12 22:00:00,1.07702,1.07751,1.07697,1.07724,66372029970.0
2024-02-12 23:00:00,1.07723,1.07727,1.07705,1.07717,64967402458.0
2024-02-13 00:00:00,1.07718,1.07730,1.07669,1.07727,66800265138.0
2024-02-13 01:00:00,1.07727,1.07744,1.07657,1.07668,67013981633.0
2024-02-13 02:00:00,1.07668,1.07668,1.07621,1.07642,65636156044.0
2024-02-13 03:00:00,1.07641,1.07647,1.07606,1.07617,66740933755.0
2024-02-13 04:00:00,1.07616,1.07641,1.07612,1.07637,65200568403.0
2024-02-13 05:00:00,1.07635,1.07678,1.07635,1.07669,66578593874.0
2024-02-13 06:00:00,1.07668,1.07724,1.07661,1.07704,66544659334.0
2024-02-13 07:00:00,1.07704,1.07776,1.07657,1.07712,67661231394.0
2024-02-13 08:00:00,1.07711,1.07745,1.07622,1.07675,67791200257.0
2024-02-13 09:00:00,1.07675,1.07693,1.07567,1.07666,67533887894.0
2024-02-13 10:00:00,1.07666,1.07761,1.07662,1.07722,67950161101.0
2024-02-13 11:00:00,1.07721,1.07818,1.07720,1.07778,67597057065.0
2024-02-13 12:00:00,1.07777,1.07865,1.07762,1.07854,67487033097.0
2024-02-13 13:00:00,1.07854,1.07985,1.07031,1.07084,68474801031.0
2024-02-13 14:00:00,1.07084,1.07237,1.07006,1.07179,68608984762.0
2024-02-13 15:00:00,1.07180,1.07267,1.07060,1.07166,68496612230.0
2024-02-13 16:00:00,1.07166,1.07220,1.07127,1.07192,67980292912.0
2024-02-13 17:00:00,1.07192,1.07200,1.07122,1.07151,67759728064.0
2024-02-13 18:00:00,1.07152,1.07201,1.07076,1.07084,67418335479.0
2024-02-13 19:00:00,1.07080,1.07082,1.07005,1.07012,67621152853.0
2024-02-13 20:00:00,1.07012,1.07100,1.07005,1.07073,67350066951.0
2024-02-13 21:00:00,1.07072,1.07101,1.07070,1.07079,66467324232.0
2024-02-13 22:00:00,1.07080,1.07116,1.07071,1.07100,66374826720.0
2024-02-13 23:00:00,1.07101,1.07107,1.07078,1.07083,65005928777.0
2024-02-14 00:00:00,1.07083,1.07144,1.07060,1.07078,67057646963.0
2024-02-14 01:00:00,1.07078,1.07121,1.07032,1.07115,67419332936.0
2024-02-14 02:00:00,1.07116,1.07139,1.07087,1.07095,67085054117.0
2024-02-14 03:00:00,1.07095,1.07139,1.07081,1.07126,66932799570.0
2024-02-14 04:00:00,1.07124,1.07145,1.07093,1.07143,66997924664.0
2024-02-14 05:00:00,1.07144,1.07150,1.07116,1.07139,66785568030.0
2024-02-14 06:00:00,1.07139,1.07186,1.07138,1.07162,67104865320.0
2024-02-14 07:00:00,1.07163,1.07173,1.07050,1.07075,67811137125.0
2024-02-14 08:00:00,1.07074,1.07081,1.06949,1.07022,68077612892.0
2024-02-14 09:00:00,1.07021,1.07057,1.06962,1.07000,67723206984.0
2024-02-14 10:00:00,1.07001,1.07043,1.06963,1.07036,67520382563.0
2024-02-14 11:00:00,1.07036,1.07103,1.06971,1.07078,67502776646.0
2024-02-14 12:00:00,1.07079,1.07103,1.07010,1.07056,67487833131.0
2024-02-14 13:00:00,1.07058,1.07167,1.07058,1.07086,68053778601.0
2024-02-14 14:00:00,1.07086,1.07229,1.07065,1.07160,68297864316.0
2024-02-14 15:00:00,1.07160,1.07252,1.07133,1.07212,68239001026.0
2024-02-14 16:00:00,1.07211,1.07344,1.07191,1.07339,67950710128.0
2024-02-14 17:00:00,1.07338,1.07338,1.07278,1.07306,67744363151.0
2024-02-14 18:00:00,1.07307,1.07338,1.07259,1.07269,67513532744.0
2024-02-14 19:00:00,1.07269,1.07293,1.07256,1.07281,67272661077.0
2024-02-14 20:00:00,1.07282,1.07288,1.07259,1.07276,67315221460.0
2024-02-14 21:00:00,1.07275,1.07284,1.07250,1.07250,65494163459.0
2024-02-14 22:00:00,1.07250,1.07285,1.07246,1.07272,66291958413.0
2024-02-14 23:00:00,1.07272,1.07322,1.07272,1.07319,66055832866.0
2024-02-15 00:00:00,1.07321,1.07354,1.07293,1.07340,65612082710.0
2024-02-15 01:00:00,1.07340,1.07351,1.07263,1.07283,67345992582.0
2024-02-15 02:00:00,1.07283,1.07315,1.07258,1.07292,67037902277.0
2024-02-15 03:00:00,1.07294,1.07305,1.07250,1.07256,66940624569.0
2024-02-15 04:00:00,1.07255,1.07267,1.07246,1.07259,64552359037.0
2024-02-15 05:00:00,1.07260,1.07321,1.07260,1.07290,66887066585.0
2024-02-15 06:00:00,1.07290,1.07338,1.07271,1.07309,67210521478.0
2024-02-15 07:00:00,1.07308,1.07413,1.07275,1.07328,67766197612.0
2024-02-15 08:00:00,1.07328,1.07375,1.07296,1.07308,68015771974.0
2024-02-15 09:00:00,1.07308,1.07368,1.07279,1.07330,67706997146.0
2024-02-15 10:00:00,1.07329,1.07368,1.07307,1.07345,67611737454.0
2024-02-15 11:00:00,1.07346,1.07400,1.07338,1.07353,67262253301.0
2024-02-15 12:00:00,1.07354,1.07486,1.07353,1.07449,67452954545.0
2024-02-15 13:00:00,1.07449,1.07727,1.07426,1.07664,68466784261.0
2024-02-15 14:00:00,1.07659,1.07829,1.07591,1.07759,68697582879.0
2024-02-15 15:00:00,1.07761,1.07847,1.07585,1.07611,68455300139.0
2024-02-15 16:00:00,1.07611,1.07631,1.07552,1.07596,68011383687.0
2024-02-15 17:00:00,1.07597,1.07629,1.07565,1.07623,67449946772.0
2024-02-15 18:00:00,1.07623,1.07674,1.07605,1.07669,67387902200.0
2024-02-15 19:00:00,1.07669,1.07723,1.07665,1.07687,67393336448.0
2024-02-15 20:00:00,1.07687,1.07718,1.07680,1.07715,67373811958.0
2024-02-15 21:00:00,1.07715,1.07738,1.07703,1.07718,66734922794.0
2024-02-15 22:00:00,1.07718,1.07727,1.07680,1.07724,65687671930.0
2024-02-15 23:00:00,1.07726,1.07768,1.07717,1.07726,63784070673.0
2024-02-16 00:00:00,1.07726,1.07736,1.07612,1.07647,67096164433.0
2024-02-16 01:00:00,1.07650,1.07661,1.07611,1.07648,67089642947.0
2024-02-16 02:00:00,1.07648,1.07650,1.07599,1.07604,67078129581.0
2024-02-16 03:00:00,1.07604,1.07630,1.07590,1.07598,66932904426.0
2024-02-16 04:00:00,1.07599,1.07611,1.07573,1.07593,66807264377.0
2024-02-16 05:00:00,1.07591,1.07618,1.07583,1.07601,66716319744.0
2024-02-16 06:00:00,1.07601,1.07626,1.07586,1.07626,66587814134.0
2024-02-16 07:00:00,1.07626,1.07678,1.07600,1.07606,67211744048.0
2024-02-16 08:00:00,1.07607,1.07713,1.07595,1.07699,67232906931.0
2024-02-16 09:00:00,1.07699,1.07717,1.07640,1.07661,67703891557.0
2024-02-16 10:00:00,1.07661,1.07708,1.07625,1.07680,67300684927.0
2024-02-16 11:00:00,1.07678,1.07800,1.07667,1.07775,67333221255.0
2024-02-16 12:00:00,1.07773,1.07780,1.07675,1.07680,67644053912.0
2024-02-16 13:00:00,1.07679,1.07709,1.07319,1.07464,68281067029.0
2024-02-16 14:00:00,1.07465,1.07569,1.07409,1.07496,68549490278.0
2024-02-16 15:00:00,1.07494,1.07768,1.07483,1.07707,68428792954.0
2024-02-16 16:00:00,1.07710,1.07753,1.07656,1.07683,68156445002.0
2024-02-16 17:00:00,1.07681,1.07778,1.07626,1.07777,67480876481.0
2024-02-16 18:00:00,1.07778,1.07859,1.07739,1.07850,67456623899.0
2024-02-16 19:00:00,1.07851,1.07874,1.07754,1.07770,67673792517.0
2024-02-16 20:00:00,1.07770,1.07774,1.07729,1.07764,67654290967.0
2024-02-16 21:00:00,1.07764,1.07778,1.07747,1.07749,67096882382.0
2024-02-18 22:00:00,1.07718,1.07768,1.07718,1.07748,65669943788.0
2024-02-18 23:00:00,1.07744,1.07850,1.07744,1.07840,66428244462.0
2024-02-19 00:00:00,1.07838,1.07889,1.07836,1.07869,66882719585.0
2024-02-19 01:00:00,1.07870,1.07880,1.07782,1.07803,67319929568.0
2024-02-19 02:00:00,1.07802,1.07818,1.07780,1.07812,66821938216.0
2024-02-19 03:00:00,1.07811,1.07832,1.07750,1.07754,67038297458.0
2024-02-19 04:00:00,1.07753,1.07809,1.07748,1.07778,66516494911.0
2024-02-19 05:00:00,1.07779,1.07827,1.07770,1.07816,66806481551.0
2024-02-19 06:00:00,1.07817,1.07867,1.07800,1.07863,66831936387.0
2024-02-19 07:00:00,1.07863,1.07894,1.07813,1.07826,67321806197.0
2024-02-19 08:00:00,1.07830,1.07873,1.07762,1.07781,67638474508.0
2024-02-19 09:00:00,1.07782,1.07833,1.07723,1.07747,67588246894.0
2024-02-19 10:00:00,1.07746,1.07787,1.07721,1.07752,67322784322.0
2024-02-19 11:00:00,1.07753,1.07817,1.07735,1.07770,67304475854.0
2024-02-19 12:00:00,1.07769,1.07794,1.07696,1.07700,67086837679.0
2024-02-19 13:00:00,1.07704,1.07787,1.07675,1.07700,67197352017.0
2024-02-19 14:00:00,1.07700,1.07706,1.07631,1.07663,67551229053.0
2024-02-19 15:00:00,1.07664,1.07684,1.07621,1.07674,67324705182.0
2024-02-19 16:00:00,1.07673,1.07707,1.07626,1.07698,66642919751.0
2024-02-19 17:00:00,1.07697,1.07763,1.07694,1.07761,65071192471.0
2024-02-19 18:00:00,1.07760,1.07836,1.07760,1.07789,66391973561.0
2024-02-19 19:00:00,1.07791,1.07821,1.07779,1.07783,63868713042.0
2024-02-19 20:00:00,1.07786,1.07797,1.07775,1.07793,50379145872.0
2024-02-19 21:00:00,1.07793,1.07823,1.07776,1.07785,62382321174.0
2024-02-19 22:00:00,1.07770,1.07801,1.07758,1.07784,65079362517.0
2024-02-19 23:00:00,1.07784,1.07799,1.07737,1.07754,65324081480.0
2024-02-20 00:00:00,1.07753,1.07769,1.07676,1.07696,67193544050.0
2024-02-20 01:00:00,1.07695,1.07712,1.07649,1.07659,67618505688.0
2024-02-20 02:00:00,1.07658,1.07669,1.07615,1.07669,67150238848.0
2024-02-20 03:00:00,1.07668,1.07685,1.07644,1.07678,66946384854.0
2024-02-20 04:00:00,1.07678,1.07709,1.07674,1.07689,65734153339.0
2024-02-20 05:00:00,1.07690,1.07700,1.07651,1.07679,66952952546.0
2024-02-20 06:00:00,1.07679,1.07727,1.07673,1.07708,67120907554.0
2024-02-20 07:00:00,1.07708,1.07748,1.07674,1.07697,67659108026.0
2024-02-20 08:00:00,1.07695,1.07777,1.07688,1.07758,67909827624.0
2024-02-20 09:00:00,1.07757,1.07988,1.07738,1.07977,67906216264.0
2024-02-20 10:00:00,1.07977,1.08094,1.07954,1.08038,68017364504.0
2024-02-20 11:00:00,1.08039,1.08043,1.07937,1.07983,67876571870.0
2024-02-20 12:00:00,1.07984,1.08056,1.07954,1.07980,68001210366.0
2024-02-20 13:00:00,1.07981,1.08249,1.07968,1.08230,68071145310.0
2024-02-20 14:00:00,1.08232,1.08387,1.08183,1.08289,68352943880.0
2024-02-20 15:00:00,1.08290,1.08295,1.08130,1.08226,68181105873.0
2024-02-20 16:00:00,1.08227,1.08248,1.08124,1.08129,67774666838.0
2024-02-20 17:00:00,1.08130,1.08149,1.08091,1.08117,67521927906.0
2024-02-20 18:00:00,1.08116,1.08130,1.08070,1.08098,67285302642.0
2024-02-20 19:00:00,1.08098,1.08113,1.08064,1.08064,67344916481.0
2024-02-20 20:00:00,1.08063,1.08126,1.08043,1.08104,67381366621.0
2024-02-20 21:00:00,1.08104,1.08107,1.08065,1.08072,65535484887.0
2024-02-20 22:00:00,1.08071,1.08097,1.08056,1.08090,66110531829.0
2024-02-20 23:00:00,1.08091,1.08110,1.08074,1.08098,64343630807.0
2024-02-21 00:00:00,1.08100,1.08111,1.08066,1.08102,66950243285.0
2024-02-21 01:00:00,1.08102,1.08125,1.08055,1.08119,67205408359.0
2024-02-21 02:00:00,1.08120,1.08172,1.08119,1.08150,67178037902.0
2024-02-21 03:00:00,1.08150,1.08189,1.08136,1.08178,65749537258.0
2024-02-21 04:00:00,1.08179,1.08191,1.08135,1.08141,66892390727.0
2024-02-21 05:00:00,1.08141,1.08165,1.08125,1.08150,66916270082.0
2024-02-21 06:00:00,1.08151,1.08152,1.08075,1.08114,67272529999.0
2024-02-21 07:00:00,1.08114,1.08140,1.08064,1.08107,67451020901.0
2024-02-21 08:00:00,1.08106,1.08146,1.07972,1.07987,67681660112.0
2024-02-21 09:00:00,1.07987,1.08003,1.07899,1.07999,67673063589.0
2024-02-21 10:00:00,1.07997,1.08031,1.07959,1.08011,67490889729.0
2024-02-21 11:00:00,1.08010,1.08021,1.07942,1.07990,67376302326.0
2024-02-21 12:00:00,1.07990,1.08031,1.07964,1.08031,67445773101.0
2024-02-21 13:00:00,1.08031,1.08114,1.08031,1.08100,67903847140.0
2024-02-21 14:00:00,1.08101,1.08162,1.08061,1.08131,67892187792.0
2024-02-21 15:00:00,1.08130,1.08199,1.08043,1.08051,67960239068.0
2024-02-21 16:00:00,1.08051,1.08188,1.08008,1.08169,67785823683.0
2024-02-21 17:00:00,1.08171,1.08172,1.08066,1.08075,67659651482.0
2024-02-21 18:00:00,1.08074,1.08135,1.07999,1.08113,67913476504.0
2024-02-21 19:00:00,1.08117,1.08243,1.08050,1.08165,67965032774.0
2024-02-21 20:00:00,1.08164,1.08209,1.08124,1.08171,67833112655.0
2024-02-21 21:00:00,1.08172,1.08201,1.08129,1.08181,66629354126.0
2024-02-21 22:00:00,1.08182,1.08209,1.08146,1.08192,66794772724.0
2024-02-21 23:00:00,1.08191,1.08226,1.08187,1.08202,66626799207.0
2024-02-22 00:00:00,1.08201,1.08321,1.08200,1.08302,67134033097.0
2024-02-22 01:00:00,1.08301,1.08306,1.08267,1.08267,67565090239.0
2024-02-22 02:00:00,1.08266,1.08271,1.08190,1.08260,67082359932.0
2024-02-22 03:00:00,1.08260,1.08272,1.08231,1.08257,66519308696.0
2024-02-22 04:00:00,1.08258,1.08309,1.08252,1.08303,66731124979.0
2024-02-22 05:00:00,1.08302,1.08378,1.08296,1.08333,65730871300.0
2024-02-22 06:00:00,1.08331,1.08400,1.08330,1.08384,66933895332.0
2024-02-22 07:00:00,1.08385,1.08538,1.08376,1.08531,67584573441.0
2024-02-22 08:00:00,1.08531,1.08882,1.08526,1.08714,68177799087.0
2024-02-22 09:00:00,1.08715,1.08716,1.08480,1.08529,67957520796.0
2024-02-22 10:00:00,1.08527,1.08588,1.08503,1.08566,67400775105.0
2024-02-22 11:00:00,1.08568,1.08573,1.08448,1.08573,67365206423.0
2024-02-22 12:00:00,1.08572,1.08586,1.08424,1.08438,67591264991.0
2024-02-22 13:00:00,1.08439,1.08481,1.08210,1.08231,68064651672.0
2024-02-22 14:00:00,1.08230,1.08246,1.08026,1.08180,68109839318.0
2024-02-22 15:00:00,1.08180,1.08194,1.08036,1.08102,68161608254.0
2024-02-22 16:00:00,1.08101,1.08185,1.08088,1.08141,67625066992.0
2024-02-22 17:00:00,1.08142,1.08240,1.08117,1.08202,67165550345.0
2024-02-22 18:00:00,1.08201,1.08261,1.08144,1.08248,67127504403.0
2024-02-22 19:00:00,1.08247,1.08251,1.08192,1.08223,67165075538.0
2024-02-22 20:00:00,1.08224,1.08232,1.08185,1.08217,67216483614.0
2024-02-22 21:00:00,1.08218,1.08236,1.08208,1.08222,66272290407.0
2024-02-22 22:00:00,1.08221,1.08242,1.08174,1.08209,66051413773.0
2024-02-22 23:00:00,1.08215,1.08258,1.08204,1.08253,62674447239.0
2024-02-23 00:00:00,1.08253,1.08278,1.08149,1.08218,65854432867.0
2024-02-23 01:00:00,1.08216,1.08318,1.08216,1.08269,66990069519.0
2024-02-23 02:00:00,1.08271,1.08305,1.08247,1.08254,66860352795.0
2024-02-23 03:00:00,1.08253,1.08260,1.08227,1.08252,66870687175.0
2024-02-23 04:00:00,1.08253,1.08284,1.08249,1.08254,65759087821.0
2024-02-23 05:00:00,1.08253,1.08269,1.08213,1.08227,66614282157.0
2024-02-23 06:00:00,1.08227,1.08276,1.08217,1.08256,66920162259.0
2024-02-23 07:00:00,1.08256,1.08318,1.08239,1.08294,67430815500.0
2024-02-23 08:00:00,1.08295,1.08324,1.08209,1.08250,67615583432.0
2024-02-23 09:00:00,1.08250,1.08257,1.08140,1.08173,67406302413.0
2024-02-23 10:00:00,1.08174,1.08248,1.08171,1.08237,67256799727.0
2024-02-23 11:00:00,1.08239,1.08314,1.08223,1.08271,67360828292.0
2024-02-23 12:00:00,1.08271,1.08395,1.08245,1.08361,67488063162.0
2024-02-23 13:00:00,1.08361,1.08367,1.08268,1.08319,67792627462.0
2024-02-23 14:00:00,1.08316,1.08368,1.08243,1.08255,67831295511.0
2024-02-23 15:00:00,1.08255,1.08256,1.08117,1.08206,67780411555.0
2024-02-23 16:00:00,1.08206,1.08287,1.08149,1.08274,67675691086.0
2024-02-23 17:00:00,1.08275,1.08288,1.08210,1.08247,67408613537.0
2024-02-23 18:00:00,1.08248,1.08296,1.08229,1.08265,67037687321.0
2024-02-23 19:00:00,1.08264,1.08265,1.08201,1.08229,66011751384.0
2024-02-23 20:00:00,1.08229,1.08245,1.08176,1.08223,67211700799.0
2024-02-23 21:00:00,1.08223,1.08231,1.08174,1.08174,66967543476.0
2024-02-25 22:00:00,1.08318,1.08322,1.08182,1.08227,62609559391.0
2024-02-25 23:00:00,1.08230,1.08230,1.08189,1.08190,63739240121.0
2024-02-26 00:00:00,1.08188,1.08202,1.08160,1.08166,67010338818.0
2024-02-26 01:00:00,1.08165,1.08194,1.08126,1.08163,66937861244.0
2024-02-26 02:00:00,1.08163,1.08176,1.08143,1.08171,66550603449.0
2024-02-26 03:00:00,1.08169,1.08194,1.08160,1.08185,66640641390.0
2024-02-26 04:00:00,1.08185,1.08226,1.08175,1.08211,66891655420.0
2024-02-26 05:00:00,1.08210,1.08241,1.08188,1.08231,66775430595.0
2024-02-26 06:00:00,1.08230,1.08254,1.08219,1.08240,66732573985.0
2024-02-26 07:00:00,1.08241,1.08366,1.08229,1.08321,67520336690.0
2024-02-26 08:00:00,1.08322,1.08355,1.08270,1.08321,67485376840.0
2024-02-26 09:00:00,1.08321,1.08403,1.08306,1.08399,67038287625.0
2024-02-26 10:00:00,1.08400,1.08487,1.08385,1.08478,67295632424.0
2024-02-26 11:00:00,1.08477,1.08540,1.08450,1.08519,67259705919.0
2024-02-26 12:00:00,1.08520,1.08597,1.08487,1.08496,67213737001.0
2024-02-26 13:00:00,1.08495,1.08589,1.08483,1.08578,67498304801.0
2024-02-26 14:00:00,1.08579,1.08587,1.08438,1.08459,67825456088.0
2024-02-26 15:00:00,1.08460,1.08543,1.08386,1.08509,67616281887.0
2024-02-26 16:00:00,1.08509,1.08555,1.08471,1.08540,67377069423.0
2024-02-26 17:00:00,1.08540,1.08548,1.08436,1.08453,67284396929.0
2024-02-26 18:00:00,1.08452,1.08458,1.08397,1.08446,66993326983.0
2024-02-26 19:00:00,1.08445,1.08475,1.08439,1.08462,67060172716.0
2024-02-26 20:00:00,1.08462,1.08525,1.08461,1.08507,67420332360.0
2024-02-26 21:00:00,1.08507,1.08515,1.08497,1.08504,66186408754.0
2024-02-26 22:00:00,1.08504,1.08505,1.08469,1.08497,66208483984.0
2024-02-26 23:00:00,1.08497,1.08513,1.08482,1.08503,59112768796.0
2024-02-27 00:00:00,1.08504,1.08508,1.08467,1.08474,66092556615.0
2024-02-27 01:00:00,1.08473,1.08507,1.08454,1.08499,66436158586.0
2024-02-27 02:00:00,1.08499,1.08534,1.08482,1.08514,65005816383.0
2024-02-27 03:00:00,1.08514,1.08529,1.08485,1.08528,65813078348.0
2024-02-27 04:00:00,1.08529,1.08553,1.08526,1.08534,63399395324.0
2024-02-27 05:00:00,1.08533,1.08541,1.08486,1.08519,66089998090.0
2024-02-27 06:00:00,1.08520,1.08527,1.08470,1.08500,66363756382.0
2024-02-27 07:00:00,1.08501,1.08626,1.08498,1.08560,66991574880.0
2024-02-27 08:00:00,1.08558,1.08659,1.08529,1.08576,67162878441.0
2024-02-27 09:00:00,1.08575,1.08594,1.08518,1.08529,67480284368.0
2024-02-27 10:00:00,1.08528,1.08532,1.08418,1.08517,67261255186.0
2024-02-27 11:00:00,1.08516,1.08589,1.08479,1.08576,67040406403.0
2024-02-27 12:00:00,1.08576,1.08630,1.08557,1.08568,67084255888.0
2024-02-27 13:00:00,1.08568,1.08577,1.08449,1.08480,67707392819.0
2024-02-27 14:00:00,1.08479,1.08508,1.08359,1.08400,67513656281.0
2024-02-27 15:00:00,1.08398,1.08512,1.08330,1.08469,67671260526.0
2024-02-27 16:00:00,1.08469,1.08577,1.08448,1.08560,67468994316.0
2024-02-27 17:00:00,1.08560,1.08565,1.08488,1.08507,67323401669.0
2024-02-27 18:00:00,1.08507,1.08567,1.08489,1.08495,67256992728.0
2024-02-27 19:00:00,1.08494,1.08494,1.08408,1.08442,67121722164.0
2024-02-27 20:00:00,1.08441,1.08475,1.08420,1.08441,66829215333.0
2024-02-27 21:00:00,1.08440,1.08461,1.08437,1.08437,64044801720.0
2024-02-27 22:00:00,1.08437,1.08465,1.08433,1.08434,64191787498.0
2024-02-27 23:00:00,1.08434,1.08452,1.08410,1.08410,65062016120.0
2024-02-28 00:00:00,1.08411,1.08455,1.08405,1.08446,66511757638.0
2024-02-28 01:00:00,1.08447,1.08447,1.08378,1.08394,67058124059.0
2024-02-28 02:00:00,1.08394,1.08402,1.08371,1.08375,66679887625.0
2024-02-28 03:00:00,1.08375,1.08381,1.08328,1.08343,66552155998.0
2024-02-28 04:00:00,1.08344,1.08357,1.08318,1.08323,66405422857.0
2024-02-28 05:00:00,1.08322,1.08331,1.08254,1.08266,66981068473.0
2024-02-28 06:00:00,1.08265,1.08293,1.08220,1.08224,66937820283.0
2024-02-28 07:00:00,1.08223,1.08248,1.08164,1.08232,67257882050.0
2024-02-28 08:00:00,1.08233,1.08241,1.08084,1.08090,67613798559.0
2024-02-28 09:00:00,1.08089,1.08126,1.07966,1.08000,67763616812.0
2024-02-28 10:00:00,1.07999,1.08176,1.07993,1.08154,67628308726.0
2024-02-28 11:00:00,1.08154,1.08179,1.08110,1.08154,67330528705.0
2024-02-28 12:00:00,1.08154,1.08208,1.08073,1.08088,67295427295.0
2024-02-28 13:00:00,1.08087,1.08309,1.08067,1.08278,67877185126.0
2024-02-28 14:00:00,1.08276,1.08337,1.08213,1.08299,68070852278.0
2024-02-28 15:00:00,1.08300,1.08379,1.08260,1.08343,67505665479.0
2024-02-28 16:00:00,1.08342,1.08423,1.08312,1.08421,67489272622.0
2024-02-28 17:00:00,1.08420,1.08458,1.08339,1.08383,67259041058.0
2024-02-28 18:00:00,1.08384,1.08404,1.08329,1.08343,67169104693.0
2024-02-28 19:00:00,1.08343,1.08372,1.08324,1.08336,67230587942.0
2024-02-28 20:00:00,1.08336,1.08398,1.08330,1.08380,67072242814.0
2024-02-28 21:00:00,1.08380,1.08394,1.08361,1.08375,66372661415.0
2024-02-28 22:00:00,1.08376,1.08401,1.08341,1.08380,65141630892.0
2024-02-28 23:00:00,1.08380,1.08400,1.08374,1.08383,63878757087.0
2024-02-29 00:00:00,1.08384,1.08400,1.08347,1.08363,66853033082.0
2024-02-29 01:00:00,1.08363,1.08403,1.08280,1.08290,67363761359.0
2024-02-29 02:00:00,1.08290,1.08367,1.08287,1.08365,67330662076.0
2024-02-29 03:00:00,1.08364,1.08378,1.08336,1.08369,67029187954.0
2024-02-29 04:00:00,1.08368,1.08376,1.08341,1.08363,67080003256.0
2024-02-29 05:00:00,1.08363,1.08373,1.08317,1.08353,66943010734.0
2024-02-29 06:00:00,1.08352,1.08381,1.08321,1.08329,67018322739.0
2024-02-29 07:00:00,1.08327,1.08393,1.08259,1.08288,67544210145.0
2024-02-29 08:00:00,1.08288,1.08473,1.08285,1.08376,67893254224.0
2024-02-29 09:00:00,1.08389,1.08520,1.08375,1.08505,67738246677.0
2024-02-29 10:00:00,1.08506,1.08542,1.08376,1.08378,67498928043.0
2024-02-29 11:00:00,1.08377,1.08429,1.08288,1.08343,67401938040.0
2024-02-29 12:00:00,1.08343,1.08358,1.08265,1.08287,67510682583.0
2024-02-29 13:00:00,1.08287,1.08467,1.08218,1.08377,68126961744.0
2024-02-29 14:00:00,1.08376,1.08503,1.08363,1.08466,68079437739.0
2024-02-29 15:00:00,1.08469,1.08558,1.08190,1.08224,68090889993.0
2024-02-29 16:00:00,1.08223,1.08250,1.08044,1.08062,67855073607.0
2024-02-29 17:00:00,1.08062,1.08073,1.07958,1.07998,67583334154.0
2024-02-29 18:00:00,1.07999,1.08102,1.07983,1.08091,67362230761.0
2024-02-29 19:00:00,1.08092,1.08112,1.08009,1.08025,67613313760.0
2024-02-29 20:00:00,1.08025,1.08095,1.08025,1.08083,67540306655.0
2024-02-29 21:00:00,1.08083,1.08086,1.08039,1.08046,66782784718.0
2024-02-29 22:00:00,1.08046,1.08057,1.07998,1.08047,67351955705.0
2024-02-29 23:00:00,1.08053,1.08056,1.08023,1.08055,62567213960.0
2024-03-01 00:00:00,1.08055,1.08124,1.08052,1.08113,66796134074.0
2024-03-01 01:00:00,1.08114,1.08212,1.08109,1.08212,66855330118.0
2024-03-01 02:00:00,1.08214,1.08218,1.08166,1.08183,66703861026.0
2024-03-01 03:00:00,1.08184,1.08211,1.08165,1.08168,65244764565.0
2024-03-01 04:00:00,1.08169,1.08170,1.08122,1.08135,64837204047.0
2024-03-01 05:00:00,1.08135,1.08141,1.08111,1.08122,66371782572.0
2024-03-01 06:00:00,1.08120,1.08139,1.08082,1.08091,66603053876.0
2024-03-01 07:00:00,1.08090,1.08174,1.08087,1.08125,67077780930.0
2024-03-01 08:00:00,1.08127,1.08199,1.08090,1.08112,67673131743.0
2024-03-01 09:00:00,1.08111,1.08176,1.08086,1.08153,67400955006.0
2024-03-01 10:00:00,1.08156,1.08227,1.07984,1.08104,67876074781.0
2024-03-01 11:00:00,1.08105,1.08191,1.08102,1.08187,67503574876.0
2024-03-01 12:00:00,1.08187,1.08247,1.08119,1.08129,67629276369.0
2024-03-01 13:00:00,1.08128,1.08153,1.08078,1.08127,67676973629.0
2024-03-01 14:00:00,1.08127,1.08206,1.07981,1.07999,67878339051.0
2024-03-01 15:00:00,1.08000,1.08416,1.08000,1.08350,68621404652.0
2024-03-01 16:00:00,1.08349,1.08368,1.08233,1.08310,67443489344.0
2024-03-01 17:00:00,1.08309,1.08398,1.08288,1.08376,66961083599.0
2024-03-01 18:00:00,1.08376,1.08424,1.08315,1.08400,67334084687.0
2024-03-01 19:00:00,1.08400,1.08432,1.08381,1.08412,67253658908.0
2024-03-01 20:00:00,1.08412,1.08412,1.08348,1.08373,66755898575.0
2024-03-01 21:00:00,1.08373,1.08405,1.08333,1.08368,67058384240.0
2024-03-03 22:00:00,1.08359,1.08425,1.08350,1.08398,65426411355.0
2024-03-03 23:00:00,1.08397,1.08440,1.08397,1.08416,65839296019.0
2024-03-04 00:00:00,1.08417,1.08480,1.08407,1.08457,66863876015.0
2024-03-04 01:00:00,1.08458,1.08458,1.08385,1.08400,66819013676.0
2024-03-04 02:00:00,1.08401,1.08458,1.08385,1.08453,66643791714.0
2024-03-04 03:00:00,1.08454,1.08457,1.08421,1.08438,62991640820.0
2024-03-04 04:00:00,1.08440,1.08457,1.08431,1.08436,64913731747.0
2024-03-04 05:00:00,1.08435,1.08468,1.08428,1.08443,66305410995.0
2024-03-04 06:00:00,1.08443,1.08478,1.08430,1.08469,66607954004.0
2024-03-04 07:00:00,1.08470,1.08539,1.08451,1.08537,67264510033.0
2024-03-04 08:00:00,1.08537,1.08578,1.08377,1.08447,67590167264.0
2024-03-04 09:00:00,1.08448,1.08520,1.08422,1.08490,67243698423.0
2024-03-04 10:00:00,1.08489,1.08549,1.08458,1.08536,67130451881.0
2024-03-04 11:00:00,1.08535,1.08569,1.08515,1.08562,67230542721.0
2024-03-04 12:00:00,1.08562,1.08575,1.08416,1.08425,67407937213.0
2024-03-04 13:00:00,1.08426,1.08500,1.08401,1.08487,67538483606.0
2024-03-04 14:00:00,1.08486,1.08617,1.08450,1.08597,67716085351.0
2024-03-04 15:00:00,1.08596,1.08636,1.08554,1.08632,67607680779.0
2024-03-04 16:00:00,1.08633,1.08667,1.08567,1.08614,67349271347.0
2024-03-04 17:00:00,1.08614,1.08623,1.08554,1.08579,67255222930.0
2024-03-04 18:00:00,1.08578,1.08606,1.08557,1.08563,66475183964.0
2024-03-04 19:00:00,1.08564,1.08583,1.08553,1.08565,65824804048.0
2024-03-04 20:00:00,1.08565,1.08594,1.08553,1.08558,67088837510.0
2024-03-04 21:00:00,1.08559,1.08571,1.08549,1.08549,65249358645.0
2024-03-04 22:00:00,1.08549,1.08569,1.08526,1.08531,63880215591.0
2024-03-04 23:00:00,1.08533,1.08580,1.08533,1.08541,61505389195.0
2024-03-05 00:00:00,1.08540,1.08552,1.08514,1.08529,63929168691.0
2024-03-05 01:00:00,1.08530,1.08546,1.08475,1.08494,66960918450.0
2024-03-05 02:00:00,1.08496,1.08518,1.08484,1.08500,66566511003.0
2024-03-05 03:00:00,1.08500,1.08547,1.08495,1.08541,66321845457.0
2024-03-05 04:00:00,1.08542,1.08542,1.08498,1.08505,66221686127.0
2024-03-05 05:00:00,1.08504,1.08541,1.08493,1.08528,65291736189.0
2024-03-05 06:00:00,1.08529,1.08532,1.08445,1.08467,65775091712.0
2024-03-05 07:00:00,1.08468,1.08512,1.08414,1.08463,67329115098.0
2024-03-05 08:00:00,1.08464,1.08518,1.08430,1.08471,67457417871.0
2024-03-05 09:00:00,1.08470,1.08558,1.08470,1.08514,67250081954.0
2024-03-05 10:00:00,1.08512,1.08549,1.08494,1.08502,67089916229.0
2024-03-05 11:00:00,1.08501,1.08535,1.08478,1.08498,66960442652.0
2024-03-05 12:00:00,1.08498,1.08504,1.08456,1.08472,67023072792.0
2024-03-05 13:00:00,1.08471,1.08516,1.08420,1.08462,67617970917.0
2024-03-05 14:00:00,1.08464,1.08544,1.08403,1.08453,67759764276.0
2024-03-05 15:00:00,1.08454,1.08760,1.08450,1.08714,68157191205.0
2024-03-05 16:00:00,1.08715,1.08719,1.08580,1.08609,67710045718.0
2024-03-05 17:00:00,1.08609,1.08644,1.08577,1.08599,67238602341.0
2024-03-05 18:00:00,1.08598,1.08599,1.08513,1.08527,67048889384.0
2024-03-05 19:00:00,1.08528,1.08576,1.08513,1.08528,67221655054.0
2024-03-05 20:00:00,1.08528,1.08584,1.08489,1.08575,66945282213.0
2024-03-05 21:00:00,1.08576,1.08589,1.08559,1.08560,65548060262.0
2024-03-05 22:00:00,1.08560,1.08572,1.08556,1.08564,64244332298.0
2024-03-05 23:00:00,1.08566,1.08587,1.08554,1.08555,65992036184.0
2024-03-06 00:00:00,1.08554,1.08556,1.08492,1.08498,66456609750.0
2024-03-06 01:00:00,1.08497,1.08502,1.08421,1.08438,67145893150.0
2024-03-06 02:00:00,1.08439,1.08533,1.08439,1.08526,66908825843.0
2024-03-06 03:00:00,1.08526,1.08531,1.08503,1.08507,66804715358.0
2024-03-06 04:00:00,1.08507,1.08522,1.08495,1.08516,66528853357.0
2024-03-06 05:00:00,1.08516,1.08568,1.08516,1.08551,66874342114.0
2024-03-06 06:00:00,1.08551,1.08605,1.08547,1.08594,67008529697.0
2024-03-06 07:00:00,1.08594,1.08663,1.08586,1.08619,67347658508.0
2024-03-06 08:00:00,1.08619,1.08741,1.08592,1.08731,67471423894.0
2024-03-06 09:00:00,1.08731,1.08777,1.08694,1.08765,67193908103.0
2024-03-06 10:00:00,1.08764,1.08795,1.08734,1.08773,66863950727.0
2024-03-06 11:00:00,1.08773,1.08783,1.08715,1.08757,66967548725.0
2024-03-06 12:00:00,1.08757,1.08785,1.08675,1.08687,67182528429.0
2024-03-06 13:00:00,1.08688,1.08848,1.08683,1.08847,68023750001.0
2024-03-06 14:00:00,1.08846,1.08894,1.08830,1.08869,67658033398.0
2024-03-06 15:00:00,1.08869,1.09087,1.08813,1.09052,68029143285.0
2024-03-06 16:00:00,1.09053,1.09149,1.08995,1.09122,67907226831.0
2024-03-06 17:00:00,1.09122,1.09153,1.08995,1.09023,67725905921.0
2024-03-06 18:00:00,1.09023,1.09077,1.09005,1.09029,67484761457.0
2024-03-06 19:00:00,1.09028,1.09028,1.08933,1.08968,67551890802.0
2024-03-06 20:00:00,1.08967,1.08994,1.08929,1.08990,67374406535.0
2024-03-06 21:00:00,1.08988,1.08995,1.08953,1.08980,65160088126.0
2024-03-06 22:00:00,1.08980,1.09011,1.08928,1.08979,66516091864.0
2024-03-06 23:00:00,1.08978,1.09013,1.08970,1.08995,65205179514.0
2024-03-07 00:00:00,1.08994,1.09073,1.08993,1.09030,66954369435.0
2024-03-07 01:00:00,1.09031,1.09042,1.08965,1.08979,67176580378.0
2024-03-07 02:00:00,1.08979,1.08990,1.08936,1.08984,66663199538.0
2024-03-07 03:00:00,1.08983,1.09014,1.08955,1.09006,66409437591.0
2024-03-07 04:00:00,1.09005,1.09055,1.09003,1.09035,66943072996.0
2024-03-07 05:00:00,1.09034,1.09055,1.08997,1.09004,66413065664.0
2024-03-07 06:00:00,1.09003,1.09029,1.08985,1.09014,66798009716.0
2024-03-07 07:00:00,1.09016,1.09043,1.08912,1.08937,67390575083.0
2024-03-07 08:00:00,1.08938,1.08978,1.08876,1.08978,67332883743.0
2024-03-07 09:00:00,1.08976,1.09027,1.08928,1.09016,67041233467.0
2024-03-07 10:00:00,1.09017,1.09019,1.08896,1.08964,67456963871.0
2024-03-07 11:00:00,1.08965,1.08990,1.08924,1.08939,67293450079.0
2024-03-07 12:00:00,1.08939,1.09001,1.08922,1.08943,67252412091.0
2024-03-07 13:00:00,1.08943,1.08967,1.08678,1.08723,68246210316.0
2024-03-07 14:00:00,1.08723,1.09194,1.08692,1.09155,68378897859.0
2024-03-07 15:00:00,1.09157,1.09309,1.09081,1.09299,67937704673.0
2024-03-07 16:00:00,1.09299,1.09420,1.09247,1.09401,67752602171.0
2024-03-07 17:00:00,1.09401,1.09416,1.09314,1.09370,67464803780.0
2024-03-07 18:00:00,1.09369,1.09447,1.09365,1.09422,67030486875.0
2024-03-07 19:00:00,1.09421,1.09487,1.09407,1.09468,67216626483.0
2024-03-07 20:00:00,1.09469,1.09491,1.09426,1.09470,67286201137.0
2024-03-07 21:00:00,1.09469,1.09489,1.09456,1.09477,66748919972.0
2024-03-07 22:00:00,1.09472,1.09479,1.09426,1.09465,64194703853.0
2024-03-07 23:00:00,1.09470,1.09513,1.09466,1.09509,62083930528.0
2024-03-08 00:00:00,1.09510,1.09556,1.09502,1.09513,65964096223.0
2024-03-08 01:00:00,1.09513,1.09528,1.09464,1.09480,66777184995.0
2024-03-08 02:00:00,1.09479,1.09508,1.09449,1.09456,66415139881.0
2024-03-08 03:00:00,1.09456,1.09479,1.09442,1.09473,66385625088.0
2024-03-08 04:00:00,1.09476,1.09491,1.09444,1.09456,66192896818.0
2024-03-08 05:00:00,1.09456,1.09485,1.09448,1.09464,66405781996.0
2024-03-08 06:00:00,1.09463,1.09490,1.09442,1.09479,66527034080.0
2024-03-08 07:00:00,1.09480,1.09510,1.09318,1.09336,67222102670.0
2024-03-08 08:00:00,1.09336,1.09388,1.09290,1.09358,67431190362.0
2024-03-08 09:00:00,1.09358,1.09373,1.09261,1.09352,67502538097.0
2024-03-08 10:00:00,1.09351,1.09369,1.09263,1.09334,67358809781.0
2024-03-08 11:00:00,1.09335,1.09390,1.09295,1.09345,67179385651.0
2024-03-08 12:00:00,1.09346,1.09351,1.09280,1.09318,67298257142.0
2024-03-08 13:00:00,1.09320,1.09812,1.09183,1.09582,68267866601.0
2024-03-08 14:00:00,1.09582,1.09665,1.09448,1.09577,68355019407.0
2024-03-08 15:00:00,1.09577,1.09619,1.09434,1.09609,67973852690.0
2024-03-08 16:00:00,1.09609,1.09613,1.09373,1.09402,68046363034.0
2024-03-08 17:00:00,1.09404,1.09457,1.09369,1.09393,67827745423.0
2024-03-08 18:00:00,1.09392,1.09400,1.09334,1.09372,67657899703.0
2024-03-08 19:00:00,1.09371,1.09420,1.09344,1.09416,67374538424.0
2024-03-08 20:00:00,1.09417,1.09438,1.09345,1.09361,67299497082.0
2024-03-08 21:00:00,1.09361,1.09407,1.09348,1.09348,67047632240.0
2024-03-10 21:00:00,1.09411,1.09411,1.09375,1.09393,64342170663.0
2024-03-10 22:00:00,1.09393,1.09406,1.09359,1.09375,66064807365.0
2024-03-10 23:00:00,1.09374,1.09436,1.09374,1.09426,67072144835.0
2024-03-11 00:00:00,1.09427,1.09465,1.09381,1.09422,66913031292.0
2024-03-11 01:00:00,1.09423,1.09457,1.09390,1.09405,67017044788.0
2024-03-11 02:00:00,1.09405,1.09418,1.09373,1.09388,66925861275.0
2024-03-11 03:00:00,1.09388,1.09443,1.09379,1.09412,66548626884.0
2024-03-11 04:00:00,1.09411,1.09415,1.09369,1.09386,65329947607.0
2024-03-11 05:00:00,1.09386,1.09420,1.09386,1.09413,66486401432.0
2024-03-11 06:00:00,1.09411,1.09437,1.09353,1.09420,66698421863.0
2024-03-11 07:00:00,1.09421,1.09473,1.09370,1.09421,67285285599.0
2024-03-11 08:00:00,1.09419,1.09480,1.09385,1.09445,67660303238.0
2024-03-11 09:00:00,1.09446,1.09448,1.09339,1.09346,67240252540.0
2024-03-11 10:00:00,1.09346,1.09435,1.09329,1.09415,67032408060.0
2024-03-11 11:00:00,1.09414,1.09435,1.09377,1.09429,66921409414.0
2024-03-11 12:00:00,1.09427,1.09432,1.09293,1.09294,67907383455.0
2024-03-11 13:00:00,1.09295,1.09316,1.09177,1.09195,67719779779.0
2024-03-11 14:00:00,1.09196,1.09249,1.09156,1.09243,67668495233.0
2024-03-11 15:00:00,1.09242,1.09288,1.09145,1.09272,67935463833.0
2024-03-11 16:00:00,1.09273,1.09280,1.09229,1.09270,67587977708.0
2024-03-11 17:00:00,1.09271,1.09302,1.09245,1.09252,67649425245.0
2024-03-11 18:00:00,1.09253,1.09261,1.09182,1.09241,67598906494.0
2024-03-11 19:00:00,1.09241,1.09264,1.09219,1.09261,67273709653.0
2024-03-11 20:00:00,1.09262,1.09273,1.09250,1.09250,64997481514.0
2024-03-11 21:00:00,1.09252,1.09271,1.09195,1.09258,66972375452.0
2024-03-11 22:00:00,1.09260,1.09271,1.09241,1.09250,62742176074.0
2024-03-11 23:00:00,1.09249,1.09309,1.09249,1.09304,64994337093.0
2024-03-12 00:00:00,1.09306,1.09322,1.09284,1.09286,66897994713.0
2024-03-12 01:00:00,1.09286,1.09343,1.09267,1.09337,67042662814.0
2024-03-12 02:00:00,1.09337,1.09363,1.09302,1.09362,67141691638.0
2024-03-12 03:00:00,1.09362,1.09381,1.09340,1.09363,66469432524.0
2024-03-12 04:00:00,1.09362,1.09381,1.09346,1.09368,64553980399.0
2024-03-12 05:00:00,1.09369,1.09391,1.09366,1.09383,67087351479.0
2024-03-12 06:00:00,1.09383,1.09391,1.09342,1.09379,67040503072.0
2024-03-12 07:00:00,1.09379,1.09393,1.09315,1.09319,67431931250.0
2024-03-12 08:00:00,1.09318,1.09334,1.09212,1.09248,67640760077.0
2024-03-12 09:00:00,1.09247,1.09334,1.09231,1.09303,67278874545.0
2024-03-12 10:00:00,1.09302,1.09343,1.09266,1.09339,67295705829.0
2024-03-12 11:00:00,1.09340,1.09353,1.09318,1.09335,67339835147.0
2024-03-12 12:00:00,1.09334,1.09438,1.09026,1.09201,68313585744.0
2024-03-12 13:00:00,1.09200,1.09230,1.09023,1.09107,68639015815.0
2024-03-12 14:00:00,1.09109,1.09194,1.09063,1.09170,68132335286.0
2024-03-12 15:00:00,1.09171,1.09185,1.09074,1.09176,67888414391.0
2024-03-12 16:00:00,1.09176,1.09190,1.09136,1.09176,67728723150.0
2024-03-12 17:00:00,1.09176,1.09208,1.09127,1.09192,67492004822.0
2024-03-12 18:00:00,1.09192,1.09246,1.09185,1.09240,67352784401.0
2024-03-12 19:00:00,1.09240,1.09259,1.09210,1.09257,67004299021.0
2024-03-12 20:00:00,1.09257,1.09273,1.09250,1.09257,62989986692.0
2024-03-12 21:00:00,1.09257,1.09274,1.09252,1.09258,65908235716.0
2024-03-12 22:00:00,1.09258,1.09287,1.09258,1.09274,63815710144.0
2024-03-12 23:00:00,1.09274,1.09289,1.09264,1.09267,65496175080.0
2024-03-13 00:00:00,1.09268,1.09295,1.09257,1.09268,67210982850.0
2024-03-13 01:00:00,1.09269,1.09288,1.09233,1.09238,67661541214.0
2024-03-13 02:00:00,1.09238,1.09275,1.09234,1.09269,67374854304.0
2024-03-13 03:00:00,1.09269,1.09306,1.09250,1.09278,67262129768.0
2024-03-13 04:00:00,1.09278,1.09281,1.09220,1.09234,67506532841.0
2024-03-13 05:00:00,1.09233,1.09289,1.09228,1.09286,66919758234.0
2024-03-13 06:00:00,1.09286,1.09292,1.09253,1.09280,67221020339.0
2024-03-13 07:00:00,1.09279,1.09318,1.09207,1.09267,67328014746.0
2024-03-13 08:00:00,1.09267,1.09327,1.09261,1.09275,67451584841.0
2024-03-13 09:00:00,1.09274,1.09280,1.09201,1.09232,67680019251.0
2024-03-13 10:00:00,1.09230,1.09332,1.09220,1.09305,67301910774.0
2024-03-13 11:00:00,1.09304,1.09457,1.09301,1.09420,67437944830.0
2024-03-13 12:00:00,1.09421,1.09473,1.09336,1.09366,68056711169.0
2024-03-13 13:00:00,1.09366,1.09419,1.09359,1.09371,67799261838.0
2024-03-13 14:00:00,1.09372,1.09443,1.09313,1.09419,67743209883.0
2024-03-13 15:00:00,1.09420,1.09471,1.09380,1.09435,67692522373.0
2024-03-13 16:00:00,1.09434,1.09493,1.09400,1.09490,67690633624.0
2024-03-13 17:00:00,1.09490,1.09638,1.09486,1.09571,67646510202.0
2024-03-13 18:00:00,1.09570,1.09584,1.09503,1.09509,67363911106.0
2024-03-13 19:00:00,1.09508,1.09517,1.09456,1.09472,67418513735.0
2024-03-13 20:00:00,1.09472,1.09491,1.09470,1.09471,65095771093.0
2024-03-13 21:00:00,1.09470,1.09522,1.09470,1.09489,65726085695.0
2024-03-13 22:00:00,1.09488,1.09510,1.09488,1.09488,64959167857.0
2024-03-13 23:00:00,1.09490,1.09530,1.09490,1.09530,58401087819.0
2024-03-14 00:00:00,1.09529,1.09547,1.09460,1.09487,66944404032.0
2024-03-14 01:00:00,1.09489,1.09527,1.09452,1.09488,67212930582.0
2024-03-14 02:00:00,1.09488,1.09498,1.09430,1.09437,66653131902.0
2024-03-14 03:00:00,1.09438,1.09452,1.09413,1.09422,66845732373.0
2024-03-14 04:00:00,1.09421,1.09427,1.09389,1.09424,66868772866.0
2024-03-14 05:00:00,1.09424,1.09430,1.09391,1.09395,67080055029.0
2024-03-14 06:00:00,1.09396,1.09419,1.09370,1.09377,67138318173.0
2024-03-14 07:00:00,1.09377,1.09428,1.09317,1.09352,67639481798.0
2024-03-14 08:00:00,1.09352,1.09439,1.09351,1.09378,67721675078.0
2024-03-14 09:00:00,1.09377,1.09443,1.09369,1.09413,67449692486.0
2024-03-14 10:00:00,1.09412,1.09454,1.09377,1.09395,67436997179.0
2024-03-14 11:00:00,1.09394,1.09434,1.09375,1.09414,67181192807.0
2024-03-14 12:00:00,1.09415,1.09447,1.09242,1.09298,68186100202.0
2024-03-14 13:00:00,1.09297,1.09312,1.09088,1.09118,68440771465.0
2024-03-14 14:00:00,1.09119,1.09140,1.08959,1.08978,68056465900.0
2024-03-14 15:00:00,1.08977,1.08994,1.08829,1.08876,67936757841.0
2024-03-14 16:00:00,1.08876,1.08926,1.08846,1.08870,67698090312.0
2024-03-14 17:00:00,1.08870,1.08889,1.08810,1.08864,67433354690.0
2024-03-14 18:00:00,1.08864,1.08899,1.08837,1.08851,67469799263.0
2024-03-14 19:00:00,1.08850,1.08911,1.08806,1.08910,67425167277.0
2024-03-14 20:00:00,1.08910,1.08918,1.08825,1.08825,66497329232.0
2024-03-14 21:00:00,1.08825,1.08853,1.08817,1.08850,65979453848.0
2024-03-14 22:00:00,1.08851,1.08859,1.08831,1.08839,62568519430.0
2024-03-14 23:00:00,1.08840,1.08849,1.08825,1.08827,64318407969.0
2024-03-15 00:00:00,1.08828,1.08845,1.08760,1.08779,67327441960.0
2024-03-15 01:00:00,1.08778,1.08801,1.08755,1.08769,67074067662.0
2024-03-15 02:00:00,1.08769,1.08769,1.08730,1.08732,66720085442.0
2024-03-15 03:00:00,1.08731,1.08781,1.08731,1.08769,66484353761.0
2024-03-15 04:00:00,1.08768,1.08772,1.08748,1.08763,66782360374.0
2024-03-15 05:00:00,1.08763,1.08772,1.08732,1.08768,64461723403.0
2024-03-15 06:00:00,1.08769,1.08806,1.08754,1.08797,67154111367.0
2024-03-15 07:00:00,1.08797,1.08847,1.08785,1.08808,67278853898.0
2024-03-15 08:00:00,1.08807,1.08869,1.08780,1.08828,67559885047.0
2024-03-15 09:00:00,1.08827,1.08995,1.08825,1.08980,67484038597.0
2024-03-15 10:00:00,1.08980,1.08996,1.08891,1.08911,67362244526.0
2024-03-15 11:00:00,1.08909,1.08963,1.08869,1.08935,67067757199.0
2024-03-15 12:00:00,1.08935,1.08942,1.08843,1.08873,67883280634.0
2024-03-15 13:00:00,1.08872,1.08948,1.08832,1.08860,67930096763.0
2024-03-15 14:00:00,1.08860,1.08943,1.08842,1.08878,68036292279.0
2024-03-15 15:00:00,1.08880,1.08889,1.08814,1.08876,67591889880.0
2024-03-15 16:00:00,1.08876,1.08900,1.08836,1.08858,67561789521.0
2024-03-15 17:00:00,1.08859,1.08878,1.08834,1.08837,67312269390.0
2024-03-15 18:00:00,1.08836,1.08910,1.08836,1.08903,67133214882.0
2024-03-15 19:00:00,1.08902,1.08913,1.08869,1.08892,67238937558.0
2024-03-15 20:00:00,1.08892,1.08899,1.08861,1.08869,65672188395.0
2024-03-17 21:00:00,1.08905,1.08905,1.08819,1.08886,63295444742.0
2024-03-17 22:00:00,1.08885,1.08911,1.08860,1.08864,65260689163.0
2024-03-17 23:00:00,1.08865,1.08865,1.08817,1.08835,66840480974.0
2024-03-18 00:00:00,1.08836,1.08881,1.08805,1.08852,66943574340.0
2024-03-18 01:00:00,1.08852,1.08900,1.08829,1.08891,67256877054.0
2024-03-18 02:00:00,1.08892,1.08917,1.08876,1.08891,67176091158.0
2024-03-18 03:00:00,1.08891,1.08905,1.08852,1.08854,66794595284.0
2024-03-18 04:00:00,1.08853,1.08881,1.08853,1.08875,66807001253.0
2024-03-18 05:00:00,1.08875,1.08886,1.08852,1.08870,65667130979.0
2024-03-18 06:00:00,1.08871,1.08893,1.08865,1.08888,64715855627.0
2024-03-18 07:00:00,1.08889,1.08965,1.08887,1.08924,67087110967.0
2024-03-18 08:00:00,1.08922,1.08977,1.08908,1.08937,67712218398.0
2024-03-18 09:00:00,1.08937,1.09005,1.08925,1.08992,67064180901.0
2024-03-18 10:00:00,1.08994,1.09018,1.08963,1.08998,67163285421.0
2024-03-18 11:00:00,1.08997,1.09061,1.08988,1.09024,65849335481.0
2024-03-18 12:00:00,1.09023,1.09049,1.08898,1.08922,67445792443.0
2024-03-18 13:00:00,1.08922,1.08935,1.08855,1.08890,67431527547.0
2024-03-18 14:00:00,1.08889,1.08932,1.08843,1.08856,67596594706.0
2024-03-18 15:00:00,1.08855,1.08888,1.08810,1.08853,67541320008.0
2024-03-18 16:00:00,1.08853,1.08853,1.08694,1.08723,67631210169.0
2024-03-18 17:00:00,1.08727,1.08750,1.08661,1.08685,66985690400.0
2024-03-18 18:00:00,1.08689,1.08711,1.08673,1.08710,66677812754.0
2024-03-18 19:00:00,1.08709,1.08733,1.08676,1.08693,66987047649.0
2024-03-18 20:00:00,1.08692,1.08723,1.08691,1.08719,65210013451.0
2024-03-18 21:00:00,1.08718,1.08734,1.08712,1.08725,64186760561.0
2024-03-18 22:00:00,1.08726,1.08739,1.08711,1.08718,59392570165.0
2024-03-18 23:00:00,1.08718,1.08733,1.08711,1.08732,64183381521.0
2024-03-19 00:00:00,1.08732,1.08745,1.08691,1.08693,66906910225.0
2024-03-19 01:00:00,1.08694,1.08717,1.08667,1.08681,67196905719.0
2024-03-19 02:00:00,1.08682,1.08746,1.08682,1.08733,66782573362.0
2024-03-19 03:00:00,1.08732,1.08763,1.08700,1.08738,67302723584.0
2024-03-19 04:00:00,1.08739,1.08765,1.08673,1.08706,67357596713.0
2024-03-19 05:00:00,1.08706,1.08721,1.08628,1.08641,67209039053.0
2024-03-19 06:00:00,1.08642,1.08684,1.08619,1.08675,67406339606.0
2024-03-19 07:00:00,1.08675,1.08675,1.08516,1.08547,67415643259.0
2024-03-19 08:00:00,1.08546,1.08561,1.08423,1.08475,67532278334.0
2024-03-19 09:00:00,1.08476,1.08501,1.08347,1.08366,67258895890.0
2024-03-19 10:00:00,1.08367,1.08458,1.08367,1.08443,67355396011.0
2024-03-19 11:00:00,1.08443,1.08516,1.08429,1.08503,66705226465.0
2024-03-19 12:00:00,1.08504,1.08560,1.08457,1.08515,67780541808.0
2024-03-19 13:00:00,1.08515,1.08572,1.08493,1.08541,67810988853.0
2024-03-19 14:00:00,1.08541,1.08654,1.08536,1.08623,67674192613.0
2024-03-19 15:00:00,1.08622,1.08622,1.08533,1.08584,67535413086.0
2024-03-19 16:00:00,1.08584,1.08639,1.08545,1.08633,67486598759.0
2024-03-19 17:00:00,1.08634,1.08676,1.08597,1.08635,67261838133.0
2024-03-19 18:00:00,1.08634,1.08651,1.08613,1.08625,66846316953.0
2024-03-19 19:00:00,1.08625,1.08656,1.08609,1.08648,66616181390.0
2024-03-19 20:00:00,1.08647,1.08664,1.08640,1.08651,65161612491.0
2024-03-19 21:00:00,1.08648,1.08670,1.08619,1.08649,64723740999.0
2024-03-19 22:00:00,1.08653,1.08664,1.08643,1.08653,62511269807.0
2024-03-19 23:00:00,1.08654,1.08664,1.08616,1.08616,66480239413.0
2024-03-20 00:00:00,1.08617,1.08650,1.08582,1.08644,67142733008.0
2024-03-20 01:00:00,1.08644,1.08657,1.08622,1.08642,67054149959.0
2024-03-20 02:00:00,1.08642,1.08693,1.08627,1.08688,64423745946.0
2024-03-20 03:00:00,1.08690,1.08711,1.08677,1.08699,66600824337.0
2024-03-20 04:00:00,1.08699,1.08704,1.08663,1.08665,66917270486.0
2024-03-20 05:00:00,1.08666,1.08683,1.08653,1.08658,66547740837.0
2024-03-20 06:00:00,1.08657,1.08704,1.08650,1.08701,66752422873.0
2024-03-20 07:00:00,1.08702,1.08720,1.08648,1.08655,67387780632.0
2024-03-20 08:00:00,1.08654,1.08654,1.08500,1.08522,67384823644.0
2024-03-20 09:00:00,1.08521,1.08523,1.08364,1.08390,67509896807.0
2024-03-20 10:00:00,1.08390,1.08428,1.08365,1.08395,67275447010.0
2024-03-20 11:00:00,1.08396,1.08437,1.08370,1.08425,67033495632.0
2024-03-20 12:00:00,1.08427,1.08449,1.08379,1.08422,67319185408.0
2024-03-20 13:00:00,1.08423,1.08455,1.08373,1.08445,67352508823.0
2024-03-20 14:00:00,1.08447,1.08513,1.08435,1.08496,67332179559.0
2024-03-20 15:00:00,1.08497,1.08561,1.08487,1.08546,67217853973.0
2024-03-20 16:00:00,1.08546,1.08611,1.08535,1.08606,67047495431.0
2024-03-20 17:00:00,1.08606,1.08669,1.08586,1.08645,67127263236.0
2024-03-20 18:00:00,1.08645,1.09175,1.08639,1.09144,68913593055.0
2024-03-20 19:00:00,1.09145,1.09227,1.09018,1.09209,68042939269.0
2024-03-20 20:00:00,1.09209,1.09228,1.09187,1.09214,67058834144.0
2024-03-20 21:00:00,1.09214,1.09229,1.09179,1.09206,65838804989.0
2024-03-20 22:00:00,1.09206,1.09323,1.09203,1.09321,66638699558.0
2024-03-20 23:00:00,1.09320,1.09374,1.09293,1.09373,66792857932.0
2024-03-21 00:00:00,1.09373,1.09373,1.09307,1.09333,67458801503.0
2024-03-21 01:00:00,1.09334,1.09389,1.09332,1.09352,67059430197.0
2024-03-21 02:00:00,1.09351,1.09372,1.09326,1.09353,66433110507.0
2024-03-21 03:00:00,1.09352,1.09369,1.09335,1.09350,66513493686.0
2024-03-21 04:00:00,1.09349,1.09354,1.09327,1.09331,66394827652.0
2024-03-21 05:00:00,1.09331,1.09368,1.09316,1.09317,66674771889.0
2024-03-21 06:00:00,1.09316,1.09381,1.09316,1.09376,66564164159.0
2024-03-21 07:00:00,1.09377,1.09426,1.09256,1.09287,67403281534.0
2024-03-21 08:00:00,1.09283,1.09284,1.08872,1.08915,67956486719.0
2024-03-21 09:00:00,1.08920,1.09147,1.08890,1.09129,67691395481.0
2024-03-21 10:00:00,1.09130,1.09237,1.09123,1.09192,67480228987.0
2024-03-21 11:00:00,1.09193,1.09203,1.09049,1.09096,67261762438.0
2024-03-21 12:00:00,1.09097,1.09170,1.09035,1.09115,67854231468.0
2024-03-21 13:00:00,1.09115,1.09116,1.08837,1.08857,67927037704.0
2024-03-21 14:00:00,1.08854,1.08860,1.08706,1.08787,67974651083.0
2024-03-21 15:00:00,1.08788,1.08791,1.08556,1.08604,67731621152.0
2024-03-21 16:00:00,1.08603,1.08646,1.08580,1.08608,67530256874.0
2024-03-21 17:00:00,1.08610,1.08661,1.08561,1.08577,67190270851.0
2024-03-21 18:00:00,1.08579,1.08630,1.08572,1.08623,66633267940.0
2024-03-21 19:00:00,1.08622,1.08627,1.08554,1.08567,66908942500.0
2024-03-21 20:00:00,1.08567,1.08603,1.08566,1.08594,64017071475.0
2024-03-21 21:00:00,1.08593,1.08620,1.08585,1.08605,65613098511.0
2024-03-21 22:00:00,1.08609,1.08622,1.08603,1.08618,64895052675.0
2024-03-21 23:00:00,1.08617,1.08628,1.08606,1.08618,66220982276.0
2024-03-22 00:00:00,1.08622,1.08679,1.08622,1.08651,66917141707.0
2024-03-22 01:00:00,1.08651,1.08657,1.08500,1.08504,67263303189.0
2024-03-22 02:00:00,1.08504,1.08523,1.08388,1.08390,67593167833.0
2024-03-22 03:00:00,1.08389,1.08413,1.08359,1.08379,66819059225.0
2024-03-22 04:00:00,1.08379,1.08379,1.08311,1.08332,66848498649.0
2024-03-22 05:00:00,1.08332,1.08419,1.08332,1.08415,65877738457.0
2024-03-22 06:00:00,1.08413,1.08413,1.08270,1.08302,67332240181.0
2024-03-22 07:00:00,1.08302,1.08345,1.08209,1.08246,67624749302.0
2024-03-22 08:00:00,1.08246,1.08294,1.08081,1.08114,67660475270.0
2024-03-22 09:00:00,1.08117,1.08232,1.08116,1.08161,67404152011.0
2024-03-22 10:00:00,1.08162,1.08215,1.08145,1.08163,67339938693.0
2024-03-22 11:00:00,1.08163,1.08223,1.08115,1.08160,66828579635.0
2024-03-22 12:00:00,1.08162,1.08311,1.08145,1.08263,67614171793.0
2024-03-22 13:00:00,1.08264,1.08297,1.08184,1.08295,67920790981.0
2024-03-22 14:00:00,1.08297,1.08317,1.08147,1.08149,67785167995.0
2024-03-22 15:00:00,1.08148,1.08217,1.08104,1.08158,67563981044.0
2024-03-22 16:00:00,1.08157,1.08170,1.08057,1.08058,67564408996.0
2024-03-22 17:00:00,1.08057,1.08106,1.08049,1.08059,67137528795.0
2024-03-22 18:00:00,1.08058,1.08076,1.08039,1.08040,66687074306.0
2024-03-22 19:00:00,1.08040,1.08067,1.08017,1.08056,66927698575.0
2024-03-22 20:00:00,1.08056,1.08096,1.08049,1.08065,66980818780.0
2024-03-24 21:00:00,1.08068,1.08104,1.08068,1.08075,54924851274.0
2024-03-24 22:00:00,1.08074,1.08084,1.08046,1.08082,64465229581.0
2024-03-24 23:00:00,1.08083,1.08097,1.08066,1.08071,66544958834.0
2024-03-25 00:00:00,1.08071,1.08096,1.08025,1.08035,66908407728.0
2024-03-25 01:00:00,1.08036,1.08196,1.08021,1.08170,67442755830.0
2024-03-25 02:00:00,1.08169,1.08220,1.08156,1.08215,67192635393.0
2024-03-25 03:00:00,1.08216,1.08217,1.08116,1.08135,67029851830.0
2024-03-25 04:00:00,1.08134,1.08140,1.08106,1.08131,66817797651.0
2024-03-25 05:00:00,1.08131,1.08223,1.08123,1.08220,66865898455.0
2024-03-25 06:00:00,1.08219,1.08219,1.08163,1.08174,66977294579.0
2024-03-25 07:00:00,1.08173,1.08228,1.08137,1.08137,67123580766.0
2024-03-25 08:00:00,1.08138,1.08237,1.08071,1.08137,67538923685.0
2024-03-25 09:00:00,1.08137,1.08215,1.08116,1.08176,67021406866.0
2024-03-25 10:00:00,1.08174,1.08218,1.08163,1.08179,67106236665.0
2024-03-25 11:00:00,1.08178,1.08295,1.08165,1.08284,67010105840.0
2024-03-25 12:00:00,1.08282,1.08339,1.08279,1.08306,67355575581.0
2024-03-25 13:00:00,1.08305,1.08378,1.08291,1.08351,67290429851.0
2024-03-25 14:00:00,1.08349,1.08424,1.08338,1.08389,67493440063.0
2024-03-25 15:00:00,1.08391,1.08391,1.08315,1.08366,67107240505.0
2024-03-25 16:00:00,1.08366,1.08381,1.08330,1.08366,66815142135.0
2024-03-25 17:00:00,1.08365,1.08378,1.08332,1.08364,66887044299.0
2024-03-25 18:00:00,1.08364,1.08369,1.08349,1.08358,66379786488.0
2024-03-25 19:00:00,1.08359,1.08399,1.08356,1.08391,66443178148.0
2024-03-25 20:00:00,1.08393,1.08409,1.08356,1.08370,66248610286.0
2024-03-25 21:00:00,1.08369,1.08372,1.08347,1.08365,64677819679.0
2024-03-25 22:00:00,1.08364,1.08384,1.08361,1.08369,58063256290.0
2024-03-25 23:00:00,1.08370,1.08384,1.08362,1.08370,62597823201.0
2024-03-26 00:00:00,1.08370,1.08427,1.08360,1.08426,66476140793.0
2024-03-26 01:00:00,1.08427,1.08454,1.08387,1.08405,67062428467.0
2024-03-26 02:00:00,1.08404,1.08442,1.08397,1.08426,66459787592.0
2024-03-26 03:00:00,1.08425,1.08441,1.08358,1.08367,66627731457.0
2024-03-26 04:00:00,1.08368,1.08410,1.08364,1.08401,66375320865.0
2024-03-26 05:00:00,1.08400,1.08481,1.08397,1.08471,64487454149.0
2024-03-26 06:00:00,1.08470,1.08520,1.08462,1.08508,64778204285.0
2024-03-26 07:00:00,1.08507,1.08529,1.08396,1.08422,67410307643.0
2024-03-26 08:00:00,1.08421,1.08516,1.08386,1.08495,67423706316.0
2024-03-26 09:00:00,1.08495,1.08558,1.08455,1.08536,67473601002.0
2024-03-26 10:00:00,1.08535,1.08643,1.08528,1.08552,67446754512.0
2024-03-26 11:00:00,1.08551,1.08598,1.08533,1.08568,67288121997.0
2024-03-26 12:00:00,1.08569,1.08593,1.08486,1.08519,67578522827.0
2024-03-26 13:00:00,1.08520,1.08584,1.08468,1.08528,67673832980.0
2024-03-26 14:00:00,1.08528,1.08548,1.08379,1.08410,67790072873.0
2024-03-26 15:00:00,1.08412,1.08441,1.08252,1.08281,67613819857.0
2024-03-26 16:00:00,1.08280,1.08322,1.08242,1.08282,67299758083.0
2024-03-26 17:00:00,1.08282,1.08357,1.08267,1.08305,66770896816.0
2024-03-26 18:00:00,1.08304,1.08346,1.08297,1.08327,65636596447.0
2024-03-26 19:00:00,1.08327,1.08349,1.08285,1.08286,66796248433.0
2024-03-26 20:00:00,1.08287,1.08319,1.08284,1.08308,63032821027.0
2024-03-26 21:00:00,1.08304,1.08323,1.08300,1.08317,66204255518.0
2024-03-26 22:00:00,1.08330,1.08331,1.08317,1.08324,62566370509.0
2024-03-26 23:00:00,1.08324,1.08330,1.08303,1.08325,65061974178.0
2024-03-27 00:00:00,1.08326,1.08327,1.08274,1.08295,66781481540.0
2024-03-27 01:00:00,1.08295,1.08308,1.08205,1.08233,67327325308.0
2024-03-27 02:00:00,1.08234,1.08278,1.08233,1.08258,66723419917.0
2024-03-27 03:00:00,1.08258,1.08279,1.08241,1.08261,66628845569.0
2024-03-27 04:00:00,1.08262,1.08303,1.08261,1.08298,62897764432.0
2024-03-27 05:00:00,1.08298,1.08298,1.08253,1.08261,64059418873.0
2024-03-27 06:00:00,1.08261,1.08325,1.08245,1.08321,67064454187.0
2024-03-27 07:00:00,1.08322,1.08337,1.08229,1.08262,67394589167.0
2024-03-27 08:00:00,1.08262,1.08302,1.08212,1.08286,67384374722.0
2024-03-27 09:00:00,1.08286,1.08390,1.08266,1.08276,67666324518.0
2024-03-27 10:00:00,1.08277,1.08347,1.08260,1.08328,67266943711.0
2024-03-27 11:00:00,1.08327,1.08352,1.08180,1.08209,67217689478.0
2024-03-27 12:00:00,1.08209,1.08216,1.08150,1.08189,67347511376.0
2024-03-27 13:00:00,1.08188,1.08192,1.08108,1.08169,67538114643.0
2024-03-27 14:00:00,1.08169,1.08212,1.08137,1.08146,67614118376.0
2024-03-27 15:00:00,1.08145,1.08224,1.08138,1.08203,67356971174.0
2024-03-27 16:00:00,1.08202,1.08257,1.08187,1.08231,67266038660.0
2024-03-27 17:00:00,1.08230,1.08249,1.08174,1.08191,67051650743.0
2024-03-27 18:00:00,1.08192,1.08231,1.08184,1.08223,66599522141.0
2024-03-27 19:00:00,1.08222,1.08275,1.08205,1.08270,66747720664.0
2024-03-27 20:00:00,1.08270,1.08290,1.08262,1.08271,62590143689.0
2024-03-27 21:00:00,1.08271,1.08274,1.08235,1.08258,65806031913.0
2024-03-27 22:00:00,1.08259,1.08270,1.08101,1.08135,65556975123.0
2024-03-27 23:00:00,1.08136,1.08148,1.08111,1.08123,66590641357.0
2024-03-28 00:00:00,1.08123,1.08202,1.08080,1.08175,66891989649.0
2024-03-28 01:00:00,1.08173,1.08191,1.08149,1.08178,67119090236.0
2024-03-28 02:00:00,1.08177,1.08260,1.08175,1.08222,66868059835.0
2024-03-28 03:00:00,1.08221,1.08242,1.08212,1.08216,66526360366.0
2024-03-28 04:00:00,1.08215,1.08243,1.08203,1.08234,66088118520.0
2024-03-28 05:00:00,1.08235,1.08265,1.08219,1.08238,66333120920.0
2024-03-28 06:00:00,1.08238,1.08239,1.08150,1.08178,65415506819.0
2024-03-28 07:00:00,1.08178,1.08185,1.08003,1.08007,67206072893.0
2024-03-28 08:00:00,1.08008,1.08020,1.07897,1.07919,67299990568.0
2024-03-28 09:00:00,1.07918,1.07919,1.07751,1.07755,67258532823.0
2024-03-28 10:00:00,1.07754,1.07929,1.07751,1.07892,67106441955.0
2024-03-28 11:00:00,1.07893,1.07948,1.07827,1.07839,67063542251.0
2024-03-28 12:00:00,1.07839,1.08088,1.07835,1.08082,67689771338.0
2024-03-28 13:00:00,1.08081,1.08180,1.08028,1.08123,68053835941.0
2024-03-28 14:00:00,1.08126,1.08188,1.07977,1.08002,68084007566.0
2024-03-28 15:00:00,1.08003,1.08074,1.07939,1.08013,67793483692.0
2024-03-28 16:00:00,1.08012,1.08052,1.07927,1.07993,67518919471.0
2024-03-28 17:00:00,1.07992,1.08019,1.07951,1.07962,67081770764.0
2024-03-28 18:00:00,1.07962,1.07985,1.07860,1.07874,67054580533.0
2024-03-28 19:00:00,1.07873,1.07892,1.07846,1.07879,66927716601.0
2024-03-28 20:00:00,1.07878,1.07887,1.07849,1.07883,65203426425.0
2024-03-28 21:00:00,1.07897,1.07904,1.07849,1.07893,63819568418.0
2024-03-28 22:00:00,1.07892,1.07935,1.07869,1.07874,67155391943.0
2024-03-28 23:00:00,1.07874,1.07921,1.07864,1.07911,67655759464.0
2024-03-29 00:00:00,1.07912,1.07913,1.07833,1.07838,67432760606.0
2024-03-29 01:00:00,1.07839,1.07848,1.07758,1.07759,66759627898.0
2024-03-29 02:00:00,1.07760,1.07794,1.07736,1.07788,67097983060.0
2024-03-29 03:00:00,1.07788,1.07795,1.07743,1.07743,63054239501.0
2024-03-29 04:00:00,1.07743,1.07769,1.07741,1.07766,66381095238.0
2024-03-29 05:00:00,1.07765,1.07778,1.07741,1.07750,66607235396.0
2024-03-29 06:00:00,1.07752,1.07767,1.07744,1.07756,66515356876.0
2024-03-29 07:00:00,1.07756,1.07815,1.07678,1.07680,66977256735.0
2024-03-29 08:00:00,1.07680,1.07788,1.07679,1.07786,67061062039.0
2024-03-29 09:00:00,1.07786,1.07821,1.07725,1.07821,67126095709.0
2024-03-29 10:00:00,1.07821,1.07879,1.07813,1.07840,67276481498.0
2024-03-29 11:00:00,1.07841,1.07916,1.07840,1.07867,67547034749.0
2024-03-29 12:00:00,1.07868,1.08051,1.07796,1.07979,67573014202.0
2024-03-29 13:00:00,1.07978,1.08033,1.07938,1.07981,67461346102.0
2024-03-29 14:00:00,1.07983,1.07989,1.07940,1.07953,66951200113.0
2024-03-29 15:00:00,1.07952,1.07960,1.07880,1.07919,67719259670.0
2024-03-29 16:00:00,1.07920,1.07926,1.07867,1.07877,60912930002.0
2024-03-29 17:00:00,1.07877,1.07891,1.07873,1.07881,66804410283.0
2024-03-29 18:00:00,1.07882,1.07899,1.07876,1.07893,66810874431.0
2024-03-29 19:00:00,1.07893,1.07931,1.07881,1.07904,67008469401.0
2024-03-29 20:00:00,1.07904,1.07951,1.07898,1.07898,67549139271.0
2024-03-31 21:00:00,1.07882,1.07935,1.07848,1.07926,65902194520.0
2024-03-31 22:00:00,1.07926,1.07965,1.07855,1.07865,65346538705.0
2024-03-31 23:00:00,1.07865,1.07945,1.07854,1.07930,65406481200.0
2024-04-01 00:00:00,1.07932,1.07987,1.07901,1.07912,66925574228.0
2024-04-01 01:00:00,1.07911,1.07945,1.07856,1.07867,66578152164.0
2024-04-01 02:00:00,1.07866,1.07895,1.07848,1.07877,66655120915.0
2024-04-01 03:00:00,1.07878,1.07913,1.07847,1.07903,66158074263.0
2024-04-01 04:00:00,1.07902,1.07911,1.07841,1.07867,65340705340.0
2024-04-01 05:00:00,1.07866,1.07872,1.07827,1.07853,65058042018.0
2024-04-01 06:00:00,1.07850,1.07904,1.07844,1.07865,66618967325.0
2024-04-01 07:00:00,1.07865,1.07921,1.07829,1.07859,66790248941.0
2024-04-01 08:00:00,1.07859,1.07915,1.07831,1.07897,67000585421.0
2024-04-01 09:00:00,1.07897,1.07908,1.07856,1.07860,66902428219.0
2024-04-01 10:00:00,1.07860,1.07866,1.07796,1.07813,66640238346.0
2024-04-01 11:00:00,1.07813,1.07875,1.07798,1.07839,64602844034.0
2024-04-01 12:00:00,1.07840,1.07857,1.07771,1.07817,67325300245.0
2024-04-01 13:00:00,1.07817,1.07829,1.07718,1.07734,67472287495.0
2024-04-01 14:00:00,1.07734,1.07734,1.07394,1.07444,68148868139.0
2024-04-01 15:00:00,1.07443,1.07454,1.07309,1.07326,67608046469.0
2024-04-01 16:00:00,1.07327,1.07368,1.07312,1.07365,67107457599.0
2024-04-01 17:00:00,1.07366,1.07440,1.07366,1.07417,66925481492.0
2024-04-01 18:00:00,1.07416,1.07427,1.07368,1.07376,66830365654.0
2024-04-01 19:00:00,1.07376,1.07427,1.07374,1.07418,67115439224.0
2024-04-01 20:00:00,1.07418,1.07432,1.07414,1.07430,66281452997.0
2024-04-01 21:00:00,1.07428,1.07446,1.07374,1.07437,64789797928.0
2024-04-01 22:00:00,1.07436,1.07437,1.07398,1.07398,58279596523.0
2024-04-01 23:00:00,1.07398,1.07398,1.07355,1.07372,66913269843.0
2024-04-02 00:00:00,1.07370,1.07388,1.07309,1.07371,67293859184.0
2024-04-02 01:00:00,1.07372,1.07382,1.07302,1.07340,67292568944.0
2024-04-02 02:00:00,1.07340,1.07353,1.07295,1.07348,65555904598.0
2024-04-02 03:00:00,1.07349,1.07362,1.07296,1.07300,66411853252.0
2024-04-02 04:00:00,1.07302,1.07340,1.07293,1.07331,60888080711.0
2024-04-02 05:00:00,1.07330,1.07349,1.07259,1.07265,65885310155.0
2024-04-02 06:00:00,1.07266,1.07320,1.07246,1.07286,67507407746.0
2024-04-02 07:00:00,1.07286,1.07427,1.07260,1.07418,67436766659.0
2024-04-02 08:00:00,1.07419,1.07419,1.07264,1.07313,67729809405.0
2024-04-02 09:00:00,1.07313,1.07430,1.07310,1.07420,67178048064.0
2024-04-02 10:00:00,1.07420,1.07457,1.07386,1.07451,67231567708.0
2024-04-02 11:00:00,1.07451,1.07535,1.07429,1.07515,67477517926.0
2024-04-02 12:00:00,1.07515,1.07561,1.07455,1.07489,67949784924.0
2024-04-02 13:00:00,1.07489,1.07683,1.07479,1.07648,67897526846.0
2024-04-02 14:00:00,1.07648,1.07790,1.07592,1.07657,68280333602.0
2024-04-02 15:00:00,1.07658,1.07718,1.07643,1.07689,67602992989.0
2024-04-02 16:00:00,1.07689,1.07702,1.07647,1.07681,67258605240.0
2024-04-02 17:00:00,1.07682,1.07687,1.07644,1.07672,66674213847.0
2024-04-02 18:00:00,1.07673,1.07684,1.07622,1.07632,66810685358.0
2024-04-02 19:00:00,1.07635,1.07682,1.07601,1.07680,66858545971.0
2024-04-02 20:00:00,1.07679,1.07696,1.07657,1.07691,64039889796.0
2024-04-02 21:00:00,1.07691,1.07734,1.07689,1.07734,64933595053.0
2024-04-02 22:00:00,1.07730,1.07733,1.07680,1.07682,64906291448.0
2024-04-02 23:00:00,1.07682,1.07687,1.07666,1.07679,64082065493.0
2024-04-03 00:00:00,1.07678,1.07716,1.07659,1.07688,67067716570.0
2024-04-03 01:00:00,1.07688,1.07735,1.07658,1.07721,66983015878.0
2024-04-03 02:00:00,1.07722,1.07748,1.07716,1.07742,64278957261.0
2024-04-03 03:00:00,1.07742,1.07793,1.07741,1.07772,66479728888.0
2024-04-03 04:00:00,1.07773,1.07780,1.07745,1.07746,64440868538.0
2024-04-03 05:00:00,1.07747,1.07773,1.07740,1.07753,66876871148.0
2024-04-03 06:00:00,1.07754,1.07759,1.07671,1.07692,67204350934.0
2024-04-03 07:00:00,1.07693,1.07723,1.07640,1.07705,67602824560.0
2024-04-03 08:00:00,1.07704,1.07773,1.07698,1.07716,66968910559.0
2024-04-03 09:00:00,1.07714,1.07747,1.07651,1.07677,67349827421.0
2024-04-03 10:00:00,1.07676,1.07766,1.07662,1.07755,67156685613.0
2024-04-03 11:00:00,1.07756,1.07849,1.07756,1.07838,67120521545.0
2024-04-03 12:00:00,1.07840,1.07864,1.07730,1.07781,67976708261.0
2024-04-03 13:00:00,1.07781,1.07927,1.07778,1.07889,67933330805.0
2024-04-03 14:00:00,1.07892,1.08240,1.07892,1.08228,68371605259.0
2024-04-03 15:00:00,1.08228,1.08305,1.08193,1.08266,67827218516.0
2024-04-03 16:00:00,1.08268,1.08362,1.08202,1.08305,67765514567.0
2024-04-03 17:00:00,1.08306,1.08342,1.08255,1.08321,67328403046.0
2024-04-03 18:00:00,1.08320,1.08368,1.08315,1.08348,65705664185.0
2024-04-03 19:00:00,1.08347,1.08349,1.08292,1.08334,66993422337.0
2024-04-03 20:00:00,1.08334,1.08366,1.08324,1.08356,60426339608.0
2024-04-03 21:00:00,1.08356,1.08356,1.08312,1.08334,65432284695.0
2024-04-03 22:00:00,1.08333,1.08382,1.08333,1.08376,62341300221.0
2024-04-03 23:00:00,1.08376,1.08407,1.08362,1.08380,65571921260.0
2024-04-04 00:00:00,1.08380,1.08434,1.08347,1.08430,67040467027.0
2024-04-04 01:00:00,1.08430,1.08439,1.08400,1.08407,66925218528.0
2024-04-04 02:00:00,1.08408,1.08444,1.08381,1.08428,64383653643.0
2024-04-04 03:00:00,1.08428,1.08434,1.08401,1.08425,66821602672.0
2024-04-04 04:00:00,1.08425,1.08447,1.08425,1.08426,66642155274.0
2024-04-04 05:00:00,1.08427,1.08464,1.08410,1.08418,66798499265.0
2024-04-04 06:00:00,1.08419,1.08463,1.08389,1.08398,67771731968.0
2024-04-04 07:00:00,1.08399,1.08583,1.08391,1.08571,67751532626.0
2024-04-04 08:00:00,1.08569,1.08626,1.08508,1.08619,67466980883.0
2024-04-04 09:00:00,1.08617,1.08654,1.08554,1.08586,66868165019.0
2024-04-04 10:00:00,1.08585,1.08616,1.08556,1.08597,67013259426.0
2024-04-04 11:00:00,1.08597,1.08622,1.08519,1.08527,67285730098.0
2024-04-04 12:00:00,1.08529,1.08703,1.08507,1.08696,67503474441.0
2024-04-04 13:00:00,1.08696,1.08765,1.08641,1.08697,67795664896.0
2024-04-04 14:00:00,1.08701,1.08760,1.08666,1.08676,67753248030.0
2024-04-04 15:00:00,1.08675,1.08688,1.08622,1.08648,67261246013.0
2024-04-04 16:00:00,1.08649,1.08670,1.08580,1.08588,66746304428.0
2024-04-04 17:00:00,1.08588,1.08618,1.08581,1.08600,66705051483.0
2024-04-04 18:00:00,1.08600,1.08600,1.08465,1.08500,68013757070.0
2024-04-04 19:00:00,1.08500,1.08507,1.08332,1.08336,68150054256.0
2024-04-04 20:00:00,1.08336,1.08387,1.08317,1.08367,66834833083.0
2024-04-04 21:00:00,1.08361,1.08412,1.08327,1.08381,67369866037.0
2024-04-04 22:00:00,1.08380,1.08401,1.08357,1.08363,66364507425.0
2024-04-04 23:00:00,1.08365,1.08401,1.08358,1.08364,66970372997.0
2024-04-05 00:00:00,1.08363,1.08439,1.08349,1.08416,67251929412.0
2024-04-05 01:00:00,1.08416,1.08431,1.08250,1.08267,67534074351.0
2024-04-05 02:00:00,1.08267,1.08283,1.08233,1.08252,67144790835.0
2024-04-05 03:00:00,1.08253,1.08279,1.08247,1.08267,66885808290.0
2024-04-05 04:00:00,1.08266,1.08277,1.08249,1.08262,66791705807.0
2024-04-05 05:00:00,1.08260,1.08279,1.08251,1.08272,66991343858.0
2024-04-05 06:00:00,1.08272,1.08330,1.08224,1.08303,67600178871.0
2024-04-05 07:00:00,1.08303,1.08409,1.08302,1.08391,67493171039.0
2024-04-05 08:00:00,1.08390,1.08463,1.08361,1.08375,67262139269.0
2024-04-05 09:00:00,1.08374,1.08421,1.08349,1.08388,67109900784.0
2024-04-05 10:00:00,1.08388,1.08391,1.08326,1.08345,67194897366.0
2024-04-05 11:00:00,1.08344,1.08417,1.08307,1.08349,66995968404.0
2024-04-05 12:00:00,1.08350,1.08479,1.08001,1.08093,68096871793.0
2024-04-05 13:00:00,1.08093,1.08137,1.07913,1.08010,68334068859.0
2024-04-05 14:00:00,1.08011,1.08263,1.07969,1.08186,68182930881.0
2024-04-05 15:00:00,1.08184,1.08434,1.08160,1.08402,67897191797.0
2024-04-05 16:00:00,1.08401,1.08444,1.08331,1.08357,67556979836.0
2024-04-05 17:00:00,1.08359,1.08388,1.08314,1.08328,67118342796.0
2024-04-05 18:00:00,1.08328,1.08379,1.08306,1.08348,67014889308.0
2024-04-05 19:00:00,1.08348,1.08369,1.08320,1.08354,67329651509.0
2024-04-05 20:00:00,1.08354,1.08376,1.08337,1.08352,67145585135.0
2024-04-07 21:00:00,1.08347,1.08379,1.08347,1.08371,65667329884.0
2024-04-07 22:00:00,1.08371,1.08378,1.08272,1.08280,66207842959.0
2024-04-07 23:00:00,1.08279,1.08330,1.08277,1.08297,64117816035.0
2024-04-08 00:00:00,1.08297,1.08299,1.08230,1.08269,67288331878.0
2024-04-08 01:00:00,1.08269,1.08363,1.08268,1.08353,67330010315.0
2024-04-08 02:00:00,1.08354,1.08432,1.08348,1.08406,67279323133.0
2024-04-08 03:00:00,1.08406,1.08415,1.08321,1.08333,67077986054.0
2024-04-08 04:00:00,1.08334,1.08354,1.08311,1.08321,66603895359.0
2024-04-08 05:00:00,1.08321,1.08373,1.08321,1.08345,66868717816.0
2024-04-08 06:00:00,1.08345,1.08375,1.08297,1.08339,67238504039.0
2024-04-08 07:00:00,1.08339,1.08377,1.08284,1.08322,67589680001.0
2024-04-08 08:00:00,1.08321,1.08351,1.08221,1.08234,67665662772.0
2024-04-08 09:00:00,1.08233,1.08299,1.08208,1.08280,67338037493.0
2024-04-08 10:00:00,1.08278,1.08340,1.08258,1.08323,67024510978.0
2024-04-08 11:00:00,1.08324,1.08332,1.08232,1.08237,67217513514.0
2024-04-08 12:00:00,1.08237,1.08355,1.08215,1.08341,67553380927.0
2024-04-08 13:00:00,1.08342,1.08533,1.08342,1.08516,67738393971.0
2024-04-08 14:00:00,1.08516,1.08562,1.08435,1.08532,67939695818.0
2024-04-08 15:00:00,1.08533,1.08589,1.08494,1.08526,67609626541.0
2024-04-08 16:00:00,1.08526,1.08528,1.08467,1.08501,66967245944.0
2024-04-08 17:00:00,1.08503,1.08593,1.08494,1.08579,66653250520.0
2024-04-08 18:00:00,1.08580,1.08621,1.08556,1.08572,66566611272.0
2024-04-08 19:00:00,1.08571,1.08588,1.08559,1.08567,66871674798.0
2024-04-08 20:00:00,1.08567,1.08599,1.08563,1.08587,66245235832.0
2024-04-08 21:00:00,1.08587,1.08619,1.08528,1.08589,65847634331.0
2024-04-08 22:00:00,1.08589,1.08610,1.08589,1.08604,59062110122.0
2024-04-08 23:00:00,1.08604,1.08634,1.08604,1.08620,65670664025.0
2024-04-09 00:00:00,1.08620,1.08635,1.08575,1.08586,66925853082.0
2024-04-09 01:00:00,1.08587,1.08620,1.08569,1.08596,67194336051.0
2024-04-09 02:00:00,1.08596,1.08622,1.08557,1.08569,66589690433.0
2024-04-09 03:00:00,1.08569,1.08574,1.08540,1.08553,66431029736.0
2024-04-09 04:00:00,1.08554,1.08584,1.08553,1.08565,64216891390.0
2024-04-09 05:00:00,1.08564,1.08586,1.08559,1.08577,64413053750.0
2024-04-09 06:00:00,1.08578,1.08626,1.08512,1.08521,67265197178.0
2024-04-09 07:00:00,1.08521,1.08601,1.08514,1.08531,67702250538.0
2024-04-09 08:00:00,1.08534,1.08587,1.08490,1.08575,67318328199.0
2024-04-09 09:00:00,1.08575,1.08658,1.08564,1.08649,67367792146.0
2024-04-09 10:00:00,1.08651,1.08707,1.08650,1.08689,67041680426.0
2024-04-09 11:00:00,1.08690,1.08728,1.08592,1.08613,67350277326.0
2024-04-09 12:00:00,1.08614,1.08839,1.08603,1.08806,67643225212.0
2024-04-09 13:00:00,1.08807,1.08850,1.08760,1.08787,67858256362.0
2024-04-09 14:00:00,1.08787,1.08821,1.08530,1.08572,67898563955.0
2024-04-09 15:00:00,1.08572,1.08590,1.08522,1.08556,67585518796.0
2024-04-09 16:00:00,1.08555,1.08600,1.08536,1.08544,67071329891.0
2024-04-09 17:00:00,1.08545,1.08554,1.08510,1.08515,67033472041.0
2024-04-09 18:00:00,1.08513,1.08547,1.08500,1.08529,66540586267.0
2024-04-09 19:00:00,1.08529,1.08573,1.08477,1.08566,67182753878.0
2024-04-09 20:00:00,1.08565,1.08591,1.08555,1.08569,66748493991.0
2024-04-09 21:00:00,1.08562,1.08593,1.08554,1.08575,65773047642.0
2024-04-09 22:00:00,1.08577,1.08587,1.08562,1.08586,60179390790.0
2024-04-09 23:00:00,1.08585,1.08597,1.08576,1.08588,59406497217.0
2024-04-10 00:00:00,1.08587,1.08588,1.08551,1.08571,66820200853.0
2024-04-10 01:00:00,1.08574,1.08588,1.08513,1.08545,67089406363.0
2024-04-10 02:00:00,1.08541,1.08555,1.08509,1.08534,66889612656.0
2024-04-10 03:00:00,1.08534,1.08544,1.08520,1.08529,66793308165.0
2024-04-10 04:00:00,1.08530,1.08535,1.08504,1.08525,66671796549.0
2024-04-10 05:00:00,1.08523,1.08556,1.08513,1.08517,66830846526.0
2024-04-10 06:00:00,1.08517,1.08548,1.08477,1.08531,67311430535.0
2024-04-10 07:00:00,1.08532,1.08570,1.08508,1.08553,67336480032.0
2024-04-10 08:00:00,1.08552,1.08605,1.08513,1.08603,67288872386.0
2024-04-10 09:00:00,1.08604,1.08655,1.08567,1.08615,67274921411.0
2024-04-10 10:00:00,1.08615,1.08658,1.08603,1.08644,67041487095.0
2024-04-10 11:00:00,1.08643,1.08665,1.08549,1.08556,66968667423.0
2024-04-10 12:00:00,1.08555,1.08646,1.07783,1.07807,68211512359.0
2024-04-10 13:00:00,1.07808,1.07811,1.07493,1.07510,68720088928.0
2024-04-10 14:00:00,1.07510,1.07669,1.07456,1.07532,68273910578.0
2024-04-10 15:00:00,1.07533,1.07547,1.07334,1.07366,68015357790.0
2024-04-10 16:00:00,1.07367,1.07374,1.07288,1.07360,67445347453.0
2024-04-10 17:00:00,1.07361,1.07542,1.07290,1.07504,68050566594.0
2024-04-10 18:00:00,1.07504,1.07542,1.07351,1.07363,67755697111.0
2024-04-10 19:00:00,1.07362,1.07455,1.07357,1.07438,67491579825.0
2024-04-10 20:00:00,1.07436,1.07456,1.07413,1.07421,66311790264.0
2024-04-10 21:00:00,1.07421,1.07446,1.07407,1.07429,66540404079.0
2024-04-10 22:00:00,1.07432,1.07441,1.07400,1.07431,65678342884.0
2024-04-10 23:00:00,1.07430,1.07447,1.07392,1.07410,66360978967.0
2024-04-11 00:00:00,1.07411,1.07458,1.07383,1.07426,67013862031.0
2024-04-11 01:00:00,1.07426,1.07469,1.07411,1.07460,66992550047.0
2024-04-11 02:00:00,1.07459,1.07469,1.07443,1.07454,66793945172.0
2024-04-11 03:00:00,1.07454,1.07489,1.07445,1.07446,66815279433.0
2024-04-11 04:00:00,1.07446,1.07465,1.07440,1.07461,64009796319.0
2024-04-11 05:00:00,1.07462,1.07471,1.07428,1.07428,66791449557.0
2024-04-11 06:00:00,1.07427,1.07427,1.07265,1.07283,67344188211.0
2024-04-11 07:00:00,1.07282,1.07446,1.07279,1.07430,67633742149.0
2024-04-11 08:00:00,1.07432,1.07498,1.07382,1.07405,67446182049.0
2024-04-11 09:00:00,1.07405,1.07408,1.07289,1.07309,67687572770.0
2024-04-11 10:00:00,1.07310,1.07337,1.07261,1.07298,67367365181.0
2024-04-11 11:00:00,1.07296,1.07341,1.07255,1.07285,67332760534.0
2024-04-11 12:00:00,1.07283,1.07468,1.07150,1.07413,68367159132.0
2024-04-11 13:00:00,1.07414,1.07564,1.07280,1.07347,68478397562.0
2024-04-11 14:00:00,1.07347,1.07347,1.06992,1.07051,68171362633.0
2024-04-11 15:00:00,1.07052,1.07213,1.07019,1.07210,67742429514.0
2024-04-11 16:00:00,1.07212,1.07233,1.07135,1.07176,67598614036.0
2024-04-11 17:00:00,1.07175,1.07296,1.07152,1.07276,67436412765.0
2024-04-11 18:00:00,1.07277,1.07345,1.07250,1.07255,67362534196.0
2024-04-11 19:00:00,1.07254,1.07320,1.07253,1.07288,67190668003.0
2024-04-11 20:00:00,1.07287,1.07290,1.07253,1.07254,64064724996.0
2024-04-11 21:00:00,1.07252,1.07280,1.07252,1.07262,65499467611.0
2024-04-11 22:00:00,1.07263,1.07293,1.07259,1.07281,61247772429.0
2024-04-11 23:00:00,1.07280,1.07282,1.07238,1.07260,65670293749.0
2024-04-12 00:00:00,1.07260,1.07275,1.07224,1.07259,66573674087.0
2024-04-12 01:00:00,1.07262,1.07281,1.07229,1.07244,66734364425.0
2024-04-12 02:00:00,1.07242,1.07275,1.07233,1.07266,66804750745.0
2024-04-12 03:00:00,1.07266,1.07266,1.07153,1.07170,66628711875.0
2024-04-12 04:00:00,1.07171,1.07174,1.07107,1.07112,66406188318.0
2024-04-12 05:00:00,1.07112,1.07140,1.07105,1.07113,64532859127.0
2024-04-12 06:00:00,1.07111,1.07120,1.06810,1.06828,67672638752.0
2024-04-12 07:00:00,1.06831,1.06874,1.06742,1.06842,67714840987.0
2024-04-12 08:00:00,1.06842,1.06852,1.06707,1.06710,67465012839.0
2024-04-12 09:00:00,1.06711,1.06748,1.06549,1.06604,67397425396.0
2024-04-12 10:00:00,1.06606,1.06608,1.06439,1.06469,67459709995.0
2024-04-12 11:00:00,1.06468,1.06591,1.06460,1.06509,67395938220.0
2024-04-12 12:00:00,1.06510,1.06556,1.06313,1.06383,67866267979.0
2024-04-12 13:00:00,1.06384,1.06438,1.06309,1.06426,68069536893.0
2024-04-12 14:00:00,1.06429,1.06463,1.06226,1.06298,68240195907.0
2024-04-12 15:00:00,1.06298,1.06510,1.06292,1.06467,67697551277.0
2024-04-12 16:00:00,1.06467,1.06469,1.06377,1.06418,67690278424.0
2024-04-12 17:00:00,1.06418,1.06496,1.06404,1.06470,67577372675.0
2024-04-12 18:00:00,1.06470,1.06505,1.06389,1.06390,67406575697.0
2024-04-12 19:00:00,1.06390,1.06426,1.06372,1.06382,66852450470.0
2024-04-12 20:00:00,1.06381,1.06442,1.06371,1.06385,66671668101.0
2024-04-14 21:00:00,1.06352,1.06380,1.06309,1.06347,66089361411.0
2024-04-14 22:00:00,1.06347,1.06514,1.06341,1.06497,65716895579.0
2024-04-14 23:00:00,1.06497,1.06500,1.06433,1.06460,66552572150.0
2024-04-15 00:00:00,1.06461,1.06496,1.06432,1.06456,67018890610.0
2024-04-15 01:00:00,1.06455,1.06507,1.06391,1.06495,67226205880.0
2024-04-15 02:00:00,1.06495,1.06549,1.06490,1.06506,66804736330.0
2024-04-15 03:00:00,1.06507,1.06537,1.06475,1.06519,66618795622.0
2024-04-15 04:00:00,1.06519,1.06540,1.06470,1.06524,66854809113.0
2024-04-15 05:00:00,1.06523,1.06589,1.06506,1.06579,66722001062.0
2024-04-15 06:00:00,1.06577,1.06648,1.06516,1.06544,67515627278.0
2024-04-15 07:00:00,1.06543,1.06610,1.06499,1.06581,67725587907.0
2024-04-15 08:00:00,1.06580,1.06618,1.06537,1.06562,67577551588.0
2024-04-15 09:00:00,1.06563,1.06624,1.06535,1.06549,67385652348.0
2024-04-15 10:00:00,1.06549,1.06598,1.06515,1.06576,67102164258.0
2024-04-15 11:00:00,1.06576,1.06651,1.06516,1.06548,67462107301.0
2024-04-15 12:00:00,1.06548,1.06575,1.06309,1.06471,68046098759.0
2024-04-15 13:00:00,1.06472,1.06607,1.06339,1.06369,68228124837.0
2024-04-15 14:00:00,1.06370,1.06377,1.06218,1.06267,68297237956.0
2024-04-15 15:00:00,1.06268,1.06450,1.06226,1.06434,67725309704.0
2024-04-15 16:00:00,1.06433,1.06474,1.06345,1.06361,67451605813.0
2024-04-15 17:00:00,1.06360,1.06394,1.06230,1.06288,67828710930.0
2024-04-15 18:00:00,1.06287,1.06316,1.06235,1.06250,67386883440.0
2024-04-15 19:00:00,1.06251,1.06272,1.06202,1.06264,67505312563.0
2024-04-15 20:00:00,1.06263,1.06269,1.06209,1.06241,66397027365.0
2024-04-15 21:00:00,1.06233,1.06253,1.06222,1.06236,64263614634.0
2024-04-15 22:00:00,1.06243,1.06278,1.06242,1.06269,66180412867.0
2024-04-15 23:00:00,1.06268,1.06284,1.06241,1.06247,66934943910.0
2024-04-16 00:00:00,1.06246,1.06253,1.06180,1.06183,67099050967.0
2024-04-16 01:00:00,1.06183,1.06191,1.06069,1.06158,67411971274.0
2024-04-16 02:00:00,1.06159,1.06176,1.06061,1.06099,67404897320.0
2024-04-16 03:00:00,1.06098,1.06125,1.06070,1.06113,64468067285.0
2024-04-16 04:00:00,1.06114,1.06142,1.06099,1.06140,65426497208.0
2024-04-16 05:00:00,1.06139,1.06205,1.06136,1.06184,65784083906.0
2024-04-16 06:00:00,1.06184,1.06200,1.06023,1.06103,67733481390.0
2024-04-16 07:00:00,1.06102,1.06228,1.06102,1.06178,67767266179.0
2024-04-16 08:00:00,1.06179,1.06247,1.06125,1.06161,67626509599.0
2024-04-16 09:00:00,1.06160,1.06349,1.06160,1.06291,67765576339.0
2024-04-16 10:00:00,1.06291,1.06323,1.06230,1.06261,67498125231.0
2024-04-16 11:00:00,1.06263,1.06473,1.06258,1.06424,67378762220.0
2024-04-16 12:00:00,1.06424,1.06535,1.06359,1.06389,67903542395.0
2024-04-16 13:00:00,1.06388,1.06437,1.06275,1.06295,68467829310.0
2024-04-16 14:00:00,1.06295,1.06448,1.06275,1.06317,68278534634.0
2024-04-16 15:00:00,1.06318,1.06393,1.06216,1.06278,67910229359.0
2024-04-16 16:00:00,1.06276,1.06282,1.06187,1.06249,67576081612.0
2024-04-16 17:00:00,1.06250,1.06256,1.06010,1.06209,68071393200.0
2024-04-16 18:00:00,1.06209,1.06350,1.06160,1.06310,68150944897.0
2024-04-16 19:00:00,1.06308,1.06317,1.06176,1.06219,67272272778.0
2024-04-16 20:00:00,1.06218,1.06228,1.06165,1.06187,66167765076.0
2024-04-16 21:00:00,1.06187,1.06245,1.06142,1.06155,66870931291.0
2024-04-16 22:00:00,1.06164,1.06197,1.06126,1.06194,64652298813.0
2024-04-16 23:00:00,1.06195,1.06251,1.06191,1.06210,66177397555.0
2024-04-17 00:00:00,1.06210,1.06239,1.06171,1.06223,66629140480.0
2024-04-17 01:00:00,1.06221,1.06297,1.06202,1.06281,66983899298.0
2024-04-17 02:00:00,1.06280,1.06355,1.06271,1.06341,66493478993.0
2024-04-17 03:00:00,1.06341,1.06344,1.06270,1.06271,66553467372.0
2024-04-17 04:00:00,1.06272,1.06311,1.06244,1.06249,66101561264.0
2024-04-17 05:00:00,1.06248,1.06248,1.06097,1.06118,66642138891.0
2024-04-17 06:00:00,1.06116,1.06378,1.06060,1.06346,67197957900.0
2024-04-17 07:00:00,1.06345,1.06345,1.06241,1.06253,67342536213.0
2024-04-17 08:00:00,1.06253,1.06489,1.06240,1.06405,67675108804.0
2024-04-17 09:00:00,1.06405,1.06486,1.06353,1.06409,67492630036.0
2024-04-17 10:00:00,1.06410,1.06468,1.06380,1.06392,67144596191.0
2024-04-17 11:00:00,1.06390,1.06491,1.06321,1.06355,67413474342.0
2024-04-17 12:00:00,1.06356,1.06428,1.06315,1.06348,67698725355.0
2024-04-17 13:00:00,1.06347,1.06528,1.06343,1.06439,67794565697.0
2024-04-17 14:00:00,1.06438,1.06445,1.06300,1.06355,67841451623.0
2024-04-17 15:00:00,1.06355,1.06461,1.06355,1.06429,67762275614.0
2024-04-17 16:00:00,1.06429,1.06563,1.06360,1.06497,67835527985.0
2024-04-17 17:00:00,1.06496,1.06687,1.06479,1.06682,67709836408.0
2024-04-17 18:00:00,1.06682,1.06796,1.06670,1.06703,67881044212.0
2024-04-17 19:00:00,1.06703,1.06718,1.06643,1.06712,67506472879.0
2024-04-17 20:00:00,1.06712,1.06736,1.06695,1.06720,66504354041.0
2024-04-17 21:00:00,1.06719,1.06723,1.06696,1.06717,65029273029.0
2024-04-17 22:00:00,1.06716,1.06751,1.06714,1.06725,63759252195.0
2024-04-17 23:00:00,1.06727,1.06737,1.06680,1.06689,65954284831.0
2024-04-18 00:00:00,1.06690,1.06704,1.06643,1.06699,66575809902.0
2024-04-18 01:00:00,1.06699,1.06740,1.06644,1.06702,66999343513.0
2024-04-18 02:00:00,1.06701,1.06790,1.06688,1.06778,66978122634.0
2024-04-18 03:00:00,1.06778,1.06802,1.06753,1.06799,66549727887.0
2024-04-18 04:00:00,1.06799,1.06800,1.06756,1.06783,65238840116.0
2024-04-18 05:00:00,1.06784,1.06840,1.06749,1.06808,66704651712.0
2024-04-18 06:00:00,1.06810,1.06900,1.06791,1.06853,67057632542.0
2024-04-18 07:00:00,1.06852,1.06880,1.06783,1.06810,67540052865.0
2024-04-18 08:00:00,1.06810,1.06839,1.06748,1.06784,67464061090.0
2024-04-18 09:00:00,1.06784,1.06813,1.06700,1.06704,67179777230.0
2024-04-18 10:00:00,1.06703,1.06771,1.06699,1.06758,66876572961.0
2024-04-18 11:00:00,1.06757,1.06790,1.06700,1.06772,67185276681.0
2024-04-18 12:00:00,1.06771,1.06796,1.06598,1.06628,67897255114.0
2024-04-18 13:00:00,1.06628,1.06685,1.06464,1.06506,68313347028.0
2024-04-18 14:00:00,1.06507,1.06632,1.06497,1.06538,68001105344.0
2024-04-18 15:00:00,1.06537,1.06647,1.06536,1.06598,67460736286.0
2024-04-18 16:00:00,1.06599,1.06617,1.06516,1.06533,67412626634.0
2024-04-18 17:00:00,1.06531,1.06548,1.06430,1.06483,67443539640.0
2024-04-18 18:00:00,1.06483,1.06494,1.06419,1.06450,67249474440.0
2024-04-18 19:00:00,1.06451,1.06481,1.06426,1.06436,67086376302.0
2024-04-18 20:00:00,1.06436,1.06457,1.06413,1.06431,64035098461.0
2024-04-18 21:00:00,1.06423,1.06450,1.06423,1.06433,62817494630.0
2024-04-18 22:00:00,1.06432,1.06446,1.06404,1.06404,58256925657.0
2024-04-18 23:00:00,1.06405,1.06439,1.06402,1.06425,62915317594.0
2024-04-19 00:00:00,1.06424,1.06446,1.06360,1.06387,67337126708.0
2024-04-19 01:00:00,1.06384,1.06400,1.06135,1.06187,68111163886.0
2024-04-19 02:00:00,1.06188,1.06237,1.06104,1.06181,68229910690.0
2024-04-19 03:00:00,1.06177,1.06405,1.06152,1.06371,68110458551.0
2024-04-19 04:00:00,1.06372,1.06431,1.06336,1.06347,67579493743.0
2024-04-19 05:00:00,1.06346,1.06409,1.06295,1.06308,67411204505.0
2024-04-19 06:00:00,1.06308,1.06492,1.06270,1.06448,68013737089.0
2024-04-19 07:00:00,1.06449,1.06592,1.06437,1.06554,67980382536.0
2024-04-19 08:00:00,1.06553,1.06553,1.06430,1.06456,67663278902.0
2024-04-19 09:00:00,1.06456,1.06621,1.06451,1.06589,67348184102.0
2024-04-19 10:00:00,1.06589,1.06589,1.06467,1.06473,67585682308.0
2024-04-19 11:00:00,1.06472,1.06552,1.06431,1.06517,67538967592.0
2024-04-19 12:00:00,1.06519,1.06736,1.06496,1.06654,67791284144.0
2024-04-19 13:00:00,1.06654,1.06755,1.06587,1.06658,68036312105.0
2024-04-19 14:00:00,1.06655,1.06775,1.06638,1.06695,68264920517.0
2024-04-19 15:00:00,1.06694,1.06718,1.06536,1.06548,67647027771.0
2024-04-19 16:00:00,1.06548,1.06596,1.06401,1.06534,67540593372.0
2024-04-19 17:00:00,1.06534,1.06584,1.06509,1.06557,67254651779.0
2024-04-19 18:00:00,1.06557,1.06557,1.06465,1.06506,67335330860.0
2024-04-19 19:00:00,1.06506,1.06553,1.06497,1.06547,67123947107.0
2024-04-19 20:00:00,1.06546,1.06578,1.06523,1.06526,66582982168.0
2024-04-21 21:00:00,1.06495,1.06612,1.06456,1.06563,63483116911.0
2024-04-21 22:00:00,1.06561,1.06614,1.06545,1.06587,63753246145.0
2024-04-21 23:00:00,1.06590,1.06610,1.06575,1.06575,66148993596.0
2024-04-22 00:00:00,1.06577,1.06649,1.06527,1.06534,67231776769.0
2024-04-22 01:00:00,1.06533,1.06697,1.06532,1.06682,67171309322.0
2024-04-22 02:00:00,1.06681,1.06706,1.06639,1.06640,66301628910.0
2024-04-22 03:00:00,1.06639,1.06645,1.06604,1.06617,65107100959.0
2024-04-22 04:00:00,1.06617,1.06685,1.06614,1.06652,66106503985.0
2024-04-22 05:00:00,1.06654,1.06660,1.06618,1.06637,65247941099.0
2024-04-22 06:00:00,1.06637,1.06691,1.06605,1.06640,67028844542.0
2024-04-22 07:00:00,1.06639,1.06677,1.06524,1.06584,67449400855.0
2024-04-22 08:00:00,1.06584,1.06623,1.06473,1.06568,67422051700.0
2024-04-22 09:00:00,1.06566,1.06618,1.06489,1.06513,67193130517.0
2024-04-22 10:00:00,1.06513,1.06550,1.06474,1.06505,67210586357.0
2024-04-22 11:00:00,1.06505,1.06508,1.06330,1.06351,67493572114.0
2024-04-22 12:00:00,1.06351,1.06438,1.06308,1.06397,67390720899.0
2024-04-22 13:00:00,1.06396,1.06408,1.06239,1.06331,67676604337.0
2024-04-22 14:00:00,1.06332,1.06477,1.06326,1.06450,67714470710.0
2024-04-22 15:00:00,1.06449,1.06479,1.06406,1.06471,67060618034.0
2024-04-22 16:00:00,1.06471,1.06508,1.06461,1.06488,66792696051.0
2024-04-22 17:00:00,1.06487,1.06577,1.06481,1.06573,65536962069.0
2024-04-22 18:00:00,1.06573,1.06607,1.06542,1.06585,66674142088.0
2024-04-22 19:00:00,1.06585,1.06585,1.06505,1.06519,67240672297.0
2024-04-22 20:00:00,1.06518,1.06552,1.06504,1.06541,66205287710.0
2024-04-22 21:00:00,1.06541,1.06547,1.06510,1.06519,64855000355.0
2024-04-22 22:00:00,1.06518,1.06545,1.06518,1.06542,62487097507.0
2024-04-22 23:00:00,1.06542,1.06558,1.06524,1.06537,64763124775.0
2024-04-23 00:00:00,1.06537,1.06592,1.06537,1.06586,65498611716.0
2024-04-23 01:00:00,1.06587,1.06604,1.06534,1.06542,66838258647.0
2024-04-23 02:00:00,1.06541,1.06605,1.06537,1.06583,66414291848.0
2024-04-23 03:00:00,1.06586,1.06589,1.06545,1.06561,66324807029.0
2024-04-23 04:00:00,1.06561,1.06582,1.06541,1.06550,64994497005.0
2024-04-23 05:00:00,1.06548,1.06548,1.06495,1.06508,66718810441.0
2024-04-23 06:00:00,1.06508,1.06508,1.06385,1.06451,66853847694.0
2024-04-23 07:00:00,1.06451,1.06950,1.06436,1.06793,68049117183.0
2024-04-23 08:00:00,1.06786,1.06831,1.06693,1.06706,67734314186.0
2024-04-23 09:00:00,1.06706,1.06706,1.06561,1.06592,67229122887.0
2024-04-23 10:00:00,1.06593,1.06627,1.06532,1.06549,67227029012.0
2024-04-23 11:00:00,1.06549,1.06780,1.06547,1.06745,67464170701.0
2024-04-23 12:00:00,1.06746,1.06769,1.06640,1.06720,67541848883.0
2024-04-23 13:00:00,1.06720,1.07098,1.06600,1.07012,67813884066.0
2024-04-23 14:00:00,1.07014,1.07112,1.06904,1.06984,68354487339.0
2024-04-23 15:00:00,1.06984,1.07033,1.06899,1.06946,67643636942.0
2024-04-23 16:00:00,1.06946,1.07024,1.06922,1.06999,67174025463.0
2024-04-23 17:00:00,1.07000,1.07076,1.06993,1.07049,66837568556.0
2024-04-23 18:00:00,1.07049,1.07075,1.07018,1.07038,66347751179.0
2024-04-23 19:00:00,1.07040,1.07055,1.07018,1.07028,66577361796.0
2024-04-23 20:00:00,1.07028,1.07031,1.07000,1.07002,61638946330.0
2024-04-23 21:00:00,1.07004,1.07027,1.06997,1.07021,64776558348.0
2024-04-23 22:00:00,1.07025,1.07044,1.07008,1.07030,63428643387.0
2024-04-23 23:00:00,1.07031,1.07033,1.06995,1.07024,63998967150.0
2024-04-24 00:00:00,1.07025,1.07106,1.07002,1.07095,66556617686.0
2024-04-24 01:00:00,1.07096,1.07142,1.07077,1.07098,66976855325.0
2024-04-24 02:00:00,1.07097,1.07131,1.07076,1.07101,66785046040.0
2024-04-24 03:00:00,1.07101,1.07109,1.07043,1.07062,66730470933.0
2024-04-24 04:00:00,1.07062,1.07088,1.07051,1.07052,66107248478.0
2024-04-24 05:00:00,1.07051,1.07056,1.07002,1.07012,65759283776.0
2024-04-24 06:00:00,1.07013,1.07054,1.06920,1.06945,67328797899.0
2024-04-24 07:00:00,1.06944,1.06959,1.06849,1.06881,67362608250.0
2024-04-24 08:00:00,1.06881,1.06925,1.06808,1.06833,67260498902.0
2024-04-24 09:00:00,1.06834,1.06910,1.06833,1.06838,67054351809.0
2024-04-24 10:00:00,1.06837,1.06918,1.06836,1.06883,66696229030.0
2024-04-24 11:00:00,1.06883,1.06898,1.06834,1.06891,67002725169.0
2024-04-24 12:00:00,1.06891,1.06930,1.06779,1.06867,67691955649.0
2024-04-24 13:00:00,1.06865,1.06994,1.06840,1.06934,67777419350.0
2024-04-24 14:00:00,1.06933,1.07025,1.06856,1.06880,67817078783.0
2024-04-24 15:00:00,1.06880,1.06912,1.06809,1.06863,67518586877.0
2024-04-24 16:00:00,1.06863,1.06910,1.06833,1.06904,67141736860.0
2024-04-24 17:00:00,1.06903,1.06975,1.06898,1.06959,66988969164.0
2024-04-24 18:00:00,1.06961,1.06967,1.06869,1.06932,67196095857.0
2024-04-24 19:00:00,1.06931,1.07065,1.06921,1.07006,67196963714.0
2024-04-24 20:00:00,1.07006,1.07006,1.06967,1.06985,66767737322.0
2024-04-24 21:00:00,1.06985,1.06985,1.06928,1.06973,66120829502.0
2024-04-24 22:00:00,1.06972,1.07006,1.06942,1.06972,62509294220.0
2024-04-24 23:00:00,1.06973,1.06999,1.06966,1.06999,63605141667.0
2024-04-25 00:00:00,1.07001,1.07045,1.06991,1.07033,66427039250.0
2024-04-25 01:00:00,1.07034,1.07087,1.06969,1.07070,66554622113.0
2024-04-25 02:00:00,1.07066,1.07087,1.07042,1.07073,66424316885.0
2024-04-25 03:00:00,1.07072,1.07081,1.07035,1.07058,66220961299.0
2024-04-25 04:00:00,1.07058,1.07099,1.07051,1.07090,65682885836.0
2024-04-25 05:00:00,1.07091,1.07129,1.07077,1.07121,66147034070.0
2024-04-25 06:00:00,1.07122,1.07277,1.07115,1.07204,67085612809.0
2024-04-25 07:00:00,1.07204,1.07236,1.07113,1.07209,67358882528.0
2024-04-25 08:00:00,1.07210,1.07288,1.07201,1.07256,67096495390.0
2024-04-25 09:00:00,1.07255,1.07285,1.07212,1.07267,67197277962.0
2024-04-25 10:00:00,1.07268,1.07297,1.07223,1.07247,67181464780.0
2024-04-25 11:00:00,1.07247,1.07297,1.07171,1.07202,67053964817.0
2024-04-25 12:00:00,1.07201,1.07402,1.06855,1.06919,68099777494.0
2024-04-25 13:00:00,1.06921,1.07036,1.06783,1.07005,68369541042.0
2024-04-25 14:00:00,1.07007,1.07207,1.06926,1.07119,68174350748.0
2024-04-25 15:00:00,1.07117,1.07216,1.07076,1.07203,67597332316.0
2024-04-25 16:00:00,1.07202,1.07351,1.07150,1.07312,67310308883.0
2024-04-25 17:00:00,1.07313,1.07387,1.07294,1.07301,67307980393.0
2024-04-25 18:00:00,1.07301,1.07301,1.07228,1.07273,67324319501.0
2024-04-25 19:00:00,1.07273,1.07346,1.07270,1.07294,66961552837.0
2024-04-25 20:00:00,1.07292,1.07308,1.07285,1.07291,65797695734.0
2024-04-25 21:00:00,1.07291,1.07291,1.07279,1.07285,62420628276.0
2024-04-25 22:00:00,1.07285,1.07301,1.07280,1.07289,61009672276.0
2024-04-25 23:00:00,1.07289,1.07302,1.07263,1.07267,62501527225.0
2024-04-26 00:00:00,1.07267,1.07279,1.07227,1.07273,66832719544.0
2024-04-26 01:00:00,1.07270,1.07291,1.07238,1.07270,66623691163.0
2024-04-26 02:00:00,1.07269,1.07284,1.07185,1.07229,66479274722.0
2024-04-26 03:00:00,1.07229,1.07252,1.07186,1.07231,66744488754.0
2024-04-26 04:00:00,1.07231,1.07233,1.07210,1.07224,66226798588.0
2024-04-26 05:00:00,1.07224,1.07273,1.07215,1.07261,65334947348.0
2024-04-26 06:00:00,1.07260,1.07387,1.07257,1.07353,67070240686.0
2024-04-26 07:00:00,1.07353,1.07364,1.07259,1.07295,67424561723.0
2024-04-26 08:00:00,1.07293,1.07527,1.07284,1.07408,67980248270.0
2024-04-26 09:00:00,1.07408,1.07432,1.07306,1.07360,67519370035.0
2024-04-26 10:00:00,1.07358,1.07370,1.07261,1.07280,67275339528.0
2024-04-26 11:00:00,1.07278,1.07343,1.07151,1.07158,67489000978.0
2024-04-26 12:00:00,1.07157,1.07416,1.07101,1.07163,67870946016.0
2024-04-26 13:00:00,1.07164,1.07238,1.07061,1.07071,68067644865.0
2024-04-26 14:00:00,1.07072,1.07116,1.06761,1.06798,68062837313.0
2024-04-26 15:00:00,1.06798,1.06905,1.06738,1.06854,67530408098.0
2024-04-26 16:00:00,1.06854,1.06962,1.06838,1.06945,67002544623.0
2024-04-26 17:00:00,1.06945,1.06979,1.06930,1.06941,66746645217.0
2024-04-26 18:00:00,1.06940,1.07056,1.06936,1.07054,66614770403.0
2024-04-26 19:00:00,1.07054,1.07072,1.06966,1.06999,66768141683.0
2024-04-26 20:00:00,1.06998,1.07016,1.06908,1.06911,65611074109.0
2024-04-28 21:00:00,1.06911,1.06972,1.06898,1.06944,46630719981.0
2024-04-28 22:00:00,1.06944,1.07037,1.06933,1.07018,64907130960.0
2024-04-28 23:00:00,1.07018,1.07070,1.07003,1.07069,67070069963.0
2024-04-29 00:00:00,1.07070,1.07109,1.07061,1.07097,67009162116.0
2024-04-29 01:00:00,1.07097,1.07156,1.07075,1.07144,67399081493.0
2024-04-29 02:00:00,1.07144,1.07199,1.07128,1.07175,67094300591.0
2024-04-29 03:00:00,1.07175,1.07182,1.07146,1.07162,66935974787.0
2024-04-29 04:00:00,1.07161,1.07335,1.07146,1.07289,68089034430.0
2024-04-29 05:00:00,1.07289,1.07337,1.07238,1.07254,67750515103.0
2024-04-29 06:00:00,1.07254,1.07287,1.07147,1.07154,67744076269.0
2024-04-29 07:00:00,1.07154,1.07254,1.07081,1.07177,68306480004.0
2024-04-29 08:00:00,1.07172,1.07249,1.07011,1.07044,67858850116.0
2024-04-29 09:00:00,1.07045,1.07190,1.06973,1.07147,67490551067.0
2024-04-29 10:00:00,1.07148,1.07196,1.07121,1.07174,66976727695.0
2024-04-29 11:00:00,1.07174,1.07271,1.07121,1.07144,67082507716.0
2024-04-29 12:00:00,1.07143,1.07236,1.07020,1.07033,67456393547.0
2024-04-29 13:00:00,1.07034,1.07069,1.06902,1.06989,67663091467.0
2024-04-29 14:00:00,1.06989,1.07134,1.06989,1.07127,67547143531.0
2024-04-29 15:00:00,1.07128,1.07208,1.07120,1.07167,67412879606.0
2024-04-29 16:00:00,1.07166,1.07290,1.07160,1.07259,67329263704.0
2024-04-29 17:00:00,1.07259,1.07295,1.07213,1.07217,67232435730.0
2024-04-29 18:00:00,1.07216,1.07253,1.07180,1.07245,66151665828.0
2024-04-29 19:00:00,1.07244,1.07244,1.07151,1.07210,67417397985.0
2024-04-29 20:00:00,1.07211,1.07230,1.07194,1.07205,66152120978.0
2024-04-29 21:00:00,1.07202,1.07224,1.07196,1.07205,64379094304.0
2024-04-29 22:00:00,1.07203,1.07223,1.07169,1.07173,63537260787.0
2024-04-29 23:00:00,1.07173,1.07191,1.07141,1.07147,65231780579.0
2024-04-30 00:00:00,1.07146,1.07174,1.07101,1.07150,66780435253.0
2024-04-30 01:00:00,1.07150,1.07178,1.07069,1.07070,66730731437.0
2024-04-30 02:00:00,1.07069,1.07075,1.07031,1.07065,65751247096.0
2024-04-30 03:00:00,1.07066,1.07073,1.07026,1.07054,66701900511.0
2024-04-30 04:00:00,1.07055,1.07058,1.07022,1.07056,66335661095.0
2024-04-30 05:00:00,1.07056,1.07067,1.06951,1.06993,66734797618.0
2024-04-30 06:00:00,1.06992,1.07061,1.06899,1.07047,67292772436.0
2024-04-30 07:00:00,1.07048,1.07098,1.07017,1.07051,67720521975.0
2024-04-30 08:00:00,1.07050,1.07122,1.06929,1.07108,67334673534.0
2024-04-30 09:00:00,1.07113,1.07347,1.07106,1.07267,67733165503.0
2024-04-30 10:00:00,1.07266,1.07353,1.07226,1.07281,67415185818.0
2024-04-30 11:00:00,1.07280,1.07281,1.07194,1.07201,67216319775.0
2024-04-30 12:00:00,1.07199,1.07239,1.06894,1.07003,67988988477.0
2024-04-30 13:00:00,1.07005,1.07147,1.06940,1.07055,68202476996.0
2024-04-30 14:00:00,1.07056,1.07195,1.06870,1.06909,68230073384.0
2024-04-30 15:00:00,1.06910,1.06990,1.06831,1.06837,67949206898.0
2024-04-30 16:00:00,1.06836,1.06867,1.06759,1.06789,67394619966.0
2024-04-30 17:00:00,1.06790,1.06829,1.06752,1.06801,67080701869.0
2024-04-30 18:00:00,1.06801,1.06825,1.06760,1.06779,66913435649.0
2024-04-30 19:00:00,1.06781,1.06806,1.06717,1.06725,67013946243.0
2024-04-30 20:00:00,1.06725,1.06734,1.06647,1.06653,66641403576.0
2024-04-30 21:00:00,1.06643,1.06732,1.06635,1.06695,65658616542.0
2024-04-30 22:00:00,1.06685,1.06696,1.06658,1.06674,65084962895.0
2024-04-30 23:00:00,1.06674,1.06675,1.06654,1.06659,66719536253.0
2024-05-01 00:00:00,1.06660,1.06671,1.06580,1.06616,66573339852.0
2024-05-01 01:00:00,1.06618,1.06631,1.06590,1.06606,66158165363.0
2024-05-01 02:00:00,1.06605,1.06605,1.06572,1.06588,65173470576.0
2024-05-01 03:00:00,1.06587,1.06590,1.06558,1.06564,65617366876.0
2024-05-01 04:00:00,1.06565,1.06569,1.06549,1.06557,65522371137.0
2024-05-01 05:00:00,1.06557,1.06568,1.06540,1.06553,66743522425.0
2024-05-01 06:00:00,1.06554,1.06583,1.06494,1.06516,67002715998.0
2024-05-01 07:00:00,1.06515,1.06617,1.06515,1.06609,67053733806.0
2024-05-01 08:00:00,1.06610,1.06705,1.06610,1.06693,66841226776.0
2024-05-01 09:00:00,1.06695,1.06732,1.06678,1.06698,66897286926.0
2024-05-01 10:00:00,1.06697,1.06732,1.06666,1.06689,67250668503.0
2024-05-01 11:00:00,1.06688,1.06726,1.06671,1.06717,66743743282.0
2024-05-01 12:00:00,1.06718,1.06847,1.06715,1.06843,67464653702.0
2024-05-01 13:00:00,1.06842,1.06853,1.06748,1.06814,67507296337.0
2024-05-01 14:00:00,1.06820,1.06913,1.06777,1.06830,67932918252.0
2024-05-01 15:00:00,1.06832,1.06855,1.06771,1.06792,67170490447.0
2024-05-01 16:00:00,1.06789,1.06790,1.06707,1.06715,67224790632.0
2024-05-01 17:00:00,1.06717,1.06828,1.06707,1.06743,67063497360.0
2024-05-01 18:00:00,1.06743,1.07326,1.06707,1.07283,68757061059.0
2024-05-01 19:00:00,1.07282,1.07302,1.06890,1.06895,68379748684.0
2024-05-01 20:00:00,1.06892,1.07229,1.06867,1.07119,67632338698.0
2024-05-01 21:00:00,1.07104,1.07162,1.07076,1.07103,67014532469.0
2024-05-01 22:00:00,1.07106,1.07209,1.07106,1.07165,66609728717.0
2024-05-01 23:00:00,1.07164,1.07181,1.07119,1.07170,66685500133.0
2024-05-02 00:00:00,1.07170,1.07170,1.07095,1.07117,67122941460.0
2024-05-02 01:00:00,1.07116,1.07156,1.07069,1.07154,67123594857.0
2024-05-02 02:00:00,1.07153,1.07207,1.07153,1.07186,67113442997.0
2024-05-02 03:00:00,1.07188,1.07188,1.07127,1.07146,67104605467.0
2024-05-02 04:00:00,1.07147,1.07203,1.07143,1.07177,66631400817.0
2024-05-02 05:00:00,1.07176,1.07204,1.07122,1.07160,66979736120.0
2024-05-02 06:00:00,1.07160,1.07273,1.07136,1.07175,67661217955.0
2024-05-02 07:00:00,1.07175,1.07281,1.07128,1.07153,67841429012.0
2024-05-02 08:00:00,1.07153,1.07191,1.06998,1.07042,67630490912.0
2024-05-02 09:00:00,1.07041,1.07089,1.06957,1.07032,67361821819.0
2024-05-02 10:00:00,1.07032,1.07061,1.06967,1.07038,67268931746.0
2024-05-02 11:00:00,1.07040,1.07060,1.06955,1.07023,67480983632.0
2024-05-02 12:00:00,1.07024,1.07122,1.06934,1.07011,67906987209.0
2024-05-02 13:00:00,1.07012,1.07032,1.06801,1.06868,68109637302.0
2024-05-02 14:00:00,1.06867,1.06907,1.06742,1.06882,68067089610.0
2024-05-02 15:00:00,1.06882,1.07082,1.06858,1.07049,67847131301.0
2024-05-02 16:00:00,1.07052,1.07215,1.07018,1.07166,67304880868.0
2024-05-02 17:00:00,1.07168,1.07228,1.07139,1.07193,67273299395.0
2024-05-02 18:00:00,1.07194,1.07302,1.07182,1.07302,67206373046.0
2024-05-02 19:00:00,1.07302,1.07302,1.07233,1.07271,67148589626.0
2024-05-02 20:00:00,1.07271,1.07278,1.07243,1.07243,65327050913.0
2024-05-02 21:00:00,1.07244,1.07261,1.07227,1.07233,64762517915.0
2024-05-02 22:00:00,1.07233,1.07296,1.07233,1.07287,66139815938.0
2024-05-02 23:00:00,1.07287,1.07308,1.07279,1.07298,66296218257.0
2024-05-03 00:00:00,1.07300,1.07316,1.07243,1.07313,67032840273.0
2024-05-03 01:00:00,1.07313,1.07393,1.07309,1.07372,67185679399.0
2024-05-03 02:00:00,1.07370,1.07376,1.07327,1.07333,66868541190.0
2024-05-03 03:00:00,1.07332,1.07351,1.07314,1.07348,66689991963.0
2024-05-03 04:00:00,1.07349,1.07359,1.07321,1.07322,66836794573.0
2024-05-03 05:00:00,1.07322,1.07380,1.07318,1.07357,66756355688.0
2024-05-03 06:00:00,1.07359,1.07360,1.07296,1.07298,67601576103.0
2024-05-03 07:00:00,1.07298,1.07381,1.07244,1.07345,67514117978.0
2024-05-03 08:00:00,1.07344,1.07441,1.07323,1.07425,67386174671.0
2024-05-03 09:00:00,1.07424,1.07477,1.07403,1.07431,67068174664.0
2024-05-03 10:00:00,1.07431,1.07454,1.07387,1.07431,66962893041.0
2024-05-03 11:00:00,1.07431,1.07496,1.07425,1.07455,67172420159.0
2024-05-03 12:00:00,1.07456,1.08124,1.07436,1.07937,68249252492.0
2024-05-03 13:00:00,1.07937,1.07962,1.07709,1.07762,68487059705.0
2024-05-03 14:00:00,1.07760,1.07979,1.07514,1.07657,68604066611.0
2024-05-03 15:00:00,1.07658,1.07800,1.07637,1.07691,67835258961.0
2024-05-03 16:00:00,1.07690,1.07732,1.07616,1.07634,67306496656.0
2024-05-03 17:00:00,1.07635,1.07676,1.07592,1.07649,66862856272.0
2024-05-03 18:00:00,1.07648,1.07681,1.07637,1.07673,66868644084.0
2024-05-03 19:00:00,1.07673,1.07693,1.07637,1.07641,67067611713.0
2024-05-03 20:00:00,1.07641,1.07667,1.07594,1.07594,66675987580.0
2024-05-05 21:00:00,1.07600,1.07645,1.07600,1.07634,48493516547.0
2024-05-05 22:00:00,1.07634,1.07646,1.07614,1.07623,64683214111.0
2024-05-05 23:00:00,1.07623,1.07646,1.07575,1.07583,66467201024.0
2024-05-06 00:00:00,1.07582,1.07689,1.07553,1.07674,66809775391.0
2024-05-06 01:00:00,1.07673,1.07708,1.07628,1.07701,66896066637.0
2024-05-06 02:00:00,1.07702,1.07715,1.07649,1.07653,66998451571.0
2024-05-06 03:00:00,1.07653,1.07668,1.07621,1.07648,66895962763.0
2024-05-06 04:00:00,1.07647,1.07654,1.07622,1.07629,65490161499.0
2024-05-06 05:00:00,1.07628,1.07649,1.07599,1.07608,66618893270.0
2024-05-06 06:00:00,1.07610,1.07651,1.07593,1.07623,67288098404.0
2024-05-06 07:00:00,1.07624,1.07695,1.07602,1.07614,67470228193.0
2024-05-06 08:00:00,1.07615,1.07761,1.07576,1.07684,67327424266.0
2024-05-06 09:00:00,1.07684,1.07721,1.07661,1.07695,67105404357.0
2024-05-06 10:00:00,1.07696,1.07731,1.07662,1.07721,67180868073.0
2024-05-06 11:00:00,1.07719,1.07743,1.07688,1.07725,67130074726.0
2024-05-06 12:00:00,1.07724,1.07907,1.07722,1.07873,67294501602.0
2024-05-06 13:00:00,1.07875,1.07889,1.07811,1.07865,67394888334.0
2024-05-06 14:00:00,1.07866,1.07868,1.07785,1.07802,67386758269.0
2024-05-06 15:00:00,1.07801,1.07801,1.07745,1.07788,67122048370.0
2024-05-06 16:00:00,1.07787,1.07788,1.07712,1.07742,66793323888.0
2024-05-06 17:00:00,1.07742,1.07765,1.07731,1.07741,66756302602.0
2024-05-06 18:00:00,1.07740,1.07751,1.07720,1.07745,67011348068.0
2024-05-06 19:00:00,1.07746,1.07748,1.07666,1.07674,67146695965.0
2024-05-06 20:00:00,1.07676,1.07702,1.07662,1.07672,66219577838.0
2024-05-06 21:00:00,1.07667,1.07709,1.07656,1.07689,65631693048.0
2024-05-06 22:00:00,1.07688,1.07707,1.07685,1.07685,52527743633.0
2024-05-06 23:00:00,1.07686,1.07687,1.07660,1.07672,59354748680.0
2024-05-07 00:00:00,1.07671,1.07761,1.07665,1.07750,67033171229.0
2024-05-07 01:00:00,1.07750,1.07768,1.07641,1.07655,67142459389.0
2024-05-07 02:00:00,1.07655,1.07666,1.07607,1.07637,66987132844.0
2024-05-07 03:00:00,1.07636,1.07690,1.07631,1.07687,66806313122.0
2024-05-07 04:00:00,1.07687,1.07694,1.07631,1.07657,66828923044.0
2024-05-07 05:00:00,1.07657,1.07693,1.07572,1.07583,66790404913.0
2024-05-07 06:00:00,1.07583,1.07643,1.07542,1.07636,67298605463.0
2024-05-07 07:00:00,1.07637,1.07696,1.07608,1.07647,67490425406.0
2024-05-07 08:00:00,1.07644,1.07652,1.07557,1.07637,67287706828.0
2024-05-07 09:00:00,1.07636,1.07639,1.07552,1.07596,67181285214.0
2024-05-07 10:00:00,1.07596,1.07696,1.07583,1.07688,67145834168.0
2024-05-07 11:00:00,1.07691,1.07702,1.07626,1.07666,67247927132.0
2024-05-07 12:00:00,1.07666,1.07791,1.07640,1.07755,67322838385.0
2024-05-07 13:00:00,1.07756,1.07873,1.07741,1.07807,67463037251.0
2024-05-07 14:00:00,1.07807,1.07825,1.07727,1.07778,67475997986.0
2024-05-07 15:00:00,1.07777,1.07828,1.07663,1.07666,67540390707.0
2024-05-07 16:00:00,1.07668,1.07742,1.07660,1.07703,67105560165.0
2024-05-07 17:00:00,1.07703,1.07706,1.07561,1.07566,67194295416.0
2024-05-07 18:00:00,1.07566,1.07566,1.07478,1.07513,67279056735.0
2024-05-07 19:00:00,1.07513,1.07576,1.07512,1.07564,66983727593.0
2024-05-07 20:00:00,1.07565,1.07565,1.07544,1.07547,66412593150.0
2024-05-07 21:00:00,1.07538,1.07564,1.07524,1.07560,65490400052.0
2024-05-07 22:00:00,1.07559,1.07563,1.07507,1.07510,63738740733.0
2024-05-07 23:00:00,1.07511,1.07514,1.07473,1.07498,61792527320.0
2024-05-08 00:00:00,1.07498,1.07541,1.07469,1.07479,67145297101.0
2024-05-08 01:00:00,1.07480,1.07488,1.07402,1.07404,67048213053.0
2024-05-08 02:00:00,1.07402,1.07424,1.07380,1.07412,66977706147.0
2024-05-08 03:00:00,1.07412,1.07436,1.07386,1.07411,66667569481.0
2024-05-08 04:00:00,1.07411,1.07422,1.07389,1.07413,66556471540.0
2024-05-08 05:00:00,1.07412,1.07420,1.07386,1.07408,66558073243.0
2024-05-08 06:00:00,1.07408,1.07490,1.07406,1.07447,66941298933.0
2024-05-08 07:00:00,1.07447,1.07461,1.07371,1.07385,67311769027.0
2024-05-08 08:00:00,1.07385,1.07447,1.07350,1.07441,67323677901.0
2024-05-08 09:00:00,1.07441,1.07525,1.07441,1.07512,67276438570.0
2024-05-08 10:00:00,1.07512,1.07533,1.07485,1.07488,67033900316.0
2024-05-08 11:00:00,1.07489,1.07539,1.07439,1.07460,67363471687.0
2024-05-08 12:00:00,1.07462,1.07490,1.07397,1.07489,67255772774.0
2024-05-08 13:00:00,1.07490,1.07538,1.07462,1.07505,67479913431.0
2024-05-08 14:00:00,1.07507,1.07548,1.07462,1.07491,67385026807.0
2024-05-08 15:00:00,1.07491,1.07574,1.07442,1.07548,67311302737.0
2024-05-08 16:00:00,1.07547,1.07548,1.07445,1.07458,67109739566.0
2024-05-08 17:00:00,1.07458,1.07468,1.07409,1.07431,66901548728.0
2024-05-08 18:00:00,1.07429,1.07468,1.07411,1.07452,66671985296.0
2024-05-08 19:00:00,1.07451,1.07462,1.07431,1.07453,67127230790.0
2024-05-08 20:00:00,1.07454,1.07484,1.07438,1.07479,64007906265.0
2024-05-08 21:00:00,1.07477,1.07489,1.07450,1.07478,64001410336.0
2024-05-08 22:00:00,1.07485,1.07505,1.07485,1.07488,57095058227.0
2024-05-08 23:00:00,1.07492,1.07494,1.07462,1.07468,62737794993.0
2024-05-09 00:00:00,1.07468,1.07470,1.07423,1.07432,66779043592.0
2024-05-09 01:00:00,1.07431,1.07486,1.07423,1.07476,66896811787.0
2024-05-09 02:00:00,1.07475,1.07482,1.07450,1.07474,66534874809.0
2024-05-09 03:00:00,1.07474,1.07515,1.07464,1.07476,66468017604.0
2024-05-09 04:00:00,1.07477,1.07504,1.07451,1.07453,64473620808.0
2024-05-09 05:00:00,1.07453,1.07464,1.07421,1.07436,66722589901.0
2024-05-09 06:00:00,1.07437,1.07445,1.07360,1.07374,67037524790.0
2024-05-09 07:00:00,1.07373,1.07412,1.07296,1.07346,67355631938.0
2024-05-09 08:00:00,1.07345,1.07352,1.07260,1.07280,67315201476.0
2024-05-09 09:00:00,1.07281,1.07315,1.07261,1.07304,67082643045.0
2024-05-09 10:00:00,1.07305,1.07384,1.07302,1.07347,67060923763.0
2024-05-09 11:00:00,1.07346,1.07362,1.07239,1.07273,67590008668.0
2024-05-09 12:00:00,1.07272,1.07623,1.07270,1.07593,67971269098.0
2024-05-09 13:00:00,1.07593,1.07675,1.07505,1.07636,67940302846.0
2024-05-09 14:00:00,1.07635,1.07801,1.07626,1.07756,67799902620.0
2024-05-09 15:00:00,1.07757,1.07817,1.07691,1.07703,67326861968.0
2024-05-09 16:00:00,1.07704,1.07778,1.07703,1.07758,66866269389.0
2024-05-09 17:00:00,1.07757,1.07803,1.07736,1.07774,67068472527.0
2024-05-09 18:00:00,1.07773,1.07826,1.07756,1.07818,66749220782.0
2024-05-09 19:00:00,1.07816,1.07844,1.07807,1.07823,66946320305.0
2024-05-09 20:00:00,1.07822,1.07834,1.07811,1.07820,61341351279.0
2024-05-09 21:00:00,1.07820,1.07832,1.07800,1.07810,65064423915.0
2024-05-09 22:00:00,1.07811,1.07858,1.07809,1.07844,63387220054.0
2024-05-09 23:00:00,1.07848,1.07852,1.07813,1.07817,65051075545.0
2024-05-10 00:00:00,1.07817,1.07822,1.07765,1.07791,65635993519.0
2024-05-10 01:00:00,1.07791,1.07825,1.07758,1.07761,66819105092.0
2024-05-10 02:00:00,1.07761,1.07776,1.07731,1.07740,66771838566.0
2024-05-10 03:00:00,1.07742,1.07766,1.07737,1.07760,66046158440.0
2024-05-10 04:00:00,1.07761,1.07768,1.07739,1.07740,60325178896.0
2024-05-10 05:00:00,1.07740,1.07768,1.07738,1.07757,66479009302.0
2024-05-10 06:00:00,1.07756,1.07832,1.07715,1.07768,67253325990.0
2024-05-10 07:00:00,1.07769,1.07840,1.07761,1.07810,67496820082.0
2024-05-10 08:00:00,1.07812,1.07866,1.07771,1.07805,67581251746.0
2024-05-10 09:00:00,1.07806,1.07861,1.07791,1.07797,67243755442.0
2024-05-10 10:00:00,1.07796,1.07818,1.07754,1.07784,67101767760.0
2024-05-10 11:00:00,1.07784,1.07806,1.07752,1.07792,66897537596.0
2024-05-10 12:00:00,1.07791,1.07812,1.07662,1.07700,67438731264.0
2024-05-10 13:00:00,1.07702,1.07900,1.07696,1.07871,67421033268.0
2024-05-10 14:00:00,1.07872,1.07889,1.07603,1.07639,67856336814.0
2024-05-10 15:00:00,1.07640,1.07724,1.07624,1.07721,67306554000.0
2024-05-10 16:00:00,1.07721,1.07793,1.07695,1.07759,66919429570.0
2024-05-10 17:00:00,1.07761,1.07773,1.07732,1.07741,66759054131.0
2024-05-10 18:00:00,1.07741,1.07741,1.07698,1.07736,65426864208.0
2024-05-10 19:00:00,1.07735,1.07757,1.07717,1.07718,66546763041.0
2024-05-10 20:00:00,1.07717,1.07722,1.07684,1.07694,66342254016.0
2024-05-12 21:00:00,1.07721,1.07722,1.07663,1.07711,56650146776.0
2024-05-12 22:00:00,1.07710,1.07731,1.07708,1.07728,66250744797.0
2024-05-12 23:00:00,1.07729,1.07752,1.07701,1.07702,65528952915.0
2024-05-13 00:00:00,1.07701,1.07722,1.07681,1.07691,67128109957.0
2024-05-13 01:00:00,1.07692,1.07731,1.07668,1.07689,67147408673.0
2024-05-13 02:00:00,1.07689,1.07723,1.07658,1.07712,66713623592.0
2024-05-13 03:00:00,1.07713,1.07722,1.07689,1.07716,65570460792.0
2024-05-13 04:00:00,1.07715,1.07724,1.07691,1.07696,66433551565.0
2024-05-13 05:00:00,1.07696,1.07746,1.07695,1.07730,66520983144.0
2024-05-13 06:00:00,1.07730,1.07757,1.07687,1.07700,66942417966.0
2024-05-13 07:00:00,1.07700,1.07798,1.07691,1.07757,67327119852.0
2024-05-13 08:00:00,1.07756,1.07845,1.07735,1.07837,67112482899.0
2024-05-13 09:00:00,1.07837,1.07888,1.07814,1.07827,67155267091.0
2024-05-13 10:00:00,1.07826,1.07849,1.07772,1.07817,66990520404.0
2024-05-13 11:00:00,1.07816,1.07944,1.07812,1.07892,66979845901.0
2024-05-13 12:00:00,1.07892,1.07997,1.07888,1.07981,67473029858.0
2024-05-13 13:00:00,1.07982,1.08068,1.07968,1.08041,67528640431.0
2024-05-13 14:00:00,1.08041,1.08053,1.07956,1.08038,67304453896.0
2024-05-13 15:00:00,1.08038,1.08042,1.07893,1.07953,67354322204.0
2024-05-13 16:00:00,1.07952,1.07989,1.07931,1.07934,66531648472.0
2024-05-13 17:00:00,1.07935,1.07939,1.07869,1.07916,66566045037.0
2024-05-13 18:00:00,1.07915,1.07934,1.07890,1.07896,66364002142.0
2024-05-13 19:00:00,1.07895,1.07899,1.07867,1.07889,66314745283.0
2024-05-13 20:00:00,1.07890,1.07899,1.07882,1.07888,62392008701.0
2024-05-13 21:00:00,1.07897,1.07899,1.07859,1.07896,65548737573.0
2024-05-13 22:00:00,1.07895,1.07906,1.07886,1.07898,61894674351.0
2024-05-13 23:00:00,1.07899,1.07935,1.07895,1.07920,59969296138.0
2024-05-14 00:00:00,1.07922,1.07922,1.07853,1.07875,66037986098.0
2024-05-14 01:00:00,1.07875,1.07896,1.07843,1.07872,66134520627.0
2024-05-14 02:00:00,1.07873,1.07873,1.07845,1.07867,65755292631.0
2024-05-14 03:00:00,1.07867,1.07880,1.07853,1.07876,65880541102.0
2024-05-14 04:00:00,1.07876,1.07888,1.07853,1.07854,62356986266.0
2024-05-14 05:00:00,1.07853,1.07870,1.07844,1.07862,65751382753.0
2024-05-14 06:00:00,1.07865,1.07893,1.07828,1.07876,66819354784.0
2024-05-14 07:00:00,1.07877,1.07888,1.07856,1.07871,66601484287.0
2024-05-14 08:00:00,1.07871,1.07872,1.07753,1.07835,67409392110.0
2024-05-14 09:00:00,1.07836,1.07935,1.07836,1.07927,67308300204.0
2024-05-14 10:00:00,1.07928,1.07987,1.07921,1.07962,67058707335.0
2024-05-14 11:00:00,1.07964,1.07989,1.07925,1.07925,66770450515.0
2024-05-14 12:00:00,1.07927,1.08105,1.07669,1.08030,67913422029.0
2024-05-14 13:00:00,1.08030,1.08226,1.08006,1.08189,67959720672.0
2024-05-14 14:00:00,1.08188,1.08256,1.08099,1.08246,67606462790.0
2024-05-14 15:00:00,1.08248,1.08250,1.08151,1.08182,67433819015.0
2024-05-14 16:00:00,1.08179,1.08201,1.08137,1.08167,67018109751.0
2024-05-14 17:00:00,1.08168,1.08200,1.08155,1.08191,66570049288.0
2024-05-14 18:00:00,1.08192,1.08230,1.08187,1.08198,66319548418.0
2024-05-14 19:00:00,1.08199,1.08217,1.08192,1.08200,66253038554.0
2024-05-14 20:00:00,1.08201,1.08209,1.08176,1.08176,63761753045.0
2024-05-14 21:00:00,1.08175,1.08198,1.08162,1.08175,64926093147.0
2024-05-14 22:00:00,1.08175,1.08180,1.08160,1.08166,61198750187.0
2024-05-14 23:00:00,1.08166,1.08167,1.08136,1.08138,62862586018.0
2024-05-15 00:00:00,1.08137,1.08177,1.08130,1.08169,66377610693.0
2024-05-15 01:00:00,1.08169,1.08226,1.08165,1.08224,66075063746.0
2024-05-15 02:00:00,1.08224,1.08266,1.08199,1.08252,66159230323.0
2024-05-15 03:00:00,1.08253,1.08277,1.08250,1.08261,65822132793.0
2024-05-15 04:00:00,1.08261,1.08261,1.08205,1.08214,66235705258.0
2024-05-15 05:00:00,1.08214,1.08280,1.08211,1.08269,64903909210.0
2024-05-15 06:00:00,1.08270,1.08307,1.08225,1.08304,66694930102.0
2024-05-15 07:00:00,1.08305,1.08324,1.08252,1.08258,66999444438.0
2024-05-15 08:00:00,1.08258,1.08345,1.08245,1.08297,66913286880.0
2024-05-15 09:00:00,1.08298,1.08320,1.08247,1.08280,67085318881.0
2024-05-15 10:00:00,1.08280,1.08299,1.08234,1.08246,66498670755.0
2024-05-15 11:00:00,1.08245,1.08293,1.08218,1.08293,67194877380.0
2024-05-15 12:00:00,1.08293,1.08695,1.08280,1.08612,68358863994.0
2024-05-15 13:00:00,1.08612,1.08659,1.08316,1.08350,68272044442.0
2024-05-15 14:00:00,1.08351,1.08600,1.08340,1.08575,67772508407.0
2024-05-15 15:00:00,1.08575,1.08744,1.08557,1.08597,67774654547.0
2024-05-15 16:00:00,1.08598,1.08736,1.08561,1.08720,67359861642.0
2024-05-15 17:00:00,1.08719,1.08804,1.08716,1.08799,67051218534.0
2024-05-15 18:00:00,1.08799,1.08805,1.08727,1.08783,66865521297.0
2024-05-15 19:00:00,1.08782,1.08829,1.08776,1.08817,66781025401.0
2024-05-15 20:00:00,1.08817,1.08860,1.08814,1.08843,63945893482.0
2024-05-15 21:00:00,1.08842,1.08849,1.08784,1.08832,65173052459.0
2024-05-15 22:00:00,1.08832,1.08899,1.08831,1.08890,65630917756.0
2024-05-15 23:00:00,1.08894,1.08901,1.08876,1.08883,64284086765.0
2024-05-16 00:00:00,1.08883,1.08949,1.08866,1.08936,67139178332.0
2024-05-16 01:00:00,1.08936,1.08938,1.08842,1.08866,67144725955.0
2024-05-16 02:00:00,1.08865,1.08881,1.08814,1.08871,67004183346.0
2024-05-16 03:00:00,1.08870,1.08892,1.08858,1.08872,66863106621.0
2024-05-16 04:00:00,1.08872,1.08872,1.08840,1.08847,66367009588.0
2024-05-16 05:00:00,1.08849,1.08851,1.08794,1.08795,66725263442.0
2024-05-16 06:00:00,1.08795,1.08828,1.08745,1.08763,67486755062.0
2024-05-16 07:00:00,1.08764,1.08818,1.08730,1.08745,67476049102.0
2024-05-16 08:00:00,1.08743,1.08764,1.08662,1.08733,67293947164.0
2024-05-16 09:00:00,1.08732,1.08748,1.08687,1.08699,66806028038.0
2024-05-16 10:00:00,1.08699,1.08737,1.08664,1.08722,66713816934.0
2024-05-16 11:00:00,1.08723,1.08747,1.08617,1.08666,66789220353.0
2024-05-16 12:00:00,1.08667,1.08744,1.08606,1.08631,67793505323.0
2024-05-16 13:00:00,1.08631,1.08668,1.08545,1.08559,67866337281.0
2024-05-16 14:00:00,1.08562,1.08703,1.08544,1.08701,67457197344.0
2024-05-16 15:00:00,1.08701,1.08757,1.08666,1.08751,67214667450.0
2024-05-16 16:00:00,1.08751,1.08754,1.08698,1.08734,66969277237.0
2024-05-16 17:00:00,1.08733,1.08754,1.08684,1.08706,66715450734.0
2024-05-16 18:00:00,1.08707,1.08717,1.08658,1.08709,66779177292.0
2024-05-16 19:00:00,1.08708,1.08708,1.08668,1.08669,66945052835.0
2024-05-16 20:00:00,1.08668,1.08672,1.08646,1.08665,62571939758.0
2024-05-16 21:00:00,1.08665,1.08675,1.08637,1.08659,65006762066.0
2024-05-16 22:00:00,1.08660,1.08691,1.08660,1.08676,58815364464.0
2024-05-16 23:00:00,1.08676,1.08678,1.08659,1.08677,61293856028.0
2024-05-17 00:00:00,1.08679,1.08688,1.08598,1.08628,65553281839.0
2024-05-17 01:00:00,1.08630,1.08637,1.08572,1.08594,65702956566.0
2024-05-17 02:00:00,1.08595,1.08604,1.08543,1.08570,66676852002.0
2024-05-17 03:00:00,1.08571,1.08615,1.08567,1.08590,64166229445.0
2024-05-17 04:00:00,1.08588,1.08594,1.08554,1.08560,65607755365.0
2024-05-17 05:00:00,1.08560,1.08621,1.08555,1.08610,66462102324.0
2024-05-17 06:00:00,1.08610,1.08667,1.08582,1.08626,66952493137.0
2024-05-17 07:00:00,1.08626,1.08683,1.08574,1.08588,67276319292.0
2024-05-17 08:00:00,1.08588,1.08594,1.08415,1.08441,67352053352.0
2024-05-17 09:00:00,1.08443,1.08467,1.08409,1.08446,66932420114.0
2024-05-17 10:00:00,1.08446,1.08446,1.08360,1.08383,66861145125.0
2024-05-17 11:00:00,1.08382,1.08453,1.08356,1.08431,66850995567.0
2024-05-17 12:00:00,1.08432,1.08456,1.08390,1.08428,67171006873.0
2024-05-17 13:00:00,1.08430,1.08564,1.08430,1.08553,67447380376.0
2024-05-17 14:00:00,1.08554,1.08772,1.08550,1.08764,67521556645.0
2024-05-17 15:00:00,1.08764,1.08784,1.08651,1.08686,67338627972.0
2024-05-17 16:00:00,1.08686,1.08743,1.08671,1.08686,66950677791.0
2024-05-17 17:00:00,1.08685,1.08743,1.08682,1.08736,66994633442.0
2024-05-17 18:00:00,1.08735,1.08768,1.08719,1.08756,66916225185.0
2024-05-17 19:00:00,1.08755,1.08762,1.08705,1.08724,66382250639.0
2024-05-17 20:00:00,1.08726,1.08727,1.08674,1.08674,65505343238.0
2024-05-19 21:00:00,1.08664,1.08698,1.08640,1.08686,52982846583.0
2024-05-19 22:00:00,1.08688,1.08729,1.08679,1.08704,61305893691.0
2024-05-19 23:00:00,1.08707,1.08741,1.08703,1.08724,61923169078.0
2024-05-20 00:00:00,1.08725,1.08771,1.08689,1.08750,66740895745.0
2024-05-20 01:00:00,1.08749,1.08765,1.08718,1.08752,66746585253.0
2024-05-20 02:00:00,1.08752,1.08752,1.08715,1.08740,66769700127.0
2024-05-20 03:00:00,1.08741,1.08786,1.08727,1.08779,64861296396.0
2024-05-20 04:00:00,1.08780,1.08823,1.08776,1.08806,66195984219.0
2024-05-20 05:00:00,1.08807,1.08825,1.08795,1.08805,66220519588.0
2024-05-20 06:00:00,1.08803,1.08844,1.08776,1.08781,67305919609.0
2024-05-20 07:00:00,1.08781,1.08808,1.08693,1.08730,67548640386.0
2024-05-20 08:00:00,1.08729,1.08763,1.08713,1.08746,66637057227.0
2024-05-20 09:00:00,1.08745,1.08750,1.08664,1.08689,66976311870.0
2024-05-20 10:00:00,1.08689,1.08736,1.08686,1.08706,66582750825.0
2024-05-20 11:00:00,1.08707,1.08716,1.08598,1.08600,67056518103.0
2024-05-20 12:00:00,1.08602,1.08630,1.08540,1.08574,67606263234.0
2024-05-20 13:00:00,1.08575,1.08673,1.08575,1.08651,67516546415.0
2024-05-20 14:00:00,1.08650,1.08697,1.08627,1.08649,67358285168.0
2024-05-20 15:00:00,1.08649,1.08649,1.08579,1.08605,67177434317.0
2024-05-20 16:00:00,1.08606,1.08660,1.08592,1.08658,66388708557.0
2024-05-20 17:00:00,1.08658,1.08706,1.08628,1.08641,66739796051.0
2024-05-20 18:00:00,1.08640,1.08666,1.08611,1.08650,65494802762.0
2024-05-20 19:00:00,1.08649,1.08650,1.08591,1.08597,66856348877.0
2024-05-20 20:00:00,1.08596,1.08599,1.08564,1.08565,66176474149.0
2024-05-20 21:00:00,1.08562,1.08598,1.08553,1.08596,63624940097.0
2024-05-20 22:00:00,1.08592,1.08596,1.08563,1.08588,55369315120.0
2024-05-20 23:00:00,1.08587,1.08607,1.08583,1.08602,65467703622.0
2024-05-21 00:00:00,1.08603,1.08618,1.08564,1.08613,66748707633.0
2024-05-21 01:00:00,1.08613,1.08614,1.08553,1.08556,67078565070.0
2024-05-21 02:00:00,1.08557,1.08565,1.08509,1.08555,67316940141.0
2024-05-21 03:00:00,1.08554,1.08568,1.08539,1.08559,66546462888.0
2024-05-21 04:00:00,1.08557,1.08600,1.08552,1.08587,66379749128.0
2024-05-21 05:00:00,1.08587,1.08614,1.08565,1.08584,66815066765.0
2024-05-21 06:00:00,1.08583,1.08635,1.08568,1.08614,67163309346.0
2024-05-21 07:00:00,1.08616,1.08669,1.08593,1.08644,67388917022.0
2024-05-21 08:00:00,1.08643,1.08695,1.08598,1.08667,67373461015.0
2024-05-21 09:00:00,1.08668,1.08747,1.08663,1.08718,67245029457.0
2024-05-21 10:00:00,1.08722,1.08732,1.08658,1.08666,67280573890.0
2024-05-21 11:00:00,1.08667,1.08697,1.08643,1.08682,67219768607.0
2024-05-21 12:00:00,1.08685,1.08706,1.08547,1.08570,67690164226.0
2024-05-21 13:00:00,1.08572,1.08604,1.08425,1.08495,68181061303.0
2024-05-21 14:00:00,1.08498,1.08616,1.08462,1.08593,67752976383.0
2024-05-21 15:00:00,1.08594,1.08611,1.08529,1.08539,67433558180.0
2024-05-21 16:00:00,1.08539,1.08566,1.08520,1.08539,67091926222.0
2024-05-21 17:00:00,1.08537,1.08543,1.08463,1.08532,66652639067.0
2024-05-21 18:00:00,1.08532,1.08554,1.08501,1.08519,66659426629.0
2024-05-21 19:00:00,1.08520,1.08562,1.08508,1.08558,66557035808.0
2024-05-21 20:00:00,1.08559,1.08564,1.08534,1.08535,61330978241.0
2024-05-21 21:00:00,1.08531,1.08563,1.08531,1.08545,66379821217.0
2024-05-21 22:00:00,1.08545,1.08574,1.08536,1.08571,65881469090.0
2024-05-21 23:00:00,1.08572,1.08594,1.08539,1.08540,62810627767.0
2024-05-22 00:00:00,1.08539,1.08597,1.08538,1.08575,65659123795.0
2024-05-22 01:00:00,1.08572,1.08616,1.08553,1.08598,66991541452.0
2024-05-22 02:00:00,1.08597,1.08633,1.08569,1.08589,67210935664.0
2024-05-22 03:00:00,1.08590,1.08592,1.08536,1.08556,66844872540.0
2024-05-22 04:00:00,1.08557,1.08560,1.08527,1.08533,66335451384.0
2024-05-22 05:00:00,1.08534,1.08565,1.08520,1.08558,66614221866.0
2024-05-22 06:00:00,1.08557,1.08632,1.08554,1.08612,67700704952.0
2024-05-22 07:00:00,1.08613,1.08633,1.08501,1.08576,67438707015.0
2024-05-22 08:00:00,1.08577,1.08580,1.08461,1.08486,67325393634.0
2024-05-22 09:00:00,1.08484,1.08498,1.08411,1.08435,67189915646.0
2024-05-22 10:00:00,1.08437,1.08462,1.08368,1.08375,67220892219.0
2024-05-22 11:00:00,1.08375,1.08384,1.08219,1.08274,67289319668.0
2024-05-22 12:00:00,1.08274,1.08367,1.08264,1.08318,67774545756.0
2024-05-22 13:00:00,1.08319,1.08408,1.08317,1.08353,67578966834.0
2024-05-22 14:00:00,1.08354,1.08399,1.08316,1.08334,67482879269.0
2024-05-22 15:00:00,1.08335,1.08422,1.08330,1.08361,67207338392.0
2024-05-22 16:00:00,1.08361,1.08442,1.08357,1.08424,67196186460.0
2024-05-22 17:00:00,1.08424,1.08469,1.08342,1.08372,67296120336.0
2024-05-22 18:00:00,1.08376,1.08379,1.08177,1.08213,67815747095.0
2024-05-22 19:00:00,1.08213,1.08222,1.08174,1.08209,66912244202.0
2024-05-22 20:00:00,1.08210,1.08235,1.08202,1.08224,65849836832.0
2024-05-22 21:00:00,1.08221,1.08243,1.08210,1.08233,66081246414.0
2024-05-22 22:00:00,1.08239,1.08260,1.08233,1.08251,64640345045.0
2024-05-22 23:00:00,1.08251,1.08269,1.08241,1.08250,63885331657.0
2024-05-23 00:00:00,1.08251,1.08287,1.08246,1.08255,66890351903.0
2024-05-23 01:00:00,1.08254,1.08300,1.08246,1.08277,66940944387.0
2024-05-23 02:00:00,1.08277,1.08291,1.08219,1.08283,66442670900.0
2024-05-23 03:00:00,1.08284,1.08312,1.08271,1.08303,66303108709.0
2024-05-23 04:00:00,1.08302,1.08323,1.08266,1.08266,65039241052.0
2024-05-23 05:00:00,1.08266,1.08281,1.08231,1.08240,66246607504.0
2024-05-23 06:00:00,1.08237,1.08280,1.08214,1.08269,66986505013.0
2024-05-23 07:00:00,1.08269,1.08346,1.08124,1.08290,67943848675.0
2024-05-23 08:00:00,1.08290,1.08448,1.08282,1.08385,67516874589.0
2024-05-23 09:00:00,1.08386,1.08483,1.08335,1.08459,67470145623.0
2024-05-23 10:00:00,1.08458,1.08483,1.08438,1.08452,67134703860.0
2024-05-23 11:00:00,1.08454,1.08525,1.08430,1.08505,66944075036.0
2024-05-23 12:00:00,1.08506,1.08543,1.08455,1.08527,67540927285.0
2024-05-23 13:00:00,1.08529,1.08610,1.08281,1.08341,67901796516.0
2024-05-23 14:00:00,1.08341,1.08422,1.08232,1.08244,68275227277.0
2024-05-23 15:00:00,1.08246,1.08306,1.08203,1.08262,67587672308.0
2024-05-23 16:00:00,1.08261,1.08311,1.08179,1.08183,67411672106.0
2024-05-23 17:00:00,1.08182,1.08200,1.08084,1.08117,67341633458.0
2024-05-23 18:00:00,1.08119,1.08137,1.08048,1.08053,67324766127.0
2024-05-23 19:00:00,1.08052,1.08114,1.08048,1.08101,67060537097.0
2024-05-23 20:00:00,1.08099,1.08158,1.08086,1.08146,63318575020.0
2024-05-23 21:00:00,1.08145,1.08150,1.08106,1.08146,66214769459.0
2024-05-23 22:00:00,1.08145,1.08149,1.08122,1.08131,63379296748.0
2024-05-23 23:00:00,1.08131,1.08149,1.08115,1.08116,63147152504.0
2024-05-24 00:00:00,1.08115,1.08125,1.08075,1.08101,66456304352.0
2024-05-24 01:00:00,1.08102,1.08137,1.08079,1.08105,66700743802.0
2024-05-24 02:00:00,1.08105,1.08110,1.08070,1.08088,66364932752.0
2024-05-24 03:00:00,1.08088,1.08092,1.08056,1.08063,64936044136.0
2024-05-24 04:00:00,1.08063,1.08102,1.08054,1.08091,63792824976.0
2024-05-24 05:00:00,1.08090,1.08111,1.08075,1.08104,66218196340.0
2024-05-24 06:00:00,1.08107,1.08180,1.08090,1.08128,66868162723.0
2024-05-24 07:00:00,1.08129,1.08257,1.08129,1.08243,66985398111.0
2024-05-24 08:00:00,1.08243,1.08282,1.08197,1.08247,67120853482.0
2024-05-24 09:00:00,1.08246,1.08316,1.08236,1.08286,66964079250.0
2024-05-24 10:00:00,1.08287,1.08441,1.08276,1.08402,67060391937.0
2024-05-24 11:00:00,1.08401,1.08429,1.08344,1.08409,67135709511.0
2024-05-24 12:00:00,1.08409,1.08537,1.08375,1.08512,67738549780.0
2024-05-24 13:00:00,1.08511,1.08534,1.08419,1.08428,67779659858.0
2024-05-24 14:00:00,1.08435,1.08506,1.08422,1.08460,67841359381.0
2024-05-24 15:00:00,1.08459,1.08558,1.08456,1.08512,67394963372.0
2024-05-24 16:00:00,1.08511,1.08578,1.08464,1.08470,66948254922.0
2024-05-24 17:00:00,1.08470,1.08527,1.08459,1.08520,66658711639.0
2024-05-24 18:00:00,1.08520,1.08533,1.08480,1.08496,66402096253.0
2024-05-24 19:00:00,1.08495,1.08500,1.08476,1.08488,66991673834.0
2024-05-24 20:00:00,1.08488,1.08492,1.08442,1.08460,65289367060.0
2024-05-26 21:00:00,1.08450,1.08466,1.08430,1.08449,52882681364.0
2024-05-26 22:00:00,1.08451,1.08513,1.08446,1.08504,63560068632.0
2024-05-26 23:00:00,1.08503,1.08504,1.08460,1.08466,64864666912.0
2024-05-27 00:00:00,1.08467,1.08492,1.08466,1.08486,66337320473.0
2024-05-27 01:00:00,1.08488,1.08513,1.08486,1.08499,66730963763.0
2024-05-27 02:00:00,1.08499,1.08519,1.08482,1.08499,65920776269.0
2024-05-27 03:00:00,1.08499,1.08505,1.08475,1.08490,65303178775.0
2024-05-27 04:00:00,1.08492,1.08496,1.08472,1.08485,61221896189.0
2024-05-27 05:00:00,1.08485,1.08492,1.08477,1.08489,62490868448.0
2024-05-27 06:00:00,1.08491,1.08517,1.08442,1.08512,66587397976.0
2024-05-27 07:00:00,1.08511,1.08524,1.08473,1.08504,66873629740.0
2024-05-27 08:00:00,1.08505,1.08533,1.08450,1.08493,67142259183.0
2024-05-27 09:00:00,1.08494,1.08671,1.08488,1.08671,66814359962.0
2024-05-27 10:00:00,1.08673,1.08674,1.08536,1.08628,66800635081.0
2024-05-27 11:00:00,1.08626,1.08641,1.08565,1.08573,67005171957.0
2024-05-27 12:00:00,1.08576,1.08600,1.08405,1.08489,67589713919.0
2024-05-27 13:00:00,1.08490,1.08589,1.08443,1.08550,67333403444.0
2024-05-27 14:00:00,1.08551,1.08596,1.08488,1.08583,67263864177.0
2024-05-27 15:00:00,1.08582,1.08598,1.08562,1.08595,66743660053.0
2024-05-27 16:00:00,1.08595,1.08619,1.08594,1.08597,63023155776.0
2024-05-27 17:00:00,1.08598,1.08606,1.08572,1.08573,62807673401.0
2024-05-27 18:00:00,1.08574,1.08586,1.08571,1.08574,57061638142.0
2024-05-27 19:00:00,1.08573,1.08599,1.08572,1.08597,53786193426.0
2024-05-27 20:00:00,1.08597,1.08607,1.08562,1.08571,57891998923.0
2024-05-27 21:00:00,1.08571,1.08602,1.08521,1.08566,65865306437.0
2024-05-27 22:00:00,1.08562,1.08603,1.08562,1.08596,55449535120.0
2024-05-27 23:00:00,1.08596,1.08618,1.08588,1.08614,60406543151.0
2024-05-28 00:00:00,1.08615,1.08683,1.08608,1.08650,66931272256.0
2024-05-28 01:00:00,1.08649,1.08735,1.08642,1.08722,67343399979.0
2024-05-28 02:00:00,1.08723,1.08768,1.08714,1.08758,67209376564.0
2024-05-28 03:00:00,1.08758,1.08785,1.08737,1.08784,67003801601.0
2024-05-28 04:00:00,1.08784,1.08800,1.08756,1.08760,67319051387.0
2024-05-28 05:00:00,1.08761,1.08780,1.08726,1.08750,66947200118.0
2024-05-28 06:00:00,1.08751,1.08800,1.08737,1.08754,67190692577.0
2024-05-28 07:00:00,1.08753,1.08790,1.08716,1.08774,67179922059.0
2024-05-28 08:00:00,1.08773,1.08797,1.08670,1.08699,67456304745.0
2024-05-28 09:00:00,1.08699,1.08775,1.08672,1.08768,67081054785.0
2024-05-28 10:00:00,1.08769,1.08797,1.08754,1.08782,66843846248.0
2024-05-28 11:00:00,1.08783,1.08890,1.08782,1.08840,67281279714.0
2024-05-28 12:00:00,1.08840,1.08846,1.08747,1.08764,67550379378.0
2024-05-28 13:00:00,1.08763,1.08801,1.08636,1.08641,67863082435.0
2024-05-28 14:00:00,1.08642,1.08769,1.08578,1.08749,67714812478.0
2024-05-28 15:00:00,1.08749,1.08796,1.08712,1.08781,67397943626.0
2024-05-28 16:00:00,1.08782,1.08788,1.08706,1.08747,67028844543.0
2024-05-28 17:00:00,1.08747,1.08757,1.08645,1.08651,67363089288.0
2024-05-28 18:00:00,1.08651,1.08651,1.08551,1.08583,67212743476.0
2024-05-28 19:00:00,1.08584,1.08619,1.08558,1.08611,66827969491.0
2024-05-28 20:00:00,1.08611,1.08614,1.08559,1.08563,65002611672.0
2024-05-28 21:00:00,1.08562,1.08594,1.08562,1.08569,66656036455.0
2024-05-28 22:00:00,1.08572,1.08604,1.08541,1.08564,63743387240.0
2024-05-28 23:00:00,1.08565,1.08568,1.08511,1.08512,66277638144.0
2024-05-29 00:00:00,1.08512,1.08520,1.08477,1.08511,66937268466.0
2024-05-29 01:00:00,1.08511,1.08569,1.08495,1.08516,66995271108.0
2024-05-29 02:00:00,1.08516,1.08540,1.08459,1.08462,66706554882.0
2024-05-29 03:00:00,1.08462,1.08483,1.08457,1.08471,65439053909.0
2024-05-29 04:00:00,1.08470,1.08484,1.08439,1.08476,63904965589.0
2024-05-29 05:00:00,1.08475,1.08487,1.08443,1.08446,66750356848.0
2024-05-29 06:00:00,1.08445,1.08555,1.08445,1.08521,67357155981.0
2024-05-29 07:00:00,1.08521,1.08588,1.08506,1.08520,67554012371.0
2024-05-29 08:00:00,1.08519,1.08519,1.08291,1.08372,67882200100.0
2024-05-29 09:00:00,1.08371,1.08562,1.08368,1.08516,67282339758.0
2024-05-29 10:00:00,1.08512,1.08525,1.08410,1.08467,67204456122.0
2024-05-29 11:00:00,1.08466,1.08517,1.08355,1.08496,67234899561.0
2024-05-29 12:00:00,1.08495,1.08585,1.08461,1.08461,67741601466.0
2024-05-29 13:00:00,1.08462,1.08468,1.08317,1.08383,67748331850.0
2024-05-29 14:00:00,1.08384,1.08417,1.08111,1.08146,67835565835.0
2024-05-29 15:00:00,1.08145,1.08172,1.08088,1.08109,67530656320.0
2024-05-29 16:00:00,1.08109,1.08173,1.08073,1.08154,67144573251.0
2024-05-29 17:00:00,1.08153,1.08159,1.08072,1.08133,67227816754.0
2024-05-29 18:00:00,1.08134,1.08154,1.08048,1.08059,66684093071.0
2024-05-29 19:00:00,1.08060,1.08062,1.07999,1.08017,66994900825.0
2024-05-29 20:00:00,1.08018,1.08031,1.08000,1.08011,66181713104.0
2024-05-29 21:00:00,1.08007,1.08054,1.08007,1.08032,63467446600.0
2024-05-29 22:00:00,1.08032,1.08035,1.08001,1.08009,60972525812.0
2024-05-29 23:00:00,1.08010,1.08023,1.07996,1.08011,66422733537.0
2024-05-30 00:00:00,1.08011,1.08011,1.07952,1.07964,67299920774.0
2024-05-30 01:00:00,1.07965,1.08044,1.07955,1.07982,67082862103.0
2024-05-30 02:00:00,1.07981,1.07996,1.07938,1.07974,67022658599.0
2024-05-30 03:00:00,1.07974,1.07988,1.07961,1.07979,66656427704.0
2024-05-30 04:00:00,1.07979,1.07985,1.07920,1.07959,67104666089.0
2024-05-30 05:00:00,1.07958,1.07958,1.07883,1.07900,67262954211.0
2024-05-30 06:00:00,1.07901,1.07965,1.07895,1.07955,67328449907.0
2024-05-30 07:00:00,1.07956,1.08112,1.07931,1.08084,67736315825.0
2024-05-30 08:00:00,1.08083,1.08186,1.08033,1.08149,67451208335.0
2024-05-30 09:00:00,1.08148,1.08181,1.08112,1.08127,67534789998.0
2024-05-30 10:00:00,1.08128,1.08198,1.08084,1.08174,67199989518.0
2024-05-30 11:00:00,1.08175,1.08216,1.08139,1.08184,67003280914.0
2024-05-30 12:00:00,1.08182,1.08327,1.08129,1.08289,68012653850.0
2024-05-30 13:00:00,1.08293,1.08337,1.08253,1.08290,67907192256.0
2024-05-30 14:00:00,1.08294,1.08443,1.08288,1.08407,67784762165.0
2024-05-30 15:00:00,1.08407,1.08451,1.08361,1.08362,67667712082.0
2024-05-30 16:00:00,1.08364,1.08420,1.08357,1.08399,67020835390.0
2024-05-30 17:00:00,1.08400,1.08433,1.08389,1.08390,66640024702.0
2024-05-30 18:00:00,1.08391,1.08399,1.08352,1.08368,66748107329.0
2024-05-30 19:00:00,1.08367,1.08367,1.08268,1.08301,67030447883.0
2024-05-30 20:00:00,1.08300,1.08326,1.08289,1.08316,66208573029.0
2024-05-30 21:00:00,1.08316,1.08343,1.08270,1.08334,66323344261.0
2024-05-30 22:00:00,1.08334,1.08339,1.08318,1.08334,56962293434.0
2024-05-30 23:00:00,1.08333,1.08335,1.08309,1.08312,64860471952.0
2024-05-31 00:00:00,1.08312,1.08334,1.08293,1.08321,66745459018.0
2024-05-31 01:00:00,1.08320,1.08335,1.08201,1.08204,67244715214.0
2024-05-31 02:00:00,1.08201,1.08224,1.08114,1.08114,66858162258.0
2024-05-31 03:00:00,1.08113,1.08198,1.08112,1.08191,66887717357.0
2024-05-31 04:00:00,1.08193,1.08194,1.08155,1.08183,66784812074.0
2024-05-31 05:00:00,1.08183,1.08213,1.08170,1.08194,66881641511.0
2024-05-31 06:00:00,1.08197,1.08255,1.08145,1.08240,67223333110.0
2024-05-31 07:00:00,1.08238,1.08250,1.08167,1.08228,67559793950.0
2024-05-31 08:00:00,1.08227,1.08385,1.08225,1.08341,67309659750.0
2024-05-31 09:00:00,1.08341,1.08479,1.08340,1.08474,67497540322.0
2024-05-31 10:00:00,1.08477,1.08515,1.08446,1.08497,67282335499.0
2024-05-31 11:00:00,1.08497,1.08552,1.08481,1.08526,67144177744.0
2024-05-31 12:00:00,1.08526,1.08822,1.08496,1.08801,67928843140.0
2024-05-31 13:00:00,1.08802,1.08808,1.08652,1.08689,67901276812.0
2024-05-31 14:00:00,1.08689,1.08774,1.08510,1.08555,68173519338.0
2024-05-31 15:00:00,1.08556,1.08589,1.08416,1.08459,67673712557.0
2024-05-31 16:00:00,1.08460,1.08520,1.08397,1.08473,67425420411.0
2024-05-31 17:00:00,1.08470,1.08526,1.08454,1.08470,66933550939.0
2024-05-31 18:00:00,1.08471,1.08491,1.08410,1.08425,66810526104.0
2024-05-31 19:00:00,1.08424,1.08512,1.08405,1.08510,67055617310.0
2024-05-31 20:00:00,1.08510,1.08521,1.08438,1.08450,64109160039.0
2024-06-02 21:00:00,1.08462,1.08495,1.08453,1.08466,64808832203.0
2024-06-02 22:00:00,1.08466,1.08544,1.08466,1.08511,66517465168.0
2024-06-02 23:00:00,1.08512,1.08529,1.08502,1.08526,66571854806.0
2024-06-03 00:00:00,1.08526,1.08574,1.08512,1.08564,66763692442.0
2024-06-03 01:00:00,1.08565,1.08587,1.08547,1.08576,66829612483.0
2024-06-03 02:00:00,1.08577,1.08579,1.08519,1.08539,66775294935.0
2024-06-03 03:00:00,1.08539,1.08568,1.08493,1.08497,66850726871.0
2024-06-03 04:00:00,1.08497,1.08546,1.08492,1.08517,66360594921.0
2024-06-03 05:00:00,1.08518,1.08540,1.08483,1.08525,66831307900.0
2024-06-03 06:00:00,1.08524,1.08586,1.08467,1.08564,67298891363.0
2024-06-03 07:00:00,1.08563,1.08587,1.08397,1.08398,67585024655.0
2024-06-03 08:00:00,1.08397,1.08423,1.08334,1.08400,67479987487.0
2024-06-03 09:00:00,1.08400,1.08411,1.08321,1.08348,67304599385.0
2024-06-03 10:00:00,1.08348,1.08390,1.08278,1.08370,67229244784.0
2024-06-03 11:00:00,1.08370,1.08448,1.08370,1.08432,67269069377.0
2024-06-03 12:00:00,1.08433,1.08498,1.08405,1.08442,67396967135.0
2024-06-03 13:00:00,1.08443,1.08537,1.08443,1.08516,67616031703.0
2024-06-03 14:00:00,1.08602,1.08825,1.08600,1.08699,68255478093.0
2024-06-03 15:00:00,1.08700,1.08904,1.08696,1.08896,67646402394.0
2024-06-03 16:00:00,1.08895,1.08904,1.08812,1.08851,67557871452.0
2024-06-03 17:00:00,1.08849,1.08886,1.08813,1.08879,67253890257.0
2024-06-03 18:00:00,1.08880,1.08976,1.08868,1.08972,67144133178.0
2024-06-03 19:00:00,1.08971,1.08999,1.08960,1.08999,67081112125.0
2024-06-03 20:00:00,1.08998,1.09045,1.08995,1.09039,64932391157.0
2024-06-03 21:00:00,1.09039,1.09039,1.09002,1.09028,65658827573.0
2024-06-03 22:00:00,1.09028,1.09098,1.09019,1.09071,64919369811.0
2024-06-03 23:00:00,1.09070,1.09089,1.09062,1.09071,66894073034.0
2024-06-04 00:00:00,1.09072,1.09160,1.09072,1.09129,66883798634.0
2024-06-04 01:00:00,1.09127,1.09137,1.09069,1.09076,67049741026.0
2024-06-04 02:00:00,1.09076,1.09085,1.09051,1.09076,66535699906.0
2024-06-04 03:00:00,1.09076,1.09098,1.09068,1.09074,66642230641.0
2024-06-04 04:00:00,1.09074,1.09098,1.09067,1.09093,66258043538.0
2024-06-04 05:00:00,1.09093,1.09108,1.09027,1.09030,66673486069.0
2024-06-04 06:00:00,1.09031,1.09048,1.08963,1.08971,67546077265.0
2024-06-04 07:00:00,1.08970,1.08985,1.08847,1.08901,67784577516.0
2024-06-04 08:00:00,1.08902,1.08907,1.08740,1.08808,67674984778.0
2024-06-04 09:00:00,1.08808,1.08820,1.08692,1.08717,67537073439.0
2024-06-04 10:00:00,1.08717,1.08717,1.08631,1.08663,67596501643.0
2024-06-04 11:00:00,1.08662,1.08705,1.08590,1.08615,67414785065.0
2024-06-04 12:00:00,1.08615,1.08701,1.08615,1.08645,67526319471.0
2024-06-04 13:00:00,1.08646,1.08716,1.08621,1.08660,67580535771.0
2024-06-04 14:00:00,1.08660,1.08822,1.08632,1.08802,68117530540.0
2024-06-04 15:00:00,1.08802,1.08835,1.08749,1.08776,67685839668.0
2024-06-04 16:00:00,1.08777,1.08834,1.08774,1.08803,67378677348.0
2024-06-04 17:00:00,1.08802,1.08877,1.08781,1.08833,67228381674.0
2024-06-04 18:00:00,1.08832,1.08865,1.08802,1.08821,67066865253.0
2024-06-04 19:00:00,1.08820,1.08826,1.08784,1.08809,67246820883.0
2024-06-04 20:00:00,1.08809,1.08809,1.08781,1.08789,62799114404.0
2024-06-04 21:00:00,1.08785,1.08811,1.08780,1.08792,64451130163.0
2024-06-04 22:00:00,1.08791,1.08801,1.08778,1.08795,57932961546.0
2024-06-04 23:00:00,1.08795,1.08819,1.08794,1.08817,61509308247.0
2024-06-05 00:00:00,1.08816,1.08860,1.08783,1.08841,66869861418.0
2024-06-05 01:00:00,1.08842,1.08860,1.08805,1.08840,65576416707.0
2024-06-05 02:00:00,1.08839,1.08856,1.08828,1.08832,66233874510.0
2024-06-05 03:00:00,1.08833,1.08836,1.08766,1.08784,67018855219.0
2024-06-05 04:00:00,1.08783,1.08809,1.08771,1.08805,62994439212.0
2024-06-05 05:00:00,1.08806,1.08822,1.08759,1.08791,66649539868.0
2024-06-05 06:00:00,1.08790,1.08801,1.08721,1.08759,67120543496.0
2024-06-05 07:00:00,1.08758,1.08794,1.08708,1.08715,67640747950.0
2024-06-05 08:00:00,1.08715,1.08767,1.08700,1.08758,67206445141.0
2024-06-05 09:00:00,1.08757,1.08772,1.08714,1.08735,67236227321.0
2024-06-05 10:00:00,1.08734,1.08734,1.08649,1.08685,67175135974.0
2024-06-05 11:00:00,1.08683,1.08691,1.08599,1.08680,67124192219.0
2024-06-05 12:00:00,1.08682,1.08842,1.08680,1.08839,67593374597.0
2024-06-05 13:00:00,1.08840,1.08915,1.08815,1.08891,67924614594.0
2024-06-05 14:00:00,1.08898,1.08898,1.08618,1.08662,68230177335.0
2024-06-05 15:00:00,1.08663,1.08707,1.08629,1.08648,67728627464.0
2024-06-05 16:00:00,1.08648,1.08685,1.08544,1.08642,66964429866.0
2024-06-05 17:00:00,1.08642,1.08674,1.08605,1.08672,66645374405.0
2024-06-05 18:00:00,1.08671,1.08773,1.08657,1.08756,66491534541.0
2024-06-05 19:00:00,1.08756,1.08765,1.08724,1.08740,66448871258.0
2024-06-05 20:00:00,1.08742,1.08742,1.08679,1.08682,62573888143.0
2024-06-05 21:00:00,1.08681,1.08725,1.08681,1.08705,66024381481.0
2024-06-05 22:00:00,1.08704,1.08728,1.08684,1.08728,59995599664.0
2024-06-05 23:00:00,1.08727,1.08744,1.08726,1.08739,62380142758.0
2024-06-06 00:00:00,1.08738,1.08823,1.08738,1.08819,66240058494.0
2024-06-06 01:00:00,1.08819,1.08943,1.08819,1.08940,67231704347.0
2024-06-06 02:00:00,1.08941,1.08957,1.08878,1.08919,66914897756.0
2024-06-06 03:00:00,1.08918,1.08934,1.08895,1.08906,66041940540.0
2024-06-06 04:00:00,1.08906,1.08907,1.08865,1.08871,65017028278.0
2024-06-06 05:00:00,1.08870,1.08874,1.08821,1.08847,67023803842.0
2024-06-06 06:00:00,1.08848,1.08848,1.08770,1.08839,67505998723.0
2024-06-06 07:00:00,1.08839,1.08882,1.08758,1.08782,67177719070.0
2024-06-06 08:00:00,1.08780,1.08790,1.08711,1.08772,66846697063.0
2024-06-06 09:00:00,1.08771,1.08820,1.08755,1.08798,67013297436.0
2024-06-06 10:00:00,1.08797,1.08818,1.08751,1.08762,67113361733.0
2024-06-06 11:00:00,1.08764,1.08768,1.08619,1.08675,67180686214.0
2024-06-06 12:00:00,1.08676,1.09020,1.08643,1.08816,68234686137.0
2024-06-06 13:00:00,1.08815,1.08907,1.08718,1.08850,67920077130.0
2024-06-06 14:00:00,1.08851,1.08912,1.08728,1.08780,67832762693.0
2024-06-06 15:00:00,1.08780,1.08868,1.08775,1.08819,67475908523.0
2024-06-06 16:00:00,1.08820,1.08877,1.08798,1.08818,65822953307.0
2024-06-06 17:00:00,1.08817,1.08936,1.08810,1.08920,66757998016.0
2024-06-06 18:00:00,1.08920,1.08942,1.08860,1.08929,66755275000.0
2024-06-06 19:00:00,1.08930,1.08941,1.08883,1.08892,66879718360.0
2024-06-06 20:00:00,1.08892,1.08931,1.08878,1.08878,66218109829.0
2024-06-06 21:00:00,1.08873,1.08915,1.08873,1.08893,63438332888.0
2024-06-06 22:00:00,1.08893,1.08933,1.08893,1.08918,49233360322.0
2024-06-06 23:00:00,1.08921,1.08927,1.08907,1.08916,66469437116.0
2024-06-07 00:00:00,1.08915,1.08924,1.08867,1.08894,67020213452.0
2024-06-07 01:00:00,1.08895,1.08957,1.08872,1.08957,67172190456.0
2024-06-07 02:00:00,1.08956,1.08978,1.08943,1.08969,66808616058.0
2024-06-07 03:00:00,1.08969,1.08977,1.08936,1.08945,67217525311.0
2024-06-07 04:00:00,1.08944,1.08968,1.08935,1.08952,64541056043.0
2024-06-07 05:00:00,1.08952,1.08954,1.08892,1.08906,67197178020.0
2024-06-07 06:00:00,1.08905,1.08965,1.08880,1.08922,67410603213.0
2024-06-07 07:00:00,1.08921,1.08983,1.08896,1.08926,67581552889.0
2024-06-07 08:00:00,1.08927,1.08929,1.08831,1.08889,67689300461.0
2024-06-07 09:00:00,1.08888,1.08962,1.08880,1.08916,67704739269.0
2024-06-07 10:00:00,1.08915,1.08943,1.08883,1.08886,67457255997.0
2024-06-07 11:00:00,1.08886,1.09018,1.08872,1.08982,67371973673.0
2024-06-07 12:00:00,1.08984,1.09012,1.08239,1.08331,68267894377.0
2024-06-07 13:00:00,1.08331,1.08357,1.08177,1.08193,68347211694.0
2024-06-07 14:00:00,1.08194,1.08256,1.08103,1.08125,67989224490.0
2024-06-07 15:00:00,1.08125,1.08129,1.08041,1.08064,67767745899.0
2024-06-07 16:00:00,1.08065,1.08122,1.08032,1.08051,67502059358.0
2024-06-07 17:00:00,1.08051,1.08061,1.08008,1.08049,67106961486.0
2024-06-07 18:00:00,1.08048,1.08068,1.08008,1.08054,66955026762.0
2024-06-07 19:00:00,1.08053,1.08071,1.08000,1.08002,67103570331.0
2024-06-07 20:00:00,1.08003,1.08038,1.07993,1.08017,66298520535.0
2024-06-09 21:00:00,1.07783,1.07789,1.07644,1.07715,66422742715.0
2024-06-09 22:00:00,1.07724,1.07781,1.07651,1.07771,66903918834.0
2024-06-09 23:00:00,1.07773,1.07798,1.07756,1.07788,64206730689.0
2024-06-10 00:00:00,1.07788,1.07814,1.07739,1.07779,66595970089.0
2024-06-10 01:00:00,1.07781,1.07799,1.07722,1.07745,66612595260.0
2024-06-10 02:00:00,1.07746,1.07749,1.07667,1.07675,65234143151.0
2024-06-10 03:00:00,1.07675,1.07683,1.07554,1.07555,66451279051.0
2024-06-10 04:00:00,1.07554,1.07557,1.07479,1.07541,66744015257.0
2024-06-10 05:00:00,1.07542,1.07555,1.07480,1.07535,66683810607.0
2024-06-10 06:00:00,1.07534,1.07586,1.07490,1.07518,67298340370.0
2024-06-10 07:00:00,1.07517,1.07663,1.07478,1.07644,67581242243.0
2024-06-10 08:00:00,1.07644,1.07681,1.07548,1.07566,67541209907.0
2024-06-10 09:00:00,1.07566,1.07590,1.07405,1.07432,67809799206.0
2024-06-10 10:00:00,1.07431,1.07439,1.07327,1.07369,67636760410.0
2024-06-10 11:00:00,1.07368,1.07547,1.07368,1.07536,66946773811.0
2024-06-10 12:00:00,1.07537,1.07603,1.07412,1.07412,67615787582.0
2024-06-10 13:00:00,1.07411,1.07491,1.07371,1.07401,67783866776.0
2024-06-10 14:00:00,1.07403,1.07447,1.07337,1.07337,67487350130.0
2024-06-10 15:00:00,1.07337,1.07502,1.07332,1.07500,67196252653.0
2024-06-10 16:00:00,1.07501,1.07587,1.07500,1.07541,67404561454.0
2024-06-10 17:00:00,1.07540,1.07604,1.07504,1.07595,67224122489.0
2024-06-10 18:00:00,1.07594,1.07623,1.07566,1.07616,67383088910.0
2024-06-10 19:00:00,1.07616,1.07656,1.07611,1.07630,66958482147.0
2024-06-10 20:00:00,1.07629,1.07664,1.07613,1.07648,62680788496.0
2024-06-10 21:00:00,1.07642,1.07655,1.07594,1.07654,59296067091.0
2024-06-10 22:00:00,1.07653,1.07681,1.07643,1.07652,57078528080.0
2024-06-10 23:00:00,1.07652,1.07653,1.07626,1.07633,66280592508.0
2024-06-11 00:00:00,1.07635,1.07648,1.07612,1.07636,66904416584.0
2024-06-11 01:00:00,1.07637,1.07681,1.07623,1.07667,66966970044.0
2024-06-11 02:00:00,1.07668,1.07688,1.07648,1.07678,66727207894.0
2024-06-11 03:00:00,1.07678,1.07690,1.07665,1.07685,66593872278.0
2024-06-11 04:00:00,1.07683,1.07705,1.07677,1.07683,65332074902.0
2024-06-11 05:00:00,1.07682,1.07699,1.07642,1.07655,66854056427.0
2024-06-11 06:00:00,1.07654,1.07734,1.07654,1.07681,67166784061.0
2024-06-11 07:00:00,1.07680,1.07694,1.07610,1.07640,67577456229.0
2024-06-11 08:00:00,1.07639,1.07645,1.07435,1.07452,67731839713.0
2024-06-11 09:00:00,1.07451,1.07537,1.07403,1.07507,67910239518.0
2024-06-11 10:00:00,1.07507,1.07563,1.07365,1.07409,67830266265.0
2024-06-11 11:00:00,1.07411,1.07415,1.07237,1.07289,67685355686.0
2024-06-11 12:00:00,1.07290,1.07363,1.07242,1.07323,67791115388.0
2024-06-11 13:00:00,1.07323,1.07366,1.07194,1.07239,68007878164.0
2024-06-11 14:00:00,1.07240,1.07293,1.07197,1.07224,67526933871.0
2024-06-11 15:00:00,1.07223,1.07335,1.07220,1.07323,67541732391.0
2024-06-11 16:00:00,1.07324,1.07388,1.07324,1.07372,66769076879.0
2024-06-11 17:00:00,1.07372,1.07431,1.07366,1.07422,67072153028.0
2024-06-11 18:00:00,1.07421,1.07452,1.07406,1.07436,66490838545.0
2024-06-11 19:00:00,1.07435,1.07493,1.07401,1.07401,66919269006.0
2024-06-11 20:00:00,1.07401,1.07418,1.07390,1.07403,61406689362.0
2024-06-11 21:00:00,1.07404,1.07422,1.07392,1.07416,66067151588.0
2024-06-11 22:00:00,1.07415,1.07427,1.07407,1.07407,57905469193.0
2024-06-11 23:00:00,1.07408,1.07414,1.07391,1.07399,60742411220.0
2024-06-12 00:00:00,1.07398,1.07398,1.07348,1.07359,67164787835.0
2024-06-12 01:00:00,1.07359,1.07417,1.07346,1.07398,67138669445.0
2024-06-12 02:00:00,1.07399,1.07426,1.07392,1.07418,66988897076.0
2024-06-12 03:00:00,1.07418,1.07432,1.07400,1.07402,66995626316.0
2024-06-12 04:00:00,1.07401,1.07405,1.07364,1.07366,60915444283.0
2024-06-12 05:00:00,1.07364,1.07460,1.07360,1.07458,66895292661.0
2024-06-12 06:00:00,1.07460,1.07470,1.07389,1.07414,67105561969.0
2024-06-12 07:00:00,1.07415,1.07454,1.07355,1.07444,67433979248.0
2024-06-12 08:00:00,1.07445,1.07539,1.07444,1.07466,67242188143.0
2024-06-12 09:00:00,1.07466,1.07538,1.07441,1.07526,67350507688.0
2024-06-12 10:00:00,1.07527,1.07601,1.07489,1.07586,66964863059.0
2024-06-12 11:00:00,1.07587,1.07654,1.07572,1.07642,67293410097.0
2024-06-12 12:00:00,1.07643,1.08300,1.07621,1.08265,67949872416.0
2024-06-12 13:00:00,1.08264,1.08373,1.08189,1.08366,68371206635.0
2024-06-12 14:00:00,1.08366,1.08495,1.08176,1.08480,68110065502.0
2024-06-12 15:00:00,1.08480,1.08521,1.08418,1.08423,67608819789.0
2024-06-12 16:00:00,1.08424,1.08480,1.08415,1.08440,67605944400.0
2024-06-12 17:00:00,1.08441,1.08458,1.08361,1.08385,67316919170.0
2024-06-12 18:00:00,1.08384,1.08417,1.08076,1.08117,69108381859.0
2024-06-12 19:00:00,1.08116,1.08181,1.08036,1.08065,68133776754.0
2024-06-12 20:00:00,1.08065,1.08116,1.08040,1.08087,66328264704.0
2024-06-12 21:00:00,1.08076,1.08150,1.08041,1.08125,66274247311.0
2024-06-12 22:00:00,1.08125,1.08147,1.08100,1.08109,64900610130.0
2024-06-12 23:00:00,1.08108,1.08150,1.08105,1.08127,66646578953.0
2024-06-13 00:00:00,1.08126,1.08156,1.08105,1.08128,66980678864.0
2024-06-13 01:00:00,1.08128,1.08157,1.08038,1.08046,67219326567.0
2024-06-13 02:00:00,1.08045,1.08085,1.08040,1.08080,67072863107.0
2024-06-13 03:00:00,1.08079,1.08091,1.08055,1.08068,66736884286.0
2024-06-13 04:00:00,1.08068,1.08071,1.08031,1.08038,65191762986.0
2024-06-13 05:00:00,1.08039,1.08070,1.08004,1.08045,66943097901.0
2024-06-13 06:00:00,1.08046,1.08070,1.08007,1.08021,67334173816.0
2024-06-13 07:00:00,1.08020,1.08163,1.08020,1.08142,67506643595.0
2024-06-13 08:00:00,1.08141,1.08144,1.08050,1.08061,67644199406.0
2024-06-13 09:00:00,1.08061,1.08114,1.08017,1.08019,67302661817.0
2024-06-13 10:00:00,1.08018,1.08094,1.07931,1.07942,67363126970.0
2024-06-13 11:00:00,1.07941,1.07967,1.07826,1.07832,67449918588.0
2024-06-13 12:00:00,1.07832,1.08162,1.07806,1.07937,68105871199.0
2024-06-13 13:00:00,1.07938,1.08077,1.07858,1.07874,68233364603.0
2024-06-13 14:00:00,1.07874,1.07904,1.07630,1.07714,67999314739.0
2024-06-13 15:00:00,1.07714,1.07722,1.07533,1.07553,67828007240.0
2024-06-13 16:00:00,1.07553,1.07556,1.07328,1.07351,67800921863.0
2024-06-13 17:00:00,1.07351,1.07440,1.07351,1.07423,67281405867.0
2024-06-13 18:00:00,1.07423,1.07430,1.07360,1.07393,67061421177.0
2024-06-13 19:00:00,1.07392,1.07430,1.07380,1.07406,66702833747.0
2024-06-13 20:00:00,1.07405,1.07432,1.07367,1.07368,66084465535.0
2024-06-13 21:00:00,1.07361,1.07398,1.07335,1.07388,64828717136.0
2024-06-13 22:00:00,1.07387,1.07401,1.07351,1.07386,66169253396.0
2024-06-13 23:00:00,1.07387,1.07404,1.07370,1.07374,66033669899.0
2024-06-14 00:00:00,1.07374,1.07408,1.07362,1.07363,66964821113.0
2024-06-14 01:00:00,1.07363,1.07418,1.07353,1.07415,66825901178.0
2024-06-14 02:00:00,1.07415,1.07436,1.07401,1.07430,66624610632.0
2024-06-14 03:00:00,1.07428,1.07449,1.07381,1.07401,67264401079.0
2024-06-14 04:00:00,1.07401,1.07409,1.07350,1.07362,66484494667.0
2024-06-14 05:00:00,1.07362,1.07372,1.07302,1.07306,66855916993.0
2024-06-14 06:00:00,1.07305,1.07326,1.07157,1.07249,67890680463.0
2024-06-14 07:00:00,1.07248,1.07271,1.07060,1.07075,68136470279.0
2024-06-14 08:00:00,1.07075,1.07117,1.06896,1.06917,68104810172.0
2024-06-14 09:00:00,1.06917,1.06920,1.06717,1.06873,68076850787.0
2024-06-14 10:00:00,1.06871,1.06988,1.06792,1.06978,67983698002.0
2024-06-14 11:00:00,1.06978,1.07058,1.06925,1.06938,67751493307.0
2024-06-14 12:00:00,1.06939,1.06951,1.06791,1.06892,68136060356.0
2024-06-14 13:00:00,1.06894,1.06923,1.06676,1.06692,68027115764.0
2024-06-14 14:00:00,1.06690,1.06877,1.06682,1.06870,68068267949.0
2024-06-14 15:00:00,1.06870,1.06998,1.06834,1.06987,67702452059.0
2024-06-14 16:00:00,1.06986,1.07018,1.06930,1.07004,67128750900.0
2024-06-14 17:00:00,1.07005,1.07045,1.06968,1.06980,67107526406.0
2024-06-14 18:00:00,1.06981,1.07005,1.06945,1.06995,67034553057.0
2024-06-14 19:00:00,1.06995,1.07060,1.06988,1.07059,66434450718.0
2024-06-14 20:00:00,1.07060,1.07075,1.06975,1.07025,66441126215.0
2024-06-16 21:00:00,1.07028,1.07084,1.06995,1.07045,58399014250.0
2024-06-16 22:00:00,1.07044,1.07089,1.07033,1.07065,65570801582.0
2024-06-16 23:00:00,1.07067,1.07073,1.07017,1.07025,66911980091.0
2024-06-17 00:00:00,1.07026,1.07072,1.07004,1.07039,67106131806.0
2024-06-17 01:00:00,1.07039,1.07042,1.06992,1.07015,67023883471.0
2024-06-17 02:00:00,1.07014,1.07047,1.06989,1.07040,66805069250.0
2024-06-17 03:00:00,1.07039,1.07046,1.07017,1.07036,66683622523.0
2024-06-17 04:00:00,1.07037,1.07054,1.07020,1.07040,66536225506.0
2024-06-17 05:00:00,1.07040,1.07051,1.06991,1.06996,66982199302.0
2024-06-17 06:00:00,1.06996,1.07037,1.06863,1.06976,67923847900.0
2024-06-17 07:00:00,1.06977,1.07088,1.06921,1.07006,67867290498.0
2024-06-17 08:00:00,1.07005,1.07122,1.06995,1.07071,67912508703.0
2024-06-17 09:00:00,1.07072,1.07146,1.07069,1.07110,67606518498.0
2024-06-17 10:00:00,1.07111,1.07135,1.07020,1.07101,67548827485.0
2024-06-17 11:00:00,1.07100,1.07178,1.07089,1.07094,67385133626.0
2024-06-17 12:00:00,1.07095,1.07152,1.07070,1.07137,67531368204.0
2024-06-17 13:00:00,1.07137,1.07207,1.07121,1.07160,67744193415.0
2024-06-17 14:00:00,1.07161,1.07183,1.07117,1.07161,67661099495.0
2024-06-17 15:00:00,1.07159,1.07247,1.07152,1.07222,67388305573.0
2024-06-17 16:00:00,1.07223,1.07277,1.07207,1.07251,67277133904.0
2024-06-17 17:00:00,1.07250,1.07272,1.07233,1.07259,66782653314.0
2024-06-17 18:00:00,1.07260,1.07378,1.07257,1.07361,67265088062.0
2024-06-17 19:00:00,1.07362,1.07363,1.07302,1.07321,67165124692.0
2024-06-17 20:00:00,1.07322,1.07359,1.07322,1.07339,60416403700.0
2024-06-17 21:00:00,1.07336,1.07336,1.07304,1.07314,64190614074.0
2024-06-17 22:00:00,1.07322,1.07400,1.07320,1.07376,63304636167.0
2024-06-17 23:00:00,1.07376,1.07410,1.07347,1.07398,64715849730.0
2024-06-18 00:00:00,1.07400,1.07407,1.07355,1.07359,66456733617.0
2024-06-18 01:00:00,1.07359,1.07368,1.07269,1.07277,66926331167.0
2024-06-18 02:00:00,1.07276,1.07282,1.07241,1.07243,66527079300.0
2024-06-18 03:00:00,1.07242,1.07250,1.07209,1.07246,66252975637.0
2024-06-18 04:00:00,1.07246,1.07263,1.07201,1.07214,66694915687.0
2024-06-18 05:00:00,1.07213,1.07234,1.07182,1.07231,66868410449.0
2024-06-18 06:00:00,1.07231,1.07336,1.07227,1.07331,67169554269.0
2024-06-18 07:00:00,1.07330,1.07351,1.07227,1.07233,67342647297.0
2024-06-18 08:00:00,1.07232,1.07246,1.07149,1.07192,67570790888.0
2024-06-18 09:00:00,1.07192,1.07256,1.07152,1.07196,67680230112.0
2024-06-18 10:00:00,1.07196,1.07207,1.07153,1.07178,67357328998.0
2024-06-18 11:00:00,1.07180,1.07182,1.07099,1.07162,67327275173.0
2024-06-18 12:00:00,1.07163,1.07340,1.07106,1.07311,67972385995.0
2024-06-18 13:00:00,1.07311,1.07497,1.07300,1.07484,67827670384.0
2024-06-18 14:00:00,1.07484,1.07615,1.07364,1.07382,68008583498.0
2024-06-18 15:00:00,1.07383,1.07422,1.07342,1.07385,67652662067.0
2024-06-18 16:00:00,1.07387,1.07425,1.07363,1.07392,67253258813.0
2024-06-18 17:00:00,1.07393,1.07433,1.07335,1.07351,67103707955.0
2024-06-18 18:00:00,1.07350,1.07403,1.07321,1.07397,66845563948.0
2024-06-18 19:00:00,1.07395,1.07395,1.07361,1.07389,66679130028.0
2024-06-18 20:00:00,1.07389,1.07408,1.07378,1.07397,63601469031.0
2024-06-18 21:00:00,1.07397,1.07408,1.07359,1.07402,56759314022.0
2024-06-18 22:00:00,1.07405,1.07411,1.07396,1.07406,55368756756.0
2024-06-18 23:00:00,1.07408,1.07411,1.07386,1.07386,59929386024.0
2024-06-19 00:00:00,1.07385,1.07395,1.07366,1.07374,66239434589.0
2024-06-19 01:00:00,1.07374,1.07417,1.07353,1.07406,66538103113.0
2024-06-19 02:00:00,1.07407,1.07423,1.07375,1.07386,66271677642.0
2024-06-19 03:00:00,1.07386,1.07404,1.07368,1.07377,66169647920.0
2024-06-19 04:00:00,1.07377,1.07377,1.07352,1.07357,63710612680.0
2024-06-19 05:00:00,1.07358,1.07387,1.07352,1.07378,66299310902.0
2024-06-19 06:00:00,1.07379,1.07414,1.07276,1.07312,67064122576.0
2024-06-19 07:00:00,1.07310,1.07408,1.07248,1.07367,67458495613.0
2024-06-19 08:00:00,1.07367,1.07417,1.07341,1.07403,67527976549.0
2024-06-19 09:00:00,1.07403,1.07440,1.07325,1.07371,67774499064.0
2024-06-19 10:00:00,1.07372,1.07522,1.07352,1.07500,67272399254.0
2024-06-19 11:00:00,1.07502,1.07533,1.07467,1.07508,67355224308.0
2024-06-19 12:00:00,1.07509,1.07529,1.07424,1.07458,67492380997.0
2024-06-19 13:00:00,1.07461,1.07482,1.07408,1.07435,66985616345.0
2024-06-19 14:00:00,1.07435,1.07507,1.07429,1.07481,67036737539.0
2024-06-19 15:00:00,1.07482,1.07494,1.07412,1.07492,66559781107.0
2024-06-19 16:00:00,1.07491,1.07491,1.07463,1.07470,61412704256.0
2024-06-19 17:00:00,1.07470,1.07472,1.07441,1.07444,57763042424.0
2024-06-19 18:00:00,1.07444,1.07445,1.07424,1.07431,42361198999.0
2024-06-19 19:00:00,1.07431,1.07454,1.07426,1.07448,57744794578.0
2024-06-19 20:00:00,1.07445,1.07452,1.07419,1.07422,55340563168.0
2024-06-19 21:00:00,1.07422,1.07456,1.07412,1.07446,63082616586.0
2024-06-19 22:00:00,1.07445,1.07466,1.07441,1.07458,62808712808.0
2024-06-19 23:00:00,1.07458,1.07487,1.07454,1.07470,58288167977.0
2024-06-20 00:00:00,1.07469,1.07483,1.07450,1.07461,66900682338.0
2024-06-20 01:00:00,1.07462,1.07479,1.07420,1.07455,67258829045.0
2024-06-20 02:00:00,1.07455,1.07455,1.07388,1.07394,66955270552.0
2024-06-20 03:00:00,1.07394,1.07420,1.07390,1.07419,66760465776.0
2024-06-20 04:00:00,1.07419,1.07449,1.07409,1.07426,66291966932.0
2024-06-20 05:00:00,1.07425,1.07434,1.07371,1.07373,66756698438.0
2024-06-20 06:00:00,1.07373,1.07383,1.07305,1.07327,67267406724.0
2024-06-20 07:00:00,1.07326,1.07362,1.07243,1.07247,67325352022.0
2024-06-20 08:00:00,1.07246,1.07246,1.07126,1.07167,67567037650.0
2024-06-20 09:00:00,1.07167,1.07279,1.07141,1.07252,67421396335.0
2024-06-20 10:00:00,1.07252,1.07316,1.07244,1.07285,67269778475.0
2024-06-20 11:00:00,1.07287,1.07321,1.07128,1.07147,67654925023.0
2024-06-20 12:00:00,1.07147,1.07307,1.07131,1.07190,67962199079.0
2024-06-20 13:00:00,1.07191,1.07287,1.07165,1.07244,67871401576.0
2024-06-20 14:00:00,1.07245,1.07307,1.07208,1.07217,67752184055.0
2024-06-20 15:00:00,1.07217,1.07225,1.07070,1.07073,67648649626.0
2024-06-20 16:00:00,1.07072,1.07105,1.07033,1.07070,67183946629.0
2024-06-20 17:00:00,1.07071,1.07094,1.07039,1.07069,67245528185.0
2024-06-20 18:00:00,1.07070,1.07177,1.07070,1.07103,67172767662.0
2024-06-20 19:00:00,1.07103,1.07111,1.07035,1.07050,67221144205.0
2024-06-20 20:00:00,1.07050,1.07059,1.07016,1.07016,66014435737.0
2024-06-20 21:00:00,1.07014,1.07042,1.07012,1.07040,60982144535.0
2024-06-20 22:00:00,1.07041,1.07041,1.07012,1.07023,62554798817.0
2024-06-20 23:00:00,1.07023,1.07075,1.07019,1.07059,66408640019.0
2024-06-21 00:00:00,1.07059,1.07075,1.07033,1.07065,67074499543.0
2024-06-21 01:00:00,1.07065,1.07106,1.07050,1.07101,67386079641.0
2024-06-21 02:00:00,1.07102,1.07175,1.07102,1.07168,67100331867.0
2024-06-21 03:00:00,1.07167,1.07167,1.07136,1.07162,66932068516.0
2024-06-21 04:00:00,1.07162,1.07184,1.07152,1.07184,61976781124.0
2024-06-21 05:00:00,1.07184,1.07198,1.07150,1.07178,67053704643.0
2024-06-21 06:00:00,1.07178,1.07205,1.07083,1.07099,67544663162.0
2024-06-21 07:00:00,1.07100,1.07102,1.06710,1.06777,68052328614.0
2024-06-21 08:00:00,1.06776,1.06955,1.06759,1.06909,67783567939.0
2024-06-21 09:00:00,1.06909,1.06981,1.06833,1.06978,67596553093.0
2024-06-21 10:00:00,1.06978,1.06981,1.06765,1.06808,67502705216.0
2024-06-21 11:00:00,1.06809,1.06900,1.06797,1.06889,67347506134.0
2024-06-21 12:00:00,1.06890,1.06952,1.06847,1.06947,67668995931.0
2024-06-21 13:00:00,1.06947,1.06977,1.06779,1.06823,67981844647.0
2024-06-21 14:00:00,1.06823,1.06976,1.06795,1.06814,68004256647.0
2024-06-21 15:00:00,1.06815,1.06944,1.06804,1.06936,67598295042.0
2024-06-21 16:00:00,1.06937,1.06960,1.06895,1.06921,67094267821.0
2024-06-21 17:00:00,1.06921,1.06942,1.06907,1.06932,66884962223.0
2024-06-21 18:00:00,1.06931,1.06967,1.06917,1.06948,66644281263.0
2024-06-21 19:00:00,1.06947,1.06968,1.06909,1.06916,66775482362.0
2024-06-21 20:00:00,1.06916,1.06950,1.06910,1.06918,66408389019.0
2024-06-23 21:00:00,1.06849,1.06923,1.06849,1.06901,64376976836.0
2024-06-23 22:00:00,1.06904,1.06937,1.06899,1.06937,61664068242.0
2024-06-23 23:00:00,1.06938,1.06955,1.06873,1.06877,66717270670.0
2024-06-24 00:00:00,1.06878,1.06936,1.06847,1.06917,66580656289.0
2024-06-24 01:00:00,1.06916,1.06926,1.06837,1.06906,67223731894.0
2024-06-24 02:00:00,1.06908,1.06934,1.06880,1.06892,65301012806.0
2024-06-24 03:00:00,1.06893,1.06935,1.06891,1.06916,65521595189.0
2024-06-24 04:00:00,1.06916,1.06946,1.06914,1.06945,64263888572.0
2024-06-24 05:00:00,1.06944,1.06995,1.06944,1.06986,65498146406.0
2024-06-24 06:00:00,1.06987,1.07072,1.06973,1.07032,66410386554.0
2024-06-24 07:00:00,1.07031,1.07149,1.07023,1.07125,66717635054.0
2024-06-24 08:00:00,1.07126,1.07178,1.07088,1.07135,67209531227.0
2024-06-24 09:00:00,1.07134,1.07290,1.07131,1.07226,67504367530.0
2024-06-24 10:00:00,1.07225,1.07307,1.07195,1.07301,67619787410.0
2024-06-24 11:00:00,1.07300,1.07358,1.07266,1.07357,67546621545.0
2024-06-24 12:00:00,1.07357,1.07357,1.07262,1.07345,67764126355.0
2024-06-24 13:00:00,1.07345,1.07435,1.07345,1.07427,67712187762.0
2024-06-24 14:00:00,1.07426,1.07463,1.07271,1.07299,67840598181.0
2024-06-24 15:00:00,1.07300,1.07330,1.07233,1.07270,67211793858.0
2024-06-24 16:00:00,1.07272,1.07314,1.07261,1.07276,66953798286.0
2024-06-24 17:00:00,1.07277,1.07277,1.07220,1.07249,66935562566.0
2024-06-24 18:00:00,1.07250,1.07375,1.07243,1.07355,66631790755.0
2024-06-24 19:00:00,1.07355,1.07382,1.07342,1.07361,67004142387.0
2024-06-24 20:00:00,1.07358,1.07373,1.07319,1.07319,66487159357.0
2024-06-24 21:00:00,1.07316,1.07338,1.07313,1.07333,63441157488.0
2024-06-24 22:00:00,1.07332,1.07345,1.07318,1.07328,54968547409.0
2024-06-24 23:00:00,1.07329,1.07329,1.07308,1.07322,58308484135.0
2024-06-25 00:00:00,1.07322,1.07356,1.07319,1.07341,66920512224.0
2024-06-25 01:00:00,1.07341,1.07359,1.07322,1.07345,66702485749.0
2024-06-25 02:00:00,1.07346,1.07369,1.07339,1.07369,66614743534.0
2024-06-25 03:00:00,1.07369,1.07394,1.07358,1.07385,66282337075.0
2024-06-25 04:00:00,1.07385,1.07400,1.07364,1.07395,65127366002.0
2024-06-25 05:00:00,1.07396,1.07441,1.07395,1.07415,66231435261.0
2024-06-25 06:00:00,1.07416,1.07416,1.07313,1.07318,67272076492.0
2024-06-25 07:00:00,1.07317,1.07328,1.07208,1.07270,67718804440.0
2024-06-25 08:00:00,1.07269,1.07358,1.07254,1.07342,67349649487.0
2024-06-25 09:00:00,1.07340,1.07352,1.07232,1.07245,67238553188.0
2024-06-25 10:00:00,1.07245,1.07302,1.07211,1.07233,67276319293.0
2024-06-25 11:00:00,1.07232,1.07242,1.07091,1.07093,67479828892.0
2024-06-25 12:00:00,1.07093,1.07149,1.07022,1.07048,67508925072.0
2024-06-25 13:00:00,1.07048,1.07130,1.07001,1.07025,67558490442.0
2024-06-25 14:00:00,1.07025,1.07032,1.06906,1.07005,67700385383.0
2024-06-25 15:00:00,1.07006,1.07093,1.07005,1.07039,67554810756.0
2024-06-25 16:00:00,1.07040,1.07086,1.07020,1.07045,67126694381.0
2024-06-25 17:00:00,1.07045,1.07144,1.07044,1.07134,66864971121.0
2024-06-25 18:00:00,1.07134,1.07172,1.07121,1.07160,66671527198.0
2024-06-25 19:00:00,1.07160,1.07175,1.07139,1.07159,66707827590.0
2024-06-25 20:00:00,1.07159,1.07159,1.07111,1.07139,59565385975.0
2024-06-25 21:00:00,1.07136,1.07143,1.07072,1.07126,65999085239.0
2024-06-25 22:00:00,1.07125,1.07151,1.07122,1.07123,57034041590.0
2024-06-25 23:00:00,1.07124,1.07124,1.07088,1.07091,65413768148.0
2024-06-26 00:00:00,1.07090,1.07125,1.07061,1.07114,66175572051.0
2024-06-26 01:00:00,1.07113,1.07164,1.07108,1.07157,67120649343.0
2024-06-26 02:00:00,1.07158,1.07179,1.07086,1.07100,66963357696.0
2024-06-26 03:00:00,1.07099,1.07125,1.07094,1.07110,66412262853.0
2024-06-26 04:00:00,1.07109,1.07115,1.07074,1.07103,66616803988.0
2024-06-26 05:00:00,1.07104,1.07112,1.07022,1.07037,66760589313.0
2024-06-26 06:00:00,1.07038,1.07055,1.06937,1.06948,67406036171.0
2024-06-26 07:00:00,1.06948,1.06958,1.06852,1.06938,67528590621.0
2024-06-26 08:00:00,1.06937,1.06998,1.06901,1.06947,67586598827.0
2024-06-26 09:00:00,1.06947,1.06995,1.06881,1.06888,67304469955.0
2024-06-26 10:00:00,1.06889,1.06889,1.06820,1.06849,67152132836.0
2024-06-26 11:00:00,1.06849,1.06947,1.06795,1.06940,67551066034.0
2024-06-26 12:00:00,1.06941,1.06944,1.06770,1.06770,67894113893.0
2024-06-26 13:00:00,1.06771,1.06822,1.06660,1.06745,67941475943.0
2024-06-26 14:00:00,1.06746,1.06958,1.06744,1.06801,68121724844.0
2024-06-26 15:00:00,1.06800,1.06873,1.06743,1.06818,67733781544.0
2024-06-26 16:00:00,1.06818,1.06877,1.06793,1.06820,67389363320.0
2024-06-26 17:00:00,1.06820,1.06908,1.06814,1.06856,67192995184.0
2024-06-26 18:00:00,1.06854,1.06855,1.06782,1.06799,66976949861.0
2024-06-26 19:00:00,1.06798,1.06814,1.06750,1.06810,66471394676.0
2024-06-26 20:00:00,1.06809,1.06815,1.06776,1.06799,65604869162.0
2024-06-26 21:00:00,1.06798,1.06813,1.06781,1.06799,65592786943.0
2024-06-26 22:00:00,1.06799,1.06820,1.06795,1.06804,63728683584.0
2024-06-26 23:00:00,1.06806,1.06813,1.06777,1.06797,65143181805.0
2024-06-27 00:00:00,1.06798,1.06816,1.06770,1.06781,67029422570.0
2024-06-27 01:00:00,1.06782,1.06895,1.06777,1.06886,67140472012.0
2024-06-27 02:00:00,1.06886,1.06915,1.06881,1.06892,67062810538.0
2024-06-27 03:00:00,1.06892,1.06923,1.06881,1.06908,66622375857.0
2024-06-27 04:00:00,1.06907,1.06946,1.06905,1.06942,66804008883.0
2024-06-27 05:00:00,1.06943,1.06972,1.06921,1.06956,66819297438.0
2024-06-27 06:00:00,1.06957,1.06989,1.06910,1.06930,67273179139.0
2024-06-27 07:00:00,1.06929,1.06979,1.06882,1.06901,67637923351.0
2024-06-27 08:00:00,1.06901,1.06913,1.06805,1.06879,67604094317.0
2024-06-27 09:00:00,1.06879,1.07009,1.06873,1.06971,67431404017.0
2024-06-27 10:00:00,1.06972,1.07043,1.06904,1.07036,67604876164.0
2024-06-27 11:00:00,1.07037,1.07041,1.06926,1.06927,67386973556.0
2024-06-27 12:00:00,1.06928,1.07221,1.06927,1.07194,68010767073.0
2024-06-27 13:00:00,1.07194,1.07264,1.07171,1.07204,68158893099.0
2024-06-27 14:00:00,1.07205,1.07253,1.07077,1.07125,67920304534.0
2024-06-27 15:00:00,1.07125,1.07130,1.07003,1.07069,67641331548.0
2024-06-27 16:00:00,1.07070,1.07101,1.07032,1.07066,67238293011.0
2024-06-27 17:00:00,1.07066,1.07083,1.07043,1.07054,67097212356.0
2024-06-27 18:00:00,1.07053,1.07077,1.07020,1.07055,67109200529.0
2024-06-27 19:00:00,1.07057,1.07072,1.07012,1.07028,66935883038.0
2024-06-27 20:00:00,1.07028,1.07051,1.07027,1.07031,64659677515.0
2024-06-27 21:00:00,1.07031,1.07054,1.07029,1.07049,65078059338.0
2024-06-27 22:00:00,1.07049,1.07054,1.07027,1.07038,61268401847.0
2024-06-27 23:00:00,1.07039,1.07092,1.07034,1.07076,64020736902.0
2024-06-28 00:00:00,1.07078,1.07108,1.06975,1.06976,66757069374.0
2024-06-28 01:00:00,1.06975,1.06989,1.06852,1.06912,67598679080.0
2024-06-28 02:00:00,1.06913,1.06971,1.06879,1.06939,67005231268.0
2024-06-28 03:00:00,1.06939,1.06948,1.06899,1.06921,66512992991.0
2024-06-28 04:00:00,1.06921,1.06921,1.06856,1.06866,66653348169.0
2024-06-28 05:00:00,1.06866,1.06923,1.06861,1.06902,66744369155.0
2024-06-28 06:00:00,1.06903,1.06982,1.06899,1.06968,67373257847.0
2024-06-28 07:00:00,1.06968,1.07040,1.06917,1.06969,67562983594.0
2024-06-28 08:00:00,1.06968,1.07000,1.06922,1.06977,67649118861.0
2024-06-28 09:00:00,1.06978,1.07094,1.06933,1.07091,67509685121.0
2024-06-28 10:00:00,1.07090,1.07102,1.07043,1.07094,67477830696.0
2024-06-28 11:00:00,1.07092,1.07116,1.06920,1.06971,67307435463.0
2024-06-28 12:00:00,1.06971,1.07197,1.06968,1.07046,68028354069.0
2024-06-28 13:00:00,1.07048,1.07078,1.06927,1.06983,68074909863.0
2024-06-28 14:00:00,1.06982,1.07221,1.06924,1.07183,68330475034.0
2024-06-28 15:00:00,1.07184,1.07184,1.07095,1.07112,68099035055.0
2024-06-28 16:00:00,1.07112,1.07215,1.07097,1.07159,67412088256.0
2024-06-28 17:00:00,1.07158,1.07246,1.07137,1.07143,67145898714.0
2024-06-28 18:00:00,1.07142,1.07185,1.07109,1.07117,66782941673.0
2024-06-28 19:00:00,1.07119,1.07125,1.07061,1.07111,66713241188.0
2024-06-28 20:00:00,1.07111,1.07145,1.07078,1.07119,67107008676.0
2024-06-30 21:00:00,1.07438,1.07455,1.07355,1.07381,64960770212.0
2024-06-30 22:00:00,1.07381,1.07416,1.07320,1.07367,66811575663.0
2024-06-30 23:00:00,1.07370,1.07395,1.07339,1.07349,65525905488.0
2024-07-01 00:00:00,1.07350,1.07497,1.07348,1.07456,67589785519.0
2024-07-01 01:00:00,1.07455,1.07615,1.07429,1.07482,67857828742.0
2024-07-01 02:00:00,1.07484,1.07551,1.07469,1.07549,66953767813.0
2024-07-01 03:00:00,1.07549,1.07565,1.07515,1.07528,66415185100.0
2024-07-01 04:00:00,1.07527,1.07586,1.07524,1.07548,65804260473.0
2024-07-01 05:00:00,1.07546,1.07621,1.07541,1.07556,67053700381.0
2024-07-01 06:00:00,1.07555,1.07763,1.07553,1.07697,67892753366.0
2024-07-01 07:00:00,1.07699,1.07725,1.07513,1.07545,67961136580.0
2024-07-01 08:00:00,1.07544,1.07720,1.07495,1.07682,67676913831.0
2024-07-01 09:00:00,1.07681,1.07685,1.07560,1.07571,67482616137.0
2024-07-01 10:00:00,1.07570,1.07570,1.07473,1.07485,67300693773.0
2024-07-01 11:00:00,1.07487,1.07523,1.07426,1.07489,67173600134.0
2024-07-01 12:00:00,1.07487,1.07500,1.07398,1.07481,67523602186.0
2024-07-01 13:00:00,1.07481,1.07592,1.07481,1.07547,67779328900.0
2024-07-01 14:00:00,1.07552,1.07697,1.07284,1.07301,68283866643.0
2024-07-01 15:00:00,1.07302,1.07305,1.07197,1.07269,67709427382.0
2024-07-01 16:00:00,1.07272,1.07332,1.07242,1.07315,67420052518.0
2024-07-01 17:00:00,1.07315,1.07333,1.07281,1.07293,66883336274.0
2024-07-01 18:00:00,1.07292,1.07301,1.07242,1.07295,66994103256.0
2024-07-01 19:00:00,1.07295,1.07392,1.07293,1.07384,66922321675.0
2024-07-01 20:00:00,1.07384,1.07426,1.07382,1.07402,65428495893.0
2024-07-01 21:00:00,1.07393,1.07399,1.07347,1.07379,65976768266.0
2024-07-01 22:00:00,1.07382,1.07411,1.07371,1.07372,64678482411.0
2024-07-01 23:00:00,1.07371,1.07377,1.07357,1.07365,66536564985.0
2024-07-02 00:00:00,1.07364,1.07385,1.07331,1.07346,67145036265.0
2024-07-02 01:00:00,1.07347,1.07363,1.07318,1.07344,66870063920.0
2024-07-02 02:00:00,1.07345,1.07358,1.07319,1.07351,66780312364.0
2024-07-02 03:00:00,1.07350,1.07355,1.07308,1.07322,66647958493.0
2024-07-02 04:00:00,1.07323,1.07332,1.07282,1.07294,66948800841.0
2024-07-02 05:00:00,1.07295,1.07329,1.07267,1.07318,67100814543.0
2024-07-02 06:00:00,1.07319,1.07357,1.07249,1.07250,67402280467.0
2024-07-02 07:00:00,1.07249,1.07281,1.07120,1.07181,67732202129.0
2024-07-02 08:00:00,1.07181,1.07240,1.07142,1.07204,67645356768.0
2024-07-02 09:00:00,1.07203,1.07225,1.07105,1.07108,67480629741.0
2024-07-02 10:00:00,1.07109,1.07188,1.07100,1.07171,67288850107.0
2024-07-02 11:00:00,1.07172,1.07246,1.07149,1.07239,66895384414.0
2024-07-02 12:00:00,1.07239,1.07335,1.07239,1.07317,67584162532.0
2024-07-02 13:00:00,1.07317,1.07469,1.07300,1.07419,67985453055.0
2024-07-02 14:00:00,1.07417,1.07450,1.07240,1.07432,68361353545.0
2024-07-02 15:00:00,1.07432,1.07446,1.07332,1.07363,67598910590.0
2024-07-02 16:00:00,1.07362,1.07365,1.07306,1.07319,67173967463.0
2024-07-02 17:00:00,1.07319,1.07406,1.07316,1.07384,65689677982.0
2024-07-02 18:00:00,1.07383,1.07428,1.07381,1.07421,66709026902.0
2024-07-02 19:00:00,1.07420,1.07465,1.07416,1.07462,66668998164.0
2024-07-02 20:00:00,1.07460,1.07471,1.07446,1.07446,65420590117.0
2024-07-02 21:00:00,1.07443,1.07451,1.07408,1.07447,65848287561.0
2024-07-02 22:00:00,1.07449,1.07489,1.07447,1.07488,63635437648.0
2024-07-02 23:00:00,1.07488,1.07491,1.07467,1.07480,60627532513.0
2024-07-03 00:00:00,1.07480,1.07542,1.07473,1.07479,66971155172.0
2024-07-03 01:00:00,1.07478,1.07478,1.07404,1.07419,66890914201.0
2024-07-03 02:00:00,1.07419,1.07468,1.07418,1.07439,63283901563.0
2024-07-03 03:00:00,1.07436,1.07451,1.07430,1.07435,66785965670.0
2024-07-03 04:00:00,1.07434,1.07445,1.07419,1.07423,65820737539.0
2024-07-03 05:00:00,1.07423,1.07423,1.07363,1.07384,64541698295.0
2024-07-03 06:00:00,1.07385,1.07482,1.07368,1.07469,67213884782.0
2024-07-03 07:00:00,1.07470,1.07617,1.07468,1.07595,67686732924.0
2024-07-03 08:00:00,1.07595,1.07635,1.07555,1.07581,67578837730.0
2024-07-03 09:00:00,1.07581,1.07623,1.07543,1.07551,67421450730.0
2024-07-03 10:00:00,1.07551,1.07628,1.07525,1.07583,67282516379.0
2024-07-03 11:00:00,1.07583,1.07622,1.07562,1.07576,67320836589.0
2024-07-03 12:00:00,1.07576,1.07783,1.07549,1.07745,67836971579.0
2024-07-03 13:00:00,1.07744,1.07922,1.07720,1.07889,67428221909.0
2024-07-03 14:00:00,1.07895,1.08168,1.07885,1.08059,68361016770.0
2024-07-03 15:00:00,1.08058,1.08091,1.07970,1.07987,67973153099.0
2024-07-03 16:00:00,1.07987,1.08003,1.07919,1.07957,67228239792.0
2024-07-03 17:00:00,1.07958,1.07958,1.07820,1.07833,66981546554.0
2024-07-03 18:00:00,1.07833,1.07847,1.07781,1.07801,64375086121.0
2024-07-03 19:00:00,1.07804,1.07877,1.07797,1.07848,66567487159.0
2024-07-03 20:00:00,1.07848,1.07886,1.07840,1.07868,60109535313.0
2024-07-03 21:00:00,1.07853,1.07879,1.07833,1.07860,65378595636.0
2024-07-03 22:00:00,1.07857,1.07901,1.07854,1.07895,51241174960.0
2024-07-03 23:00:00,1.07896,1.07916,1.07881,1.07910,62481600348.0
2024-07-04 00:00:00,1.07910,1.07937,1.07887,1.07925,66521261014.0
2024-07-04 01:00:00,1.07926,1.07949,1.07883,1.07907,66921555887.0
2024-07-04 02:00:00,1.07906,1.07914,1.07863,1.07863,65508018752.0
2024-07-04 03:00:00,1.07864,1.07873,1.07836,1.07852,65174233418.0
2024-07-04 04:00:00,1.07852,1.07871,1.07847,1.07865,65105774506.0
2024-07-04 05:00:00,1.07865,1.07907,1.07848,1.07899,65165029537.0
2024-07-04 06:00:00,1.07900,1.07935,1.07849,1.07926,67269119186.0
2024-07-04 07:00:00,1.07925,1.07965,1.07889,1.07944,67395593173.0
2024-07-04 08:00:00,1.07943,1.08030,1.07940,1.08018,67132517250.0
2024-07-04 09:00:00,1.08017,1.08030,1.07952,1.07976,67432526643.0
2024-07-04 10:00:00,1.07977,1.08014,1.07939,1.08010,66827375737.0
2024-07-04 11:00:00,1.08009,1.08020,1.07961,1.07970,67086335017.0
2024-07-04 12:00:00,1.07969,1.08022,1.07960,1.07970,66976810272.0
2024-07-04 13:00:00,1.07969,1.08016,1.07948,1.08010,66984531393.0
2024-07-04 14:00:00,1.08009,1.08092,1.07993,1.08083,67153634590.0
2024-07-04 15:00:00,1.08083,1.08138,1.08069,1.08106,64591787458.0
2024-07-04 16:00:00,1.08107,1.08137,1.08096,1.08121,66319003154.0
2024-07-04 17:00:00,1.08121,1.08128,1.08106,1.08114,54860525734.0
2024-07-04 18:00:00,1.08114,1.08126,1.08113,1.08120,45870102607.0
2024-07-04 19:00:00,1.08119,1.08131,1.08119,1.08129,41534475468.0
2024-07-04 20:00:00,1.08129,1.08137,1.08101,1.08101,58976461784.0
2024-07-04 21:00:00,1.08101,1.08117,1.08100,1.08116,64509084961.0
2024-07-04 22:00:00,1.08119,1.08140,1.08103,1.08116,60432796877.0
2024-07-04 23:00:00,1.08117,1.08117,1.08093,1.08103,60636261251.0
2024-07-05 00:00:00,1.08105,1.08179,1.08102,1.08149,66745095287.0
2024-07-05 01:00:00,1.08148,1.08180,1.08137,1.08157,66474492557.0
2024-07-05 02:00:00,1.08158,1.08180,1.08142,1.08179,66063598222.0
2024-07-05 03:00:00,1.08179,1.08245,1.08179,1.08218,66906928255.0
2024-07-05 04:00:00,1.08216,1.08227,1.08197,1.08220,66623477512.0
2024-07-05 05:00:00,1.08219,1.08224,1.08191,1.08213,66352725360.0
2024-07-05 06:00:00,1.08214,1.08258,1.08188,1.08192,67047051097.0
2024-07-05 07:00:00,1.08191,1.08302,1.08164,1.08290,67611476951.0
2024-07-05 08:00:00,1.08289,1.08305,1.08227,1.08280,67183760022.0
2024-07-05 09:00:00,1.08278,1.08307,1.08256,1.08264,67060704218.0
2024-07-05 10:00:00,1.08264,1.08319,1.08221,1.08246,67089845780.0
2024-07-05 11:00:00,1.08247,1.08252,1.08184,1.08190,67385877792.0
2024-07-05 12:00:00,1.08190,1.08423,1.07993,1.08296,68184360055.0
2024-07-05 13:00:00,1.08295,1.08341,1.08141,1.08191,68480937166.0
2024-07-05 14:00:00,1.08191,1.08261,1.08106,1.08241,68168524266.0
2024-07-05 15:00:00,1.08241,1.08307,1.08193,1.08277,67675394865.0
2024-07-05 16:00:00,1.08278,1.08303,1.08232,1.08255,67174316445.0
2024-07-05 17:00:00,1.08255,1.08304,1.08248,1.08278,66931745093.0
2024-07-05 18:00:00,1.08278,1.08374,1.08276,1.08370,66569653450.0
2024-07-05 19:00:00,1.08369,1.08426,1.08365,1.08414,66811696252.0
2024-07-05 20:00:00,1.08412,1.08412,1.08363,1.08370,66594839589.0
2024-07-07 21:00:00,1.08014,1.08225,1.07998,1.08177,65875629835.0
2024-07-07 22:00:00,1.08181,1.08329,1.08178,1.08244,67116158158.0
2024-07-07 23:00:00,1.08245,1.08279,1.08218,1.08256,67309828836.0
2024-07-08 00:00:00,1.08255,1.08293,1.08190,1.08216,67587447520.0
2024-07-08 01:00:00,1.08215,1.08295,1.08201,1.08290,67241628140.0
2024-07-08 02:00:00,1.08291,1.08300,1.08250,1.08259,67340882084.0
2024-07-08 03:00:00,1.08260,1.08363,1.08258,1.08314,67077590873.0
2024-07-08 04:00:00,1.08314,1.08316,1.08273,1.08286,66635264168.0
2024-07-08 05:00:00,1.08285,1.08300,1.08209,1.08222,67176423098.0
2024-07-08 06:00:00,1.08223,1.08292,1.08146,1.08216,67718654198.0
2024-07-08 07:00:00,1.08218,1.08382,1.08208,1.08368,68129304085.0
2024-07-08 08:00:00,1.08369,1.08430,1.08346,1.08383,67730293060.0
2024-07-08 09:00:00,1.08382,1.08418,1.08353,1.08381,67251630570.0
2024-07-08 10:00:00,1.08381,1.08396,1.08235,1.08298,67333005311.0
2024-07-08 11:00:00,1.08297,1.08335,1.08267,1.08334,67278431517.0
2024-07-08 12:00:00,1.08335,1.08445,1.08322,1.08437,67753578496.0
2024-07-08 13:00:00,1.08438,1.08450,1.08383,1.08411,67718210190.0
2024-07-08 14:00:00,1.08411,1.08448,1.08321,1.08347,67757558827.0
2024-07-08 15:00:00,1.08347,1.08361,1.08311,1.08346,67376215163.0
2024-07-08 16:00:00,1.08345,1.08361,1.08285,1.08323,66197435841.0
2024-07-08 17:00:00,1.08323,1.08336,1.08294,1.08319,66881341360.0
2024-07-08 18:00:00,1.08319,1.08319,1.08234,1.08259,66730339858.0
2024-07-08 19:00:00,1.08260,1.08265,1.08223,1.08250,66611124966.0
2024-07-08 20:00:00,1.08250,1.08251,1.08226,1.08230,66137012302.0
2024-07-08 21:00:00,1.08240,1.08251,1.08236,1.08241,46710173201.0
2024-07-08 22:00:00,1.08244,1.08258,1.08241,1.08256,58149215927.0
2024-07-08 23:00:00,1.08258,1.08313,1.08255,1.08305,58631245660.0
2024-07-09 00:00:00,1.08307,1.08333,1.08261,1.08269,66844097249.0
2024-07-09 01:00:00,1.08270,1.08296,1.08226,1.08235,66938326222.0
2024-07-09 02:00:00,1.08234,1.08274,1.08192,1.08264,66947356100.0
2024-07-09 03:00:00,1.08264,1.08297,1.08257,1.08281,65539047094.0
2024-07-09 04:00:00,1.08283,1.08311,1.08278,1.08296,65425207459.0
2024-07-09 05:00:00,1.08296,1.08306,1.08262,1.08286,65782184016.0
2024-07-09 06:00:00,1.08287,1.08302,1.08239,1.08247,67257350880.0
2024-07-09 07:00:00,1.08247,1.08298,1.08170,1.08174,67866459668.0
2024-07-09 08:00:00,1.08174,1.08242,1.08151,1.08223,67428003344.0
2024-07-09 09:00:00,1.08225,1.08258,1.08188,1.08227,66121166683.0
2024-07-09 10:00:00,1.08226,1.08283,1.08202,1.08222,67099189905.0
2024-07-09 11:00:00,1.08221,1.08239,1.08121,1.08137,67649492418.0
2024-07-09 12:00:00,1.08138,1.08177,1.08126,1.08157,67401285633.0
2024-07-09 13:00:00,1.08159,1.08261,1.08158,1.08218,67850874063.0
2024-07-09 14:00:00,1.08218,1.08282,1.08093,1.08156,68283122974.0
2024-07-09 15:00:00,1.08156,1.08192,1.08054,1.08125,67857939168.0
2024-07-09 16:00:00,1.08126,1.08162,1.08058,1.08099,67285707000.0
2024-07-09 17:00:00,1.08099,1.08138,1.08065,1.08092,67413727965.0
2024-07-09 18:00:00,1.08091,1.08140,1.08081,1.08133,67061114475.0
2024-07-09 19:00:00,1.08134,1.08158,1.08109,1.08142,66479566353.0
2024-07-09 20:00:00,1.08143,1.08165,1.08127,1.08127,62528064880.0
2024-07-09 21:00:00,1.08125,1.08152,1.08124,1.08145,64299485101.0
2024-07-09 22:00:00,1.08145,1.08152,1.08135,1.08144,61223045696.0
2024-07-09 23:00:00,1.08144,1.08160,1.08139,1.08142,60404507607.0
2024-07-10 00:00:00,1.08142,1.08166,1.08111,1.08120,66981761186.0
2024-07-10 01:00:00,1.08119,1.08152,1.08108,1.08145,67097886721.0
2024-07-10 02:00:00,1.08148,1.08168,1.08118,1.08167,67207688682.0
2024-07-10 03:00:00,1.08168,1.08210,1.08164,1.08199,65429969957.0
2024-07-10 04:00:00,1.08200,1.08205,1.08176,1.08185,66927953183.0
2024-07-10 05:00:00,1.08185,1.08211,1.08159,1.08176,66890870946.0
2024-07-10 06:00:00,1.08177,1.08233,1.08147,1.08220,67304491091.0
2024-07-10 07:00:00,1.08219,1.08249,1.08150,1.08161,67622498795.0
2024-07-10 08:00:00,1.08161,1.08199,1.08118,1.08153,67495072072.0
2024-07-10 09:00:00,1.08152,1.08251,1.08145,1.08188,67347880016.0
2024-07-10 10:00:00,1.08188,1.08240,1.08134,1.08216,67252769916.0
2024-07-10 11:00:00,1.08217,1.08269,1.08198,1.08256,67162856819.0
2024-07-10 12:00:00,1.08255,1.08282,1.08233,1.08270,67436892650.0
2024-07-10 13:00:00,1.08269,1.08288,1.08201,1.08226,67800205720.0
2024-07-10 14:00:00,1.08226,1.08286,1.08199,1.08232,67725115717.0
2024-07-10 15:00:00,1.08233,1.08275,1.08208,1.08223,67554823696.0
2024-07-10 16:00:00,1.08224,1.08277,1.08216,1.08269,67106849754.0
2024-07-10 17:00:00,1.08270,1.08285,1.08208,1.08221,67063234231.0
2024-07-10 18:00:00,1.08219,1.08251,1.08173,1.08250,66891100981.0
2024-07-10 19:00:00,1.08249,1.08295,1.08237,1.08287,67068296561.0
2024-07-10 20:00:00,1.08287,1.08305,1.08273,1.08295,65999936549.0
2024-07-10 21:00:00,1.08292,1.08297,1.08254,1.08289,62926448230.0
2024-07-10 22:00:00,1.08289,1.08332,1.08289,1.08327,59228883514.0
2024-07-10 23:00:00,1.08328,1.08365,1.08310,1.08333,65560134615.0
2024-07-11 00:00:00,1.08332,1.08367,1.08325,1.08351,67033999932.0
2024-07-11 01:00:00,1.08351,1.08400,1.08325,1.08392,65639681231.0
2024-07-11 02:00:00,1.08393,1.08400,1.08368,1.08371,66568745121.0
2024-07-11 03:00:00,1.08372,1.08388,1.08355,1.08379,66424240208.0
2024-07-11 04:00:00,1.08379,1.08387,1.08355,1.08364,65440997049.0
2024-07-11 05:00:00,1.08363,1.08377,1.08344,1.08344,65395625166.0
2024-07-11 06:00:00,1.08344,1.08396,1.08322,1.08340,66961421109.0
2024-07-11 07:00:00,1.08340,1.08399,1.08324,1.08394,66950471351.0
2024-07-11 08:00:00,1.08396,1.08478,1.08382,1.08473,67131675114.0
2024-07-11 09:00:00,1.08472,1.08526,1.08433,1.08468,67297382565.0
2024-07-11 10:00:00,1.08467,1.08524,1.08455,1.08487,66985838509.0
2024-07-11 11:00:00,1.08486,1.08577,1.08486,1.08547,66997935472.0
2024-07-11 12:00:00,1.08547,1.08999,1.08443,1.08868,68434951575.0
2024-07-11 13:00:00,1.08868,1.08991,1.08685,1.08865,68790500965.0
2024-07-11 14:00:00,1.08866,1.08899,1.08706,1.08784,68381536337.0
2024-07-11 15:00:00,1.08784,1.08807,1.08665,1.08697,68067835414.0
2024-07-11 16:00:00,1.08697,1.08705,1.08640,1.08669,67623860634.0
2024-07-11 17:00:00,1.08670,1.08673,1.08597,1.08608,67535589704.0
2024-07-11 18:00:00,1.08607,1.08690,1.08604,1.08679,66944037026.0
2024-07-11 19:00:00,1.08680,1.08698,1.08641,1.08647,67228872869.0
2024-07-11 20:00:00,1.08645,1.08679,1.08641,1.08678,65850478426.0
2024-07-11 21:00:00,1.08673,1.08677,1.08614,1.08660,65607439483.0
2024-07-11 22:00:00,1.08660,1.08681,1.08640,1.08662,65187725314.0
2024-07-11 23:00:00,1.08663,1.08743,1.08649,1.08740,65676905675.0
2024-07-12 00:00:00,1.08740,1.08744,1.08676,1.08697,67391506023.0
2024-07-12 01:00:00,1.08698,1.08720,1.08637,1.08646,67473859869.0
2024-07-12 02:00:00,1.08647,1.08675,1.08634,1.08657,66954013574.0
2024-07-12 03:00:00,1.08656,1.08707,1.08645,1.08687,65666622425.0
2024-07-12 04:00:00,1.08686,1.08710,1.08681,1.08697,66730247458.0
2024-07-12 05:00:00,1.08699,1.08724,1.08676,1.08694,66806914744.0
2024-07-12 06:00:00,1.08694,1.08722,1.08632,1.08649,67354779977.0
2024-07-12 07:00:00,1.08650,1.08761,1.08617,1.08754,67410489175.0
2024-07-12 08:00:00,1.08754,1.08872,1.08753,1.08868,67452879503.0
2024-07-12 09:00:00,1.08867,1.08893,1.08814,1.08852,67716899800.0
2024-07-12 10:00:00,1.08851,1.08919,1.08846,1.08899,67329192754.0
2024-07-12 11:00:00,1.08899,1.08922,1.08864,1.08876,67290285013.0
2024-07-12 12:00:00,1.08876,1.08929,1.08734,1.08904,68348961097.0
2024-07-12 13:00:00,1.08905,1.08980,1.08868,1.08966,68358259833.0
2024-07-12 14:00:00,1.08966,1.09094,1.08932,1.09092,68157469000.0
2024-07-12 15:00:00,1.09092,1.09109,1.09010,1.09012,67647474565.0
2024-07-12 16:00:00,1.09011,1.09053,1.09005,1.09045,67069724265.0
2024-07-12 17:00:00,1.09046,1.09073,1.09010,1.09064,66778240775.0
2024-07-12 18:00:00,1.09064,1.09065,1.09010,1.09061,66781276405.0
2024-07-12 19:00:00,1.09060,1.09113,1.09046,1.09063,67012868506.0
2024-07-12 20:00:00,1.09066,1.09080,1.09039,1.09054,65842347374.0
2024-07-14 21:00:00,1.08852,1.08950,1.08818,1.08888,66025449062.0
2024-07-14 22:00:00,1.08888,1.08934,1.08846,1.08869,67074124022.0
2024-07-14 23:00:00,1.08870,1.08883,1.08832,1.08856,66747616132.0
2024-07-15 00:00:00,1.08857,1.08888,1.08833,1.08883,65680069756.0
2024-07-15 01:00:00,1.08882,1.08901,1.08859,1.08896,66485904345.0
2024-07-15 02:00:00,1.08896,1.08918,1.08863,1.08917,66377446852.0
2024-07-15 03:00:00,1.08917,1.08956,1.08906,1.08940,62488425268.0
2024-07-15 04:00:00,1.08940,1.08946,1.08924,1.08935,66111704268.0
2024-07-15 05:00:00,1.08934,1.08958,1.08925,1.08943,65289656725.0
2024-07-15 06:00:00,1.08944,1.08960,1.08862,1.08894,67282649741.0
2024-07-15 07:00:00,1.08895,1.08963,1.08837,1.08956,67372221069.0
2024-07-15 08:00:00,1.08956,1.09093,1.08956,1.09083,67262702553.0
2024-07-15 09:00:00,1.09083,1.09152,1.09068,1.09128,67513081852.0
2024-07-15 10:00:00,1.09128,1.09203,1.09048,1.09097,67719789610.0
2024-07-15 11:00:00,1.09097,1.09148,1.09050,1.09055,67992578785.0
2024-07-15 12:00:00,1.09055,1.09087,1.09020,1.09073,67779000893.0
2024-07-15 13:00:00,1.09075,1.09165,1.09068,1.09151,67893370061.0
2024-07-15 14:00:00,1.09152,1.09177,1.09075,1.09170,67840669125.0
2024-07-15 15:00:00,1.09171,1.09222,1.09100,1.09118,67768144850.0
2024-07-15 16:00:00,1.09118,1.09171,1.08999,1.09061,67860927691.0
2024-07-15 17:00:00,1.09062,1.09063,1.08932,1.08948,67938892679.0
2024-07-15 18:00:00,1.08947,1.09018,1.08934,1.09014,67218062707.0
2024-07-15 19:00:00,1.09013,1.09013,1.08963,1.08987,67291124856.0
2024-07-15 20:00:00,1.08988,1.08991,1.08938,1.08938,66933573553.0
2024-07-15 21:00:00,1.08938,1.08969,1.08935,1.08952,62878474566.0
2024-07-15 22:00:00,1.08952,1.08965,1.08940,1.08944,64051452316.0
2024-07-15 23:00:00,1.08943,1.08985,1.08943,1.08981,66552842816.0
2024-07-16 00:00:00,1.08980,1.08981,1.08909,1.08913,67317150679.0
2024-07-16 01:00:00,1.08914,1.08933,1.08901,1.08928,67371174788.0
2024-07-16 02:00:00,1.08928,1.08936,1.08887,1.08909,65714830705.0
2024-07-16 03:00:00,1.08908,1.08940,1.08907,1.08930,66754091087.0
2024-07-16 04:00:00,1.08929,1.08945,1.08918,1.08923,63288746966.0
2024-07-16 05:00:00,1.08923,1.08924,1.08870,1.08884,67309899612.0
2024-07-16 06:00:00,1.08884,1.08907,1.08836,1.08885,67579617281.0
2024-07-16 07:00:00,1.08884,1.09003,1.08884,1.08992,67764743375.0
2024-07-16 08:00:00,1.08992,1.09027,1.08939,1.09002,67786974656.0
2024-07-16 09:00:00,1.09002,1.09041,1.08938,1.08979,67768371121.0
2024-07-16 10:00:00,1.08979,1.09029,1.08959,1.08989,67720620273.0
2024-07-16 11:00:00,1.08990,1.09038,1.08944,1.09021,67554329722.0
2024-07-16 12:00:00,1.09020,1.09054,1.08756,1.08806,68237270060.0
2024-07-16 13:00:00,1.08807,1.08832,1.08715,1.08831,67886142749.0
2024-07-16 14:00:00,1.08832,1.08848,1.08731,1.08785,67775671338.0
2024-07-16 15:00:00,1.08786,1.08861,1.08783,1.08844,67542761797.0
2024-07-16 16:00:00,1.08845,1.08891,1.08812,1.08890,67192925060.0
2024-07-16 17:00:00,1.08888,1.08923,1.08876,1.08920,66857547533.0
2024-07-16 18:00:00,1.08921,1.08973,1.08904,1.08959,66687570413.0
2024-07-16 19:00:00,1.08959,1.09029,1.08953,1.09018,66744639158.0
2024-07-16 20:00:00,1.09017,1.09026,1.08982,1.08990,66551996088.0
2024-07-16 21:00:00,1.08984,1.08999,1.08982,1.08991,64436560200.0
2024-07-16 22:00:00,1.08990,1.09019,1.08975,1.09019,64144131361.0
2024-07-16 23:00:00,1.09020,1.09029,1.09001,1.09020,65718184182.0
2024-07-17 00:00:00,1.09019,1.09028,1.08958,1.08975,67272826227.0
2024-07-17 01:00:00,1.08974,1.09029,1.08955,1.09023,67060835944.0
2024-07-17 02:00:00,1.09024,1.09068,1.09008,1.09042,66816703205.0
2024-07-17 03:00:00,1.09043,1.09063,1.09004,1.09061,65624735089.0
2024-07-17 04:00:00,1.09062,1.09066,1.09020,1.09029,66779548875.0
2024-07-17 05:00:00,1.09030,1.09068,1.09008,1.09045,66983391725.0
2024-07-17 06:00:00,1.09044,1.09054,1.08975,1.08975,67888588880.0
2024-07-17 07:00:00,1.08974,1.09134,1.08950,1.09083,68113163389.0
2024-07-17 08:00:00,1.09085,1.09437,1.09075,1.09416,68097145404.0
2024-07-17 09:00:00,1.09416,1.09450,1.09359,1.09438,68052359742.0
2024-07-17 10:00:00,1.09437,1.09448,1.09302,1.09307,67709362339.0
2024-07-17 11:00:00,1.09306,1.09420,1.09289,1.09347,67390124521.0
2024-07-17 12:00:00,1.09345,1.09440,1.09320,1.09424,67756066571.0
2024-07-17 13:00:00,1.09425,1.09480,1.09355,1.09386,67952725526.0
2024-07-17 14:00:00,1.09387,1.09387,1.09315,1.09325,68212135526.0
2024-07-17 15:00:00,1.09323,1.09361,1.09275,1.09324,67770493666.0
2024-07-17 16:00:00,1.09323,1.09336,1.09237,1.09297,67474537842.0
2024-07-17 17:00:00,1.09296,1.09363,1.09283,1.09312,67102482760.0
2024-07-17 18:00:00,1.09313,1.09394,1.09303,1.09368,67070278695.0
2024-07-17 19:00:00,1.09367,1.09397,1.09347,1.09362,66970046301.0
2024-07-17 20:00:00,1.09362,1.09400,1.09352,1.09386,64139244589.0
2024-07-17 21:00:00,1.09384,1.09401,1.09380,1.09381,61713028218.0
2024-07-17 22:00:00,1.09382,1.09397,1.09380,1.09395,62464134347.0
2024-07-17 23:00:00,1.09394,1.09410,1.09386,1.09402,66561824193.0
2024-07-18 00:00:00,1.09402,1.09407,1.09366,1.09371,67190778430.0
2024-07-18 01:00:00,1.09370,1.09390,1.09340,1.09342,67684808457.0
2024-07-18 02:00:00,1.09342,1.09358,1.09321,1.09350,67147921163.0
2024-07-18 03:00:00,1.09350,1.09365,1.09322,1.09328,66767025604.0
2024-07-18 04:00:00,1.09329,1.09362,1.09316,1.09335,66831953428.0
2024-07-18 05:00:00,1.09335,1.09382,1.09327,1.09370,67046406882.0
2024-07-18 06:00:00,1.09369,1.09371,1.09275,1.09311,67510131098.0
2024-07-18 07:00:00,1.09311,1.09350,1.09261,1.09314,67842619147.0
2024-07-18 08:00:00,1.09314,1.09388,1.09289,1.09306,67615934380.0
2024-07-18 09:00:00,1.09306,1.09317,1.09271,1.09308,67180982436.0
2024-07-18 10:00:00,1.09307,1.09361,1.09285,1.09330,66871525380.0
2024-07-18 11:00:00,1.09329,1.09331,1.09262,1.09276,67385708703.0
2024-07-18 12:00:00,1.09275,1.09369,1.09237,1.09284,68008824016.0
2024-07-18 13:00:00,1.09285,1.09290,1.09073,1.09112,68152369150.0
2024-07-18 14:00:00,1.09111,1.09166,1.09050,1.09148,67972466769.0
2024-07-18 15:00:00,1.09147,1.09183,1.09050,1.09123,67976551141.0
2024-07-18 16:00:00,1.09122,1.09163,1.09110,1.09159,67497806400.0
2024-07-18 17:00:00,1.09159,1.09164,1.09067,1.09069,67499976622.0
2024-07-18 18:00:00,1.09070,1.09073,1.08956,1.08989,67545167627.0
2024-07-18 19:00:00,1.08988,1.08999,1.08935,1.08970,67495778716.0
2024-07-18 20:00:00,1.08970,1.08987,1.08951,1.08964,62836818573.0
2024-07-18 21:00:00,1.08956,1.08986,1.08952,1.08977,65292845064.0
2024-07-18 22:00:00,1.08977,1.09001,1.08954,1.08974,64855827411.0
2024-07-18 23:00:00,1.08976,1.09017,1.08966,1.09003,64256727777.0
2024-07-19 00:00:00,1.09002,1.09003,1.08908,1.08919,67488075611.0
2024-07-19 01:00:00,1.08919,1.08946,1.08863,1.08876,67434392451.0
2024-07-19 02:00:00,1.08877,1.08923,1.08871,1.08920,66837099314.0
2024-07-19 03:00:00,1.08920,1.08922,1.08877,1.08883,64626290851.0
2024-07-19 04:00:00,1.08883,1.08895,1.08861,1.08869,66906286326.0
2024-07-19 05:00:00,1.08872,1.08904,1.08845,1.08888,66925220656.0
2024-07-19 06:00:00,1.08887,1.08896,1.08833,1.08851,67445041730.0
2024-07-19 07:00:00,1.08849,1.08905,1.08818,1.08878,67706543313.0
2024-07-19 08:00:00,1.08877,1.08878,1.08761,1.08790,67816269742.0
2024-07-19 09:00:00,1.08790,1.08846,1.08774,1.08803,67308283823.0
2024-07-19 10:00:00,1.08803,1.08863,1.08775,1.08841,67569426762.0
2024-07-19 11:00:00,1.08841,1.08932,1.08830,1.08931,67605991914.0
2024-07-19 12:00:00,1.08932,1.08941,1.08843,1.08889,67795049844.0
2024-07-19 13:00:00,1.08889,1.08896,1.08813,1.08815,67935007537.0
2024-07-19 14:00:00,1.08814,1.08900,1.08792,1.08896,67947894047.0
2024-07-19 15:00:00,1.08897,1.08900,1.08835,1.08879,67572894267.0
2024-07-19 16:00:00,1.08882,1.08911,1.08839,1.08848,67412601407.0
2024-07-19 17:00:00,1.08849,1.08854,1.08807,1.08839,67137518633.0
2024-07-19 18:00:00,1.08839,1.08845,1.08756,1.08786,67015894632.0
2024-07-19 19:00:00,1.08786,1.08821,1.08769,1.08793,67237896522.0
2024-07-19 20:00:00,1.08793,1.08836,1.08779,1.08779,66752080776.0
2024-07-21 21:00:00,1.08861,1.08864,1.08807,1.08839,62084787731.0
2024-07-21 22:00:00,1.08840,1.09001,1.08840,1.08997,65364321569.0
2024-07-21 23:00:00,1.08997,1.09027,1.08983,1.08988,67377552426.0
2024-07-22 00:00:00,1.08988,1.08998,1.08924,1.08938,67312626894.0
2024-07-22 01:00:00,1.08937,1.08948,1.08847,1.08866,66958998243.0
2024-07-22 02:00:00,1.08866,1.08953,1.08846,1.08927,67242152753.0
2024-07-22 03:00:00,1.08926,1.08937,1.08907,1.08915,65723160328.0
2024-07-22 04:00:00,1.08916,1.08927,1.08870,1.08874,66884402220.0
2024-07-22 05:00:00,1.08873,1.08876,1.08824,1.08846,65951747930.0
2024-07-22 06:00:00,1.08845,1.08902,1.08788,1.08809,67947690066.0
2024-07-22 07:00:00,1.08810,1.08879,1.08804,1.08871,67889113499.0
2024-07-22 08:00:00,1.08871,1.08924,1.08848,1.08880,67476680213.0
2024-07-22 09:00:00,1.08881,1.08953,1.08869,1.08918,67694064111.0
2024-07-22 10:00:00,1.08917,1.08929,1.08852,1.08894,67413474677.0
2024-07-22 11:00:00,1.08894,1.08911,1.08838,1.08857,67391932989.0
2024-07-22 12:00:00,1.08856,1.08884,1.08752,1.08781,67824006760.0
2024-07-22 13:00:00,1.08779,1.08862,1.08753,1.08804,67755032578.0
2024-07-22 14:00:00,1.08803,1.08856,1.08730,1.08845,67642157628.0
2024-07-22 15:00:00,1.08846,1.08863,1.08766,1.08798,67645421977.0
2024-07-22 16:00:00,1.08797,1.08867,1.08788,1.08862,67173143672.0
2024-07-22 17:00:00,1.08864,1.08917,1.08864,1.08901,67049960901.0
2024-07-22 18:00:00,1.08901,1.08904,1.08877,1.08894,66862920495.0
2024-07-22 19:00:00,1.08896,1.08896,1.08858,1.08872,66776252087.0
2024-07-22 20:00:00,1.08872,1.08918,1.08862,1.08908,56279026237.0
2024-07-22 21:00:00,1.08908,1.08933,1.08866,1.08893,65967579461.0
2024-07-22 22:00:00,1.08903,1.08924,1.08902,1.08909,59248621649.0
2024-07-22 23:00:00,1.08909,1.08916,1.08889,1.08889,66016115427.0
2024-07-23 00:00:00,1.08888,1.08924,1.08870,1.08896,67257277971.0
2024-07-23 01:00:00,1.08896,1.08939,1.08874,1.08886,67209865131.0
2024-07-23 02:00:00,1.08885,1.08937,1.08883,1.08919,66689794703.0
2024-07-23 03:00:00,1.08919,1.08967,1.08919,1.08941,66801342544.0
2024-07-23 04:00:00,1.08941,1.08947,1.08906,1.08908,67141154241.0
2024-07-23 05:00:00,1.08908,1.08913,1.08881,1.08900,67116105404.0
2024-07-23 06:00:00,1.08900,1.08903,1.08793,1.08848,67574463691.0
2024-07-23 07:00:00,1.08848,1.08886,1.08739,1.08760,67647343494.0
2024-07-23 08:00:00,1.08760,1.08824,1.08679,1.08778,67603757135.0
2024-07-23 09:00:00,1.08778,1.08783,1.08659,1.08673,67368792885.0
2024-07-23 10:00:00,1.08673,1.08689,1.08564,1.08614,67680940033.0
2024-07-23 11:00:00,1.08614,1.08684,1.08560,1.08570,67460971891.0
2024-07-23 12:00:00,1.08569,1.08634,1.08547,1.08559,67554644462.0
2024-07-23 13:00:00,1.08559,1.08561,1.08458,1.08491,67779733421.0
2024-07-23 14:00:00,1.08492,1.08552,1.08438,1.08447,68036673705.0
2024-07-23 15:00:00,1.08447,1.08576,1.08446,1.08542,67372989483.0
2024-07-23 16:00:00,1.08543,1.08578,1.08518,1.08533,67103496931.0
2024-07-23 17:00:00,1.08534,1.08564,1.08506,1.08532,67001895483.0
2024-07-23 18:00:00,1.08532,1.08554,1.08513,1.08522,66081517405.0
2024-07-23 19:00:00,1.08522,1.08524,1.08492,1.08507,66730546299.0
2024-07-23 20:00:00,1.08508,1.08563,1.08495,1.08533,62988298487.0
2024-07-23 21:00:00,1.08528,1.08548,1.08528,1.08533,56614767819.0
2024-07-23 22:00:00,1.08539,1.08539,1.08491,1.08508,65426851759.0
2024-07-23 23:00:00,1.08509,1.08520,1.08485,1.08496,63001986332.0
2024-07-24 00:00:00,1.08495,1.08502,1.08456,1.08466,67210777559.0
2024-07-24 01:00:00,1.08467,1.08503,1.08458,1.08483,67306388194.0
2024-07-24 02:00:00,1.08483,1.08483,1.08416,1.08428,67085858894.0
2024-07-24 03:00:00,1.08429,1.08456,1.08425,1.08450,66751289101.0
2024-07-24 04:00:00,1.08451,1.08475,1.08433,1.08468,67018498049.0
2024-07-24 05:00:00,1.08469,1.08532,1.08466,1.08526,67160467699.0
2024-07-24 06:00:00,1.08526,1.08526,1.08424,1.08432,67711918410.0
2024-07-24 07:00:00,1.08430,1.08537,1.08256,1.08290,68271784179.0
2024-07-24 08:00:00,1.08290,1.08375,1.08257,1.08349,67782539755.0
2024-07-24 09:00:00,1.08349,1.08412,1.08323,1.08406,67248341320.0
2024-07-24 10:00:00,1.08406,1.08463,1.08400,1.08426,67346237688.0
2024-07-24 11:00:00,1.08425,1.08489,1.08385,1.08461,67538732648.0
2024-07-24 12:00:00,1.08464,1.08592,1.08456,1.08582,67596217880.0
2024-07-24 13:00:00,1.08583,1.08628,1.08515,1.08543,68113613783.0
2024-07-24 14:00:00,1.08543,1.08664,1.08504,1.08536,68110599617.0
2024-07-24 15:00:00,1.08539,1.08576,1.08516,1.08527,67817776913.0
2024-07-24 16:00:00,1.08528,1.08529,1.08475,1.08509,67362379858.0
2024-07-24 17:00:00,1.08509,1.08549,1.08459,1.08463,66940922757.0
2024-07-24 18:00:00,1.08463,1.08463,1.08367,1.08375,67229325721.0
2024-07-24 19:00:00,1.08374,1.08425,1.08359,1.08389,67275415878.0
2024-07-24 20:00:00,1.08388,1.08401,1.08378,1.08397,66065463385.0
2024-07-24 21:00:00,1.08396,1.08404,1.08383,1.08394,64528615998.0
2024-07-24 22:00:00,1.08394,1.08420,1.08378,1.08393,65865225340.0
2024-07-24 23:00:00,1.08394,1.08399,1.08374,1.08378,64956539540.0
2024-07-25 00:00:00,1.08379,1.08412,1.08349,1.08394,67314980290.0
2024-07-25 01:00:00,1.08395,1.08428,1.08372,1.08379,67469963097.0
2024-07-25 02:00:00,1.08379,1.08414,1.08362,1.08395,67240578251.0
2024-07-25 03:00:00,1.08394,1.08439,1.08389,1.08427,66985872586.0
2024-07-25 04:00:00,1.08427,1.08434,1.08376,1.08399,67008907180.0
2024-07-25 05:00:00,1.08401,1.08454,1.08382,1.08450,67144968436.0
2024-07-25 06:00:00,1.08451,1.08451,1.08334,1.08347,67708176305.0
2024-07-25 07:00:00,1.08348,1.08531,1.08282,1.08487,68068910366.0
2024-07-25 08:00:00,1.08487,1.08577,1.08433,1.08460,68223249038.0
2024-07-25 09:00:00,1.08459,1.08559,1.08438,1.08515,67663120298.0
2024-07-25 10:00:00,1.08514,1.08588,1.08479,1.08512,67589693767.0
2024-07-25 11:00:00,1.08513,1.08537,1.08436,1.08457,67503903864.0
2024-07-25 12:00:00,1.08456,1.08549,1.08363,1.08497,67978124735.0
2024-07-25 13:00:00,1.08497,1.08508,1.08302,1.08390,68276401763.0
2024-07-25 14:00:00,1.08390,1.08568,1.08361,1.08545,68327844905.0
2024-07-25 15:00:00,1.08546,1.08646,1.08544,1.08598,67785489612.0
2024-07-25 16:00:00,1.08599,1.08634,1.08565,1.08620,67460887019.0
2024-07-25 17:00:00,1.08621,1.08699,1.08539,1.08543,67701952344.0
2024-07-25 18:00:00,1.08543,1.08547,1.08478,1.08479,67258548880.0
2024-07-25 19:00:00,1.08478,1.08536,1.08454,1.08459,67245622884.0
2024-07-25 20:00:00,1.08459,1.08463,1.08434,1.08450,66278927895.0
2024-07-25 21:00:00,1.08448,1.08466,1.08442,1.08450,65599977552.0
2024-07-25 22:00:00,1.08450,1.08484,1.08434,1.08469,65073750998.0
2024-07-25 23:00:00,1.08471,1.08514,1.08468,1.08513,66758108773.0
2024-07-26 00:00:00,1.08514,1.08554,1.08514,1.08538,67088551121.0
2024-07-26 01:00:00,1.08537,1.08594,1.08520,1.08579,66940739254.0
2024-07-26 02:00:00,1.08580,1.08604,1.08546,1.08551,66829816299.0
2024-07-26 03:00:00,1.08552,1.08585,1.08540,1.08583,65788547889.0
2024-07-26 04:00:00,1.08582,1.08597,1.08567,1.08582,67113217229.0
2024-07-26 05:00:00,1.08583,1.08607,1.08565,1.08572,66770127421.0
2024-07-26 06:00:00,1.08572,1.08572,1.08505,1.08522,67285099811.0
2024-07-26 07:00:00,1.08522,1.08556,1.08449,1.08491,67620690656.0
2024-07-26 08:00:00,1.08491,1.08529,1.08420,1.08514,67495981549.0
2024-07-26 09:00:00,1.08514,1.08566,1.08500,1.08539,67420124444.0
2024-07-26 10:00:00,1.08540,1.08586,1.08508,1.08562,67090709215.0
2024-07-26 11:00:00,1.08561,1.08614,1.08522,1.08610,67249894196.0
2024-07-26 12:00:00,1.08611,1.08654,1.08484,1.08606,67628126942.0
2024-07-26 13:00:00,1.08606,1.08672,1.08590,1.08651,67620025792.0
2024-07-26 14:00:00,1.08651,1.08681,1.08514,1.08557,68095778324.0
2024-07-26 15:00:00,1.08558,1.08600,1.08525,1.08579,67441847505.0
2024-07-26 16:00:00,1.08579,1.08669,1.08564,1.08653,66751101665.0
2024-07-26 17:00:00,1.08653,1.08654,1.08579,1.08607,67002775631.0
2024-07-26 18:00:00,1.08606,1.08633,1.08561,1.08566,66867665959.0
2024-07-26 19:00:00,1.08567,1.08591,1.08554,1.08577,66951493715.0
2024-07-26 20:00:00,1.08576,1.08578,1.08547,1.08547,66777688968.0
2024-07-28 21:00:00,1.08553,1.08586,1.08527,1.08549,59911671642.0
2024-07-28 22:00:00,1.08550,1.08599,1.08547,1.08559,66749180148.0
2024-07-28 23:00:00,1.08560,1.08567,1.08527,1.08527,65523441993.0
2024-07-29 00:00:00,1.08524,1.08664,1.08508,1.08633,66914418030.0
2024-07-29 01:00:00,1.08634,1.08679,1.08606,1.08657,67066202360.0
2024-07-29 02:00:00,1.08656,1.08700,1.08642,1.08642,67243089265.0
2024-07-29 03:00:00,1.08641,1.08657,1.08616,1.08622,66467375022.0
2024-07-29 04:00:00,1.08623,1.08637,1.08582,1.08590,66537008664.0
2024-07-29 05:00:00,1.08589,1.08629,1.08574,1.08590,66445407353.0
2024-07-29 06:00:00,1.08589,1.08621,1.08550,1.08580,67187906642.0
2024-07-29 07:00:00,1.08580,1.08597,1.08432,1.08445,67650405987.0
2024-07-29 08:00:00,1.08443,1.08443,1.08316,1.08321,67476938586.0
2024-07-29 09:00:00,1.08321,1.08413,1.08266,1.08371,67148324536.0
2024-07-29 10:00:00,1.08370,1.08420,1.08329,1.08358,67557843600.0
2024-07-29 11:00:00,1.08358,1.08358,1.08167,1.08177,67331501917.0
2024-07-29 12:00:00,1.08178,1.08215,1.08150,1.08160,67356140833.0
2024-07-29 13:00:00,1.08161,1.08174,1.08109,1.08117,67850709563.0
2024-07-29 14:00:00,1.08118,1.08161,1.08028,1.08153,67789335101.0
2024-07-29 15:00:00,1.08154,1.08239,1.08154,1.08189,67969889726.0
2024-07-29 16:00:00,1.08190,1.08237,1.08149,1.08214,66948798873.0
2024-07-29 17:00:00,1.08214,1.08259,1.08195,1.08250,66707523503.0
2024-07-29 18:00:00,1.08251,1.08251,1.08193,1.08215,66467204960.0
2024-07-29 19:00:00,1.08216,1.08255,1.08216,1.08237,66913271807.0
2024-07-29 20:00:00,1.08238,1.08238,1.08197,1.08212,66304901119.0
2024-07-29 21:00:00,1.08203,1.08235,1.08199,1.08228,63531030939.0
2024-07-29 22:00:00,1.08232,1.08236,1.08213,1.08222,59449814546.0
2024-07-29 23:00:00,1.08222,1.08222,1.08182,1.08190,63836107570.0
2024-07-30 00:00:00,1.08191,1.08200,1.08153,1.08170,64690050825.0
2024-07-30 01:00:00,1.08169,1.08200,1.08142,1.08173,66690262631.0
2024-07-30 02:00:00,1.08173,1.08185,1.08146,1.08179,66612855115.0
2024-07-30 03:00:00,1.08180,1.08224,1.08175,1.08221,66114737926.0
2024-07-30 04:00:00,1.08220,1.08251,1.08218,1.08240,65499895888.0
2024-07-30 05:00:00,1.08238,1.08248,1.08190,1.08205,67149084425.0
2024-07-30 06:00:00,1.08204,1.08246,1.08176,1.08226,67255898273.0
2024-07-30 07:00:00,1.08223,1.08268,1.08163,1.08187,67742792089.0
2024-07-30 08:00:00,1.08187,1.08346,1.08160,1.08283,67685585875.0
2024-07-30 09:00:00,1.08284,1.08350,1.08277,1.08317,67357044900.0
2024-07-30 10:00:00,1.08317,1.08356,1.08316,1.08332,67072691405.0
2024-07-30 11:00:00,1.08333,1.08334,1.08238,1.08242,67100351198.0
2024-07-30 12:00:00,1.08240,1.08259,1.08015,1.08019,67565047643.0
2024-07-30 13:00:00,1.08019,1.08151,1.08018,1.08103,67950747155.0
2024-07-30 14:00:00,1.08102,1.08102,1.07982,1.08050,68192915622.0
2024-07-30 15:00:00,1.08051,1.08110,1.07989,1.08087,67883059119.0
2024-07-30 16:00:00,1.08088,1.08166,1.08068,1.08138,67563437752.0
2024-07-30 17:00:00,1.08139,1.08176,1.08097,1.08143,67601674566.0
2024-07-30 18:00:00,1.08143,1.08161,1.08102,1.08111,66922341991.0
2024-07-30 19:00:00,1.08111,1.08135,1.08093,1.08106,67022061567.0
2024-07-30 20:00:00,1.08107,1.08154,1.08085,1.08151,65400347690.0
2024-07-30 21:00:00,1.08144,1.08149,1.08127,1.08131,65429848086.0
2024-07-30 22:00:00,1.08131,1.08164,1.08123,1.08148,66567682131.0
2024-07-30 23:00:00,1.08148,1.08178,1.08141,1.08157,65820413135.0
2024-07-31 00:00:00,1.08156,1.08200,1.08127,1.08200,67237975818.0
2024-07-31 01:00:00,1.08200,1.08243,1.08166,1.08220,67592479210.0
2024-07-31 02:00:00,1.08218,1.08282,1.08201,1.08265,67436895763.0
2024-07-31 03:00:00,1.08265,1.08302,1.08219,1.08220,67399833682.0
2024-07-31 04:00:00,1.08220,1.08259,1.08214,1.08254,67354544862.0
2024-07-31 05:00:00,1.08254,1.08268,1.08200,1.08248,67244360993.0
2024-07-31 06:00:00,1.08249,1.08255,1.08156,1.08252,68028100935.0
2024-07-31 07:00:00,1.08252,1.08252,1.08115,1.08181,68019968242.0
2024-07-31 08:00:00,1.08181,1.08276,1.08065,1.08224,68050586668.0
2024-07-31 09:00:00,1.08225,1.08276,1.08219,1.08258,67663266608.0
2024-07-31 10:00:00,1.08258,1.08352,1.08250,1.08331,67345527934.0
2024-07-31 11:00:00,1.08331,1.08401,1.08268,1.08281,67463188971.0
2024-07-31 12:00:00,1.08281,1.08479,1.08251,1.08408,67996117645.0
2024-07-31 13:00:00,1.08408,1.08493,1.08385,1.08428,68038572276.0
2024-07-31 14:00:00,1.08429,1.08467,1.08172,1.08215,68266735290.0
2024-07-31 15:00:00,1.08216,1.08277,1.08189,1.08231,67814520502.0
2024-07-31 16:00:00,1.08228,1.08232,1.08042,1.08092,67318849203.0
2024-07-31 17:00:00,1.08092,1.08164,1.08057,1.08161,66971742372.0
2024-07-31 18:00:00,1.08160,1.08292,1.08019,1.08268,68306744851.0
2024-07-31 19:00:00,1.08266,1.08329,1.08192,1.08227,68100033573.0
2024-07-31 20:00:00,1.08226,1.08280,1.08169,1.08256,66622295244.0
2024-07-31 21:00:00,1.08256,1.08282,1.08227,1.08272,64162124266.0
2024-07-31 22:00:00,1.08270,1.08309,1.08240,1.08243,66290960303.0
2024-07-31 23:00:00,1.08246,1.08255,1.08217,1.08238,66603022745.0
2024-08-01 00:00:00,1.08235,1.08300,1.08232,1.08276,67349728136.0
2024-08-01 01:00:00,1.08275,1.08336,1.08269,1.08276,67444357202.0
2024-08-01 02:00:00,1.08275,1.08307,1.08242,1.08261,67406538345.0
2024-08-01 03:00:00,1.08261,1.08345,1.08255,1.08328,67088821781.0
2024-08-01 04:00:00,1.08328,1.08354,1.08263,1.08267,67248478289.0
2024-08-01 05:00:00,1.08267,1.08296,1.08253,1.08272,67284491959.0
2024-08-01 06:00:00,1.08270,1.08277,1.08110,1.08160,67761485253.0
2024-08-01 07:00:00,1.08161,1.08199,1.07991,1.08009,67974448415.0
2024-08-01 08:00:00,1.08009,1.08021,1.07813,1.07843,67823628451.0
2024-08-01 09:00:00,1.07842,1.07861,1.07774,1.07778,67553677144.0
2024-08-01 10:00:00,1.07781,1.07896,1.07779,1.07842,67243955651.0
2024-08-01 11:00:00,1.07844,1.07958,1.07805,1.07918,68024884263.0
2024-08-01 12:00:00,1.07919,1.08084,1.07869,1.07964,68364964495.0
2024-08-01 13:00:00,1.07963,1.08060,1.07872,1.08027,68142075416.0
2024-08-01 14:00:00,1.08034,1.08182,1.07872,1.07921,68474403555.0
2024-08-01 15:00:00,1.07922,1.07945,1.07836,1.07886,68087042542.0
2024-08-01 16:00:00,1.07887,1.07967,1.07802,1.07862,67862627450.0
2024-08-01 17:00:00,1.07863,1.07920,1.07849,1.07915,67368771586.0
2024-08-01 18:00:00,1.07917,1.07919,1.07828,1.07837,67602495897.0
2024-08-01 19:00:00,1.07838,1.07954,1.07825,1.07897,67628186504.0
2024-08-01 20:00:00,1.07897,1.07917,1.07864,1.07911,66679877141.0
2024-08-01 21:00:00,1.07911,1.07925,1.07887,1.07913,66065854627.0
2024-08-01 22:00:00,1.07911,1.07932,1.07874,1.07884,67024707915.0
2024-08-01 23:00:00,1.07885,1.07918,1.07863,1.07864,67119973668.0
2024-08-02 00:00:00,1.07864,1.07925,1.07818,1.07909,67419994845.0
2024-08-02 01:00:00,1.07908,1.07937,1.07878,1.07908,67664201645.0
2024-08-02 02:00:00,1.07909,1.07917,1.07846,1.07902,67406860128.0
2024-08-02 03:00:00,1.07901,1.07951,1.07901,1.07930,67075598580.0
2024-08-02 04:00:00,1.07931,1.07986,1.07924,1.07976,67240773876.0
2024-08-02 05:00:00,1.07976,1.08042,1.07955,1.08042,67403264162.0
2024-08-02 06:00:00,1.08041,1.08087,1.07929,1.07963,68059041626.0
2024-08-02 07:00:00,1.07961,1.08042,1.07861,1.08040,68153436244.0
2024-08-02 08:00:00,1.08041,1.08152,1.08031,1.08145,67860772947.0
2024-08-02 09:00:00,1.08144,1.08248,1.08144,1.08202,67893651540.0
2024-08-02 10:00:00,1.08203,1.08244,1.08156,1.08230,67507181650.0
2024-08-02 11:00:00,1.08229,1.08372,1.08229,1.08312,67818596599.0
2024-08-02 12:00:00,1.08313,1.08970,1.08292,1.08910,68490208791.0
2024-08-02 13:00:00,1.08910,1.09064,1.08844,1.09054,68564006746.0
2024-08-02 14:00:00,1.09056,1.09265,1.09001,1.09223,68476252488.0
2024-08-02 15:00:00,1.09224,1.09247,1.09121,1.09132,68368811950.0
2024-08-02 16:00:00,1.09132,1.09148,1.09032,1.09120,68047332475.0
2024-08-02 17:00:00,1.09120,1.09153,1.09071,1.09111,67610641038.0
2024-08-02 18:00:00,1.09110,1.09166,1.09100,1.09129,67573888452.0
2024-08-02 19:00:00,1.09128,1.09165,1.09096,1.09126,67300573841.0
2024-08-02 20:00:00,1.09127,1.09147,1.09080,1.09098,66604781405.0
2024-08-04 21:00:00,1.09225,1.09234,1.09175,1.09202,65330909022.0
2024-08-04 22:00:00,1.09203,1.09210,1.09028,1.09060,67149254497.0
2024-08-04 23:00:00,1.09064,1.09114,1.09043,1.09103,67643585985.0
2024-08-05 00:00:00,1.09104,1.09224,1.09068,1.09166,68104465613.0
2024-08-05 01:00:00,1.09165,1.09215,1.09119,1.09188,68063173999.0
2024-08-05 02:00:00,1.09188,1.09238,1.09129,1.09216,67786223287.0
2024-08-05 03:00:00,1.09217,1.09311,1.09208,1.09305,67642220546.0
2024-08-05 04:00:00,1.09305,1.09396,1.09276,1.09324,67957423306.0
2024-08-05 05:00:00,1.09325,1.09386,1.09119,1.09122,68401461414.0
2024-08-05 06:00:00,1.09124,1.09178,1.08923,1.09051,68957842636.0
2024-08-05 07:00:00,1.09051,1.09670,1.09034,1.09487,68853736159.0
2024-08-05 08:00:00,1.09488,1.09748,1.09464,1.09508,68613255090.0
2024-08-05 09:00:00,1.09511,1.09607,1.09449,1.09513,68361426373.0
2024-08-05 10:00:00,1.09511,1.09513,1.09330,1.09483,68118733626.0
2024-08-05 11:00:00,1.09483,1.09647,1.09434,1.09629,68118293710.0
2024-08-05 12:00:00,1.09628,1.10088,1.09617,1.09910,68694263151.0
2024-08-05 13:00:00,1.09910,1.10032,1.09754,1.09791,68763871478.0
2024-08-05 14:00:00,1.09790,1.09800,1.09563,1.09793,68748101222.0
2024-08-05 15:00:00,1.09793,1.09862,1.09559,1.09561,68513970912.0
2024-08-05 16:00:00,1.09561,1.09610,1.09476,1.09598,68240765424.0
2024-08-05 17:00:00,1.09598,1.09643,1.09472,1.09532,68118951363.0
2024-08-05 18:00:00,1.09532,1.09574,1.09490,1.09510,67733412081.0
2024-08-05 19:00:00,1.09510,1.09587,1.09495,1.09587,67620428192.0
2024-08-05 20:00:00,1.09590,1.09602,1.09491,1.09505,66911035721.0
2024-08-05 21:00:00,1.09500,1.09529,1.09462,1.09525,62563245096.0
2024-08-05 22:00:00,1.09528,1.09619,1.09520,1.09547,66549015514.0
2024-08-05 23:00:00,1.09548,1.09577,1.09498,1.09505,67715486191.0
2024-08-06 00:00:00,1.09506,1.09630,1.09437,1.09627,67958597056.0
2024-08-06 01:00:00,1.09627,1.09631,1.09500,1.09548,67897991171.0
2024-08-06 02:00:00,1.09548,1.09575,1.09517,1.09519,67596327648.0
2024-08-06 03:00:00,1.09518,1.09560,1.09514,1.09540,67346806865.0
2024-08-06 04:00:00,1.09541,1.09558,1.09496,1.09519,67543531353.0
2024-08-06 05:00:00,1.09519,1.09549,1.09448,1.09465,68231235174.0
2024-08-06 06:00:00,1.09466,1.09486,1.09344,1.09389,68522909860.0
2024-08-06 07:00:00,1.09389,1.09408,1.09218,1.09268,68436762382.0
2024-08-06 08:00:00,1.09267,1.09350,1.09185,1.09276,68101737513.0
2024-08-06 09:00:00,1.09277,1.09277,1.09076,1.09117,68103617412.0
2024-08-06 10:00:00,1.09115,1.09143,1.09041,1.09083,68012381797.0
2024-08-06 11:00:00,1.09084,1.09174,1.09037,1.09167,68004793384.0
2024-08-06 12:00:00,1.09166,1.09179,1.09046,1.09051,68017022072.0
2024-08-06 13:00:00,1.09050,1.09245,1.09050,1.09183,68281777522.0
2024-08-06 14:00:00,1.09185,1.09348,1.09152,1.09337,68314390856.0
2024-08-06 15:00:00,1.09338,1.09341,1.09222,1.09251,68145188207.0
2024-08-06 16:00:00,1.09253,1.09321,1.09207,1.09277,67644087990.0
2024-08-06 17:00:00,1.09277,1.09310,1.09226,1.09259,67530286694.0
2024-08-06 18:00:00,1.09260,1.09335,1.09250,1.09285,67282267340.0
2024-08-06 19:00:00,1.09285,1.09305,1.09226,1.09299,67693061734.0
2024-08-06 20:00:00,1.09298,1.09321,1.09276,1.09313,66867934659.0
2024-08-06 21:00:00,1.09299,1.09317,1.09253,1.09286,65937303142.0
2024-08-06 22:00:00,1.09286,1.09316,1.09274,1.09294,66492560178.0
2024-08-06 23:00:00,1.09296,1.09303,1.09238,1.09259,66471375667.0
2024-08-07 00:00:00,1.09259,1.09305,1.09231,1.09296,66934550693.0
2024-08-07 01:00:00,1.09296,1.09303,1.09109,1.09181,67201894318.0
2024-08-07 02:00:00,1.09183,1.09193,1.09122,1.09162,67295423364.0
2024-08-07 03:00:00,1.09163,1.09174,1.09117,1.09157,66741427241.0
2024-08-07 04:00:00,1.09157,1.09168,1.09115,1.09116,66780977234.0
2024-08-07 05:00:00,1.09114,1.09129,1.09068,1.09102,66865203777.0
2024-08-07 06:00:00,1.09101,1.09153,1.09053,1.09150,67335453077.0
2024-08-07 07:00:00,1.09151,1.09278,1.09128,1.09222,67578629977.0
2024-08-07 08:00:00,1.09222,1.09279,1.09183,1.09186,67577788823.0
2024-08-07 09:00:00,1.09187,1.09195,1.09085,1.09134,67890885097.0
2024-08-07 10:00:00,1.09137,1.09232,1.09096,1.09179,67639102341.0
2024-08-07 11:00:00,1.09178,1.09266,1.09177,1.09232,67696576101.0
2024-08-07 12:00:00,1.09233,1.09256,1.09133,1.09219,67788080906.0
2024-08-07 13:00:00,1.09219,1.09264,1.09124,1.09187,67845968360.0
2024-08-07 14:00:00,1.09190,1.09340,1.09188,1.09318,67856041902.0
2024-08-07 15:00:00,1.09318,1.09366,1.09239,1.09246,67811768566.0
2024-08-07 16:00:00,1.09246,1.09269,1.09210,1.09221,67457664289.0
2024-08-07 17:00:00,1.09220,1.09271,1.09175,1.09221,67674446888.0
2024-08-07 18:00:00,1.09221,1.09238,1.09174,1.09221,67660893065.0
2024-08-07 19:00:00,1.09221,1.09266,1.09213,1.09233,67597667368.0
2024-08-07 20:00:00,1.09233,1.09237,1.09200,1.09220,67247946465.0
2024-08-07 21:00:00,1.09210,1.09244,1.09173,1.09233,65066346741.0
2024-08-07 22:00:00,1.09233,1.09269,1.09225,1.09266,66427136899.0
2024-08-07 23:00:00,1.09267,1.09338,1.09263,1.09273,66744022138.0
2024-08-08 00:00:00,1.09275,1.09324,1.09258,1.09279,67117504923.0
2024-08-08 01:00:00,1.09280,1.09307,1.09235,1.09277,67026500322.0
2024-08-08 02:00:00,1.09278,1.09351,1.09265,1.09336,66772162971.0
2024-08-08 03:00:00,1.09337,1.09354,1.09298,1.09348,66787031124.0
2024-08-08 04:00:00,1.09348,1.09376,1.09307,1.09316,66911443351.0
2024-08-08 05:00:00,1.09317,1.09358,1.09298,1.09357,66920897577.0
2024-08-08 06:00:00,1.09356,1.09447,1.09335,1.09428,67385675282.0
2024-08-08 07:00:00,1.09430,1.09451,1.09338,1.09399,67546371192.0
2024-08-08 08:00:00,1.09399,1.09443,1.09354,1.09369,67127278957.0
2024-08-08 09:00:00,1.09370,1.09395,1.09260,1.09268,67298800110.0
2024-08-08 10:00:00,1.09268,1.09286,1.09208,1.09252,67502841200.0
2024-08-08 11:00:00,1.09252,1.09332,1.09230,1.09304,67610359236.0
2024-08-08 12:00:00,1.09305,1.09325,1.08915,1.08974,68080595355.0
2024-08-08 13:00:00,1.08975,1.09062,1.08814,1.08926,68172294881.0
2024-08-08 14:00:00,1.08931,1.09077,1.08913,1.09063,68275788023.0
2024-08-08 15:00:00,1.09062,1.09146,1.09055,1.09130,68149577814.0
2024-08-08 16:00:00,1.09130,1.09145,1.09050,1.09086,67787981455.0
2024-08-08 17:00:00,1.09087,1.09162,1.09074,1.09126,67553932575.0
2024-08-08 18:00:00,1.09128,1.09188,1.09110,1.09183,67629048794.0
2024-08-08 19:00:00,1.09182,1.09182,1.09133,1.09159,67463172917.0
2024-08-08 20:00:00,1.09159,1.09190,1.09159,1.09181,66540189775.0
2024-08-08 21:00:00,1.09174,1.09177,1.09100,1.09162,64422716375.0
2024-08-08 22:00:00,1.09163,1.09189,1.09155,1.09182,63706219807.0
2024-08-08 23:00:00,1.09183,1.09193,1.09143,1.09149,62380539902.0
2024-08-09 00:00:00,1.09147,1.09159,1.09114,1.09130,66763541054.0
2024-08-09 01:00:00,1.09131,1.09188,1.09119,1.09177,66761337733.0
2024-08-09 02:00:00,1.09178,1.09243,1.09157,1.09212,66780697722.0
2024-08-09 03:00:00,1.09211,1.09240,1.09204,1.09228,66605813598.0
2024-08-09 04:00:00,1.09228,1.09239,1.09199,1.09201,66480274143.0
2024-08-09 05:00:00,1.09201,1.09213,1.09181,1.09193,66902442639.0
2024-08-09 06:00:00,1.09194,1.09281,1.09175,1.09273,66947464565.0
2024-08-09 07:00:00,1.09272,1.09290,1.09202,1.09218,67474617137.0
2024-08-09 08:00:00,1.09218,1.09224,1.09129,1.09175,67190991750.0
2024-08-09 09:00:00,1.09176,1.09257,1.09172,1.09195,67144834417.0
2024-08-09 10:00:00,1.09195,1.09231,1.09166,1.09174,67395012852.0
2024-08-09 11:00:00,1.09175,1.09206,1.09112,1.09160,67661162410.0
2024-08-09 12:00:00,1.09159,1.09195,1.09090,1.09117,67543451565.0
2024-08-09 13:00:00,1.09117,1.09239,1.09097,1.09223,67562649680.0
2024-08-09 14:00:00,1.09223,1.09313,1.09212,1.09231,67666652038.0
2024-08-09 15:00:00,1.09231,1.09276,1.09216,1.09241,67527253688.0
2024-08-09 16:00:00,1.09240,1.09245,1.09178,1.09186,67185231297.0
2024-08-09 17:00:00,1.09186,1.09234,1.09151,1.09206,67157537586.0
2024-08-09 18:00:00,1.09207,1.09217,1.09170,1.09195,66709558396.0
2024-08-09 19:00:00,1.09195,1.09211,1.09171,1.09187,66841058674.0
2024-08-09 20:00:00,1.09186,1.09194,1.09148,1.09167,65636907747.0
2024-08-11 21:00:00,1.09142,1.09196,1.09142,1.09189,61793197093.0
2024-08-11 22:00:00,1.09189,1.09191,1.09100,1.09128,65636728832.0
2024-08-11 23:00:00,1.09128,1.09150,1.09125,1.09127,65447795096.0
2024-08-12 00:00:00,1.09125,1.09197,1.09116,1.09182,65570097726.0
2024-08-12 01:00:00,1.09182,1.09230,1.09180,1.09206,66794772235.0
2024-08-12 02:00:00,1.09205,1.09217,1.09178,1.09178,66828234259.0
2024-08-12 03:00:00,1.09177,1.09187,1.09126,1.09140,65259224432.0
2024-08-12 04:00:00,1.09138,1.09214,1.09136,1.09189,65403451478.0
2024-08-12 05:00:00,1.09190,1.09210,1.09175,1.09185,67167746784.0
2024-08-12 06:00:00,1.09185,1.09235,1.09157,1.09211,67379779994.0
2024-08-12 07:00:00,1.09211,1.09284,1.09194,1.09221,67578088323.0
2024-08-12 08:00:00,1.09223,1.09254,1.09160,1.09206,67360248627.0
2024-08-12 09:00:00,1.09206,1.09279,1.09176,1.09267,67280973332.0
2024-08-12 10:00:00,1.09268,1.09299,1.09215,1.09265,66940337523.0
2024-08-12 11:00:00,1.09265,1.09292,1.09197,1.09259,67244905592.0
2024-08-12 12:00:00,1.09259,1.09288,1.09176,1.09199,67272468067.0
2024-08-12 13:00:00,1.09199,1.09333,1.09199,1.09251,67693328466.0
2024-08-12 14:00:00,1.09253,1.09333,1.09152,1.09312,67602295683.0
2024-08-12 15:00:00,1.09312,1.09393,1.09272,1.09279,67796711010.0
2024-08-12 16:00:00,1.09278,1.09294,1.09218,1.09228,67241569811.0
2024-08-12 17:00:00,1.09227,1.09336,1.09221,1.09331,67218698404.0
2024-08-12 18:00:00,1.09331,1.09350,1.09282,1.09304,66829854315.0
2024-08-12 19:00:00,1.09304,1.09331,1.09297,1.09314,66856284983.0
2024-08-12 20:00:00,1.09314,1.09322,1.09272,1.09312,64902921585.0
2024-08-12 21:00:00,1.09303,1.09334,1.09249,1.09317,64671252482.0
2024-08-12 22:00:00,1.09317,1.09330,1.09307,1.09323,65116922187.0
2024-08-12 23:00:00,1.09324,1.09363,1.09312,1.09361,61895360511.0
2024-08-13 00:00:00,1.09360,1.09361,1.09292,1.09299,67160096112.0
2024-08-13 01:00:00,1.09299,1.09352,1.09292,1.09349,66804732396.0
2024-08-13 02:00:00,1.09348,1.09375,1.09339,1.09353,66461653403.0
2024-08-13 03:00:00,1.09353,1.09384,1.09350,1.09369,65072070655.0
2024-08-13 04:00:00,1.09369,1.09392,1.09357,1.09391,66439206668.0
2024-08-13 05:00:00,1.09392,1.09411,1.09373,1.09397,66602007266.0
2024-08-13 06:00:00,1.09398,1.09408,1.09325,1.09333,67519915298.0
2024-08-13 07:00:00,1.09333,1.09347,1.09262,1.09301,67499415309.0
2024-08-13 08:00:00,1.09300,1.09300,1.09206,1.09233,67289746798.0
2024-08-13 09:00:00,1.09234,1.09269,1.09137,1.09196,67148773133.0
2024-08-13 10:00:00,1.09196,1.09251,1.09179,1.09231,67271504691.0
2024-08-13 11:00:00,1.09230,1.09322,1.09225,1.09302,66888103359.0
2024-08-13 12:00:00,1.09301,1.09465,1.09254,1.09409,67655871364.0
2024-08-13 13:00:00,1.09410,1.09623,1.09380,1.09586,67789750268.0
2024-08-13 14:00:00,1.09587,1.09618,1.09501,1.09559,67749737266.0
2024-08-13 15:00:00,1.09560,1.09586,1.09480,1.09535,67473508274.0
2024-08-13 16:00:00,1.09536,1.09739,1.09529,1.09723,67386700593.0
2024-08-13 17:00:00,1.09725,1.09784,1.09697,1.09767,67564622972.0
2024-08-13 18:00:00,1.09768,1.09994,1.09767,1.09991,67376541208.0
2024-08-13 19:00:00,1.09991,1.09996,1.09939,1.09959,67835224064.0
2024-08-13 20:00:00,1.09960,1.09989,1.09916,1.09916,67234031207.0
2024-08-13 21:00:00,1.09916,1.09941,1.09754,1.09918,65161189134.0
2024-08-13 22:00:00,1.09918,1.09973,1.09908,1.09965,65089379370.0
2024-08-13 23:00:00,1.09966,1.09984,1.09943,1.09959,66945328087.0
2024-08-14 00:00:00,1.09958,1.09971,1.09916,1.09919,67303794937.0
2024-08-14 01:00:00,1.09918,1.09965,1.09904,1.09918,67356501278.0
2024-08-14 02:00:00,1.09916,1.09940,1.09902,1.09914,67305005713.0
2024-08-14 03:00:00,1.09915,1.09916,1.09887,1.09900,67143153089.0
2024-08-14 04:00:00,1.09900,1.09931,1.09894,1.09928,65539340370.0
2024-08-14 05:00:00,1.09928,1.09948,1.09895,1.09907,67039144835.0
2024-08-14 06:00:00,1.09908,1.10018,1.09863,1.09999,67600877815.0
2024-08-14 07:00:00,1.09999,1.10079,1.09961,1.10057,67590290474.0
2024-08-14 08:00:00,1.10056,1.10199,1.10025,1.10192,67511144450.0
2024-08-14 09:00:00,1.10192,1.10286,1.10154,1.10256,67269232558.0
2024-08-14 10:00:00,1.10256,1.10256,1.10180,1.10219,67348008794.0
2024-08-14 11:00:00,1.10220,1.10251,1.10199,1.10225,67423683215.0
2024-08-14 12:00:00,1.10227,1.10354,1.10039,1.10168,68256812891.0
2024-08-14 13:00:00,1.10168,1.10424,1.10162,1.10376,68094150412.0
2024-08-14 14:00:00,1.10377,1.10473,1.10271,1.10355,67990441329.0
2024-08-14 15:00:00,1.10356,1.10361,1.10212,1.10231,67594684662.0
2024-08-14 16:00:00,1.10232,1.10241,1.10155,1.10183,67293681747.0
2024-08-14 17:00:00,1.10182,1.10184,1.10130,1.10142,67250226793.0
2024-08-14 18:00:00,1.10141,1.10170,1.10108,1.10160,67496833022.0
2024-08-14 19:00:00,1.10160,1.10165,1.10113,1.10129,67330412870.0
2024-08-14 20:00:00,1.10130,1.10145,1.10108,1.10125,66521683068.0
2024-08-14 21:00:00,1.10124,1.10132,1.10112,1.10115,64170921820.0
2024-08-14 22:00:00,1.10121,1.10154,1.10109,1.10130,63768406258.0
2024-08-14 23:00:00,1.10134,1.10139,1.10097,1.10116,63317785311.0
2024-08-15 00:00:00,1.10117,1.10142,1.10092,1.10096,65684903691.0
2024-08-15 01:00:00,1.10095,1.10098,1.10030,1.10069,66936745492.0
2024-08-15 02:00:00,1.10069,1.10112,1.10056,1.10085,66956897812.0
2024-08-15 03:00:00,1.10085,1.10106,1.10075,1.10080,64304915418.0
2024-08-15 04:00:00,1.10082,1.10120,1.10080,1.10116,66369020232.0
2024-08-15 05:00:00,1.10116,1.10130,1.10085,1.10096,65669397546.0
2024-08-15 06:00:00,1.10098,1.10153,1.10079,1.10145,67132570994.0
2024-08-15 07:00:00,1.10146,1.10154,1.10075,1.10134,67436955892.0
2024-08-15 08:00:00,1.10132,1.10135,1.10052,1.10061,67257612371.0
2024-08-15 09:00:00,1.10060,1.10128,1.10033,1.10118,66878007543.0
2024-08-15 10:00:00,1.10118,1.10141,1.10080,1.10101,66547772293.0
2024-08-15 11:00:00,1.10101,1.10136,1.10098,1.10133,66939572720.0
2024-08-15 12:00:00,1.10132,1.10142,1.09518,1.09564,67807997217.0
2024-08-15 13:00:00,1.09564,1.09697,1.09495,1.09685,68172504433.0
2024-08-15 14:00:00,1.09685,1.09861,1.09651,1.09831,67985952771.0
2024-08-15 15:00:00,1.09830,1.09894,1.09815,1.09854,67855713073.0
2024-08-15 16:00:00,1.09855,1.09892,1.09774,1.09778,67664372042.0
2024-08-15 17:00:00,1.09779,1.09797,1.09715,1.09742,67117666796.0
2024-08-15 18:00:00,1.09743,1.09792,1.09736,1.09782,67020494277.0
2024-08-15 19:00:00,1.09781,1.09799,1.09725,1.09741,67206878659.0
2024-08-15 20:00:00,1.09740,1.09740,1.09704,1.09724,66317184532.0
2024-08-15 21:00:00,1.09713,1.09724,1.09703,1.09717,65420328956.0
2024-08-15 22:00:00,1.09717,1.09743,1.09708,1.09712,65070063944.0
2024-08-15 23:00:00,1.09714,1.09748,1.09711,1.09723,66409298658.0
2024-08-16 00:00:00,1.09723,1.09769,1.09718,1.09756,67132675521.0
2024-08-16 01:00:00,1.09757,1.09813,1.09743,1.09808,66803580271.0
2024-08-16 02:00:00,1.09808,1.09825,1.09782,1.09812,66432971570.0
2024-08-16 03:00:00,1.09812,1.09817,1.09767,1.09770,64961010731.0
2024-08-16 04:00:00,1.09771,1.09823,1.09760,1.09820,65124301539.0
2024-08-16 05:00:00,1.09821,1.09860,1.09813,1.09856,66420169116.0
2024-08-16 06:00:00,1.09856,1.09866,1.09806,1.09815,67364140477.0
2024-08-16 07:00:00,1.09814,1.09861,1.09767,1.09850,67519087901.0
2024-08-16 08:00:00,1.09853,1.09897,1.09798,1.09808,67373981042.0
2024-08-16 09:00:00,1.09807,1.09899,1.09788,1.09897,67127766873.0
2024-08-16 10:00:00,1.09898,1.09949,1.09853,1.09939,66797199691.0
2024-08-16 11:00:00,1.09938,1.09948,1.09890,1.09921,67642542000.0
2024-08-16 12:00:00,1.09922,1.09945,1.09853,1.09938,67698891492.0
2024-08-16 13:00:00,1.09940,1.10044,1.09918,1.10025,67556526160.0
2024-08-16 14:00:00,1.10022,1.10022,1.09826,1.09904,67710152702.0
2024-08-16 15:00:00,1.09903,1.09975,1.09903,1.09960,67448307710.0
2024-08-16 16:00:00,1.09960,1.10042,1.09956,1.10036,67029001831.0
2024-08-16 17:00:00,1.10037,1.10128,1.10036,1.10127,67012853762.0
2024-08-16 18:00:00,1.10125,1.10214,1.10092,1.10205,67034632682.0
2024-08-16 19:00:00,1.10206,1.10247,1.10180,1.10244,67049570630.0
2024-08-16 20:00:00,1.10245,1.10296,1.10201,1.10211,66971055553.0
2024-08-18 21:00:00,1.10265,1.10276,1.10232,1.10258,63984694714.0
2024-08-18 22:00:00,1.10254,1.10340,1.10231,1.10249,65521407097.0
2024-08-18 23:00:00,1.10252,1.10261,1.10227,1.10246,66723958621.0
2024-08-19 00:00:00,1.10246,1.10360,1.10231,1.10302,67246054112.0
2024-08-19 01:00:00,1.10302,1.10334,1.10275,1.10311,67221810379.0
2024-08-19 02:00:00,1.10311,1.10318,1.10288,1.10307,66507020698.0
2024-08-19 03:00:00,1.10306,1.10403,1.10301,1.10389,66948958126.0
2024-08-19 04:00:00,1.10390,1.10417,1.10365,1.10396,66566721375.0
2024-08-19 05:00:00,1.10399,1.10490,1.10396,1.10474,67210559163.0
2024-08-19 06:00:00,1.10475,1.10501,1.10407,1.10420,67655569897.0
2024-08-19 07:00:00,1.10419,1.10471,1.10402,1.10427,67694882483.0
2024-08-19 08:00:00,1.10428,1.10504,1.10356,1.10372,67690072964.0
2024-08-19 09:00:00,1.10371,1.10412,1.10344,1.10350,67332317016.0
2024-08-19 10:00:00,1.10351,1.10381,1.10308,1.10368,67536289134.0
2024-08-19 11:00:00,1.10366,1.10437,1.10325,1.10422,67407804169.0
2024-08-19 12:00:00,1.10424,1.10443,1.10345,1.10389,67726568984.0
2024-08-19 13:00:00,1.10388,1.10444,1.10301,1.10443,67599304623.0
2024-08-19 14:00:00,1.10443,1.10735,1.10429,1.10655,68068721948.0
2024-08-19 15:00:00,1.10654,1.10720,1.10597,1.10691,67894794322.0
2024-08-19 16:00:00,1.10691,1.10739,1.10671,1.10735,67727492384.0
2024-08-19 17:00:00,1.10734,1.10769,1.10703,1.10769,65821957814.0
2024-08-19 18:00:00,1.10770,1.10849,1.10764,1.10815,67291365051.0
2024-08-19 19:00:00,1.10814,1.10863,1.10789,1.10836,66940654387.0
2024-08-19 20:00:00,1.10835,1.10861,1.10815,1.10848,66650010747.0
2024-08-19 21:00:00,1.10843,1.10858,1.10804,1.10835,63418282804.0
2024-08-19 22:00:00,1.10836,1.10875,1.10835,1.10851,59455071190.0
2024-08-19 23:00:00,1.10852,1.10866,1.10833,1.10854,66663537050.0
2024-08-20 00:00:00,1.10855,1.10871,1.10799,1.10818,67126518744.0
2024-08-20 01:00:00,1.10819,1.10871,1.10814,1.10853,66152139000.0
2024-08-20 02:00:00,1.10853,1.10870,1.10750,1.10761,67327156222.0
2024-08-20 03:00:00,1.10762,1.10791,1.10751,1.10755,67079140148.0
2024-08-20 04:00:00,1.10756,1.10791,1.10748,1.10769,66767027240.0
2024-08-20 05:00:00,1.10768,1.10776,1.10729,1.10765,67353665533.0
2024-08-20 06:00:00,1.10766,1.10820,1.10743,1.10810,67864875329.0
2024-08-20 07:00:00,1.10810,1.10870,1.10719,1.10866,67987774507.0
2024-08-20 08:00:00,1.10868,1.10888,1.10777,1.10795,67878665259.0
2024-08-20 09:00:00,1.10796,1.10818,1.10749,1.10755,67794194430.0
2024-08-20 10:00:00,1.10756,1.10827,1.10750,1.10819,67563181342.0
2024-08-20 11:00:00,1.10821,1.10865,1.10766,1.10808,67550251907.0
2024-08-20 12:00:00,1.10809,1.10986,1.10804,1.10983,67808932009.0
2024-08-20 13:00:00,1.10982,1.11051,1.10926,1.11020,68248407734.0
2024-08-20 14:00:00,1.11021,1.11168,1.10935,1.11117,68351228150.0
2024-08-20 15:00:00,1.11116,1.11120,1.10996,1.11051,68045533020.0
2024-08-20 16:00:00,1.11057,1.11191,1.11041,1.11148,67553139424.0
2024-08-20 17:00:00,1.11148,1.11167,1.11088,1.11160,67481277068.0
2024-08-20 18:00:00,1.11160,1.11225,1.11156,1.11206,67670623028.0
2024-08-20 19:00:00,1.11206,1.11273,1.11193,1.11245,67598242121.0
2024-08-20 20:00:00,1.11248,1.11304,1.11239,1.11294,67214424309.0
2024-08-20 21:00:00,1.11290,1.11295,1.11236,1.11290,63580044003.0
2024-08-20 22:00:00,1.11290,1.11294,1.11260,1.11285,66382459699.0
2024-08-20 23:00:00,1.11284,1.11317,1.11268,1.11275,66381386877.0
2024-08-21 00:00:00,1.11274,1.11325,1.11253,1.11278,66938241025.0
2024-08-21 01:00:00,1.11277,1.11280,1.11190,1.11216,67237045863.0
2024-08-21 02:00:00,1.11215,1.11252,1.11202,1.11217,64499057950.0
2024-08-21 03:00:00,1.11218,1.11224,1.11171,1.11210,65762060537.0
2024-08-21 04:00:00,1.11210,1.11213,1.11165,1.11190,66774372845.0
2024-08-21 05:00:00,1.11190,1.11209,1.11161,1.11177,66990633776.0
2024-08-21 06:00:00,1.11179,1.11198,1.11131,1.11178,67665627543.0
2024-08-21 07:00:00,1.11179,1.11287,1.11103,1.11142,67495195765.0
2024-08-21 08:00:00,1.11143,1.11224,1.11109,1.11184,67471057880.0
2024-08-21 09:00:00,1.11183,1.11253,1.11133,1.11169,67232262388.0
2024-08-21 10:00:00,1.11168,1.11259,1.11155,1.11248,67041878346.0
2024-08-21 11:00:00,1.11247,1.11247,1.11100,1.11147,67367104676.0
2024-08-21 12:00:00,1.11149,1.11299,1.11133,1.11248,67438239415.0
2024-08-21 13:00:00,1.11248,1.11277,1.11113,1.11145,67827841432.0
2024-08-21 14:00:00,1.11145,1.11298,1.10992,1.11247,68388195286.0
2024-08-21 15:00:00,1.11245,1.11476,1.11244,1.11420,67699086131.0
2024-08-21 16:00:00,1.11421,1.11481,1.11415,1.11462,67214064348.0
2024-08-21 17:00:00,1.11464,1.11583,1.11455,1.11554,66910265673.0
2024-08-21 18:00:00,1.11553,1.11740,1.11549,1.11617,67252876085.0
2024-08-21 19:00:00,1.11616,1.11617,1.11514,1.11516,66876647013.0
2024-08-21 20:00:00,1.11517,1.11523,1.11471,1.11493,66060019299.0
2024-08-21 21:00:00,1.11491,1.11523,1.11468,1.11482,64853161413.0
2024-08-21 22:00:00,1.11482,1.11562,1.11481,1.11562,64476551578.0
2024-08-21 23:00:00,1.11562,1.11580,1.11529,1.11548,66036423719.0
2024-08-22 00:00:00,1.11549,1.11567,1.11453,1.11474,66899224168.0
2024-08-22 01:00:00,1.11475,1.11490,1.11424,1.11432,66728971468.0
2024-08-22 02:00:00,1.11432,1.11444,1.11404,1.11430,66693355929.0
2024-08-22 03:00:00,1.11432,1.11454,1.11427,1.11446,66065116039.0
2024-08-22 04:00:00,1.11446,1.11456,1.11406,1.11432,66336889243.0
2024-08-22 05:00:00,1.11431,1.11443,1.11401,1.11431,66620291816.0
2024-08-22 06:00:00,1.11429,1.11497,1.11408,1.11494,66974001398.0
2024-08-22 07:00:00,1.11494,1.11646,1.11272,1.11367,67595770427.0
2024-08-22 08:00:00,1.11367,1.11509,1.11367,1.11424,67435482971.0
2024-08-22 09:00:00,1.11425,1.11426,1.11333,1.11396,67217512203.0
2024-08-22 10:00:00,1.11397,1.11460,1.11324,1.11453,66972839442.0
2024-08-22 11:00:00,1.11453,1.11453,1.11320,1.11367,67182118174.0
2024-08-22 12:00:00,1.11368,1.11431,1.11253,1.11400,67439220165.0
2024-08-22 13:00:00,1.11403,1.11414,1.11122,1.11188,67744478659.0
2024-08-22 14:00:00,1.11188,1.11195,1.10980,1.11148,67705140673.0
2024-08-22 15:00:00,1.11148,1.11149,1.11051,1.11130,67316949322.0
2024-08-22 16:00:00,1.11130,1.11175,1.11077,1.11103,67198118137.0
2024-08-22 17:00:00,1.11103,1.11106,1.10987,1.11027,66947205039.0
2024-08-22 18:00:00,1.11028,1.11109,1.11027,1.11104,66582810458.0
2024-08-22 19:00:00,1.11103,1.11133,1.11046,1.11084,66805717075.0
2024-08-22 20:00:00,1.11083,1.11131,1.11074,1.11118,66355222282.0
2024-08-22 21:00:00,1.11110,1.11116,1.11071,1.11108,62594543783.0
2024-08-22 22:00:00,1.11110,1.11162,1.11105,1.11135,64486160467.0
2024-08-22 23:00:00,1.11137,1.11177,1.11135,1.11160,63741626939.0
2024-08-23 00:00:00,1.11159,1.11224,1.11129,1.11197,66954160045.0
2024-08-23 01:00:00,1.11196,1.11282,1.11181,1.11274,66678901965.0
2024-08-23 02:00:00,1.11275,1.11286,1.11229,1.11250,66517445184.0
2024-08-23 03:00:00,1.11251,1.11273,1.11231,1.11247,66174302944.0
2024-08-23 04:00:00,1.11248,1.11283,1.11245,1.11276,65823191861.0
2024-08-23 05:00:00,1.11275,1.11287,1.11246,1.11259,66354396527.0
2024-08-23 06:00:00,1.11258,1.11304,1.11202,1.11283,66747288779.0
2024-08-23 07:00:00,1.11284,1.11318,1.11124,1.11192,67362643311.0
2024-08-23 08:00:00,1.11193,1.11237,1.11172,1.11226,67118678675.0
2024-08-23 09:00:00,1.11226,1.11271,1.11166,1.11172,66986680648.0
2024-08-23 10:00:00,1.11172,1.11232,1.11151,1.11196,66872691261.0
2024-08-23 11:00:00,1.11194,1.11209,1.11109,1.11189,66938731889.0
2024-08-23 12:00:00,1.11188,1.11227,1.11111,1.11140,67249528505.0
2024-08-23 13:00:00,1.11140,1.11145,1.11055,1.11144,67240237465.0
2024-08-23 14:00:00,1.11144,1.11848,1.11133,1.11749,68372026409.0
2024-08-23 15:00:00,1.11747,1.11960,1.11735,1.11753,67808379866.0
2024-08-23 16:00:00,1.11753,1.11788,1.11642,1.11738,67418249956.0
2024-08-23 17:00:00,1.11739,1.11975,1.11730,1.11925,67320798249.0
2024-08-23 18:00:00,1.11924,1.12008,1.11855,1.11872,67139188816.0
2024-08-23 19:00:00,1.11872,1.11955,1.11855,1.11911,66836527842.0
2024-08-23 20:00:00,1.11909,1.11941,1.11874,1.11910,65257510013.0
2024-08-25 21:00:00,1.11854,1.11948,1.11854,1.11908,60950299275.0
2024-08-25 22:00:00,1.11908,1.11930,1.11867,1.11910,66202505707.0
2024-08-25 23:00:00,1.11911,1.11924,1.11863,1.11892,66620981902.0
2024-08-26 00:00:00,1.11892,1.12015,1.11869,1.11937,66944126153.0
2024-08-26 01:00:00,1.11936,1.12001,1.11872,1.11894,67035431571.0
2024-08-26 02:00:00,1.11894,1.11947,1.11856,1.11867,66840736892.0
2024-08-26 03:00:00,1.11866,1.11887,1.11815,1.11834,66621053993.0
2024-08-26 04:00:00,1.11834,1.11862,1.11821,1.11833,65256148171.0
2024-08-26 05:00:00,1.11832,1.11852,1.11775,1.11790,66619803237.0
2024-08-26 06:00:00,1.11791,1.11892,1.11791,1.11813,67098407074.0
2024-08-26 07:00:00,1.11813,1.11846,1.11757,1.11807,67327484231.0
2024-08-26 08:00:00,1.11808,1.11848,1.11763,1.11804,67289139776.0
2024-08-26 09:00:00,1.11803,1.11827,1.11715,1.11743,67548237492.0
2024-08-26 10:00:00,1.11743,1.11768,1.11691,1.11714,67368876769.0
2024-08-26 11:00:00,1.11715,1.11734,1.11630,1.11652,67655994572.0
2024-08-26 12:00:00,1.11651,1.11685,1.11584,1.11612,67915944429.0
2024-08-26 13:00:00,1.11610,1.11625,1.11500,1.11596,68029274192.0
2024-08-26 14:00:00,1.11596,1.11788,1.11539,1.11765,67778919791.0
2024-08-26 15:00:00,1.11765,1.11768,1.11634,1.11636,67747970254.0
2024-08-26 16:00:00,1.11635,1.11720,1.11596,1.11711,67741552969.0
2024-08-26 17:00:00,1.11710,1.11753,1.11677,1.11696,67450705019.0
2024-08-26 18:00:00,1.11698,1.11712,1.11594,1.11635,67325049243.0
2024-08-26 19:00:00,1.11635,1.11655,1.11586,1.11595,67298526494.0
2024-08-26 20:00:00,1.11596,1.11615,1.11586,1.11609,65241907852.0
2024-08-26 21:00:00,1.11605,1.11626,1.11575,1.11604,65135426927.0
2024-08-26 22:00:00,1.11604,1.11639,1.11598,1.11627,66338141634.0
2024-08-26 23:00:00,1.11629,1.11668,1.11628,1.11644,65587605667.0
2024-08-27 00:00:00,1.11646,1.11656,1.11595,1.11610,67082216081.0
2024-08-27 01:00:00,1.11610,1.11706,1.11597,1.11692,67045488393.0
2024-08-27 02:00:00,1.11692,1.11703,1.11640,1.11682,65964646073.0
2024-08-27 03:00:00,1.11682,1.11689,1.11651,1.11667,65631941431.0
2024-08-27 04:00:00,1.11667,1.11695,1.11667,1.11683,65462030829.0
2024-08-27 05:00:00,1.11683,1.11722,1.11647,1.11668,67021182732.0
2024-08-27 06:00:00,1.11667,1.11714,1.11612,1.11617,67392809206.0
2024-08-27 07:00:00,1.11616,1.11724,1.11616,1.11640,67618878586.0
2024-08-27 08:00:00,1.11638,1.11739,1.11620,1.11666,67333943133.0
2024-08-27 09:00:00,1.11666,1.11786,1.11661,1.11681,67376044439.0
2024-08-27 10:00:00,1.11680,1.11699,1.11618,1.11659,67228436724.0
2024-08-27 11:00:00,1.11659,1.11697,1.11605,1.11605,67264001803.0
2024-08-27 12:00:00,1.11606,1.11646,1.11501,1.11585,67621313573.0
2024-08-27 13:00:00,1.11585,1.11697,1.11525,1.11681,67556981470.0
2024-08-27 14:00:00,1.11682,1.11718,1.11628,1.11661,68151170500.0
2024-08-27 15:00:00,1.11661,1.11698,1.11587,1.11597,67691982025.0
2024-08-27 16:00:00,1.11597,1.11677,1.11595,1.11657,67135325798.0
2024-08-27 17:00:00,1.11656,1.11826,1.11643,1.11813,67117407928.0
2024-08-27 18:00:00,1.11813,1.11905,1.11800,1.11857,67051539007.0
2024-08-27 19:00:00,1.11857,1.11857,1.11814,1.11842,66825874963.0
2024-08-27 20:00:00,1.11841,1.11858,1.11827,1.11836,63986635733.0
2024-08-27 21:00:00,1.11834,1.11852,1.11784,1.11833,63264655934.0
2024-08-27 22:00:00,1.11833,1.11849,1.11829,1.11836,59973673945.0
2024-08-27 23:00:00,1.11837,1.11845,1.11747,1.11769,63613615470.0
2024-08-28 00:00:00,1.11769,1.11800,1.11745,1.11798,66280396554.0
2024-08-28 01:00:00,1.11798,1.11798,1.11719,1.11737,66725684184.0
2024-08-28 02:00:00,1.11738,1.11776,1.11665,1.11665,66619554529.0
2024-08-28 03:00:00,1.11668,1.11691,1.11624,1.11657,66350157004.0
2024-08-28 04:00:00,1.11657,1.11679,1.11582,1.11596,66136670208.0
2024-08-28 05:00:00,1.11596,1.11607,1.11395,1.11437,67081901177.0
2024-08-28 06:00:00,1.11438,1.11513,1.11351,1.11477,67242490595.0
2024-08-28 07:00:00,1.11478,1.11590,1.11478,1.11562,67379471317.0
2024-08-28 08:00:00,1.11561,1.11593,1.11389,1.11413,67333030214.0
2024-08-28 09:00:00,1.11413,1.11455,1.11330,1.11357,67597527285.0
2024-08-28 10:00:00,1.11358,1.11375,1.11220,1.11252,67734328446.0
2024-08-28 11:00:00,1.11253,1.11310,1.11173,1.11205,67536139222.0
2024-08-28 12:00:00,1.11206,1.11228,1.11050,1.11118,67814274499.0
2024-08-28 13:00:00,1.11118,1.11219,1.11105,1.11111,67963672330.0
2024-08-28 14:00:00,1.11112,1.11377,1.11107,1.11301,68088253887.0
2024-08-28 15:00:00,1.11301,1.11311,1.11212,1.11260,67777749648.0
2024-08-28 16:00:00,1.11261,1.11261,1.11102,1.11146,67411413236.0
2024-08-28 17:00:00,1.11146,1.11172,1.11053,1.11068,67592459058.0
2024-08-28 18:00:00,1.11067,1.11162,1.11056,1.11157,67414891229.0
2024-08-28 19:00:00,1.11158,1.11179,1.11130,1.11132,67396739730.0
2024-08-28 20:00:00,1.11132,1.11199,1.11123,1.11194,66707303952.0
2024-08-28 21:00:00,1.11193,1.11193,1.11184,1.11191,56305123324.0
2024-08-28 22:00:00,1.11189,1.11242,1.11175,1.11239,63879291862.0
2024-08-28 23:00:00,1.11239,1.11261,1.11227,1.11244,66604044782.0
2024-08-29 00:00:00,1.11245,1.11324,1.11241,1.11313,67094600089.0
2024-08-29 01:00:00,1.11314,1.11338,1.11285,1.11289,67282902710.0
2024-08-29 02:00:00,1.11290,1.11321,1.11272,1.11315,66536494198.0
2024-08-29 03:00:00,1.11315,1.11357,1.11300,1.11356,66731520818.0
2024-08-29 04:00:00,1.11357,1.11370,1.11333,1.11354,66563858103.0
2024-08-29 05:00:00,1.11352,1.11379,1.11321,1.11355,66791846052.0
2024-08-29 06:00:00,1.11354,1.11399,1.11255,1.11281,67257076936.0
2024-08-29 07:00:00,1.11281,1.11314,1.11162,1.11299,67619710075.0
2024-08-29 08:00:00,1.11299,1.11299,1.10719,1.10848,68165432936.0
2024-08-29 09:00:00,1.10850,1.10990,1.10832,1.10938,67787044285.0
2024-08-29 10:00:00,1.10941,1.10999,1.10873,1.10973,67503143485.0
2024-08-29 11:00:00,1.10974,1.10997,1.10914,1.10958,67462442844.0
2024-08-29 12:00:00,1.10956,1.10976,1.10727,1.10841,68231109918.0
2024-08-29 13:00:00,1.10842,1.10895,1.10727,1.10821,68170771499.0
2024-08-29 14:00:00,1.10820,1.10832,1.10556,1.10698,68211984307.0
2024-08-29 15:00:00,1.10699,1.10855,1.10668,1.10848,67889457561.0
2024-08-29 16:00:00,1.10849,1.10879,1.10782,1.10816,67749485609.0
2024-08-29 17:00:00,1.10816,1.10854,1.10784,1.10837,67424831728.0
2024-08-29 18:00:00,1.10838,1.10846,1.10752,1.10790,67396836398.0
2024-08-29 19:00:00,1.10790,1.10813,1.10747,1.10757,67112833191.0
2024-08-29 20:00:00,1.10756,1.10790,1.10749,1.10771,66129687999.0
2024-08-29 21:00:00,1.10766,1.10796,1.10743,1.10777,62618252076.0
2024-08-29 22:00:00,1.10776,1.10801,1.10772,1.10799,64647015955.0
2024-08-29 23:00:00,1.10799,1.10830,1.10787,1.10800,66530403289.0
2024-08-30 00:00:00,1.10802,1.10828,1.10788,1.10804,66754825421.0
2024-08-30 01:00:00,1.10803,1.10820,1.10714,1.10714,67236251237.0
2024-08-30 02:00:00,1.10715,1.10735,1.10697,1.10720,66950868503.0
2024-08-30 03:00:00,1.10719,1.10763,1.10711,1.10737,66795280471.0
2024-08-30 04:00:00,1.10736,1.10773,1.10719,1.10739,66961005609.0
2024-08-30 05:00:00,1.10739,1.10778,1.10734,1.10769,66976087733.0
2024-08-30 06:00:00,1.10769,1.10856,1.10743,1.10848,67366760610.0
2024-08-30 07:00:00,1.10849,1.10888,1.10752,1.10840,67682902340.0
2024-08-30 08:00:00,1.10841,1.10950,1.10735,1.10749,67802692814.0
2024-08-30 09:00:00,1.10748,1.10854,1.10747,1.10827,67679792823.0
2024-08-30 10:00:00,1.10827,1.10843,1.10745,1.10793,67604034023.0
2024-08-30 11:00:00,1.10792,1.10881,1.10782,1.10813,67454474652.0
2024-08-30 12:00:00,1.10816,1.10880,1.10577,1.10679,68106176431.0
2024-08-30 13:00:00,1.10680,1.10758,1.10538,1.10722,68304977921.0
2024-08-30 14:00:00,1.10718,1.10800,1.10618,1.10686,68401781634.0
2024-08-30 15:00:00,1.10685,1.10720,1.10530,1.10597,67965644471.0
2024-08-30 16:00:00,1.10596,1.10597,1.10438,1.10494,67760674736.0
2024-08-30 17:00:00,1.10494,1.10566,1.10482,1.10525,67615441877.0
2024-08-30 18:00:00,1.10525,1.10563,1.10495,1.10521,67405813677.0
2024-08-30 19:00:00,1.10520,1.10547,1.10473,1.10527,67628905758.0
2024-08-30 20:00:00,1.10525,1.10551,1.10453,1.10456,67291741063.0
2024-09-01 21:00:00,1.10462,1.10494,1.10462,1.10480,56173618788.0
2024-09-01 22:00:00,1.10483,1.10496,1.10440,1.10458,66314909780.0
2024-09-01 23:00:00,1.10458,1.10471,1.10441,1.10446,66909671256.0
2024-09-02 00:00:00,1.10445,1.10556,1.10419,1.10534,66953407365.0
2024-09-02 01:00:00,1.10535,1.10556,1.10501,1.10514,67197972972.0
2024-09-02 02:00:00,1.10513,1.10536,1.10458,1.10514,67243665653.0
2024-09-02 03:00:00,1.10515,1.10554,1.10484,1.10484,66754116321.0
2024-09-02 04:00:00,1.10485,1.10485,1.10439,1.10484,65440162773.0
2024-09-02 05:00:00,1.10483,1.10563,1.10454,1.10551,66751524370.0
2024-09-02 06:00:00,1.10551,1.10702,1.10548,1.10657,67251710523.0
2024-09-02 07:00:00,1.10656,1.10686,1.10559,1.10666,67858912707.0
2024-09-02 08:00:00,1.10666,1.10773,1.10640,1.10674,67810347584.0
2024-09-02 09:00:00,1.10674,1.10727,1.10635,1.10690,67548778005.0
2024-09-02 10:00:00,1.10690,1.10705,1.10613,1.10663,67492979670.0
2024-09-02 11:00:00,1.10663,1.10688,1.10596,1.10596,67411714214.0
2024-09-02 12:00:00,1.10594,1.10714,1.10585,1.10679,67352040243.0
2024-09-02 13:00:00,1.10680,1.10718,1.10663,1.10678,66145509049.0
2024-09-02 14:00:00,1.10678,1.10715,1.10600,1.10690,67314349836.0
2024-09-02 15:00:00,1.10688,1.10709,1.10637,1.10678,66695263683.0
2024-09-02 16:00:00,1.10678,1.10682,1.10623,1.10658,66526279108.0
2024-09-02 17:00:00,1.10658,1.10687,1.10658,1.10687,53133041991.0
2024-09-02 18:00:00,1.10687,1.10714,1.10685,1.10709,59891574373.0
2024-09-02 19:00:00,1.10708,1.10727,1.10707,1.10722,52341907125.0
2024-09-02 20:00:00,1.10721,1.10725,1.10690,1.10690,49775366630.0
2024-09-02 21:00:00,1.10690,1.10723,1.10613,1.10702,65461469839.0
2024-09-02 22:00:00,1.10706,1.10727,1.10663,1.10663,62234381514.0
2024-09-02 23:00:00,1.10664,1.10681,1.10645,1.10670,59227630471.0
2024-09-03 00:00:00,1.10671,1.10687,1.10589,1.10605,66679168697.0
2024-09-03 01:00:00,1.10605,1.10682,1.10600,1.10668,66781508403.0
2024-09-03 02:00:00,1.10669,1.10702,1.10629,1.10636,66540151114.0
2024-09-03 03:00:00,1.10636,1.10636,1.10573,1.10579,66579790560.0
2024-09-03 04:00:00,1.10579,1.10587,1.10538,1.10540,66773640804.0
2024-09-03 05:00:00,1.10541,1.10599,1.10539,1.10596,66843894742.0
2024-09-03 06:00:00,1.10595,1.10614,1.10510,1.10614,67266371914.0
2024-09-03 07:00:00,1.10615,1.10676,1.10555,1.10560,67437239009.0
2024-09-03 08:00:00,1.10557,1.10596,1.10479,1.10485,67501430541.0
2024-09-03 09:00:00,1.10485,1.10505,1.10341,1.10399,67450862142.0
2024-09-03 10:00:00,1.10399,1.10417,1.10330,1.10357,67547108474.0
2024-09-03 11:00:00,1.10355,1.10429,1.10337,1.10363,67770773667.0
2024-09-03 12:00:00,1.10362,1.10525,1.10335,1.10478,68141879785.0
2024-09-03 13:00:00,1.10480,1.10634,1.10480,1.10612,68481383955.0
2024-09-03 14:00:00,1.10614,1.10690,1.10370,1.10421,68691781959.0
2024-09-03 15:00:00,1.10422,1.10444,1.10360,1.10422,67879822131.0
2024-09-03 16:00:00,1.10424,1.10470,1.10380,1.10392,67581886467.0
2024-09-03 17:00:00,1.10391,1.10399,1.10263,1.10279,67424165562.0
2024-09-03 18:00:00,1.10278,1.10391,1.10265,1.10380,67505898944.0
2024-09-03 19:00:00,1.10381,1.10421,1.10374,1.10418,67235713844.0
2024-09-03 20:00:00,1.10418,1.10442,1.10395,1.10431,66321406362.0
2024-09-03 21:00:00,1.10430,1.10450,1.10363,1.10446,63701089815.0
2024-09-03 22:00:00,1.10446,1.10468,1.10390,1.10456,66332976742.0
2024-09-03 23:00:00,1.10456,1.10503,1.10450,1.10485,66623100683.0
2024-09-04 00:00:00,1.10485,1.10512,1.10464,1.10481,67354017133.0
2024-09-04 01:00:00,1.10481,1.10561,1.10474,1.10530,67185166255.0
2024-09-04 02:00:00,1.10531,1.10562,1.10494,1.10525,66975945852.0
2024-09-04 03:00:00,1.10524,1.10552,1.10501,1.10540,66923891260.0
2024-09-04 04:00:00,1.10538,1.10570,1.10535,1.10562,66774942354.0
2024-09-04 05:00:00,1.10562,1.10598,1.10546,1.10578,66893806309.0
2024-09-04 06:00:00,1.10577,1.10579,1.10473,1.10532,67598517206.0
2024-09-04 07:00:00,1.10534,1.10628,1.10468,1.10559,67861590838.0
2024-09-04 08:00:00,1.10556,1.10588,1.10496,1.10516,67614558455.0
2024-09-04 09:00:00,1.10518,1.10585,1.10502,1.10531,67308090165.0
2024-09-04 10:00:00,1.10531,1.10557,1.10500,1.10530,67298727030.0
2024-09-04 11:00:00,1.10530,1.10538,1.10427,1.10503,67575146086.0
2024-09-04 12:00:00,1.10503,1.10526,1.10400,1.10524,67785516155.0
2024-09-04 13:00:00,1.10523,1.10591,1.10498,1.10578,67850341910.0
2024-09-04 14:00:00,1.10574,1.10951,1.10569,1.10898,68446281892.0
2024-09-04 15:00:00,1.10897,1.10917,1.10765,1.10809,67785530572.0
2024-09-04 16:00:00,1.10809,1.10865,1.10758,1.10845,67412479509.0
2024-09-04 17:00:00,1.10844,1.10861,1.10658,1.10662,67186546770.0
2024-09-04 18:00:00,1.10661,1.10767,1.10653,1.10760,67171870312.0
2024-09-04 19:00:00,1.10760,1.10825,1.10750,1.10781,66962846516.0
2024-09-04 20:00:00,1.10782,1.10836,1.10755,1.10818,66330628919.0
2024-09-04 21:00:00,1.10817,1.10836,1.10795,1.10823,65355064279.0
2024-09-04 22:00:00,1.10826,1.10863,1.10822,1.10848,63856678016.0
2024-09-04 23:00:00,1.10850,1.10853,1.10790,1.10801,65571770858.0
2024-09-05 00:00:00,1.10800,1.10818,1.10756,1.10790,67222411015.0
2024-09-05 01:00:00,1.10791,1.10854,1.10775,1.10788,67230092493.0
2024-09-05 02:00:00,1.10787,1.10833,1.10783,1.10797,66631892336.0
2024-09-05 03:00:00,1.10796,1.10797,1.10761,1.10769,66642157897.0
2024-09-05 04:00:00,1.10769,1.10778,1.10746,1.10769,66721377160.0
2024-09-05 05:00:00,1.10767,1.10806,1.10766,1.10802,66929561433.0
2024-09-05 06:00:00,1.10802,1.10881,1.10796,1.10837,67445562738.0
2024-09-05 07:00:00,1.10837,1.10903,1.10798,1.10871,67600235558.0
2024-09-05 08:00:00,1.10870,1.11002,1.10840,1.10988,67706916046.0
2024-09-05 09:00:00,1.10989,1.11004,1.10926,1.10946,67822551038.0
2024-09-05 10:00:00,1.10945,1.10996,1.10921,1.10989,67182026426.0
2024-09-05 11:00:00,1.10988,1.11082,1.10930,1.10950,67551005901.0
2024-09-05 12:00:00,1.10952,1.11197,1.10871,1.10922,68325700077.0
2024-09-05 13:00:00,1.10923,1.11083,1.10905,1.11052,68195751526.0
2024-09-05 14:00:00,1.11047,1.11048,1.10762,1.10795,68343710024.0
2024-09-05 15:00:00,1.10796,1.10957,1.10781,1.10952,67875543451.0
2024-09-05 16:00:00,1.10952,1.11054,1.10952,1.11009,67495699087.0
2024-09-05 17:00:00,1.11010,1.11073,1.10994,1.11067,67408183949.0
2024-09-05 18:00:00,1.11068,1.11132,1.11025,1.11041,67096674632.0
2024-09-05 19:00:00,1.11040,1.11077,1.11027,1.11036,67201881209.0
2024-09-05 20:00:00,1.11038,1.11112,1.11038,1.11102,66408962458.0
2024-09-05 21:00:00,1.11100,1.11115,1.11062,1.11086,62171152389.0
2024-09-05 22:00:00,1.11081,1.11109,1.11080,1.11095,66251502393.0
2024-09-05 23:00:00,1.11096,1.11123,1.11085,1.11110,65412631757.0
2024-09-06 00:00:00,1.11111,1.11145,1.11096,1.11133,67239686305.0
2024-09-06 01:00:00,1.11133,1.11139,1.11098,1.11106,67072210703.0
2024-09-06 02:00:00,1.11107,1.11126,1.11092,1.11111,66997225058.0
2024-09-06 03:00:00,1.11111,1.11161,1.11109,1.11151,66941203252.0
2024-09-06 04:00:00,1.11151,1.11175,1.11137,1.11158,66546707987.0
2024-09-06 05:00:00,1.11158,1.11187,1.11139,1.11169,67133768008.0
2024-09-06 06:00:00,1.11169,1.11208,1.11141,1.11206,67283341799.0
2024-09-06 07:00:00,1.11205,1.11206,1.11108,1.11158,67510828728.0
2024-09-06 08:00:00,1.11157,1.11207,1.11129,1.11173,67472840786.0
2024-09-06 09:00:00,1.11171,1.11171,1.11073,1.11134,67493020303.0
2024-09-06 10:00:00,1.11133,1.11137,1.11068,1.11073,67265412301.0
2024-09-06 11:00:00,1.11072,1.11098,1.11026,1.11069,67392960593.0
2024-09-06 12:00:00,1.11070,1.11556,1.10796,1.11208,68456561781.0
2024-09-06 13:00:00,1.11209,1.11255,1.10656,1.10832,68723701268.0
2024-09-06 14:00:00,1.10832,1.11132,1.10731,1.11018,68746642800.0
2024-09-06 15:00:00,1.11020,1.11350,1.10830,1.10856,68802690658.0
2024-09-06 16:00:00,1.10854,1.10855,1.10695,1.10767,68099506831.0
2024-09-06 17:00:00,1.10768,1.10892,1.10695,1.10846,67797304116.0
2024-09-06 18:00:00,1.10845,1.10869,1.10781,1.10861,67622353962.0
2024-09-06 19:00:00,1.10862,1.10895,1.10822,1.10884,67138533787.0
2024-09-06 20:00:00,1.10886,1.10887,1.10822,1.10825,67280935982.0
2024-09-08 21:00:00,1.10781,1.10838,1.10781,1.10830,62761203134.0
2024-09-08 22:00:00,1.10830,1.10904,1.10819,1.10867,66764185928.0
2024-09-08 23:00:00,1.10867,1.10908,1.10866,1.10867,67386738934.0
2024-09-09 00:00:00,1.10864,1.10910,1.10823,1.10832,67363802972.0
2024-09-09 01:00:00,1.10831,1.10909,1.10813,1.10820,67720740534.0
2024-09-09 02:00:00,1.10821,1.10831,1.10804,1.10806,66815471781.0
2024-09-09 03:00:00,1.10806,1.10817,1.10786,1.10799,66726183568.0
2024-09-09 04:00:00,1.10798,1.10802,1.10745,1.10756,66788141301.0
2024-09-09 05:00:00,1.10757,1.10757,1.10689,1.10689,66965171734.0
2024-09-09 06:00:00,1.10691,1.10718,1.10606,1.10645,67462709248.0
2024-09-09 07:00:00,1.10644,1.10660,1.10549,1.10591,67819425300.0
2024-09-09 08:00:00,1.10591,1.10624,1.10456,1.10476,67729515318.0
2024-09-09 09:00:00,1.10476,1.10591,1.10456,1.10561,67483418956.0
2024-09-09 10:00:00,1.10561,1.10567,1.10368,1.10401,67613450237.0
2024-09-09 11:00:00,1.10401,1.10451,1.10357,1.10448,67455348247.0
2024-09-09 12:00:00,1.10448,1.10489,1.10380,1.10396,67735671273.0
2024-09-09 13:00:00,1.10395,1.10520,1.10394,1.10470,67773393796.0
2024-09-09 14:00:00,1.10470,1.10471,1.10340,1.10421,67957569455.0
2024-09-09 15:00:00,1.10420,1.10447,1.10354,1.10415,67672768185.0
2024-09-09 16:00:00,1.10414,1.10507,1.10414,1.10487,67283594442.0
2024-09-09 17:00:00,1.10489,1.10536,1.10434,1.10435,67586199059.0
2024-09-09 18:00:00,1.10436,1.10463,1.10415,1.10429,67448340807.0
2024-09-09 19:00:00,1.10428,1.10429,1.10376,1.10382,67222840275.0
2024-09-09 20:00:00,1.10382,1.10392,1.10335,1.10342,66785799702.0
2024-09-09 21:00:00,1.10334,1.10373,1.10331,1.10368,64261174065.0
2024-09-09 22:00:00,1.10368,1.10396,1.10349,1.10375,66008258969.0
2024-09-09 23:00:00,1.10376,1.10381,1.10345,1.10352,61506277869.0
2024-09-10 00:00:00,1.10352,1.10352,1.10283,1.10308,67046708676.0
2024-09-10 01:00:00,1.10307,1.10355,1.10305,1.10347,67008221678.0
2024-09-10 02:00:00,1.10350,1.10361,1.10326,1.10347,63253868709.0
2024-09-10 03:00:00,1.10348,1.10391,1.10348,1.10384,65378139505.0
2024-09-10 04:00:00,1.10384,1.10405,1.10360,1.10400,64082339433.0
2024-09-10 05:00:00,1.10399,1.10426,1.10383,1.10394,65437048507.0
2024-09-10 06:00:00,1.10394,1.10496,1.10337,1.10496,67437150369.0
2024-09-10 07:00:00,1.10494,1.10494,1.10367,1.10370,67848212395.0
2024-09-10 08:00:00,1.10370,1.10400,1.10335,1.10377,67753687615.0
2024-09-10 09:00:00,1.10376,1.10422,1.10323,1.10385,67521972470.0
2024-09-10 10:00:00,1.10386,1.10418,1.10338,1.10403,67114196008.0
2024-09-10 11:00:00,1.10404,1.10438,1.10267,1.10312,67371388436.0
2024-09-10 12:00:00,1.10311,1.10368,1.10265,1.10298,67964152542.0
2024-09-10 13:00:00,1.10298,1.10349,1.10175,1.10196,67985387191.0
2024-09-10 14:00:00,1.10196,1.10234,1.10151,1.10185,67930976750.0
2024-09-10 15:00:00,1.10185,1.10272,1.10174,1.10250,67733413069.0
2024-09-10 16:00:00,1.10251,1.10288,1.10225,1.10266,67414496051.0
2024-09-10 17:00:00,1.10266,1.10278,1.10226,1.10229,67075836154.0
2024-09-10 18:00:00,1.10230,1.10270,1.10205,1.10245,66684271326.0
2024-09-10 19:00:00,1.10244,1.10276,1.10223,1.10268,66854891353.0
2024-09-10 20:00:00,1.10267,1.10270,1.10182,1.10193,63110796738.0
2024-09-10 21:00:00,1.10189,1.10195,1.10185,1.10188,63430663857.0
2024-09-10 22:00:00,1.10191,1.10216,1.10186,1.10197,64971157013.0
2024-09-10 23:00:00,1.10198,1.10237,1.10194,1.10200,66501359699.0
2024-09-11 00:00:00,1.10200,1.10227,1.10166,1.10200,67111760689.0
2024-09-11 01:00:00,1.10199,1.10401,1.10182,1.10366,67310461910.0
2024-09-11 02:00:00,1.10367,1.10443,1.10327,1.10331,67437685959.0
2024-09-11 03:00:00,1.10330,1.10425,1.10316,1.10385,66911664213.0
2024-09-11 04:00:00,1.10386,1.10471,1.10379,1.10465,67077117383.0
2024-09-11 05:00:00,1.10466,1.10514,1.10425,1.10438,67172815342.0
2024-09-11 06:00:00,1.10437,1.10490,1.10407,1.10451,67102731142.0
2024-09-11 07:00:00,1.10451,1.10520,1.10403,1.10412,67564519430.0
2024-09-11 08:00:00,1.10412,1.10479,1.10366,1.10437,67533417021.0
2024-09-11 09:00:00,1.10437,1.10489,1.10418,1.10420,67543716986.0
2024-09-11 10:00:00,1.10420,1.10488,1.10385,1.10486,67467046090.0
2024-09-11 11:00:00,1.10487,1.10549,1.10427,1.10436,67455233560.0
2024-09-11 12:00:00,1.10435,1.10488,1.10033,1.10162,68386927410.0
2024-09-11 13:00:00,1.10161,1.10262,1.10097,1.10128,68603453358.0
2024-09-11 14:00:00,1.10129,1.10152,1.10019,1.10102,68310511780.0
2024-09-11 15:00:00,1.10102,1.10167,1.10077,1.10120,68108185601.0
2024-09-11 16:00:00,1.10119,1.10177,1.10097,1.10158,67706382088.0
2024-09-11 17:00:00,1.10159,1.10209,1.10151,1.10185,67639201955.0
2024-09-11 18:00:00,1.10184,1.10226,1.10180,1.10181,67473000696.0
2024-09-11 19:00:00,1.10181,1.10265,1.10160,1.10174,67305077798.0
2024-09-11 20:00:00,1.10175,1.10180,1.10108,1.10117,66553918586.0
2024-09-11 21:00:00,1.10111,1.10144,1.10104,1.10124,62276369120.0
2024-09-11 22:00:00,1.10124,1.10149,1.10112,1.10121,64829943967.0
2024-09-11 23:00:00,1.10122,1.10128,1.10101,1.10102,66342059378.0
2024-09-12 00:00:00,1.10101,1.10117,1.10059,1.10067,66988819085.0
2024-09-12 01:00:00,1.10066,1.10127,1.10065,1.10111,67046523208.0
2024-09-12 02:00:00,1.10111,1.10122,1.10075,1.10097,67171225437.0
2024-09-12 03:00:00,1.10096,1.10140,1.10096,1.10136,66680282151.0
2024-09-12 04:00:00,1.10136,1.10168,1.10136,1.10162,65294933688.0
2024-09-12 05:00:00,1.10161,1.10220,1.10152,1.10218,66500796742.0
2024-09-12 06:00:00,1.10219,1.10238,1.10077,1.10080,67315006833.0
2024-09-12 07:00:00,1.10080,1.10157,1.10059,1.10076,67804796843.0
2024-09-12 08:00:00,1.10077,1.10218,1.10055,1.10154,67761208033.0
2024-09-12 09:00:00,1.10158,1.10200,1.10127,1.10144,67621827704.0
2024-09-12 10:00:00,1.10144,1.10234,1.10144,1.10217,67434079189.0
2024-09-12 11:00:00,1.10217,1.10235,1.10129,1.10138,67568034121.0
2024-09-12 12:00:00,1.10139,1.10324,1.10089,1.10250,68428806881.0
2024-09-12 13:00:00,1.10251,1.10407,1.10246,1.10368,68330237462.0
2024-09-12 14:00:00,1.10367,1.10471,1.10298,1.10398,68018050584.0
2024-09-12 15:00:00,1.10398,1.10428,1.10307,1.10401,67914903222.0
2024-09-12 16:00:00,1.10401,1.10479,1.10370,1.10460,67411471238.0
2024-09-12 17:00:00,1.10461,1.10568,1.10425,1.10564,67736872884.0
2024-09-12 18:00:00,1.10563,1.10622,1.10511,1.10607,67801955696.0
2024-09-12 19:00:00,1.10607,1.10716,1.10599,1.10703,67679338168.0
2024-09-12 20:00:00,1.10704,1.10750,1.10685,1.10741,67079566127.0
2024-09-12 21:00:00,1.10739,1.10743,1.10715,1.10737,50964489825.0
2024-09-12 22:00:00,1.10738,1.10749,1.10703,1.10717,66352683748.0
2024-09-12 23:00:00,1.10716,1.10791,1.10715,1.10789,66727003096.0
2024-09-13 00:00:00,1.10786,1.10873,1.10775,1.10870,67267313012.0
2024-09-13 01:00:00,1.10870,1.10889,1.10803,1.10816,67332638636.0
2024-09-13 02:00:00,1.10817,1.10898,1.10794,1.10867,67266512809.0
2024-09-13 03:00:00,1.10867,1.10902,1.10840,1.10869,66924582337.0
2024-09-13 04:00:00,1.10870,1.10882,1.10840,1.10844,66337502001.0
2024-09-13 05:00:00,1.10843,1.10862,1.10815,1.10824,67047996130.0
2024-09-13 06:00:00,1.10825,1.10845,1.10745,1.10789,67609180567.0
2024-09-13 07:00:00,1.10789,1.10940,1.10730,1.10924,67689439558.0
2024-09-13 08:00:00,1.10924,1.10939,1.10859,1.10927,67807444990.0
2024-09-13 09:00:00,1.10928,1.11007,1.10882,1.10919,67783758641.0
2024-09-13 10:00:00,1.10918,1.10973,1.10868,1.10904,67642772687.0
2024-09-13 11:00:00,1.10904,1.10930,1.10812,1.10841,67985494997.0
2024-09-13 12:00:00,1.10842,1.10935,1.10791,1.10928,67888458792.0
2024-09-13 13:00:00,1.10929,1.11017,1.10879,1.10943,68003109108.0
2024-09-13 14:00:00,1.10943,1.10951,1.10844,1.10889,68031782745.0
2024-09-13 15:00:00,1.10891,1.10918,1.10820,1.10844,67663915088.0
2024-09-13 16:00:00,1.10845,1.10851,1.10768,1.10838,67321693142.0
2024-09-13 17:00:00,1.10839,1.10858,1.10801,1.10815,67354292057.0
2024-09-13 18:00:00,1.10814,1.10845,1.10766,1.10780,67336183487.0
2024-09-13 19:00:00,1.10779,1.10813,1.10760,1.10777,67046639534.0
2024-09-13 20:00:00,1.10777,1.10782,1.10721,1.10732,67081985396.0
2024-09-15 21:00:00,1.10757,1.10781,1.10743,1.10751,62103143051.0
2024-09-15 22:00:00,1.10743,1.10873,1.10743,1.10868,66584262082.0
2024-09-15 23:00:00,1.10868,1.10894,1.10848,1.10873,66491158362.0
2024-09-16 00:00:00,1.10872,1.10923,1.10870,1.10895,66826347152.0
2024-09-16 01:00:00,1.10894,1.10924,1.10873,1.10877,67093592474.0
2024-09-16 02:00:00,1.10876,1.10910,1.10867,1.10890,66915334223.0
2024-09-16 03:00:00,1.10890,1.11049,1.10880,1.11040,67155718305.0
2024-09-16 04:00:00,1.11040,1.11048,1.10969,1.10971,67145977695.0
2024-09-16 05:00:00,1.10971,1.10996,1.10956,1.10983,66943096257.0
2024-09-16 06:00:00,1.10982,1.11157,1.10975,1.11145,67378032150.0
2024-09-16 07:00:00,1.11143,1.11197,1.11095,1.11150,67737281658.0
2024-09-16 08:00:00,1.11149,1.11260,1.11138,1.11228,67683519369.0
2024-09-16 09:00:00,1.11227,1.11293,1.11181,1.11204,67608284039.0
2024-09-16 10:00:00,1.11204,1.11282,1.11201,1.11219,67413909175.0
2024-09-16 11:00:00,1.11220,1.11256,1.11159,1.11237,67550074961.0
2024-09-16 12:00:00,1.11238,1.11327,1.11165,1.11249,67860882062.0
2024-09-16 13:00:00,1.11249,1.11374,1.11227,1.11294,67978709724.0
2024-09-16 14:00:00,1.11296,1.11305,1.11180,1.11238,67902159751.0
2024-09-16 15:00:00,1.11238,1.11242,1.11165,1.11225,67580548221.0
2024-09-16 16:00:00,1.11226,1.11300,1.11195,1.11290,67482570914.0
2024-09-16 17:00:00,1.11288,1.11300,1.11160,1.11233,67110505676.0
2024-09-16 18:00:00,1.11234,1.11243,1.11197,1.11208,67198441559.0
2024-09-16 19:00:00,1.11207,1.11297,1.11186,1.11289,67047967950.0
2024-09-16 20:00:00,1.11288,1.11332,1.11279,1.11325,66633809593.0
2024-09-16 21:00:00,1.11320,1.11324,1.11306,1.11310,59347708150.0
2024-09-16 22:00:00,1.11310,1.11321,1.11266,1.11272,64210717902.0
2024-09-16 23:00:00,1.11275,1.11299,1.11232,1.11291,65762781756.0
2024-09-17 00:00:00,1.11291,1.11311,1.11219,1.11230,67173139739.0
2024-09-17 01:00:00,1.11229,1.11294,1.11226,1.11278,67087064107.0
2024-09-17 02:00:00,1.11277,1.11296,1.11248,1.11271,66889523528.0
2024-09-17 03:00:00,1.11270,1.11283,1.11228,1.11239,66743660053.0
2024-09-17 04:00:00,1.11240,1.11246,1.11217,1.11244,66692739233.0
2024-09-17 05:00:00,1.11243,1.11288,1.11220,1.11266,66665673523.0
2024-09-17 06:00:00,1.11267,1.11334,1.11208,1.11208,67368400650.0
2024-09-17 07:00:00,1.11208,1.11378,1.11156,1.11361,67744378060.0
2024-09-17 08:00:00,1.11361,1.11461,1.11329,1.11445,67662407598.0
2024-09-17 09:00:00,1.11445,1.11445,1.11346,1.11380,67796302723.0
2024-09-17 10:00:00,1.11381,1.11398,1.11318,1.11343,67415485649.0
2024-09-17 11:00:00,1.11342,1.11427,1.11302,1.11385,67481858211.0
2024-09-17 12:00:00,1.11384,1.11436,1.11177,1.11246,68307612387.0
2024-09-17 13:00:00,1.11247,1.11277,1.11117,1.11129,68363288738.0
2024-09-17 14:00:00,1.11130,1.11281,1.11130,1.11245,68361827781.0
2024-09-17 15:00:00,1.11246,1.11262,1.11152,1.11173,67871683708.0
2024-09-17 16:00:00,1.11172,1.11216,1.11150,1.11193,67500113919.0
2024-09-17 17:00:00,1.11192,1.11208,1.11109,1.11162,67709224879.0
2024-09-17 18:00:00,1.11162,1.11226,1.11155,1.11223,67708169420.0
2024-09-17 19:00:00,1.11223,1.11235,1.11147,1.11158,67570503517.0
2024-09-17 20:00:00,1.11158,1.11168,1.11126,1.11134,67031863462.0
2024-09-17 21:00:00,1.11128,1.11155,1.11124,1.11130,65357768294.0
2024-09-17 22:00:00,1.11130,1.11186,1.11130,1.11179,63961905235.0
2024-09-17 23:00:00,1.11180,1.11238,1.11179,1.11220,64014038464.0
2024-09-18 00:00:00,1.11221,1.11285,1.11215,1.11270,66943606126.0
2024-09-18 01:00:00,1.11271,1.11303,1.11252,1.11277,67189269786.0
2024-09-18 02:00:00,1.11278,1.11285,1.11247,1.11279,66934883615.0
2024-09-18 03:00:00,1.11280,1.11285,1.11253,1.11262,67134898831.0
2024-09-18 04:00:00,1.11262,1.11263,1.11199,1.11200,65820658239.0
2024-09-18 05:00:00,1.11200,1.11215,1.11177,1.11205,66999920229.0
2024-09-18 06:00:00,1.11204,1.11260,1.11152,1.11186,67765240793.0
2024-09-18 07:00:00,1.11186,1.11311,1.11174,1.11311,67847616266.0
2024-09-18 08:00:00,1.11311,1.11332,1.11278,1.11294,67758272351.0
2024-09-18 09:00:00,1.11295,1.11398,1.11268,1.11381,67467514022.0
2024-09-18 10:00:00,1.11380,1.11387,1.11297,1.11299,67444621643.0
2024-09-18 11:00:00,1.11298,1.11301,1.11224,1.11244,67285269548.0
2024-09-18 12:00:00,1.11243,1.11285,1.11179,1.11222,67794331731.0
2024-09-18 13:00:00,1.11222,1.11398,1.11222,1.11352,67797207614.0
2024-09-18 14:00:00,1.11352,1.11361,1.11082,1.11180,68035288102.0
2024-09-18 15:00:00,1.11181,1.11220,1.11119,1.11158,67670707730.0
2024-09-18 16:00:00,1.11158,1.11261,1.11154,1.11242,67462566052.0
2024-09-18 17:00:00,1.11243,1.11304,1.11171,1.11247,67511174101.0
2024-09-18 18:00:00,1.11247,1.11891,1.11238,1.11492,69043247658.0
2024-09-18 19:00:00,1.11489,1.11490,1.10966,1.11056,68655706115.0
2024-09-18 20:00:00,1.11054,1.11201,1.11043,1.11184,67426897427.0
2024-09-18 21:00:00,1.11184,1.11184,1.11104,1.11164,64340197380.0
2024-09-18 22:00:00,1.11160,1.11240,1.11149,1.11218,66528256654.0
2024-09-18 23:00:00,1.11219,1.11219,1.11111,1.11139,67011832707.0
2024-09-19 00:00:00,1.11140,1.11166,1.10788,1.10815,67913600779.0
2024-09-19 01:00:00,1.10815,1.10856,1.10683,1.10832,67752791574.0
2024-09-19 02:00:00,1.10834,1.11035,1.10834,1.11019,67776810845.0
2024-09-19 03:00:00,1.11019,1.11191,1.10994,1.11185,67499019141.0
2024-09-19 04:00:00,1.11185,1.11212,1.11149,1.11201,67438287258.0
2024-09-19 05:00:00,1.11202,1.11311,1.11202,1.11310,67499728569.0
2024-09-19 06:00:00,1.11309,1.11451,1.11287,1.11451,67985363761.0
2024-09-19 07:00:00,1.11453,1.11530,1.11401,1.11458,68406912938.0
2024-09-19 08:00:00,1.11457,1.11690,1.11448,1.11626,67927764007.0
2024-09-19 09:00:00,1.11626,1.11787,1.11622,1.11776,67969543374.0
2024-09-19 10:00:00,1.11777,1.11787,1.11686,1.11702,67877535419.0
2024-09-19 11:00:00,1.11705,1.11760,1.11519,1.11580,68058910722.0
2024-09-19 12:00:00,1.11581,1.11582,1.11257,1.11258,68375176230.0
2024-09-19 13:00:00,1.11259,1.11405,1.11174,1.11213,68433988158.0
2024-09-19 14:00:00,1.11213,1.11330,1.11164,1.11292,68448820349.0
2024-09-19 15:00:00,1.11293,1.11487,1.11255,1.11468,68202169304.0
2024-09-19 16:00:00,1.11469,1.11583,1.11452,1.11554,68116816853.0
2024-09-19 17:00:00,1.11553,1.11613,1.11524,1.11605,67530315698.0
2024-09-19 18:00:00,1.11605,1.11678,1.11605,1.11654,67712019658.0
2024-09-19 19:00:00,1.11654,1.11666,1.11588,1.11620,67844062251.0
2024-09-19 20:00:00,1.11620,1.11642,1.11604,1.11611,66923695961.0
2024-09-19 21:00:00,1.11611,1.11623,1.11598,1.11615,59725169295.0
2024-09-19 22:00:00,1.11616,1.11627,1.11603,1.11607,62599298413.0
2024-09-19 23:00:00,1.11608,1.11609,1.11584,1.11593,65336079486.0
2024-09-20 00:00:00,1.11593,1.11615,1.11571,1.11603,67332871947.0
2024-09-20 01:00:00,1.11604,1.11640,1.11583,1.11591,67492334145.0
2024-09-20 02:00:00,1.11592,1.11632,1.11572,1.11614,67402388600.0
2024-09-20 03:00:00,1.11613,1.11692,1.11612,1.11656,67295717295.0
2024-09-20 04:00:00,1.11657,1.11679,1.11638,1.11649,66795666801.0
2024-09-20 05:00:00,1.11650,1.11664,1.11610,1.11637,67307622891.0
2024-09-20 06:00:00,1.11640,1.11785,1.11640,1.11764,67777027765.0
2024-09-20 07:00:00,1.11763,1.11818,1.11594,1.11627,68002266970.0
2024-09-20 08:00:00,1.11626,1.11691,1.11523,1.11643,67877992528.0
2024-09-20 09:00:00,1.11644,1.11660,1.11570,1.11607,67645180806.0
2024-09-20 10:00:00,1.11610,1.11626,1.11551,1.11592,67551808719.0
2024-09-20 11:00:00,1.11593,1.11622,1.11540,1.11615,67856856843.0
2024-09-20 12:00:00,1.11615,1.11768,1.11615,1.11744,67847531723.0
2024-09-20 13:00:00,1.11743,1.11762,1.11538,1.11547,68127618825.0
2024-09-20 14:00:00,1.11546,1.11546,1.11379,1.11437,68090259538.0
2024-09-20 15:00:00,1.11437,1.11594,1.11360,1.11588,68197749882.0
2024-09-20 16:00:00,1.11588,1.11757,1.11588,1.11738,68238403343.0
2024-09-20 17:00:00,1.11736,1.11742,1.11582,1.11593,67726308475.0
2024-09-20 18:00:00,1.11594,1.11660,1.11571,1.11650,67642135675.0
2024-09-20 19:00:00,1.11650,1.11659,1.11616,1.11620,67506861179.0
2024-09-20 20:00:00,1.11619,1.11638,1.11561,1.11626,67165529703.0
2024-09-22 21:00:00,1.11626,1.11647,1.11580,1.11612,61871276685.0
2024-09-22 22:00:00,1.11612,1.11645,1.11594,1.11621,63038736300.0
2024-09-22 23:00:00,1.11622,1.11640,1.11591,1.11591,66583914086.0
2024-09-23 00:00:00,1.11589,1.11607,1.11560,1.11589,66826945823.0
2024-09-23 01:00:00,1.11588,1.11615,1.11558,1.11589,66960231629.0
2024-09-23 02:00:00,1.11588,1.11636,1.11565,1.11622,66865156586.0
2024-09-23 03:00:00,1.11622,1.11648,1.11610,1.11615,66654719511.0
2024-09-23 04:00:00,1.11615,1.11650,1.11600,1.11635,65626540278.0
2024-09-23 05:00:00,1.11634,1.11672,1.11614,1.11631,66903467622.0
2024-09-23 06:00:00,1.11632,1.11642,1.11551,1.11588,67709283204.0
2024-09-23 07:00:00,1.11587,1.11595,1.10978,1.11013,68385205701.0
2024-09-23 08:00:00,1.11012,1.11017,1.10831,1.10924,67929993383.0
2024-09-23 09:00:00,1.10923,1.11123,1.10921,1.11058,67617435488.0
2024-09-23 10:00:00,1.11061,1.11193,1.11053,1.11129,67789519420.0
2024-09-23 11:00:00,1.11131,1.11258,1.11125,1.11196,67810861056.0
2024-09-23 12:00:00,1.11197,1.11238,1.11085,1.11223,67822275626.0
2024-09-23 13:00:00,1.11224,1.11396,1.11201,1.11292,68298628791.0
2024-09-23 14:00:00,1.11291,1.11433,1.11152,1.11323,68295590377.0
2024-09-23 15:00:00,1.11325,1.11371,1.11235,1.11302,68023316479.0
2024-09-23 16:00:00,1.11299,1.11299,1.11212,1.11251,67848267528.0
2024-09-23 17:00:00,1.11251,1.11284,1.11202,1.11206,67329084620.0
2024-09-23 18:00:00,1.11205,1.11238,1.11159,1.11167,67156243251.0
2024-09-23 19:00:00,1.11166,1.11176,1.11119,1.11145,67285427488.0
2024-09-23 20:00:00,1.11146,1.11148,1.11097,1.11109,66631206829.0
2024-09-23 21:00:00,1.11107,1.11144,1.11107,1.11116,62400964855.0
2024-09-23 22:00:00,1.11116,1.11140,1.11108,1.11109,65834415556.0
2024-09-23 23:00:00,1.11111,1.11116,1.11074,1.11109,65036116949.0
2024-09-24 00:00:00,1.11110,1.11137,1.11043,1.11057,67288744916.0
2024-09-24 01:00:00,1.11056,1.11110,1.11043,1.11073,67392538870.0
2024-09-24 02:00:00,1.11074,1.11083,1.11033,1.11055,66922471099.0
2024-09-24 03:00:00,1.11055,1.11136,1.11055,1.11126,67036839937.0
2024-09-24 04:00:00,1.11125,1.11176,1.11093,1.11167,67085447331.0
2024-09-24 05:00:00,1.11167,1.11194,1.11139,1.11163,67464276871.0
2024-09-24 06:00:00,1.11162,1.11189,1.11042,1.11150,67889492786.0
2024-09-24 07:00:00,1.11149,1.11322,1.11125,1.11272,67963545188.0
2024-09-24 08:00:00,1.11271,1.11449,1.11263,1.11401,67971224697.0
2024-09-24 09:00:00,1.11401,1.11459,1.11315,1.11355,67649017119.0
2024-09-24 10:00:00,1.11356,1.11411,1.11269,1.11280,67638977168.0
2024-09-24 11:00:00,1.11280,1.11298,1.11221,1.11290,67502637714.0
2024-09-24 12:00:00,1.11289,1.11477,1.11289,1.11408,68017603709.0
2024-09-24 13:00:00,1.11408,1.11442,1.11324,1.11389,68008171601.0
2024-09-24 14:00:00,1.11389,1.11635,1.11387,1.11507,68552768144.0
2024-09-24 15:00:00,1.11506,1.11561,1.11467,1.11497,67936151471.0
2024-09-24 16:00:00,1.11497,1.11620,1.11493,1.11584,67531856611.0
2024-09-24 17:00:00,1.11583,1.11637,1.11546,1.11626,67285854451.0
2024-09-24 18:00:00,1.11628,1.11669,1.11598,1.11662,67044533860.0
2024-09-24 19:00:00,1.11663,1.11767,1.11650,1.11766,67236880055.0
2024-09-24 20:00:00,1.11766,1.11809,1.11750,1.11794,66549550942.0
2024-09-24 21:00:00,1.11791,1.11798,1.11756,1.11783,56251645947.0
2024-09-24 22:00:00,1.11782,1.11888,1.11782,1.11886,63996875898.0
2024-09-24 23:00:00,1.11885,1.11910,1.11833,1.11909,66694991049.0
2024-09-25 00:00:00,1.11907,1.11939,1.11873,1.11931,67208613725.0
2024-09-25 01:00:00,1.11933,1.11937,1.11853,1.11880,67623991707.0
2024-09-25 02:00:00,1.11880,1.11961,1.11876,1.11947,67176599388.0
2024-09-25 03:00:00,1.11948,1.11987,1.11917,1.11980,66987713169.0
2024-09-25 04:00:00,1.11980,1.11987,1.11936,1.11956,66827871850.0
2024-09-25 05:00:00,1.11955,1.11960,1.11922,1.11956,66767241215.0
2024-09-25 06:00:00,1.11955,1.11956,1.11869,1.11905,67471676210.0
2024-09-25 07:00:00,1.11906,1.11964,1.11858,1.11917,67588405658.0
2024-09-25 08:00:00,1.11917,1.11954,1.11821,1.11848,67726372701.0
2024-09-25 09:00:00,1.11848,1.11877,1.11782,1.11832,67402997758.0
2024-09-25 10:00:00,1.11832,1.11889,1.11809,1.11871,67422006479.0
2024-09-25 11:00:00,1.11872,1.11974,1.11831,1.11959,67545666684.0
2024-09-25 12:00:00,1.11959,1.12078,1.11917,1.11976,67965172284.0
2024-09-25 13:00:00,1.11976,1.12140,1.11952,1.11952,68324332499.0
2024-09-25 14:00:00,1.11952,1.11954,1.11652,1.11726,68181172224.0
2024-09-25 15:00:00,1.11727,1.11752,1.11418,1.11432,68059927183.0
2024-09-25 16:00:00,1.11430,1.11476,1.11329,1.11344,67586611282.0
2024-09-25 17:00:00,1.11344,1.11378,1.11215,1.11369,67408165275.0
2024-09-25 18:00:00,1.11368,1.11387,1.11326,1.11342,67286151983.0
2024-09-25 19:00:00,1.11342,1.11358,1.11254,1.11259,67418258966.0
2024-09-25 20:00:00,1.11260,1.11327,1.11249,1.11325,66742536438.0
2024-09-25 21:00:00,1.11322,1.11334,1.11290,1.11330,65584644753.0
2024-09-25 22:00:00,1.11329,1.11330,1.11303,1.11316,63779318007.0
2024-09-25 23:00:00,1.11316,1.11322,1.11295,1.11296,65515781488.0
2024-09-26 00:00:00,1.11297,1.11368,1.11290,1.11365,67150156265.0
2024-09-26 01:00:00,1.11367,1.11411,1.11316,1.11394,67184369989.0
2024-09-26 02:00:00,1.11395,1.11419,1.11371,1.11410,66860025777.0
2024-09-26 03:00:00,1.11410,1.11451,1.11378,1.11405,65734147440.0
2024-09-26 04:00:00,1.11404,1.11435,1.11377,1.11416,66966935961.0
2024-09-26 05:00:00,1.11416,1.11519,1.11405,1.11497,67158595012.0
2024-09-26 06:00:00,1.11498,1.11566,1.11470,1.11534,67446603773.0
2024-09-26 07:00:00,1.11534,1.11579,1.11336,1.11348,67971914303.0
2024-09-26 08:00:00,1.11347,1.11435,1.11257,1.11413,67893300101.0
2024-09-26 09:00:00,1.11414,1.11523,1.11414,1.11436,67501460029.0
2024-09-26 10:00:00,1.11436,1.11550,1.11397,1.11538,67750757990.0
2024-09-26 11:00:00,1.11539,1.11614,1.11480,1.11540,67832089803.0
2024-09-26 12:00:00,1.11541,1.11654,1.11374,1.11510,68186421575.0
2024-09-26 13:00:00,1.11511,1.11597,1.11347,1.11398,68096626932.0
2024-09-26 14:00:00,1.11398,1.11747,1.11257,1.11648,68120224069.0
2024-09-26 15:00:00,1.11647,1.11893,1.11642,1.11828,67767764256.0
2024-09-26 16:00:00,1.11827,1.11828,1.11662,1.11692,67497569811.0
2024-09-26 17:00:00,1.11691,1.11800,1.11683,1.11795,67148133827.0
2024-09-26 18:00:00,1.11797,1.11823,1.11734,1.11795,67071381015.0
2024-09-26 19:00:00,1.11796,1.11841,1.11761,1.11778,67161841333.0
2024-09-26 20:00:00,1.11778,1.11787,1.11744,1.11764,66691264022.0
2024-09-26 21:00:00,1.11763,1.11780,1.11739,1.11747,64649889712.0
2024-09-26 22:00:00,1.11751,1.11769,1.11748,1.11760,64275131434.0
2024-09-26 23:00:00,1.11761,1.11772,1.11736,1.11769,66545424793.0
2024-09-27 00:00:00,1.11770,1.11776,1.11680,1.11691,67288043358.0
2024-09-27 01:00:00,1.11691,1.11719,1.11624,1.11642,67800477368.0
2024-09-27 02:00:00,1.11641,1.11696,1.11624,1.11689,67289326550.0
2024-09-27 03:00:00,1.11690,1.11731,1.11687,1.11690,67010385672.0
2024-09-27 04:00:00,1.11689,1.11695,1.11637,1.11647,67234908076.0
2024-09-27 05:00:00,1.11647,1.11683,1.11584,1.11639,67691328471.0
2024-09-27 06:00:00,1.11638,1.11760,1.11402,1.11509,68250130348.0
2024-09-27 07:00:00,1.11506,1.11506,1.11248,1.11330,68270159297.0
2024-09-27 08:00:00,1.11328,1.11451,1.11263,1.11444,67937529691.0
2024-09-27 09:00:00,1.11446,1.11598,1.11371,1.11594,67785179139.0
2024-09-27 10:00:00,1.11595,1.11709,1.11556,1.11633,67749817224.0
2024-09-27 11:00:00,1.11632,1.11676,1.11589,1.11624,67859159614.0
2024-09-27 12:00:00,1.11625,1.12016,1.11541,1.11997,68339090557.0
2024-09-27 13:00:00,1.11997,1.12030,1.11795,1.11847,68444106589.0
2024-09-27 14:00:00,1.11849,1.11920,1.11692,1.11784,68298168650.0
2024-09-27 15:00:00,1.11785,1.11785,1.11540,1.11584,67947040115.0
2024-09-27 16:00:00,1.11585,1.11600,1.11463,1.11515,67739483175.0
2024-09-27 17:00:00,1.11515,1.11658,1.11503,1.11635,67583026792.0
2024-09-27 18:00:00,1.11636,1.11677,1.11596,1.11677,67454405185.0
2024-09-27 19:00:00,1.11676,1.11678,1.11626,1.11640,67135579096.0
2024-09-27 20:00:00,1.11639,1.11677,1.11589,1.11619,66861658276.0
2024-09-29 21:00:00,1.11619,1.11619,1.11526,1.11594,58724282531.0
2024-09-29 22:00:00,1.11594,1.11723,1.11590,1.11707,66642768033.0
2024-09-29 23:00:00,1.11707,1.11715,1.11675,1.11689,66796842517.0
2024-09-30 00:00:00,1.11688,1.11739,1.11684,1.11707,67287974543.0
2024-09-30 01:00:00,1.11709,1.11725,1.11605,1.11605,67525398362.0
2024-09-30 02:00:00,1.11604,1.11622,1.11564,1.11603,67042159166.0
2024-09-30 03:00:00,1.11604,1.11616,1.11562,1.11581,66920516153.0
2024-09-30 04:00:00,1.11582,1.11620,1.11582,1.11615,66890418095.0
2024-09-30 05:00:00,1.11616,1.11692,1.11614,1.11665,67292578121.0
2024-09-30 06:00:00,1.11665,1.11688,1.11560,1.11681,67616819776.0
2024-09-30 07:00:00,1.11680,1.11754,1.11593,1.11722,67804470805.0
2024-09-30 08:00:00,1.11721,1.12089,1.11721,1.12056,68066868262.0
2024-09-30 09:00:00,1.12056,1.12057,1.11884,1.11893,67954847908.0
2024-09-30 10:00:00,1.11893,1.11910,1.11832,1.11899,67550021387.0
2024-09-30 11:00:00,1.11900,1.12029,1.11889,1.11975,67758077704.0
2024-09-30 12:00:00,1.11976,1.12012,1.11863,1.11897,67728529490.0
2024-09-30 13:00:00,1.11898,1.11912,1.11666,1.11686,68095989186.0
2024-09-30 14:00:00,1.11684,1.11686,1.11409,1.11583,68228641340.0
2024-09-30 15:00:00,1.11582,1.11642,1.11350,1.11441,68061451061.0
2024-09-30 16:00:00,1.11442,1.11498,1.11399,1.11484,67702515955.0
2024-09-30 17:00:00,1.11484,1.11629,1.11481,1.11530,67500711280.0
2024-09-30 18:00:00,1.11528,1.11547,1.11136,1.11322,68350947412.0
2024-09-30 19:00:00,1.11322,1.11361,1.11215,1.11326,67817631415.0
2024-09-30 20:00:00,1.11326,1.11365,1.11302,1.11345,66708846021.0
2024-09-30 21:00:00,1.11344,1.11356,1.11289,1.11351,62187232297.0
2024-09-30 22:00:00,1.11350,1.11419,1.11342,1.11415,63228241509.0
2024-09-30 23:00:00,1.11417,1.11426,1.11355,1.11365,66349507212.0
2024-10-01 00:00:00,1.11365,1.11372,1.11271,1.11322,66884033250.0
2024-10-01 01:00:00,1.11322,1.11433,1.11313,1.11430,66812026226.0
2024-10-01 02:00:00,1.11431,1.11433,1.11359,1.11388,66355909104.0
2024-10-01 03:00:00,1.11389,1.11399,1.11354,1.11377,66453911631.0
2024-10-01 04:00:00,1.11377,1.11413,1.11346,1.11405,66365697556.0
2024-10-01 05:00:00,1.11407,1.11439,1.11362,1.11375,66793956310.0
2024-10-01 06:00:00,1.11374,1.11410,1.11309,1.11345,67221618033.0
2024-10-01 07:00:00,1.11345,1.11369,1.11116,1.11150,67849407693.0
2024-10-01 08:00:00,1.11153,1.11201,1.10981,1.11026,67647517489.0
2024-10-01 09:00:00,1.11026,1.11145,1.10920,1.10950,67510775320.0
2024-10-01 10:00:00,1.10949,1.10976,1.10839,1.10869,67764170754.0
2024-10-01 11:00:00,1.10870,1.10998,1.10785,1.10845,67997366846.0
2024-10-01 12:00:00,1.10845,1.10886,1.10702,1.10711,68298118270.0
2024-10-01 13:00:00,1.10710,1.10830,1.10584,1.10708,68227985084.0
2024-10-01 14:00:00,1.10708,1.10868,1.10565,1.10764,68513849266.0
2024-10-01 15:00:00,1.10765,1.10778,1.10598,1.10662,68072331019.0
2024-10-01 16:00:00,1.10662,1.10715,1.10482,1.10543,67839845662.0
2024-10-01 17:00:00,1.10543,1.10650,1.10458,1.10621,68086946034.0
2024-10-01 18:00:00,1.10624,1.10721,1.10624,1.10715,67540633192.0
2024-10-01 19:00:00,1.10716,1.10773,1.10662,1.10675,67514547567.0
2024-10-01 20:00:00,1.10677,1.10727,1.10656,1.10675,66891345758.0
2024-10-01 21:00:00,1.10668,1.10708,1.10667,1.10684,64305332224.0
2024-10-01 22:00:00,1.10683,1.10706,1.10669,1.10672,64941676296.0
2024-10-01 23:00:00,1.10671,1.10672,1.10634,1.10644,66470121309.0
2024-10-02 00:00:00,1.10645,1.10719,1.10633,1.10655,67189332704.0
2024-10-02 01:00:00,1.10656,1.10739,1.10656,1.10721,67167783808.0
2024-10-02 02:00:00,1.10721,1.10730,1.10634,1.10664,67206650922.0
2024-10-02 03:00:00,1.10664,1.10711,1.10639,1.10706,67281266932.0
2024-10-02 04:00:00,1.10706,1.10737,1.10603,1.10629,67285581659.0
2024-10-02 05:00:00,1.10629,1.10635,1.10541,1.10622,67706233816.0
2024-10-02 06:00:00,1.10620,1.10701,1.10599,1.10664,67721696378.0
2024-10-02 07:00:00,1.10667,1.10727,1.10632,1.10665,68039108036.0
2024-10-02 08:00:00,1.10664,1.10828,1.10640,1.10722,67842199387.0
2024-10-02 09:00:00,1.10723,1.10723,1.10612,1.10713,67561380905.0
2024-10-02 10:00:00,1.10713,1.10765,1.10664,1.10666,67671437801.0
2024-10-02 11:00:00,1.10668,1.10767,1.10646,1.10756,67784316356.0
2024-10-02 12:00:00,1.10755,1.10773,1.10510,1.10535,68057900646.0
2024-10-02 13:00:00,1.10537,1.10656,1.10470,1.10512,68167953445.0
2024-10-02 14:00:00,1.10511,1.10563,1.10353,1.10361,68143572743.0
2024-10-02 15:00:00,1.10361,1.10504,1.10325,1.10494,67734385462.0
2024-10-02 16:00:00,1.10495,1.10548,1.10436,1.10466,67653248943.0
2024-10-02 17:00:00,1.10466,1.10499,1.10445,1.10470,67476258813.0
2024-10-02 18:00:00,1.10469,1.10484,1.10376,1.10382,67380028375.0
2024-10-02 19:00:00,1.10382,1.10533,1.10367,1.10488,66690380600.0
2024-10-02 20:00:00,1.10488,1.10524,1.10440,1.10440,67032307467.0
2024-10-02 21:00:00,1.10440,1.10482,1.10430,1.10478,64742172920.0
2024-10-02 22:00:00,1.10471,1.10490,1.10457,1.10461,62998229158.0
2024-10-02 23:00:00,1.10462,1.10477,1.10436,1.10458,65431676516.0
2024-10-03 00:00:00,1.10459,1.10465,1.10372,1.10391,67476684475.0
2024-10-03 01:00:00,1.10390,1.10406,1.10351,1.10392,67462117461.0
2024-10-03 02:00:00,1.10393,1.10394,1.10352,1.10359,67138608173.0
2024-10-03 03:00:00,1.10359,1.10367,1.10320,1.10357,66968351868.0
2024-10-03 04:00:00,1.10356,1.10356,1.10322,1.10328,67124377680.0
2024-10-03 05:00:00,1.10329,1.10348,1.10248,1.10285,67615961907.0
2024-10-03 06:00:00,1.10285,1.10421,1.10264,1.10378,67708781530.0
2024-10-03 07:00:00,1.10377,1.10398,1.10275,1.10330,68114084818.0
2024-10-03 08:00:00,1.10330,1.10461,1.10293,1.10375,67872108377.0
2024-10-03 09:00:00,1.10375,1.10465,1.10346,1.10358,67799939811.0
2024-10-03 10:00:00,1.10357,1.10438,1.10342,1.10427,67642267073.0
2024-10-03 11:00:00,1.10428,1.10461,1.10381,1.10428,67774017695.0
2024-10-03 12:00:00,1.10427,1.10468,1.10281,1.10321,68214429694.0
2024-10-03 13:00:00,1.10321,1.10437,1.10284,1.10369,68240979231.0
2024-10-03 14:00:00,1.10370,1.10387,1.10082,1.10170,68829541008.0
2024-10-03 15:00:00,1.10169,1.10240,1.10120,1.10145,68273406935.0
2024-10-03 16:00:00,1.10147,1.10338,1.10141,1.10302,67580350297.0
2024-10-03 17:00:00,1.10303,1.10361,1.10301,1.10328,67510512845.0
2024-10-03 18:00:00,1.10329,1.10347,1.10257,1.10260,67563089423.0
2024-10-03 19:00:00,1.10261,1.10318,1.10249,1.10284,67197476206.0
2024-10-03 20:00:00,1.10284,1.10306,1.10260,1.10293,66747214726.0
2024-10-03 21:00:00,1.10292,1.10330,1.10283,1.10321,64781081644.0
2024-10-03 22:00:00,1.10321,1.10350,1.10300,1.10342,66265878362.0
2024-10-03 23:00:00,1.10342,1.10370,1.10332,1.10351,66341910607.0
2024-10-04 00:00:00,1.10350,1.10395,1.10331,1.10346,67099396009.0
2024-10-04 01:00:00,1.10346,1.10359,1.10286,1.10298,67546644806.0
2024-10-04 02:00:00,1.10299,1.10344,1.10279,1.10305,67242582666.0
2024-10-04 03:00:00,1.10307,1.10315,1.10255,1.10270,67085373276.0
2024-10-04 04:00:00,1.10270,1.10299,1.10251,1.10276,67022965970.0
2024-10-04 05:00:00,1.10277,1.10352,1.10265,1.10333,67022504596.0
2024-10-04 06:00:00,1.10333,1.10347,1.10271,1.10320,67508680458.0
2024-10-04 07:00:00,1.10319,1.10355,1.10254,1.10278,68151215064.0
2024-10-04 08:00:00,1.10278,1.10300,1.10212,1.10254,67751274083.0
2024-10-04 09:00:00,1.10253,1.10282,1.10201,1.10270,67664547678.0
2024-10-04 10:00:00,1.10272,1.10335,1.10261,1.10275,67488371178.0
2024-10-04 11:00:00,1.10275,1.10367,1.10270,1.10324,67709462443.0
2024-10-04 12:00:00,1.10321,1.10330,1.09590,1.09608,68401695622.0
2024-10-04 13:00:00,1.09608,1.09790,1.09588,1.09732,68456158823.0
2024-10-04 14:00:00,1.09733,1.09817,1.09670,1.09694,68169821719.0
2024-10-04 15:00:00,1.09694,1.09740,1.09548,1.09606,67981402936.0
2024-10-04 16:00:00,1.09606,1.09618,1.09512,1.09596,67649672313.0
2024-10-04 17:00:00,1.09596,1.09693,1.09577,1.09679,67166723110.0
2024-10-04 18:00:00,1.09681,1.09740,1.09652,1.09726,67105822474.0
2024-10-04 19:00:00,1.09725,1.09777,1.09707,1.09763,67136881296.0
2024-10-04 20:00:00,1.09764,1.09777,1.09725,1.09739,67579988049.0
2024-10-06 21:00:00,1.09739,1.09739,1.09620,1.09693,58684051296.0
2024-10-06 22:00:00,1.09693,1.09717,1.09632,1.09693,67006362416.0
2024-10-06 23:00:00,1.09694,1.09717,1.09679,1.09705,67103961907.0
2024-10-07 00:00:00,1.09705,1.09754,1.09681,1.09698,67408504423.0
2024-10-07 01:00:00,1.09699,1.09775,1.09695,1.09733,67670436739.0
2024-10-07 02:00:00,1.09734,1.09774,1.09712,1.09713,67423486277.0
2024-10-07 03:00:00,1.09713,1.09732,1.09696,1.09719,67313322884.0
2024-10-07 04:00:00,1.09720,1.09735,1.09683,1.09684,66839136176.0
2024-10-07 05:00:00,1.09683,1.09701,1.09643,1.09692,67113510504.0
2024-10-07 06:00:00,1.09688,1.09723,1.09634,1.09712,67719649690.0
2024-10-07 07:00:00,1.09712,1.09725,1.09581,1.09693,68083358105.0
2024-10-07 08:00:00,1.09695,1.09788,1.09654,1.09699,67815481997.0
2024-10-07 09:00:00,1.09700,1.09700,1.09542,1.09586,67974772657.0
2024-10-07 10:00:00,1.09587,1.09698,1.09581,1.09651,67736495390.0
2024-10-07 11:00:00,1.09651,1.09805,1.09622,1.09767,67764259387.0
2024-10-07 12:00:00,1.09768,1.09836,1.09716,1.09771,67964676341.0
2024-10-07 13:00:00,1.09771,1.09830,1.09721,1.09796,68103542703.0
2024-10-07 14:00:00,1.09797,1.09848,1.09695,1.09747,68170414985.0
2024-10-07 15:00:00,1.09745,1.09791,1.09729,1.09758,67910249351.0
2024-10-07 16:00:00,1.09759,1.09846,1.09753,1.09839,67187596657.0
2024-10-07 17:00:00,1.09838,1.09868,1.09811,1.09821,67312418820.0
2024-10-07 18:00:00,1.09822,1.09823,1.09682,1.09690,67546165574.0
2024-10-07 19:00:00,1.09690,1.09727,1.09657,1.09723,67616372162.0
2024-10-07 20:00:00,1.09723,1.09750,1.09710,1.09731,66804917210.0
2024-10-07 21:00:00,1.09723,1.09757,1.09689,1.09732,65927479951.0
2024-10-07 22:00:00,1.09731,1.09789,1.09718,1.09777,62815280499.0
2024-10-07 23:00:00,1.09781,1.09791,1.09741,1.09742,66796778948.0
2024-10-08 00:00:00,1.09742,1.09839,1.09737,1.09817,67126188112.0
2024-10-08 01:00:00,1.09817,1.09848,1.09805,1.09836,67452947330.0
2024-10-08 02:00:00,1.09836,1.09845,1.09727,1.09815,67734373990.0
2024-10-08 03:00:00,1.09816,1.09868,1.09816,1.09832,67448170088.0
2024-10-08 04:00:00,1.09832,1.09867,1.09832,1.09854,66829906086.0
2024-10-08 05:00:00,1.09854,1.09869,1.09815,1.09830,67497427930.0
2024-10-08 06:00:00,1.09830,1.09888,1.09813,1.09836,67517201448.0
2024-10-08 07:00:00,1.09836,1.09956,1.09785,1.09951,67997006723.0
2024-10-08 08:00:00,1.09952,1.09971,1.09830,1.09938,67821442499.0
2024-10-08 09:00:00,1.09939,1.09948,1.09855,1.09874,67687404009.0
2024-10-08 10:00:00,1.09874,1.09919,1.09821,1.09852,67503225898.0
2024-10-08 11:00:00,1.09852,1.09897,1.09785,1.09876,67489169734.0
2024-10-08 12:00:00,1.09876,1.09898,1.09714,1.09759,67949857668.0
2024-10-08 13:00:00,1.09758,1.09839,1.09744,1.09778,67951246213.0
2024-10-08 14:00:00,1.09779,1.09803,1.09663,1.09708,67938408364.0
2024-10-08 15:00:00,1.09708,1.09722,1.09608,1.09697,67704931620.0
2024-10-08 16:00:00,1.09698,1.09777,1.09686,1.09757,67260013278.0
2024-10-08 17:00:00,1.09757,1.09757,1.09657,1.09743,67541290520.0
2024-10-08 18:00:00,1.09744,1.09763,1.09685,1.09722,67175384026.0
2024-10-08 19:00:00,1.09722,1.09782,1.09694,1.09778,67086431361.0
2024-10-08 20:00:00,1.09778,1.09806,1.09766,1.09798,65163614945.0
2024-10-08 21:00:00,1.09782,1.09796,1.09743,1.09786,66035175912.0
2024-10-08 22:00:00,1.09788,1.09807,1.09782,1.09807,64543887850.0
2024-10-08 23:00:00,1.09808,1.09809,1.09749,1.09753,64762253144.0
2024-10-09 00:00:00,1.09754,1.09787,1.09736,1.09755,66564351592.0
2024-10-09 01:00:00,1.09755,1.09772,1.09686,1.09736,67183366634.0
2024-10-09 02:00:00,1.09736,1.09741,1.09687,1.09706,67008871795.0
2024-10-09 03:00:00,1.09707,1.09712,1.09667,1.09678,66955433077.0
2024-10-09 04:00:00,1.09678,1.09684,1.09620,1.09631,66305774059.0
2024-10-09 05:00:00,1.09635,1.09760,1.09635,1.09730,67307865375.0
2024-10-09 06:00:00,1.09730,1.09730,1.09622,1.09629,67280336323.0
2024-10-09 07:00:00,1.09626,1.09668,1.09510,1.09602,67670961687.0
2024-10-09 08:00:00,1.09603,1.09642,1.09533,1.09577,67445323204.0
2024-10-09 09:00:00,1.09576,1.09676,1.09568,1.09666,67209247129.0
2024-10-09 10:00:00,1.09666,1.09707,1.09633,1.09656,67080123836.0
2024-10-09 11:00:00,1.09656,1.09669,1.09539,1.09540,67643681994.0
2024-10-09 12:00:00,1.09539,1.09591,1.09527,1.09567,67688188803.0
2024-10-09 13:00:00,1.09566,1.09584,1.09462,1.09532,67790696776.0
2024-10-09 14:00:00,1.09532,1.09598,1.09396,1.09479,68069673698.0
2024-10-09 15:00:00,1.09478,1.09561,1.09469,1.09506,67626586928.0
2024-10-09 16:00:00,1.09505,1.09505,1.09401,1.09413,67378774669.0
2024-10-09 17:00:00,1.09415,1.09421,1.09369,1.09390,67136920944.0
2024-10-09 18:00:00,1.09393,1.09426,1.09362,1.09365,67378490903.0
2024-10-09 19:00:00,1.09366,1.09413,1.09365,1.09386,67345648845.0
2024-10-09 20:00:00,1.09386,1.09407,1.09366,1.09376,65520595766.0
2024-10-09 21:00:00,1.09368,1.09426,1.09367,1.09403,66035006836.0
2024-10-09 22:00:00,1.09403,1.09426,1.09378,1.09407,64101600459.0
2024-10-09 23:00:00,1.09406,1.09422,1.09388,1.09410,5597982228.0
2024-10-10 00:00:00,1.09410,1.09429,1.09392,1.09405,54762860051.0
2024-10-10 01:00:00,1.09404,1.09459,1.09397,1.09429,67432688845.0
2024-10-10 02:00:00,1.09428,1.09454,1.09389,1.09419,67604506212.0
2024-10-10 03:00:00,1.09418,1.09458,1.09414,1.09435,67117174623.0
2024-10-10 04:00:00,1.09435,1.09445,1.09383,1.09409,66774612378.0
2024-10-10 05:00:00,1.09408,1.09425,1.09370,1.09391,67384307549.0
2024-10-10 06:00:00,1.09388,1.09430,1.09364,1.09368,67408719051.0
2024-10-10 07:00:00,1.09369,1.09430,1.09330,1.09374,67638011820.0
2024-10-10 08:00:00,1.09378,1.09392,1.09282,1.09329,67510753360.0
2024-10-10 09:00:00,1.09330,1.09339,1.09278,1.09336,67366917898.0
2024-10-10 10:00:00,1.09336,1.09396,1.09309,1.09390,67228625801.0
2024-10-10 11:00:00,1.09391,1.09395,1.09270,1.09310,67509734929.0
2024-10-10 12:00:00,1.09310,1.09548,1.09088,1.09439,68338925646.0
2024-10-10 13:00:00,1.09440,1.09498,1.09339,1.09372,68495472309.0
2024-10-10 14:00:00,1.09371,1.09422,1.09136,1.09222,68389568838.0
2024-10-10 15:00:00,1.09222,1.09297,1.09164,1.09248,67816529591.0
2024-10-10 16:00:00,1.09249,1.09281,1.09030,1.09059,67670445260.0
2024-10-10 17:00:00,1.09059,1.09206,1.09000,1.09189,67769869763.0
2024-10-10 18:00:00,1.09189,1.09266,1.09182,1.09220,67396342580.0
2024-10-10 19:00:00,1.09220,1.09345,1.09210,1.09344,67497374190.0
2024-10-10 20:00:00,1.09344,1.09376,1.09286,1.09286,66820588834.0
2024-10-10 21:00:00,1.09299,1.09369,1.09116,1.09350,62672456910.0
2024-10-10 22:00:00,1.09351,1.09362,1.09328,1.09337,63773109122.0
2024-10-10 23:00:00,1.09337,1.09343,1.09324,1.09334,62740387594.0
2024-10-11 00:00:00,1.09335,1.09378,1.09321,1.09373,67008031621.0
2024-10-11 01:00:00,1.09375,1.09379,1.09294,1.09320,67072146804.0
2024-10-11 02:00:00,1.09319,1.09376,1.09308,1.09368,66905732227.0
2024-10-11 03:00:00,1.09368,1.09407,1.09363,1.09395,67107388125.0
2024-10-11 04:00:00,1.09395,1.09405,1.09352,1.09356,67005304995.0
2024-10-11 05:00:00,1.09356,1.09379,1.09325,1.09354,64656080239.0
2024-10-11 06:00:00,1.09354,1.09406,1.09323,1.09401,67267647243.0
2024-10-11 07:00:00,1.09400,1.09453,1.09321,1.09446,67518147788.0
2024-10-11 08:00:00,1.09446,1.09537,1.09416,1.09495,67329452607.0
2024-10-11 09:00:00,1.09493,1.09511,1.09380,1.09389,67317249800.0
2024-10-11 10:00:00,1.09387,1.09393,1.09310,1.09350,67307287346.0
2024-10-11 11:00:00,1.09351,1.09360,1.09273,1.09309,67403936890.0
2024-10-11 12:00:00,1.09309,1.09506,1.09260,1.09331,67934969691.0
2024-10-11 13:00:00,1.09330,1.09403,1.09280,1.09384,67862571910.0
2024-10-11 14:00:00,1.09386,1.09491,1.09336,1.09429,68106067963.0
2024-10-11 15:00:00,1.09428,1.09524,1.09410,1.09412,67819401051.0
2024-10-11 16:00:00,1.09413,1.09475,1.09403,1.09449,67236428184.0
2024-10-11 17:00:00,1.09448,1.09474,1.09427,1.09434,67139449975.0
2024-10-11 18:00:00,1.09433,1.09460,1.09389,1.09390,66793485106.0
2024-10-11 19:00:00,1.09391,1.09393,1.09332,1.09332,66795623548.0
2024-10-11 20:00:00,1.09332,1.09381,1.09324,1.09353,66837439123.0
2024-10-13 21:00:00,1.09310,1.09335,1.09307,1.09316,57439640619.0
2024-10-13 22:00:00,1.09313,1.09335,1.09270,1.09271,64402051560.0
2024-10-13 23:00:00,1.09273,1.09283,1.09221,1.09230,66596842376.0
2024-10-14 00:00:00,1.09231,1.09243,1.09153,1.09214,66985543928.0
2024-10-14 01:00:00,1.09214,1.09254,1.09179,1.09232,67277819741.0
2024-10-14 02:00:00,1.09232,1.09268,1.09184,1.09246,67159680617.0
2024-10-14 03:00:00,1.09247,1.09291,1.09235,1.09256,66719306879.0
2024-10-14 04:00:00,1.09255,1.09257,1.09232,1.09236,62781670031.0
2024-10-14 05:00:00,1.09237,1.09263,1.09223,1.09259,66864709632.0
2024-10-14 06:00:00,1.09260,1.09304,1.09248,1.09250,67208524597.0
2024-10-14 07:00:00,1.09250,1.09311,1.09238,1.09282,67564648856.0
2024-10-14 08:00:00,1.09282,1.09316,1.09236,1.09268,67711132466.0
2024-10-14 09:00:00,1.09268,1.09366,1.09266,1.09290,67295097652.0
2024-10-14 10:00:00,1.09288,1.09301,1.09220,1.09228,67201325627.0
2024-10-14 11:00:00,1.09228,1.09246,1.09091,1.09126,67618601697.0
2024-10-14 12:00:00,1.09124,1.09167,1.09073,1.09096,67725096712.0
2024-10-14 13:00:00,1.09096,1.09272,1.09047,1.09191,67845101811.0
2024-10-14 14:00:00,1.09188,1.09191,1.09050,1.09148,67921444210.0
2024-10-14 15:00:00,1.09148,1.09163,1.09048,1.09068,67392588022.0
2024-10-14 16:00:00,1.09069,1.09085,1.09008,1.09015,67065243235.0
2024-10-14 17:00:00,1.09014,1.09042,1.08973,1.09040,66800370972.0
2024-10-14 18:00:00,1.09040,1.09050,1.08949,1.08971,66702630913.0
2024-10-14 19:00:00,1.08972,1.09059,1.08881,1.09038,67411730763.0
2024-10-14 20:00:00,1.09038,1.09093,1.09028,1.09082,66450847499.0
2024-10-14 21:00:00,1.09078,1.09083,1.09039,1.09080,65224312091.0
2024-10-14 22:00:00,1.09078,1.09095,1.09048,1.09084,62633685154.0
2024-10-14 23:00:00,1.09085,1.09103,1.09065,1.09090,66220143411.0
2024-10-15 00:00:00,1.09090,1.09097,1.09040,1.09074,66976851558.0
2024-10-15 01:00:00,1.09071,1.09086,1.09047,1.09073,66778360054.0
2024-10-15 02:00:00,1.09073,1.09087,1.09005,1.09020,67057428072.0
2024-10-15 03:00:00,1.09019,1.09030,1.08957,1.08964,66935033040.0
2024-10-15 04:00:00,1.08964,1.08964,1.08915,1.08929,65626252904.0
2024-10-15 05:00:00,1.08928,1.08928,1.08882,1.08915,67109021937.0
2024-10-15 06:00:00,1.08915,1.08956,1.08849,1.08924,67499575545.0
2024-10-15 07:00:00,1.08924,1.08987,1.08850,1.08986,67688569240.0
2024-10-15 08:00:00,1.08985,1.09161,1.08971,1.09103,67588936824.0
2024-10-15 09:00:00,1.09103,1.09145,1.09059,1.09135,67443909588.0
2024-10-15 10:00:00,1.09137,1.09149,1.09026,1.09027,67383177381.0
2024-10-15 11:00:00,1.09026,1.09092,1.08973,1.09008,67537446502.0
2024-10-15 12:00:00,1.09010,1.09125,1.08995,1.09101,67672695603.0
2024-10-15 13:00:00,1.09101,1.09167,1.09084,1.09098,67726956295.0
2024-10-15 14:00:00,1.09097,1.09118,1.08988,1.09026,67795921470.0
2024-10-15 15:00:00,1.09027,1.09071,1.08986,1.08989,67547168935.0
2024-10-15 16:00:00,1.08989,1.09023,1.08894,1.08894,67038660525.0
2024-10-15 17:00:00,1.08894,1.08904,1.08819,1.08849,67208812299.0
2024-10-15 18:00:00,1.08850,1.08904,1.08838,1.08872,67142027183.0
2024-10-15 19:00:00,1.08874,1.08900,1.08858,1.08868,67188323125.0
2024-10-15 20:00:00,1.08868,1.08923,1.08857,1.08900,66711111597.0
2024-10-15 21:00:00,1.08883,1.08927,1.08871,1.08919,65576398357.0
2024-10-15 22:00:00,1.08920,1.08924,1.08876,1.08895,62707847661.0
2024-10-15 23:00:00,1.08896,1.08900,1.08831,1.08832,64190102897.0
2024-10-16 00:00:00,1.08832,1.08866,1.08821,1.08853,66888645343.0
2024-10-16 01:00:00,1.08853,1.08920,1.08842,1.08917,67312044605.0
2024-10-16 02:00:00,1.08918,1.08932,1.08885,1.08925,67084934183.0
2024-10-16 03:00:00,1.08926,1.08956,1.08906,1.08909,66919432846.0
2024-10-16 04:00:00,1.08908,1.08930,1.08877,1.08893,66839969139.0
2024-10-16 05:00:00,1.08894,1.08902,1.08864,1.08878,65869955072.0
2024-10-16 06:00:00,1.08882,1.08892,1.08762,1.08776,67719541224.0
2024-10-16 07:00:00,1.08776,1.08852,1.08752,1.08821,67635970703.0
2024-10-16 08:00:00,1.08821,1.08843,1.08777,1.08832,67550598268.0
2024-10-16 09:00:00,1.08832,1.08972,1.08825,1.08946,67564341493.0
2024-10-16 10:00:00,1.08946,1.08954,1.08894,1.08899,67258447626.0
2024-10-16 11:00:00,1.08897,1.08956,1.08868,1.08943,67542786379.0
2024-10-16 12:00:00,1.08944,1.09014,1.08863,1.08887,67760147826.0
2024-10-16 13:00:00,1.08888,1.08974,1.08850,1.08900,67739015578.0
2024-10-16 14:00:00,1.08902,1.08907,1.08714,1.08797,67874935275.0
2024-10-16 15:00:00,1.08797,1.08801,1.08661,1.08724,67505130371.0
2024-10-16 16:00:00,1.08723,1.08767,1.08669,1.08682,67253004862.0
2024-10-16 17:00:00,1.08683,1.08684,1.08615,1.08621,67117394164.0
2024-10-16 18:00:00,1.08621,1.08628,1.08553,1.08556,67081393931.0
2024-10-16 19:00:00,1.08557,1.08602,1.08532,1.08577,67044221581.0
2024-10-16 20:00:00,1.08577,1.08627,1.08573,1.08618,66554612283.0
2024-10-16 21:00:00,1.08611,1.08705,1.08574,1.08632,66243892348.0
2024-10-16 22:00:00,1.08630,1.08643,1.08574,1.08585,58461449093.0
2024-10-16 23:00:00,1.08585,1.08594,1.08562,1.08587,65391310930.0
2024-10-17 00:00:00,1.08588,1.08642,1.08578,1.08632,67314896078.0
2024-10-17 01:00:00,1.08631,1.08637,1.08590,1.08623,67568633121.0
2024-10-17 02:00:00,1.08625,1.08650,1.08591,1.08619,67679029333.0
2024-10-17 03:00:00,1.08617,1.08620,1.08512,1.08530,67020115802.0
2024-10-17 04:00:00,1.08530,1.08555,1.08523,1.08533,66996178123.0
2024-10-17 05:00:00,1.08532,1.08554,1.08524,1.08545,67519380845.0
2024-10-17 06:00:00,1.08540,1.08583,1.08498,1.08506,67399843513.0
2024-10-17 07:00:00,1.08505,1.08576,1.08490,1.08546,67607165009.0
2024-10-17 08:00:00,1.08545,1.08566,1.08490,1.08517,67717982945.0
2024-10-17 09:00:00,1.08517,1.08641,1.08503,1.08587,67615272468.0
2024-10-17 10:00:00,1.08587,1.08649,1.08580,1.08640,67311460681.0
2024-10-17 11:00:00,1.08641,1.08673,1.08630,1.08632,67400496253.0
2024-10-17 12:00:00,1.08633,1.08737,1.08334,1.08427,68291805021.0
2024-10-17 13:00:00,1.08427,1.08446,1.08110,1.08330,68328841051.0
2024-10-17 14:00:00,1.08331,1.08350,1.08141,1.08286,68338064917.0
2024-10-17 15:00:00,1.08288,1.08408,1.08244,1.08365,67862583214.0
2024-10-17 16:00:00,1.08366,1.08369,1.08224,1.08247,67527017431.0
2024-10-17 17:00:00,1.08249,1.08280,1.08210,1.08254,66929489345.0
2024-10-17 18:00:00,1.08255,1.08319,1.08244,1.08249,67106391981.0
2024-10-17 19:00:00,1.08250,1.08285,1.08234,1.08279,67226429028.0
2024-10-17 20:00:00,1.08279,1.08311,1.08269,1.08307,66876230205.0
2024-10-17 21:00:00,1.08308,1.08323,1.08263,1.08318,64386194471.0
2024-10-17 22:00:00,1.08318,1.08331,1.08289,1.08289,66178632909.0
2024-10-17 23:00:00,1.08290,1.08299,1.08252,1.08291,65087499797.0
2024-10-18 00:00:00,1.08291,1.08323,1.08274,1.08289,67352454763.0
2024-10-18 01:00:00,1.08288,1.08362,1.08274,1.08349,67615478250.0
2024-10-18 02:00:00,1.08350,1.08396,1.08333,1.08389,67409219416.0
2024-10-18 03:00:00,1.08387,1.08395,1.08370,1.08385,67167290657.0
2024-10-18 04:00:00,1.08386,1.08405,1.08382,1.08404,65303916710.0
2024-10-18 05:00:00,1.08405,1.08441,1.08384,1.08434,67182201405.0
2024-10-18 06:00:00,1.08432,1.08486,1.08381,1.08443,67689769204.0
2024-10-18 07:00:00,1.08442,1.08442,1.08369,1.08409,67882301193.0
2024-10-18 08:00:00,1.08410,1.08468,1.08345,1.08378,67517886299.0
2024-10-18 09:00:00,1.08378,1.08456,1.08341,1.08442,67628483876.0
2024-10-18 10:00:00,1.08443,1.08488,1.08380,1.08450,67526923878.0
2024-10-18 11:00:00,1.08450,1.08518,1.08417,1.08482,67544915962.0
2024-10-18 12:00:00,1.08481,1.08600,1.08466,1.08591,67822517291.0
2024-10-18 13:00:00,1.08593,1.08632,1.08511,1.08569,67745506589.0
2024-10-18 14:00:00,1.08569,1.08645,1.08549,1.08571,67987582978.0
2024-10-18 15:00:00,1.08571,1.08602,1.08530,1.08535,67566253832.0
2024-10-18 16:00:00,1.08534,1.08682,1.08528,1.08666,67103788241.0
2024-10-18 17:00:00,1.08666,1.08666,1.08591,1.08618,67100636611.0
2024-10-18 18:00:00,1.08618,1.08679,1.08616,1.08653,67130570505.0
2024-10-18 19:00:00,1.08653,1.08658,1.08622,1.08638,67226591888.0
2024-10-18 20:00:00,1.08638,1.08694,1.08630,1.08655,66960095643.0
2024-10-20 21:00:00,1.08605,1.08664,1.08605,1.08664,50774207361.0
2024-10-20 22:00:00,1.08664,1.08717,1.08650,1.08690,66204823716.0
2024-10-20 23:00:00,1.08691,1.08696,1.08652,1.08681,66387385385.0
2024-10-21 00:00:00,1.08682,1.08688,1.08639,1.08649,67287759260.0
2024-10-21 01:00:00,1.08648,1.08682,1.08636,1.08651,67669898364.0
2024-10-21 02:00:00,1.08651,1.08672,1.08641,1.08644,67383096769.0
2024-10-21 03:00:00,1.08643,1.08678,1.08642,1.08662,66065478778.0
2024-10-21 04:00:00,1.08662,1.08662,1.08583,1.08587,65765186275.0
2024-10-21 05:00:00,1.08587,1.08635,1.08585,1.08598,67119145943.0
2024-10-21 06:00:00,1.08598,1.08598,1.08495,1.08522,67580421570.0
2024-10-21 07:00:00,1.08522,1.08571,1.08462,1.08480,67437921568.0
2024-10-21 08:00:00,1.08480,1.08578,1.08480,1.08552,67352976095.0
2024-10-21 09:00:00,1.08552,1.08582,1.08464,1.08465,67343470099.0
2024-10-21 10:00:00,1.08464,1.08494,1.08447,1.08474,67305268512.0
2024-10-21 11:00:00,1.08475,1.08563,1.08466,1.08557,67272935013.0
2024-10-21 12:00:00,1.08557,1.08590,1.08511,1.08573,67705687899.0
2024-10-21 13:00:00,1.08573,1.08578,1.08438,1.08474,67781114593.0
2024-10-21 14:00:00,1.08475,1.08487,1.08331,1.08348,67665402923.0
2024-10-21 15:00:00,1.08348,1.08349,1.08199,1.08199,67645783409.0
2024-10-21 16:00:00,1.08199,1.08229,1.08170,1.08186,67275497797.0
2024-10-21 17:00:00,1.08186,1.08230,1.08155,1.08161,67214204600.0
2024-10-21 18:00:00,1.08161,1.08171,1.08111,1.08114,66974839929.0
2024-10-21 19:00:00,1.08116,1.08153,1.08111,1.08153,67063707727.0
2024-10-21 20:00:00,1.08152,1.08167,1.08123,1.08149,66726513216.0
2024-10-21 21:00:00,1.08149,1.08172,1.08121,1.08152,63307482399.0
2024-10-21 22:00:00,1.08153,1.08176,1.08149,1.08154,62701630915.0
2024-10-21 23:00:00,1.08154,1.08166,1.08140,1.08153,65584154546.0
2024-10-22 00:00:00,1.08151,1.08183,1.08142,1.08162,67184837591.0
2024-10-22 01:00:00,1.08162,1.08207,1.08162,1.08189,67464093693.0
2024-10-22 02:00:00,1.08190,1.08213,1.08151,1.08156,66995076136.0
2024-10-22 03:00:00,1.08156,1.08190,1.08149,1.08190,67169010648.0
2024-10-22 04:00:00,1.08190,1.08209,1.08180,1.08201,66786384940.0
2024-10-22 05:00:00,1.08202,1.08236,1.08192,1.08192,66970547975.0
2024-10-22 06:00:00,1.08193,1.08288,1.08180,1.08255,67094103324.0
2024-10-22 07:00:00,1.08254,1.08380,1.08207,1.08366,67654720064.0
2024-10-22 08:00:00,1.08365,1.08370,1.08259,1.08270,67441670553.0
2024-10-22 09:00:00,1.08270,1.08306,1.08146,1.08159,67500697189.0
2024-10-22 10:00:00,1.08158,1.08292,1.08143,1.08285,67416242915.0
2024-10-22 11:00:00,1.08286,1.08289,1.08149,1.08175,67635529483.0
2024-10-22 12:00:00,1.08174,1.08216,1.08111,1.08117,67712692883.0
2024-10-22 13:00:00,1.08116,1.08184,1.08013,1.08073,67997542975.0
2024-10-22 14:00:00,1.08072,1.08133,1.08009,1.08096,67850776574.0
2024-10-22 15:00:00,1.08097,1.08154,1.08040,1.08045,67622961644.0
2024-10-22 16:00:00,1.08044,1.08143,1.08031,1.08076,67214244250.0
2024-10-22 17:00:00,1.08078,1.08087,1.08014,1.08029,67470822771.0
2024-10-22 18:00:00,1.08028,1.08040,1.07998,1.07999,66739502451.0
2024-10-22 19:00:00,1.07999,1.08017,1.07939,1.07948,66933123647.0
2024-10-22 20:00:00,1.07947,1.07989,1.07926,1.07967,66808482365.0
2024-10-22 21:00:00,1.07964,1.07986,1.07933,1.07982,65485218778.0
2024-10-22 22:00:00,1.07982,1.07999,1.07968,1.07984,65121777092.0
2024-10-22 23:00:00,1.07983,1.07984,1.07962,1.07962,65351265813.0
2024-10-23 00:00:00,1.07962,1.08008,1.07922,1.07952,67414973809.0
2024-10-23 01:00:00,1.07953,1.07983,1.07936,1.07949,67532693667.0
2024-10-23 02:00:00,1.07948,1.08053,1.07947,1.08045,67530005875.0
2024-10-23 03:00:00,1.08046,1.08053,1.07987,1.08021,67293188916.0
2024-10-23 04:00:00,1.08022,1.08026,1.07995,1.08020,67113907648.0
2024-10-23 05:00:00,1.08021,1.08065,1.08020,1.08065,67435732008.0
2024-10-23 06:00:00,1.08066,1.08066,1.07924,1.07924,67874712782.0
2024-10-23 07:00:00,1.07924,1.07924,1.07806,1.07817,67789189286.0
2024-10-23 08:00:00,1.07816,1.07914,1.07794,1.07882,67520282626.0
2024-10-23 09:00:00,1.07881,1.07893,1.07813,1.07823,67737703547.0
2024-10-23 10:00:00,1.07822,1.07833,1.07774,1.07774,67607037870.0
2024-10-23 11:00:00,1.07775,1.07798,1.07630,1.07631,67729640323.0
2024-10-23 12:00:00,1.07632,1.07750,1.07612,1.07742,67853733395.0
2024-10-23 13:00:00,1.07743,1.07831,1.07695,1.07751,67773652496.0
2024-10-23 14:00:00,1.07750,1.07823,1.07708,1.07745,67922980049.0
2024-10-23 15:00:00,1.07745,1.07862,1.07740,1.07787,67765348268.0
2024-10-23 16:00:00,1.07787,1.07790,1.07706,1.07731,67544266507.0
2024-10-23 17:00:00,1.07730,1.07746,1.07672,1.07687,67368401635.0
2024-10-23 18:00:00,1.07686,1.07824,1.07683,1.07805,67506104567.0
2024-10-23 19:00:00,1.07805,1.07865,1.07799,1.07857,67187671035.0
2024-10-23 20:00:00,1.07858,1.07864,1.07804,1.07804,65580746015.0
2024-10-23 21:00:00,1.07804,1.07835,1.07794,1.07824,63741037118.0
2024-10-23 22:00:00,1.07827,1.07832,1.07799,1.07822,64734882693.0
2024-10-23 23:00:00,1.07823,1.07846,1.07794,1.07803,65832178807.0
2024-10-24 00:00:00,1.07804,1.07898,1.07798,1.07887,67322580829.0
2024-10-24 01:00:00,1.07887,1.07892,1.07820,1.07829,67604561920.0
2024-10-24 02:00:00,1.07829,1.07888,1.07811,1.07875,67409089168.0
2024-10-24 03:00:00,1.07876,1.07890,1.07851,1.07868,67024331733.0
2024-10-24 04:00:00,1.07868,1.07935,1.07868,1.07931,67102822887.0
2024-10-24 05:00:00,1.07931,1.07932,1.07884,1.07888,67566197477.0
2024-10-24 06:00:00,1.07887,1.07906,1.07816,1.07833,67758198459.0
2024-10-24 07:00:00,1.07833,1.07987,1.07706,1.07955,68143913945.0
2024-10-24 08:00:00,1.07954,1.08080,1.07954,1.08030,68092312782.0
2024-10-24 09:00:00,1.08030,1.08052,1.07954,1.07968,67565499514.0
2024-10-24 10:00:00,1.07969,1.08042,1.07960,1.07989,67296503397.0
2024-10-24 11:00:00,1.07989,1.08029,1.07920,1.07950,67571774912.0
2024-10-24 12:00:00,1.07950,1.08039,1.07881,1.07965,68114453137.0
2024-10-24 13:00:00,1.07965,1.08113,1.07950,1.08000,67962172869.0
2024-10-24 14:00:00,1.07999,1.08107,1.07969,1.07978,68178197054.0
2024-10-24 15:00:00,1.07979,1.08054,1.07963,1.08049,67633367613.0
2024-10-24 16:00:00,1.08050,1.08110,1.08026,1.08107,67296427050.0
2024-10-24 17:00:00,1.08108,1.08243,1.08106,1.08208,67216161505.0
2024-10-24 18:00:00,1.08206,1.08259,1.08177,1.08229,67227771866.0
2024-10-24 19:00:00,1.08228,1.08289,1.08212,1.08289,67457590228.0
2024-10-24 20:00:00,1.08290,1.08298,1.08270,1.08274,66904062689.0
2024-10-24 21:00:00,1.08270,1.08284,1.08235,1.08281,62219264984.0
2024-10-24 22:00:00,1.08280,1.08285,1.08241,1.08241,63703479742.0
2024-10-24 23:00:00,1.08241,1.08245,1.08226,1.08237,63720692123.0
2024-10-25 00:00:00,1.08239,1.08250,1.08201,1.08218,66946760045.0
2024-10-25 01:00:00,1.08217,1.08249,1.08200,1.08234,67111666315.0
2024-10-25 02:00:00,1.08234,1.08275,1.08228,1.08259,66931487537.0
2024-10-25 03:00:00,1.08258,1.08258,1.08201,1.08217,66993956457.0
2024-10-25 04:00:00,1.08216,1.08231,1.08205,1.08218,66965918841.0
2024-10-25 05:00:00,1.08217,1.08254,1.08208,1.08215,65920877196.0
2024-10-25 06:00:00,1.08217,1.08226,1.08145,1.08155,67136444499.0
2024-10-25 07:00:00,1.08155,1.08273,1.08136,1.08242,67421142384.0
2024-10-25 08:00:00,1.08242,1.08372,1.08216,1.08237,67406232619.0
2024-10-25 09:00:00,1.08238,1.08271,1.08221,1.08226,67074753168.0
2024-10-25 10:00:00,1.08226,1.08277,1.08223,1.08241,66863905505.0
2024-10-25 11:00:00,1.08241,1.08290,1.08214,1.08214,66994162890.0
2024-10-25 12:00:00,1.08214,1.08392,1.08210,1.08384,67524120743.0
2024-10-25 13:00:00,1.08384,1.08386,1.08257,1.08340,67656167259.0
2024-10-25 14:00:00,1.08339,1.08375,1.08267,1.08307,67925107014.0
2024-10-25 15:00:00,1.08307,1.08347,1.08107,1.08121,67696743055.0
2024-10-25 16:00:00,1.08121,1.08121,1.08025,1.08048,67274025204.0
2024-10-25 17:00:00,1.08049,1.08065,1.08020,1.08031,67157359657.0
2024-10-25 18:00:00,1.08032,1.08047,1.07988,1.08029,67125850277.0
2024-10-25 19:00:00,1.08028,1.08029,1.07930,1.07956,67295042274.0
2024-10-25 20:00:00,1.07957,1.07972,1.07945,1.07945,67227113227.0
2024-10-27 21:00:00,1.07933,1.07945,1.07867,1.07939,54394145995.0
2024-10-27 22:00:00,1.07938,1.07982,1.07866,1.07956,66973932583.0
2024-10-27 23:00:00,1.07957,1.08015,1.07938,1.07960,67307919108.0
2024-10-28 00:00:00,1.07960,1.08012,1.07939,1.07940,67626393105.0
2024-10-28 01:00:00,1.07941,1.07959,1.07902,1.07910,67750383452.0
2024-10-28 02:00:00,1.07909,1.07955,1.07858,1.07884,67467815485.0
2024-10-28 03:00:00,1.07886,1.07898,1.07820,1.07828,67345776969.0
2024-10-28 04:00:00,1.07829,1.07890,1.07827,1.07876,66995085968.0
2024-10-28 05:00:00,1.07876,1.07883,1.07819,1.07877,67221213840.0
2024-10-28 06:00:00,1.07877,1.07966,1.07862,1.07941,67473254318.0
2024-10-28 07:00:00,1.07940,1.08056,1.07932,1.08042,67472688086.0
2024-10-28 08:00:00,1.08042,1.08213,1.08009,1.08191,67615588847.0
2024-10-28 09:00:00,1.08191,1.08199,1.08084,1.08130,67573947764.0
2024-10-28 10:00:00,1.08134,1.08194,1.08109,1.08166,67594230829.0
2024-10-28 11:00:00,1.08165,1.08200,1.08151,1.08194,67181580126.0
2024-10-28 12:00:00,1.08194,1.08261,1.08131,1.08155,67777739982.0
2024-10-28 13:00:00,1.08154,1.08224,1.08140,1.08203,67610521111.0
2024-10-28 14:00:00,1.08204,1.08276,1.08152,1.08242,67702332626.0
2024-10-28 15:00:00,1.08242,1.08252,1.08137,1.08188,67721809262.0
2024-10-28 16:00:00,1.08187,1.08262,1.08145,1.08154,67582911449.0
2024-10-28 17:00:00,1.08154,1.08179,1.08130,1.08136,67280421194.0
2024-10-28 18:00:00,1.08135,1.08149,1.08099,1.08120,67108437690.0
2024-10-28 19:00:00,1.08119,1.08190,1.08112,1.08152,66999039427.0
2024-10-28 20:00:00,1.08153,1.08174,1.08114,1.08119,66445282508.0
2024-10-28 21:00:00,1.08117,1.08143,1.08117,1.08140,64272224746.0
2024-10-28 22:00:00,1.08143,1.08143,1.08111,1.08124,66149624053.0
2024-10-28 23:00:00,1.08125,1.08178,1.08107,1.08176,66244343887.0
2024-10-29 00:00:00,1.08175,1.08192,1.08128,1.08158,67301002115.0
2024-10-29 01:00:00,1.08158,1.08169,1.08116,1.08157,67498033481.0
2024-10-29 02:00:00,1.08157,1.08181,1.08114,1.08122,67226971341.0
2024-10-29 03:00:00,1.08122,1.08133,1.08061,1.08080,67209034792.0
2024-10-29 04:00:00,1.08080,1.08090,1.08066,1.08086,66927693660.0
2024-10-29 05:00:00,1.08087,1.08133,1.08086,1.08111,67368791244.0
2024-10-29 06:00:00,1.08111,1.08139,1.08066,1.08113,67184198942.0
2024-10-29 07:00:00,1.08112,1.08161,1.08054,1.08095,67453048590.0
2024-10-29 08:00:00,1.08094,1.08204,1.08094,1.08185,67775930041.0
2024-10-29 09:00:00,1.08184,1.08263,1.08131,1.08178,67418072022.0
2024-10-29 10:00:00,1.08179,1.08209,1.08034,1.08055,67478421831.0
2024-10-29 11:00:00,1.08056,1.08060,1.07967,1.07992,67701433468.0
2024-10-29 12:00:00,1.07991,1.07997,1.07721,1.07774,67901297294.0
2024-10-29 13:00:00,1.07775,1.07910,1.07688,1.07877,68001227735.0
2024-10-29 14:00:00,1.07879,1.08121,1.07879,1.08003,68530191970.0
2024-10-29 15:00:00,1.08005,1.08011,1.07851,1.07975,68105968358.0
2024-10-29 16:00:00,1.07974,1.08075,1.07923,1.07990,67912343553.0
2024-10-29 17:00:00,1.07989,1.08111,1.07980,1.08057,67709459663.0
2024-10-29 18:00:00,1.08057,1.08163,1.08030,1.08134,67273755198.0
2024-10-29 19:00:00,1.08134,1.08152,1.08108,1.08139,67388199073.0
2024-10-29 20:00:00,1.08139,1.08183,1.08130,1.08179,65722132402.0
2024-10-29 21:00:00,1.08178,1.08178,1.08121,1.08153,64019793179.0
2024-10-29 22:00:00,1.08153,1.08214,1.08149,1.08198,65033923462.0
2024-10-29 23:00:00,1.08200,1.08217,1.08180,1.08197,66422006088.0
2024-10-30 00:00:00,1.08196,1.08259,1.08195,1.08218,67176934279.0
2024-10-30 01:00:00,1.08217,1.08257,1.08200,1.08215,67632507125.0
2024-10-30 02:00:00,1.08215,1.08215,1.08173,1.08182,67465614788.0
2024-10-30 03:00:00,1.08180,1.08180,1.08136,1.08141,67486850086.0
2024-10-30 04:00:00,1.08141,1.08177,1.08130,1.08165,66901874440.0
2024-10-30 05:00:00,1.08166,1.08168,1.08140,1.08156,67004940287.0
2024-10-30 06:00:00,1.08155,1.08263,1.08155,1.08234,67406106790.0
2024-10-30 07:00:00,1.08236,1.08240,1.08158,1.08191,67414851582.0
2024-10-30 08:00:00,1.08190,1.08447,1.08190,1.08344,68232660747.0
2024-10-30 09:00:00,1.08344,1.08593,1.08327,1.08397,67951832023.0
2024-10-30 10:00:00,1.08398,1.08439,1.08310,1.08343,67581777343.0
2024-10-30 11:00:00,1.08343,1.08353,1.08216,1.08242,67559717273.0
2024-10-30 12:00:00,1.08242,1.08294,1.08079,1.08138,68210705037.0
2024-10-30 13:00:00,1.08139,1.08443,1.08113,1.08433,68408520046.0
2024-10-30 14:00:00,1.08437,1.08577,1.08420,1.08488,68256046941.0
2024-10-30 15:00:00,1.08490,1.08668,1.08417,1.08637,68037558434.0
2024-10-30 16:00:00,1.08636,1.08655,1.08570,1.08611,67791159293.0
2024-10-30 17:00:00,1.08610,1.08687,1.08537,1.08660,67572339999.0
2024-10-30 18:00:00,1.08662,1.08713,1.08651,1.08692,67103355371.0
2024-10-30 19:00:00,1.08692,1.08692,1.08562,1.08604,67601811702.0
2024-10-30 20:00:00,1.08605,1.08618,1.08551,1.08555,67162618921.0
2024-10-30 21:00:00,1.08551,1.08590,1.08551,1.08572,63180356322.0
2024-10-30 22:00:00,1.08581,1.08586,1.08538,1.08584,66517882634.0
2024-10-30 23:00:00,1.08586,1.08600,1.08578,1.08582,64032760793.0
2024-10-31 00:00:00,1.08581,1.08592,1.08530,1.08534,66908739176.0
2024-10-31 01:00:00,1.08533,1.08581,1.08441,1.08446,67468431361.0
2024-10-31 02:00:00,1.08446,1.08511,1.08443,1.08490,67286503912.0
2024-10-31 03:00:00,1.08491,1.08533,1.08485,1.08498,67150095974.0
2024-10-31 04:00:00,1.08497,1.08497,1.08450,1.08478,67330566720.0
2024-10-31 05:00:00,1.08477,1.08520,1.08465,1.08512,66976310885.0
2024-10-31 06:00:00,1.08513,1.08557,1.08480,1.08517,67538965952.0
2024-10-31 07:00:00,1.08516,1.08635,1.08476,1.08589,67709571563.0
2024-10-31 08:00:00,1.08590,1.08610,1.08511,1.08561,67785025456.0
2024-10-31 09:00:00,1.08563,1.08673,1.08542,1.08665,67660046007.0
2024-10-31 10:00:00,1.08663,1.08753,1.08646,1.08670,67538669732.0
2024-10-31 11:00:00,1.08669,1.08698,1.08591,1.08680,67635114801.0
2024-10-31 12:00:00,1.08682,1.08866,1.08639,1.08797,68208890096.0
2024-10-31 13:00:00,1.08796,1.08881,1.08559,1.08594,68227267952.0
2024-10-31 14:00:00,1.08594,1.08767,1.08515,1.08655,68292154165.0
2024-10-31 15:00:00,1.08654,1.08654,1.08461,1.08554,68187094383.0
2024-10-31 16:00:00,1.08554,1.08629,1.08536,1.08580,67876298751.0
2024-10-31 17:00:00,1.08581,1.08643,1.08554,1.08615,67503873393.0
2024-10-31 18:00:00,1.08616,1.08731,1.08606,1.08704,67579758509.0
2024-10-31 19:00:00,1.08705,1.08783,1.08679,1.08773,67645328262.0
2024-10-31 20:00:00,1.08775,1.08851,1.08772,1.08833,67072920124.0
2024-10-31 21:00:00,1.08830,1.08855,1.08815,1.08821,65414498875.0
2024-10-31 22:00:00,1.08820,1.08863,1.08810,1.08859,62893550467.0
2024-10-31 23:00:00,1.08860,1.08863,1.08834,1.08839,65455378925.0
2024-11-01 00:00:00,1.08838,1.08874,1.08804,1.08866,67105300151.0
2024-11-01 01:00:00,1.08866,1.08885,1.08785,1.08798,67616681822.0
2024-11-01 02:00:00,1.08799,1.08811,1.08765,1.08782,67547062274.0
2024-11-01 03:00:00,1.08783,1.08789,1.08751,1.08763,67178051665.0
2024-11-01 04:00:00,1.08762,1.08789,1.08757,1.08770,66644282249.0
2024-11-01 05:00:00,1.08771,1.08780,1.08708,1.08716,67392223315.0
2024-11-01 06:00:00,1.08716,1.08750,1.08708,1.08729,67464968600.0
2024-11-01 07:00:00,1.08729,1.08775,1.08679,1.08679,67347762711.0
2024-11-01 08:00:00,1.08679,1.08680,1.08573,1.08622,67800087761.0
2024-11-01 09:00:00,1.08622,1.08684,1.08580,1.08583,67516748922.0
2024-11-01 10:00:00,1.08582,1.08611,1.08524,1.08606,67484894494.0
2024-11-01 11:00:00,1.08607,1.08693,1.08588,1.08679,67187240139.0
2024-11-01 12:00:00,1.08680,1.09057,1.08596,1.08861,68467386206.0
2024-11-01 13:00:00,1.08862,1.08896,1.08655,1.08693,68391925272.0
2024-11-01 14:00:00,1.08683,1.08750,1.08499,1.08544,68334139475.0
2024-11-01 15:00:00,1.08544,1.08586,1.08472,1.08484,68031265995.0
2024-11-01 16:00:00,1.08485,1.08543,1.08463,1.08524,67611081769.0
2024-11-01 17:00:00,1.08524,1.08529,1.08340,1.08361,67536491316.0
2024-11-01 18:00:00,1.08360,1.08455,1.08359,1.08393,67619253128.0
2024-11-01 19:00:00,1.08389,1.08416,1.08344,1.08358,67238898562.0
2024-11-01 20:00:00,1.08359,1.08370,1.08317,1.08327,67262404363.0
2024-11-03 22:00:00,1.08778,1.08809,1.08749,1.08806,64968976628.0
2024-11-03 23:00:00,1.08811,1.08811,1.08719,1.08727,67460794942.0
2024-11-04 00:00:00,1.08728,1.08791,1.08699,1.08771,67497635020.0
2024-11-04 01:00:00,1.08772,1.08912,1.08767,1.08882,67535220406.0
2024-11-04 02:00:00,1.08882,1.08942,1.08847,1.08941,67878337245.0
2024-11-04 03:00:00,1.08942,1.09049,1.08942,1.09015,67685165960.0
2024-11-04 04:00:00,1.09015,1.09030,1.08967,1.08974,67465507141.0
2024-11-04 05:00:00,1.08973,1.08999,1.08942,1.08988,67689265559.0
2024-11-04 06:00:00,1.08988,1.09019,1.08912,1.08915,67826720441.0
2024-11-04 07:00:00,1.08915,1.08955,1.08871,1.08912,67695872577.0
2024-11-04 08:00:00,1.08913,1.09007,1.08892,1.08928,67866674462.0
2024-11-04 09:00:00,1.08927,1.09021,1.08911,1.08962,67688083292.0
2024-11-04 10:00:00,1.08961,1.09028,1.08936,1.09016,67348361708.0
2024-11-04 11:00:00,1.09016,1.09140,1.08995,1.09134,67511390702.0
2024-11-04 12:00:00,1.09133,1.09147,1.09015,1.09045,67777559917.0
2024-11-04 13:00:00,1.09046,1.09092,1.08933,1.09052,67870246830.0
2024-11-04 14:00:00,1.09050,1.09096,1.08955,1.08997,68035875965.0
2024-11-04 15:00:00,1.08995,1.09081,1.08960,1.08992,68153755729.0
2024-11-04 16:00:00,1.08992,1.09009,1.08802,1.08840,67851419652.0
2024-11-04 17:00:00,1.08841,1.08937,1.08798,1.08887,67565522781.0
2024-11-04 18:00:00,1.08887,1.08891,1.08781,1.08852,67364737517.0
2024-11-04 19:00:00,1.08853,1.08857,1.08777,1.08788,67127607298.0
2024-11-04 20:00:00,1.08788,1.08814,1.08753,1.08756,67078843267.0
2024-11-04 21:00:00,1.08756,1.08775,1.08739,1.08767,65244094791.0
2024-11-04 22:00:00,1.08757,1.08787,1.08752,1.08786,62699764449.0
2024-11-04 23:00:00,1.08786,1.08787,1.08733,1.08735,65036831948.0
2024-11-05 00:00:00,1.08736,1.08765,1.08724,1.08756,66620554607.0
2024-11-05 01:00:00,1.08756,1.08780,1.08730,1.08775,67171616690.0
2024-11-05 02:00:00,1.08776,1.08797,1.08753,1.08773,67079908557.0
2024-11-05 03:00:00,1.08773,1.08795,1.08752,1.08757,67151461747.0
2024-11-05 04:00:00,1.08757,1.08783,1.08743,1.08752,67116137838.0
2024-11-05 05:00:00,1.08752,1.08800,1.08749,1.08786,66831978332.0
2024-11-05 06:00:00,1.08785,1.08822,1.08769,1.08808,66973635710.0
2024-11-05 07:00:00,1.08809,1.08907,1.08809,1.08886,67512149933.0
2024-11-05 08:00:00,1.08888,1.08941,1.08842,1.08919,67737871482.0
2024-11-05 09:00:00,1.08918,1.08976,1.08902,1.08917,67312671782.0
2024-11-05 10:00:00,1.08919,1.08944,1.08908,1.08939,67247169861.0
2024-11-05 11:00:00,1.08939,1.09017,1.08927,1.08994,67334433666.0
2024-11-05 12:00:00,1.08994,1.09014,1.08940,1.08957,67190631958.0
2024-11-05 13:00:00,1.08958,1.08985,1.08895,1.08927,67532888145.0
2024-11-05 14:00:00,1.08927,1.09111,1.08924,1.09061,67948428818.0
2024-11-05 15:00:00,1.09058,1.09122,1.08894,1.09020,68146493030.0
2024-11-05 16:00:00,1.09021,1.09205,1.09011,1.09199,67587803709.0
2024-11-05 17:00:00,1.09200,1.09303,1.09181,1.09302,67349815627.0
2024-11-05 18:00:00,1.09301,1.09365,1.09288,1.09303,67689483467.0
2024-11-05 19:00:00,1.09303,1.09340,1.09269,1.09310,67675926692.0
2024-11-05 20:00:00,1.09311,1.09311,1.09241,1.09251,66782905961.0
2024-11-05 21:00:00,1.09250,1.09300,1.09241,1.09294,66376900938.0
2024-11-05 22:00:00,1.09294,1.09294,1.09235,1.09235,57948730820.0
2024-11-05 23:00:00,1.09238,1.09369,1.09118,1.09339,67461439651.0
2024-11-06 00:00:00,1.09338,1.09339,1.08319,1.08362,68851331805.0
2024-11-06 01:00:00,1.08367,1.08571,1.08214,1.08364,68743645919.0
2024-11-06 02:00:00,1.08363,1.08392,1.07616,1.07624,68922641940.0
2024-11-06 03:00:00,1.07626,1.07795,1.07190,1.07464,68876566118.0
2024-11-06 04:00:00,1.07463,1.07879,1.07393,1.07775,68639971738.0
2024-11-06 05:00:00,1.07774,1.07944,1.07500,1.07600,68759961272.0
2024-11-06 06:00:00,1.07601,1.07615,1.07027,1.07252,68752807688.0
2024-11-06 07:00:00,1.07258,1.07523,1.07258,1.07342,68775655177.0
2024-11-06 08:00:00,1.07342,1.07812,1.07320,1.07731,68601222348.0
2024-11-06 09:00:00,1.07731,1.07741,1.07500,1.07551,68497924663.0
2024-11-06 10:00:00,1.07551,1.07618,1.07415,1.07465,68138272849.0
2024-11-06 11:00:00,1.07463,1.07467,1.07011,1.07080,68513822638.0
2024-11-06 12:00:00,1.07081,1.07187,1.06824,1.06885,68623266775.0
2024-11-06 13:00:00,1.06884,1.07192,1.06824,1.07098,68577005569.0
2024-11-06 14:00:00,1.07097,1.07199,1.06984,1.07156,68508961018.0
2024-11-06 15:00:00,1.07157,1.07397,1.07141,1.07383,68579910861.0
2024-11-06 16:00:00,1.07383,1.07452,1.07260,1.07313,68275176572.0
2024-11-06 17:00:00,1.07312,1.07447,1.07257,1.07272,68057436326.0
2024-11-06 18:00:00,1.07272,1.07580,1.07259,1.07529,68084062126.0
2024-11-06 19:00:00,1.07530,1.07534,1.07297,1.07351,67816535328.0
2024-11-06 20:00:00,1.07352,1.07384,1.07327,1.07353,67675147962.0
2024-11-06 21:00:00,1.07352,1.07359,1.07267,1.07269,66663687125.0
2024-11-06 22:00:00,1.07271,1.07295,1.07249,1.07288,64664407904.0
2024-11-06 23:00:00,1.07289,1.07344,1.07288,1.07315,66788506335.0
2024-11-07 00:00:00,1.07316,1.07372,1.07205,1.07210,67548888432.0
2024-11-07 01:00:00,1.07210,1.07286,1.07129,1.07176,67861263488.0
2024-11-07 02:00:00,1.07176,1.07368,1.07174,1.07366,67500957369.0
2024-11-07 03:00:00,1.07366,1.07413,1.07321,1.07398,67157376042.0
2024-11-07 04:00:00,1.07398,1.07454,1.07341,1.07377,67352158211.0
2024-11-07 05:00:00,1.07378,1.07477,1.07374,1.07461,67259316634.0
2024-11-07 06:00:00,1.07460,1.07504,1.07411,1.07499,67320033116.0
2024-11-07 07:00:00,1.07475,1.07701,1.07450,1.07520,68020544307.0
2024-11-07 08:00:00,1.07522,1.07716,1.07491,1.07688,68226192833.0
2024-11-07 09:00:00,1.07687,1.07690,1.07459,1.07462,68094400924.0
2024-11-07 10:00:00,1.07462,1.07665,1.07462,1.07559,67819119249.0
2024-11-07 11:00:00,1.07559,1.07622,1.07521,1.07589,67682562539.0
2024-11-07 12:00:00,1.07590,1.07779,1.07566,1.07752,68066411557.0
2024-11-07 13:00:00,1.07753,1.07946,1.07736,1.07923,68375640557.0
2024-11-07 14:00:00,1.07924,1.08167,1.07812,1.08092,68210422250.0
2024-11-07 15:00:00,1.08091,1.08247,1.08049,1.08110,68274707331.0
2024-11-07 16:00:00,1.08110,1.08149,1.07845,1.07915,68157244214.0
2024-11-07 17:00:00,1.07912,1.08062,1.07873,1.08047,67609266093.0
2024-11-07 18:00:00,1.08048,1.08066,1.07927,1.07977,67593321185.0
2024-11-07 19:00:00,1.07982,1.08034,1.07669,1.07817,68703806747.0
2024-11-07 20:00:00,1.07819,1.08094,1.07800,1.08025,68270738307.0
2024-11-07 21:00:00,1.08023,1.08038,1.07993,1.08038,66523725171.0
2024-11-07 22:00:00,1.08038,1.08048,1.08025,1.08035,64427950736.0
2024-11-07 23:00:00,1.08044,1.08046,1.07941,1.07954,66806193195.0
2024-11-08 00:00:00,1.07954,1.07973,1.07883,1.07904,67605511868.0
2024-11-08 01:00:00,1.07905,1.07913,1.07790,1.07868,67871661096.0
2024-11-08 02:00:00,1.07868,1.07898,1.07796,1.07809,67782966310.0
2024-11-08 03:00:00,1.07808,1.07887,1.07769,1.07781,67271509277.0
2024-11-08 04:00:00,1.07781,1.07837,1.07765,1.07828,67199077579.0
2024-11-08 05:00:00,1.07828,1.07863,1.07799,1.07817,67406850947.0
2024-11-08 06:00:00,1.07819,1.07837,1.07727,1.07773,67894956196.0
2024-11-08 07:00:00,1.07773,1.07838,1.07750,1.07796,67731521533.0
2024-11-08 08:00:00,1.07796,1.07826,1.07609,1.07787,68383829441.0
2024-11-08 09:00:00,1.07787,1.07891,1.07722,1.07789,68096630782.0
2024-11-08 10:00:00,1.07789,1.07795,1.07672,1.07785,67838764973.0
2024-11-08 11:00:00,1.07787,1.07974,1.07787,1.07829,67739023281.0
2024-11-08 12:00:00,1.07831,1.07843,1.07667,1.07720,68056165743.0
2024-11-08 13:00:00,1.07719,1.07726,1.07445,1.07527,68174101953.0
2024-11-08 14:00:00,1.07528,1.07656,1.07495,1.07516,67934443270.0
2024-11-08 15:00:00,1.07516,1.07522,1.07402,1.07483,68278666037.0
2024-11-08 16:00:00,1.07483,1.07502,1.07092,1.07096,68134410971.0
2024-11-08 17:00:00,1.07097,1.07131,1.06868,1.07090,68190361684.0
2024-11-08 18:00:00,1.07091,1.07187,1.06999,1.07065,67865738609.0
2024-11-08 19:00:00,1.07064,1.07153,1.07055,1.07136,67722166602.0
2024-11-08 20:00:00,1.07136,1.07196,1.07103,1.07175,67854073937.0
2024-11-08 21:00:00,1.07177,1.07214,1.07173,1.07182,66859317002.0
2024-11-10 22:00:00,1.07093,1.07128,1.07075,1.07079,64995552130.0
2024-11-10 23:00:00,1.07085,1.07169,1.07077,1.07132,66894748055.0
2024-11-11 00:00:00,1.07131,1.07187,1.07087,1.07168,67480012391.0
2024-11-11 01:00:00,1.07168,1.07277,1.07157,1.07202,67439355497.0
2024-11-11 02:00:00,1.07201,1.07252,1.07195,1.07228,67043714009.0
2024-11-11 03:00:00,1.07228,1.07271,1.07151,1.07167,66895054110.0
2024-11-11 04:00:00,1.07167,1.07168,1.07078,1.07138,66402672968.0
2024-11-11 05:00:00,1.07141,1.07188,1.07112,1.07174,66872725343.0
2024-11-11 06:00:00,1.07173,1.07213,1.07124,1.07208,66904345801.0
2024-11-11 07:00:00,1.07208,1.07221,1.06858,1.06899,67880359363.0
2024-11-11 08:00:00,1.06900,1.06942,1.06785,1.06872,67806985914.0
2024-11-11 09:00:00,1.06873,1.06896,1.06680,1.06815,67864206537.0
2024-11-11 10:00:00,1.06814,1.06885,1.06708,1.06719,67666743131.0
2024-11-11 11:00:00,1.06718,1.06718,1.06557,1.06624,67891745423.0
2024-11-11 12:00:00,1.06628,1.06645,1.06521,1.06522,67464307013.0
2024-11-11 13:00:00,1.06522,1.06553,1.06366,1.06480,67858063036.0
2024-11-11 14:00:00,1.06481,1.06575,1.06286,1.06426,67991725674.0
2024-11-11 15:00:00,1.06426,1.06505,1.06364,1.06473,67922445434.0
2024-11-11 16:00:00,1.06473,1.06541,1.06448,1.06519,67508549387.0
2024-11-11 17:00:00,1.06517,1.06562,1.06450,1.06490,67157929495.0
2024-11-11 18:00:00,1.06489,1.06518,1.06458,1.06504,67339405884.0
2024-11-11 19:00:00,1.06503,1.06573,1.06493,1.06511,66802188945.0
2024-11-11 20:00:00,1.06512,1.06563,1.06512,1.06556,66926953106.0
2024-11-11 21:00:00,1.06555,1.06578,1.06533,1.06533,66374963693.0
2024-11-11 22:00:00,1.06534,1.06570,1.06514,1.06560,64041928622.0
2024-11-11 23:00:00,1.06558,1.06631,1.06539,1.06631,66214783877.0
2024-11-12 00:00:00,1.06630,1.06631,1.06541,1.06578,67439452813.0
2024-11-12 01:00:00,1.06583,1.06598,1.06478,1.06481,67845021040.0
2024-11-12 02:00:00,1.06482,1.06519,1.06419,1.06434,67580955854.0
2024-11-12 03:00:00,1.06434,1.06493,1.06380,1.06382,67329306786.0
2024-11-12 04:00:00,1.06382,1.06456,1.06378,1.06440,67368668363.0
2024-11-12 05:00:00,1.06440,1.06457,1.06392,1.06398,67472885024.0
2024-11-12 06:00:00,1.06398,1.06398,1.06294,1.06343,67560472900.0
2024-11-12 07:00:00,1.06342,1.06372,1.06214,1.06320,67915175856.0
2024-11-12 08:00:00,1.06319,1.06341,1.06170,1.06317,68026379143.0
2024-11-12 09:00:00,1.06317,1.06322,1.06165,1.06260,67784643704.0
2024-11-12 10:00:00,1.06258,1.06258,1.06111,1.06178,67949129894.0
2024-11-12 11:00:00,1.06178,1.06296,1.06174,1.06188,67611292464.0
2024-11-12 12:00:00,1.06188,1.06213,1.06063,1.06196,67903167530.0
2024-11-12 13:00:00,1.06197,1.06272,1.06143,1.06230,68105593981.0
2024-11-12 14:00:00,1.06229,1.06260,1.06137,1.06174,68129088144.0
2024-11-12 15:00:00,1.06175,1.06178,1.06019,1.06089,68068275652.0
2024-11-12 16:00:00,1.06090,1.06157,1.05960,1.05980,68025961840.0
2024-11-12 17:00:00,1.05980,1.06082,1.05951,1.06068,67822213367.0
2024-11-12 18:00:00,1.06068,1.06171,1.06065,1.06159,67503583229.0
2024-11-12 19:00:00,1.06159,1.06185,1.06122,1.06124,67266812969.0
2024-11-12 20:00:00,1.06124,1.06235,1.06094,1.06221,67362643639.0
2024-11-12 21:00:00,1.06222,1.06266,1.06216,1.06216,66848479317.0
2024-11-12 22:00:00,1.06208,1.06231,1.06179,1.06193,66212715727.0
2024-11-12 23:00:00,1.06197,1.06213,1.06138,1.06166,66434129918.0
2024-11-13 00:00:00,1.06166,1.06171,1.06109,1.06127,66644989050.0
2024-11-13 01:00:00,1.06127,1.06291,1.06120,1.06279,66997735260.0
2024-11-13 02:00:00,1.06279,1.06294,1.06216,1.06261,66880441545.0
2024-11-13 03:00:00,1.06262,1.06279,1.06177,1.06191,66611759024.0
2024-11-13 04:00:00,1.06190,1.06225,1.06176,1.06177,66767755998.0
2024-11-13 05:00:00,1.06178,1.06184,1.06094,1.06130,66726802229.0
2024-11-13 06:00:00,1.06130,1.06169,1.06075,1.06134,67086162006.0
2024-11-13 07:00:00,1.06134,1.06143,1.06024,1.06030,67258787760.0
2024-11-13 08:00:00,1.06029,1.06131,1.05933,1.06121,67433741355.0
2024-11-13 09:00:00,1.06121,1.06298,1.06079,1.06269,67441779015.0
2024-11-13 10:00:00,1.06268,1.06283,1.06117,1.06149,67518105516.0
2024-11-13 11:00:00,1.06150,1.06380,1.06100,1.06375,67414660056.0
2024-11-13 12:00:00,1.06375,1.06435,1.06243,1.06313,67888478289.0
2024-11-13 13:00:00,1.06312,1.06540,1.06237,1.06365,68539640958.0
2024-11-13 14:00:00,1.06365,1.06379,1.05762,1.05854,68718264243.0
2024-11-13 15:00:00,1.05854,1.05936,1.05556,1.05886,68538995509.0
2024-11-13 16:00:00,1.05887,1.05920,1.05623,1.05660,68225661829.0
2024-11-13 17:00:00,1.05661,1.05774,1.05615,1.05688,68005975818.0
2024-11-13 18:00:00,1.05690,1.05695,1.05564,1.05588,67630726185.0
2024-11-13 19:00:00,1.05588,1.05758,1.05565,1.05655,67418616951.0
2024-11-13 20:00:00,1.05655,1.05688,1.05588,1.05620,67233664206.0
2024-11-13 21:00:00,1.05620,1.05668,1.05617,1.05622,66689949158.0
2024-11-13 22:00:00,1.05617,1.05636,1.05577,1.05621,66024573504.0
2024-11-13 23:00:00,1.05621,1.05658,1.05610,1.05657,66401026050.0
2024-11-14 00:00:00,1.05656,1.05686,1.05626,1.05652,65983501435.0
2024-11-14 01:00:00,1.05651,1.05651,1.05510,1.05561,67675764490.0
2024-11-14 02:00:00,1.05560,1.05577,1.05473,1.05493,67537074584.0
2024-11-14 03:00:00,1.05493,1.05557,1.05454,1.05477,67428334634.0
2024-11-14 04:00:00,1.05477,1.05501,1.05451,1.05484,67266159572.0
2024-11-14 05:00:00,1.05485,1.05485,1.05339,1.05471,67468453811.0
2024-11-14 06:00:00,1.05471,1.05541,1.05424,1.05450,67709116413.0
2024-11-14 07:00:00,1.05450,1.05546,1.05407,1.05510,67678453759.0
2024-11-14 08:00:00,1.05510,1.05579,1.05323,1.05361,67877179229.0
2024-11-14 09:00:00,1.05361,1.05420,1.05177,1.05202,67909113451.0
2024-11-14 10:00:00,1.05201,1.05208,1.05018,1.05112,67896650626.0
2024-11-14 11:00:00,1.05112,1.05339,1.04960,1.05288,67960360140.0
2024-11-14 12:00:00,1.05290,1.05450,1.05232,1.05358,68042361403.0
2024-11-14 13:00:00,1.05358,1.05435,1.05134,1.05304,68529551281.0
2024-11-14 14:00:00,1.05303,1.05689,1.05295,1.05527,68472402578.0
2024-11-14 15:00:00,1.05528,1.05777,1.05527,1.05748,68363625108.0
2024-11-14 16:00:00,1.05747,1.05825,1.05605,1.05618,68133721049.0
2024-11-14 17:00:00,1.05617,1.05636,1.05549,1.05591,67837462774.0
2024-11-14 18:00:00,1.05594,1.05605,1.05459,1.05470,67499801645.0
2024-11-14 19:00:00,1.05469,1.05517,1.05433,1.05477,67325806507.0
2024-11-14 20:00:00,1.05478,1.05489,1.05119,1.05203,68565644858.0
2024-11-14 21:00:00,1.05202,1.05301,1.05188,1.05299,67069955931.0
2024-11-14 22:00:00,1.05299,1.05330,1.05250,1.05310,64785485713.0
2024-11-14 23:00:00,1.05310,1.05320,1.05256,1.05295,66598820251.0
2024-11-15 00:00:00,1.05295,1.05336,1.05236,1.05306,67334998590.0
2024-11-15 01:00:00,1.05306,1.05415,1.05281,1.05318,67880924446.0
2024-11-15 02:00:00,1.05317,1.05426,1.05317,1.05410,67637748368.0
2024-11-15 03:00:00,1.05410,1.05459,1.05392,1.05402,67328446627.0
2024-11-15 04:00:00,1.05402,1.05458,1.05391,1.05425,67171514449.0
2024-11-15 05:00:00,1.05425,1.05428,1.05392,1.05402,67405137186.0
2024-11-15 06:00:00,1.05401,1.05612,1.05336,1.05540,67617985004.0
2024-11-15 07:00:00,1.05540,1.05639,1.05508,1.05565,67737174998.0
2024-11-15 08:00:00,1.05566,1.05718,1.05523,1.05698,67783664270.0
2024-11-15 09:00:00,1.05697,1.05799,1.05605,1.05621,67790671054.0
2024-11-15 10:00:00,1.05621,1.05777,1.05587,1.05745,67791370977.0
2024-11-15 11:00:00,1.05745,1.05798,1.05706,1.05772,67675252000.0
2024-11-15 12:00:00,1.05771,1.05789,1.05640,1.05759,67634340499.0
2024-11-15 13:00:00,1.05760,1.05930,1.05540,1.05584,68446191782.0
2024-11-15 14:00:00,1.05583,1.05632,1.05231,1.05315,68558781559.0
2024-11-15 15:00:00,1.05316,1.05422,1.05247,1.05352,68580251565.0
2024-11-15 16:00:00,1.05351,1.05514,1.05330,1.05511,68346245777.0
2024-11-15 17:00:00,1.05511,1.05600,1.05471,1.05486,68136352482.0
2024-11-15 18:00:00,1.05488,1.05546,1.05386,1.05515,67755239833.0
2024-11-15 19:00:00,1.05515,1.05522,1.05359,1.05371,67831377100.0
2024-11-15 20:00:00,1.05371,1.05378,1.05163,1.05275,67523911354.0
2024-11-15 21:00:00,1.05277,1.05404,1.05228,1.05394,67136597848.0
2024-11-17 22:00:00,1.05280,1.05356,1.05280,1.05315,64958332928.0
2024-11-17 23:00:00,1.05315,1.05384,1.05314,1.05362,66521044744.0
2024-11-18 00:00:00,1.05362,1.05497,1.05330,1.05487,66973318840.0
2024-11-18 01:00:00,1.05486,1.05505,1.05387,1.05421,67577288951.0
2024-11-18 02:00:00,1.05421,1.05464,1.05379,1.05413,67177303252.0
2024-11-18 03:00:00,1.05414,1.05446,1.05302,1.05341,66905960613.0
2024-11-18 04:00:00,1.05340,1.05424,1.05334,1.05407,66793173156.0
2024-11-18 05:00:00,1.05406,1.05440,1.05354,1.05380,67040418200.0
2024-11-18 06:00:00,1.05380,1.05475,1.05361,1.05427,67089410290.0
2024-11-18 07:00:00,1.05428,1.05482,1.05379,1.05472,67310386543.0
2024-11-18 08:00:00,1.05472,1.05561,1.05417,1.05467,67868594668.0
2024-11-18 09:00:00,1.05468,1.05711,1.05432,1.05661,68034077327.0
2024-11-18 10:00:00,1.05661,1.05671,1.05458,1.05480,67836531345.0
2024-11-18 11:00:00,1.05480,1.05480,1.05325,1.05423,67743753008.0
2024-11-18 12:00:00,1.05424,1.05488,1.05346,1.05471,67881892737.0
2024-11-18 13:00:00,1.05472,1.05686,1.05454,1.05677,67934232743.0
2024-11-18 14:00:00,1.05678,1.05744,1.05605,1.05685,68082493032.0
2024-11-18 15:00:00,1.05686,1.05754,1.05606,1.05736,67981887077.0
2024-11-18 16:00:00,1.05735,1.05858,1.05652,1.05858,67700195003.0
2024-11-18 17:00:00,1.05860,1.05924,1.05798,1.05910,67691028806.0
2024-11-18 18:00:00,1.05910,1.05978,1.05872,1.05972,67299102559.0
2024-11-18 19:00:00,1.05972,1.06071,1.05887,1.05908,67538142494.0
2024-11-18 20:00:00,1.05907,1.05963,1.05890,1.05924,66957218609.0
2024-11-18 21:00:00,1.05924,1.06004,1.05904,1.05979,66552739922.0
2024-11-18 22:00:00,1.05979,1.05995,1.05960,1.05982,65504676411.0
2024-11-18 23:00:00,1.05981,1.05986,1.05931,1.05945,66461292299.0
2024-11-19 00:00:00,1.05945,1.05946,1.05871,1.05896,67156848639.0
2024-11-19 01:00:00,1.05898,1.05960,1.05888,1.05931,67530072719.0
2024-11-19 02:00:00,1.05930,1.05963,1.05887,1.05917,67427538041.0
2024-11-19 03:00:00,1.05917,1.06007,1.05914,1.05967,67512726321.0
2024-11-19 04:00:00,1.05969,1.06007,1.05864,1.05870,67371288167.0
2024-11-19 05:00:00,1.05870,1.05885,1.05826,1.05835,67178703751.0
2024-11-19 06:00:00,1.05836,1.05963,1.05832,1.05927,67465400483.0
2024-11-19 07:00:00,1.05928,1.05948,1.05744,1.05775,67860324680.0
2024-11-19 08:00:00,1.05774,1.05880,1.05625,1.05715,68329968925.0
2024-11-19 09:00:00,1.05715,1.05780,1.05233,1.05492,68611091086.0
2024-11-19 10:00:00,1.05493,1.05692,1.05434,1.05609,68239536785.0
2024-11-19 11:00:00,1.05610,1.05646,1.05493,1.05619,67957154452.0
2024-11-19 12:00:00,1.05620,1.05721,1.05595,1.05720,67805065711.0
2024-11-19 13:00:00,1.05721,1.05975,1.05718,1.05767,68231457341.0
2024-11-19 14:00:00,1.05768,1.05955,1.05698,1.05725,68569518816.0
2024-11-19 15:00:00,1.05725,1.06010,1.05655,1.05866,68296785103.0
2024-11-19 16:00:00,1.05867,1.05927,1.05708,1.05776,67994832899.0
2024-11-19 17:00:00,1.05775,1.05889,1.05765,1.05803,67784410397.0
2024-11-19 18:00:00,1.05802,1.05902,1.05710,1.05898,67527608241.0
2024-11-19 19:00:00,1.05899,1.05952,1.05836,1.05936,67638377842.0
2024-11-19 20:00:00,1.05935,1.05978,1.05913,1.05935,67431639613.0
2024-11-19 21:00:00,1.05935,1.05974,1.05928,1.05937,66602146855.0
2024-11-19 22:00:00,1.05931,1.05955,1.05859,1.05944,65988689922.0
2024-11-19 23:00:00,1.05947,1.06080,1.05938,1.06070,66163355155.0
2024-11-20 00:00:00,1.06070,1.06097,1.05989,1.05992,67011648385.0
2024-11-20 01:00:00,1.05993,1.06039,1.05958,1.06001,67428824845.0
2024-11-20 02:00:00,1.06002,1.06034,1.05956,1.05958,67345473868.0
2024-11-20 03:00:00,1.05959,1.05987,1.05883,1.05897,67182755185.0
2024-11-20 04:00:00,1.05896,1.05944,1.05877,1.05929,66892119415.0
2024-11-20 05:00:00,1.05929,1.05941,1.05866,1.05870,67010118286.0
2024-11-20 06:00:00,1.05870,1.05954,1.05829,1.05874,67546559939.0
2024-11-20 07:00:00,1.05873,1.05947,1.05765,1.05783,68079700047.0
2024-11-20 08:00:00,1.05782,1.05790,1.05601,1.05643,68023390701.0
2024-11-20 09:00:00,1.05642,1.05688,1.05530,1.05555,67868229141.0
2024-11-20 10:00:00,1.05554,1.05614,1.05454,1.05489,67903904808.0
2024-11-20 11:00:00,1.05488,1.05562,1.05421,1.05543,67896535777.0
2024-11-20 12:00:00,1.05545,1.05679,1.05517,1.05584,67835747043.0
2024-11-20 13:00:00,1.05584,1.05632,1.05513,1.05565,67876786173.0
2024-11-20 14:00:00,1.05565,1.05568,1.05224,1.05249,68113590270.0
2024-11-20 15:00:00,1.05251,1.05379,1.05159,1.05214,68135381401.0
2024-11-20 16:00:00,1.05215,1.05248,1.05068,1.05200,67993985025.0
2024-11-20 17:00:00,1.05200,1.05363,1.05161,1.05320,67639471307.0
2024-11-20 18:00:00,1.05319,1.05362,1.05255,1.05360,67792711349.0
2024-11-20 19:00:00,1.05361,1.05423,1.05360,1.05395,67583166712.0
2024-11-20 20:00:00,1.05393,1.05399,1.05362,1.05392,67211178798.0
2024-11-20 21:00:00,1.05389,1.05443,1.05379,1.05435,66814049321.0
2024-11-20 22:00:00,1.05430,1.05431,1.05394,1.05413,66288549890.0
2024-11-20 23:00:00,1.05421,1.05459,1.05418,1.05456,66412021025.0
2024-11-21 00:00:00,1.05457,1.05473,1.05424,1.05456,67202701394.0
2024-11-21 01:00:00,1.05458,1.05497,1.05449,1.05457,67436684577.0
2024-11-21 02:00:00,1.05457,1.05501,1.05457,1.05493,66998058027.0
2024-11-21 03:00:00,1.05494,1.05531,1.05475,1.05530,67032663987.0
2024-11-21 04:00:00,1.05531,1.05548,1.05489,1.05512,67138879490.0
2024-11-21 05:00:00,1.05513,1.05515,1.05463,1.05466,67424059393.0
2024-11-21 06:00:00,1.05467,1.05544,1.05420,1.05454,67754010217.0
2024-11-21 07:00:00,1.05453,1.05472,1.05295,1.05364,68081705128.0
2024-11-21 08:00:00,1.05365,1.05432,1.05240,1.05406,68097997211.0
2024-11-21 09:00:00,1.05405,1.05407,1.05139,1.05168,68260607588.0
2024-11-21 10:00:00,1.05169,1.05284,1.05138,1.05208,67713964769.0
2024-11-21 11:00:00,1.05208,1.05313,1.05160,1.05200,67731611970.0
2024-11-21 12:00:00,1.05200,1.05357,1.05175,1.05274,67653770282.0
2024-11-21 13:00:00,1.05273,1.05392,1.05152,1.05330,68318289425.0
2024-11-21 14:00:00,1.05330,1.05356,1.05209,1.05351,68450766682.0
2024-11-21 15:00:00,1.05351,1.05447,1.05089,1.05103,68276994376.0
2024-11-21 16:00:00,1.05103,1.05146,1.04713,1.04742,68508510946.0
2024-11-21 17:00:00,1.04741,1.04878,1.04622,1.04873,67982727086.0
2024-11-21 18:00:00,1.04873,1.04893,1.04781,1.04861,67482168853.0
2024-11-21 19:00:00,1.04862,1.04872,1.04732,1.04844,67576527914.0
2024-11-21 20:00:00,1.04843,1.04867,1.04779,1.04791,67058622791.0
2024-11-21 21:00:00,1.04791,1.04807,1.04717,1.04738,66622296555.0
2024-11-21 22:00:00,1.04735,1.04775,1.04718,1.04748,65512555154.0
2024-11-21 23:00:00,1.04750,1.04768,1.04676,1.04690,65680728719.0
2024-11-22 00:00:00,1.04689,1.04756,1.04663,1.04756,67470385807.0
2024-11-22 01:00:00,1.04754,1.04777,1.04693,1.04715,67396064379.0
2024-11-22 02:00:00,1.04715,1.04732,1.04671,1.04728,67479489742.0
2024-11-22 03:00:00,1.04728,1.04782,1.04722,1.04750,67236589077.0
2024-11-22 04:00:00,1.04750,1.04762,1.04695,1.04747,67030311569.0
2024-11-22 05:00:00,1.04745,1.04745,1.04615,1.04646,67608317137.0
2024-11-22 06:00:00,1.04646,1.04704,1.04635,1.04694,67485629480.0
2024-11-22 07:00:00,1.04692,1.04892,1.04624,1.04861,67905390839.0
2024-11-22 08:00:00,1.04861,1.04981,1.04410,1.04434,68335922380.0
2024-11-22 09:00:00,1.04437,1.04441,1.03325,1.04019,68605567223.0
2024-11-22 10:00:00,1.04019,1.04374,1.03848,1.04297,68291616605.0
2024-11-22 11:00:00,1.04297,1.04298,1.04080,1.04165,68106834409.0
2024-11-22 12:00:00,1.04167,1.04195,1.03979,1.04074,68067194634.0
2024-11-22 13:00:00,1.04077,1.04344,1.04063,1.04294,68212386529.0
2024-11-22 14:00:00,1.04295,1.04346,1.04022,1.04043,68441258558.0
2024-11-22 15:00:00,1.04041,1.04200,1.03951,1.04106,68598025584.0
2024-11-22 16:00:00,1.04107,1.04118,1.03919,1.03983,68109505820.0
2024-11-22 17:00:00,1.03985,1.04205,1.03982,1.04189,67581700014.0
2024-11-22 18:00:00,1.04188,1.04254,1.04147,1.04166,67546496041.0
2024-11-22 19:00:00,1.04166,1.04189,1.04086,1.04109,67302880051.0
2024-11-22 20:00:00,1.04108,1.04174,1.04080,1.04145,67200016057.0
2024-11-22 21:00:00,1.04146,1.04201,1.04133,1.04193,66933662349.0
2024-11-24 22:00:00,1.04806,1.04816,1.04618,1.04793,67171217572.0
2024-11-24 23:00:00,1.04792,1.05013,1.04646,1.04793,67798019770.0
2024-11-25 00:00:00,1.04792,1.04849,1.04735,1.04812,67769608109.0
2024-11-25 01:00:00,1.04811,1.04900,1.04741,1.04778,67932271580.0
2024-11-25 02:00:00,1.04778,1.04894,1.04745,1.04870,67784806566.0
2024-11-25 03:00:00,1.04870,1.04881,1.04757,1.04778,67493719900.0
2024-11-25 04:00:00,1.04778,1.04810,1.04745,1.04791,67292103964.0
2024-11-25 05:00:00,1.04792,1.04830,1.04752,1.04791,67334974340.0
2024-11-25 06:00:00,1.04792,1.04895,1.04749,1.04835,67852958269.0
2024-11-25 07:00:00,1.04835,1.04836,1.04498,1.04504,68061989600.0
2024-11-25 08:00:00,1.04505,1.04671,1.04490,1.04655,68318083317.0
2024-11-25 09:00:00,1.04652,1.04970,1.04628,1.04895,68387717608.0
2024-11-25 10:00:00,1.04894,1.04969,1.04835,1.04860,68060920872.0
2024-11-25 11:00:00,1.04859,1.04904,1.04750,1.04793,67951330591.0
2024-11-25 12:00:00,1.04794,1.04934,1.04740,1.04886,68065424508.0
2024-11-25 13:00:00,1.04887,1.05301,1.04887,1.05284,68481186036.0
2024-11-25 14:00:00,1.05286,1.05303,1.05046,1.05080,68466688495.0
2024-11-25 15:00:00,1.05080,1.05192,1.04862,1.04884,68349135583.0
2024-11-25 16:00:00,1.04884,1.04945,1.04667,1.04776,68100368873.0
2024-11-25 17:00:00,1.04775,1.04870,1.04689,1.04861,67679912921.0
2024-11-25 18:00:00,1.04860,1.05079,1.04857,1.05074,67673396843.0
2024-11-25 19:00:00,1.05075,1.05107,1.05014,1.05055,67466226564.0
2024-11-25 20:00:00,1.05052,1.05093,1.04919,1.04922,67269920030.0
2024-11-25 21:00:00,1.04922,1.04970,1.04918,1.04942,66972449181.0
2024-11-25 22:00:00,1.04928,1.04960,1.04876,1.04949,64000268046.0
2024-11-25 23:00:00,1.04950,1.05006,1.04428,1.04437,67149557759.0
2024-11-26 00:00:00,1.04437,1.04572,1.04250,1.04349,68519069698.0
2024-11-26 01:00:00,1.04347,1.04645,1.04303,1.04540,68330113432.0
2024-11-26 02:00:00,1.04540,1.04647,1.04511,1.04609,67852473793.0
2024-11-26 03:00:00,1.04608,1.04801,1.04584,1.04779,67599958341.0
2024-11-26 04:00:00,1.04779,1.04904,1.04767,1.04797,67020046337.0
2024-11-26 05:00:00,1.04795,1.04814,1.04741,1.04752,67326189569.0
2024-11-26 06:00:00,1.04752,1.04835,1.04741,1.04761,67596453147.0
2024-11-26 07:00:00,1.04762,1.04855,1.04720,1.04720,68340461896.0
2024-11-26 08:00:00,1.04720,1.04962,1.04700,1.04912,68403431343.0
2024-11-26 09:00:00,1.04912,1.05189,1.04910,1.05072,68392499200.0
2024-11-26 10:00:00,1.05072,1.05207,1.05055,1.05169,67841401326.0
2024-11-26 11:00:00,1.05169,1.05209,1.05050,1.05132,67671836915.0
2024-11-26 12:00:00,1.05132,1.05447,1.05100,1.05238,68293262872.0
2024-11-26 13:00:00,1.05237,1.05266,1.05000,1.05035,68460300620.0
2024-11-26 14:00:00,1.05034,1.05059,1.04897,1.05031,68302517534.0
2024-11-26 15:00:00,1.05027,1.05100,1.04786,1.04796,68289899558.0
2024-11-26 16:00:00,1.04796,1.04862,1.04636,1.04799,68268473711.0
2024-11-26 17:00:00,1.04799,1.04806,1.04642,1.04704,67884240570.0
2024-11-26 18:00:00,1.04704,1.04744,1.04571,1.04650,67705806191.0
2024-11-26 19:00:00,1.04651,1.04809,1.04581,1.04727,67952276111.0
2024-11-26 20:00:00,1.04727,1.04819,1.04717,1.04809,67508423556.0
2024-11-26 21:00:00,1.04808,1.04902,1.04807,1.04873,66785403863.0
2024-11-26 22:00:00,1.04868,1.04881,1.04850,1.04867,65923958701.0
2024-11-26 23:00:00,1.04870,1.04920,1.04860,1.04918,66543365320.0
2024-11-27 00:00:00,1.04918,1.04964,1.04888,1.04894,67205608569.0
2024-11-27 01:00:00,1.04893,1.04928,1.04846,1.04868,67698060823.0
2024-11-27 02:00:00,1.04868,1.04882,1.04814,1.04854,67496494694.0
2024-11-27 03:00:00,1.04855,1.04857,1.04777,1.04829,67340208045.0
2024-11-27 04:00:00,1.04829,1.04838,1.04773,1.04786,67066278381.0
2024-11-27 05:00:00,1.04785,1.04801,1.04744,1.04768,67112940994.0
2024-11-27 06:00:00,1.04767,1.04862,1.04752,1.04799,67408527687.0
2024-11-27 07:00:00,1.04798,1.05052,1.04797,1.04982,67839867945.0
2024-11-27 08:00:00,1.04982,1.05402,1.04961,1.05141,68732249215.0
2024-11-27 09:00:00,1.05141,1.05186,1.05090,1.05165,68023351048.0
2024-11-27 10:00:00,1.05164,1.05305,1.05126,1.05277,67980491985.0
2024-11-27 11:00:00,1.05277,1.05305,1.05103,1.05261,67835348584.0
2024-11-27 12:00:00,1.05261,1.05377,1.05199,1.05277,68089705920.0
2024-11-27 13:00:00,1.05280,1.05737,1.05270,1.05726,68409745161.0
2024-11-27 14:00:00,1.05727,1.05787,1.05482,1.05562,68423574736.0
2024-11-27 15:00:00,1.05566,1.05797,1.05331,1.05706,68400259892.0
2024-11-27 16:00:00,1.05706,1.05846,1.05549,1.05742,68239326248.0
2024-11-27 17:00:00,1.05742,1.05876,1.05714,1.05764,67923766805.0
2024-11-27 18:00:00,1.05763,1.05786,1.05652,1.05661,67516571652.0
2024-11-27 19:00:00,1.05660,1.05709,1.05605,1.05628,67316136671.0
2024-11-27 20:00:00,1.05628,1.05665,1.05593,1.05653,67346579128.0
2024-11-27 21:00:00,1.05653,1.05683,1.05625,1.05657,66835637533.0
2024-11-27 22:00:00,1.05654,1.05692,1.05628,1.05667,58873226197.0
2024-11-27 23:00:00,1.05671,1.05691,1.05609,1.05619,66385704384.0
2024-11-28 00:00:00,1.05619,1.05622,1.05510,1.05517,67116213860.0
2024-11-28 01:00:00,1.05517,1.05627,1.05473,1.05571,67717805508.0
2024-11-28 02:00:00,1.05572,1.05610,1.05511,1.05571,67326590321.0
2024-11-28 03:00:00,1.05570,1.05579,1.05501,1.05522,65992610285.0
2024-11-28 04:00:00,1.05524,1.05572,1.05487,1.05546,67070521508.0
2024-11-28 05:00:00,1.05547,1.05580,1.05496,1.05500,67023824487.0
2024-11-28 06:00:00,1.05500,1.05517,1.05427,1.05483,67379940885.0
2024-11-28 07:00:00,1.05484,1.05551,1.05319,1.05415,67804236678.0
2024-11-28 08:00:00,1.05414,1.05495,1.05275,1.05441,68340566426.0
2024-11-28 09:00:00,1.05441,1.05563,1.05310,1.05319,68378473185.0
2024-11-28 10:00:00,1.05319,1.05505,1.05299,1.05504,67899088237.0
2024-11-28 11:00:00,1.05505,1.05562,1.05455,1.05500,67658019308.0
2024-11-28 12:00:00,1.05498,1.05538,1.05438,1.05449,67513959383.0
2024-11-28 13:00:00,1.05449,1.05477,1.05302,1.05338,68108740364.0
2024-11-28 14:00:00,1.05338,1.05494,1.05315,1.05492,67982429225.0
2024-11-28 15:00:00,1.05493,1.05570,1.05417,1.05525,67926209986.0
2024-11-28 16:00:00,1.05524,1.05548,1.05475,1.05539,67337042986.0
2024-11-28 17:00:00,1.05539,1.05555,1.05504,1.05528,66697068545.0
2024-11-28 18:00:00,1.05530,1.05567,1.05521,1.05554,61586826853.0
2024-11-28 19:00:00,1.05554,1.05568,1.05540,1.05566,62691341761.0
2024-11-28 20:00:00,1.05566,1.05570,1.05537,1.05546,63610609993.0
2024-11-28 21:00:00,1.05547,1.05568,1.05511,1.05511,62406928629.0
2024-11-28 22:00:00,1.05511,1.05551,1.05502,1.05508,62093332318.0
2024-11-28 23:00:00,1.05508,1.05621,1.05508,1.05600,66675663177.0
2024-11-29 00:00:00,1.05601,1.05716,1.05586,1.05625,67295547228.0
2024-11-29 01:00:00,1.05625,1.05748,1.05564,1.05598,67888131604.0
2024-11-29 02:00:00,1.05597,1.05739,1.05590,1.05710,67318450091.0
2024-11-29 03:00:00,1.05710,1.05760,1.05660,1.05736,67270284411.0
2024-11-29 04:00:00,1.05736,1.05767,1.05684,1.05699,67037657171.0
2024-11-29 05:00:00,1.05698,1.05741,1.05663,1.05680,67292769487.0
2024-11-29 06:00:00,1.05677,1.05805,1.05652,1.05801,67306357392.0
2024-11-29 07:00:00,1.05803,1.05971,1.05753,1.05795,68212517437.0
2024-11-29 08:00:00,1.05794,1.05820,1.05639,1.05699,68219880078.0
2024-11-29 09:00:00,1.05700,1.05815,1.05518,1.05574,68372491468.0
2024-11-29 10:00:00,1.05573,1.05732,1.05564,1.05645,68084754023.0
2024-11-29 11:00:00,1.05644,1.05677,1.05550,1.05625,68026129778.0
2024-11-29 12:00:00,1.05626,1.05656,1.05480,1.05642,68121886146.0
2024-11-29 13:00:00,1.05644,1.05684,1.05553,1.05628,68103177502.0
2024-11-29 14:00:00,1.05629,1.05645,1.05454,1.05532,68180997570.0
2024-11-29 15:00:00,1.05531,1.05677,1.05459,1.05612,68426346741.0
2024-11-29 16:00:00,1.05612,1.05630,1.05414,1.05465,68285196203.0
2024-11-29 17:00:00,1.05465,1.05678,1.05435,1.05673,67805900310.0
2024-11-29 18:00:00,1.05674,1.05781,1.05674,1.05753,67781865966.0
2024-11-29 19:00:00,1.05753,1.05800,1.05722,1.05795,67520603754.0
2024-11-29 20:00:00,1.05796,1.05843,1.05781,1.05823,67283508105.0
2024-11-29 21:00:00,1.05822,1.05830,1.05747,1.05748,67236742100.0
2024-12-01 22:00:00,1.05711,1.05733,1.05604,1.05608,64946508592.0
2024-12-01 23:00:00,1.05610,1.05661,1.05336,1.05439,67381200813.0
2024-12-02 00:00:00,1.05439,1.05463,1.05313,1.05362,67590961726.0
2024-12-02 01:00:00,1.05361,1.05391,1.05279,1.05305,67693920588.0
2024-12-02 02:00:00,1.05304,1.05319,1.05200,1.05253,67774881301.0
2024-12-02 03:00:00,1.05254,1.05269,1.05200,1.05235,67505647779.0
2024-12-02 04:00:00,1.05235,1.05290,1.05189,1.05233,67199456378.0
2024-12-02 05:00:00,1.05233,1.05282,1.05151,1.05219,67600358768.0
2024-12-02 06:00:00,1.05218,1.05361,1.05213,1.05328,67836806105.0
2024-12-02 07:00:00,1.05330,1.05370,1.05018,1.05027,68435375390.0
2024-12-02 08:00:00,1.05027,1.05124,1.04959,1.05020,68425064200.0
2024-12-02 09:00:00,1.05019,1.05191,1.05019,1.05135,68128109363.0
2024-12-02 10:00:00,1.05133,1.05239,1.05062,1.05217,68031024822.0
2024-12-02 11:00:00,1.05216,1.05288,1.05202,1.05229,67734767533.0
2024-12-02 12:00:00,1.05229,1.05382,1.04950,1.05009,68164630447.0
2024-12-02 13:00:00,1.05008,1.05142,1.04961,1.05056,68270485417.0
2024-12-02 14:00:00,1.05057,1.05147,1.04724,1.04737,68481037848.0
2024-12-02 15:00:00,1.04735,1.04808,1.04620,1.04690,68607677234.0
2024-12-02 16:00:00,1.04691,1.04977,1.04607,1.04835,68360931246.0
2024-12-02 17:00:00,1.04836,1.04989,1.04800,1.04874,67832886067.0
2024-12-02 18:00:00,1.04875,1.04931,1.04845,1.04897,67685823939.0
2024-12-02 19:00:00,1.04897,1.04942,1.04873,1.04903,67604692339.0
2024-12-02 20:00:00,1.04902,1.05158,1.04887,1.04999,68051174522.0
2024-12-02 21:00:00,1.04999,1.05029,1.04969,1.04971,65662912429.0
2024-12-02 22:00:00,1.04966,1.05004,1.04934,1.04963,62278813618.0
2024-12-02 23:00:00,1.04962,1.05017,1.04962,1.05008,66753360687.0
2024-12-03 00:00:00,1.05008,1.05014,1.04887,1.04912,67621071748.0
2024-12-03 01:00:00,1.04913,1.04971,1.04842,1.04878,67891878296.0
2024-12-03 02:00:00,1.04878,1.04921,1.04823,1.04893,67743087001.0
2024-12-03 03:00:00,1.04892,1.04944,1.04869,1.04903,67547053755.0
2024-12-03 04:00:00,1.04903,1.04912,1.04843,1.04853,67252999617.0
2024-12-03 05:00:00,1.04854,1.04924,1.04807,1.04914,67375607644.0
2024-12-03 06:00:00,1.04915,1.04946,1.04834,1.04878,67567603222.0
2024-12-03 07:00:00,1.04878,1.05115,1.04863,1.04980,67984549148.0
2024-12-03 08:00:00,1.04981,1.05278,1.04972,1.05252,68401801789.0
2024-12-03 09:00:00,1.05253,1.05307,1.05163,1.05204,68143251789.0
2024-12-03 10:00:00,1.05203,1.05298,1.05120,1.05146,67518415178.0
2024-12-03 11:00:00,1.05146,1.05273,1.05137,1.05226,67873218232.0
2024-12-03 12:00:00,1.05225,1.05244,1.05071,1.05075,67970909308.0
2024-12-03 13:00:00,1.05076,1.05269,1.05062,1.05239,67904381253.0
2024-12-03 14:00:00,1.05241,1.05290,1.05170,1.05194,68299658037.0
2024-12-03 15:00:00,1.05194,1.05194,1.04920,1.05166,68450207664.0
2024-12-03 16:00:00,1.05165,1.05194,1.05031,1.05175,68149232763.0
2024-12-03 17:00:00,1.05175,1.05303,1.05083,1.05284,67986365320.0
2024-12-03 18:00:00,1.05281,1.05350,1.05247,1.05277,67914896670.0
2024-12-03 19:00:00,1.05277,1.05287,1.05045,1.05045,67376019539.0
2024-12-03 20:00:00,1.05045,1.05126,1.05028,1.05089,67498987354.0
2024-12-03 21:00:00,1.05088,1.05117,1.05062,1.05062,65518218769.0
2024-12-03 22:00:00,1.05065,1.05090,1.05045,1.05079,64532282075.0
2024-12-03 23:00:00,1.05079,1.05108,1.05056,1.05099,66639220575.0
2024-12-04 00:00:00,1.05098,1.05120,1.04972,1.04991,67295732038.0
2024-12-04 01:00:00,1.04993,1.05125,1.04971,1.05061,67620998673.0
2024-12-04 02:00:00,1.05061,1.05083,1.04976,1.05004,67766854290.0
2024-12-04 03:00:00,1.05002,1.05006,1.04879,1.04936,67518568533.0
2024-12-04 04:00:00,1.04936,1.05134,1.04908,1.05107,67485190390.0
2024-12-04 05:00:00,1.05107,1.05201,1.05095,1.05149,67551687145.0
2024-12-04 06:00:00,1.05151,1.05289,1.05104,1.05228,67501904692.0
2024-12-04 07:00:00,1.05227,1.05266,1.05073,1.05090,68005184307.0
2024-12-04 08:00:00,1.05090,1.05148,1.04904,1.04910,68172634194.0
2024-12-04 09:00:00,1.04911,1.05061,1.04825,1.05028,68123136000.0
2024-12-04 10:00:00,1.05029,1.05093,1.04958,1.04992,67895373333.0
2024-12-04 11:00:00,1.04991,1.05122,1.04972,1.05048,67790565211.0
2024-12-04 12:00:00,1.05047,1.05048,1.04879,1.04911,67750874645.0
2024-12-04 13:00:00,1.04910,1.04973,1.04792,1.04834,68312087512.0
2024-12-04 14:00:00,1.04833,1.04986,1.04723,1.04946,68220887369.0
2024-12-04 15:00:00,1.04949,1.05439,1.04949,1.05294,68782420216.0
2024-12-04 16:00:00,1.05293,1.05366,1.05201,1.05267,68245260128.0
2024-12-04 17:00:00,1.05268,1.05425,1.05250,1.05372,67730614516.0
2024-12-04 18:00:00,1.05372,1.05389,1.05153,1.05167,67554416722.0
2024-12-04 19:00:00,1.05163,1.05292,1.05072,1.05138,68221157951.0
2024-12-04 20:00:00,1.05138,1.05173,1.05049,1.05128,67480247664.0
2024-12-04 21:00:00,1.05130,1.05157,1.05078,1.05114,66602578739.0
2024-12-04 22:00:00,1.05100,1.05124,1.05091,1.05100,65628380861.0
2024-12-04 23:00:00,1.05099,1.05155,1.05077,1.05123,66535792967.0
2024-12-05 00:00:00,1.05124,1.05157,1.05081,1.05141,67311952857.0
2024-12-05 01:00:00,1.05141,1.05158,1.05090,1.05122,67578037212.0
2024-12-05 02:00:00,1.05120,1.05227,1.05105,1.05198,67408495905.0
2024-12-05 03:00:00,1.05198,1.05232,1.05158,1.05229,67056145530.0
2024-12-05 04:00:00,1.05228,1.05256,1.05171,1.05182,65617014288.0
2024-12-05 05:00:00,1.05181,1.05288,1.05171,1.05265,66951234190.0
2024-12-05 06:00:00,1.05264,1.05297,1.05228,1.05256,67457319569.0
2024-12-05 07:00:00,1.05255,1.05386,1.05248,1.05353,67868041870.0
2024-12-05 08:00:00,1.05352,1.05463,1.05291,1.05300,68016715533.0
2024-12-05 09:00:00,1.05301,1.05346,1.05213,1.05285,67826492049.0
2024-12-05 10:00:00,1.05283,1.05352,1.05251,1.05260,67840326373.0
2024-12-05 11:00:00,1.05260,1.05380,1.05233,1.05364,67575856495.0
2024-12-05 12:00:00,1.05364,1.05386,1.05237,1.05367,67802232586.0
2024-12-05 13:00:00,1.05368,1.05681,1.05332,1.05670,68328985067.0
2024-12-05 14:00:00,1.05671,1.05896,1.05657,1.05754,68317510289.0
2024-12-05 15:00:00,1.05753,1.05799,1.05508,1.05722,68170596848.0
2024-12-05 16:00:00,1.05721,1.05783,1.05648,1.05702,68084857896.0
2024-12-05 17:00:00,1.05703,1.05746,1.05574,1.05675,67855221554.0
2024-12-05 18:00:00,1.05674,1.05696,1.05570,1.05680,67742231751.0
2024-12-05 19:00:00,1.05683,1.05886,1.05683,1.05873,67950735687.0
2024-12-05 20:00:00,1.05873,1.05880,1.05810,1.05844,67699284051.0
2024-12-05 21:00:00,1.05840,1.05883,1.05819,1.05840,65451478876.0
2024-12-05 22:00:00,1.05839,1.05883,1.05816,1.05871,62151363790.0
2024-12-05 23:00:00,1.05870,1.05876,1.05838,1.05865,65869457651.0
2024-12-06 00:00:00,1.05864,1.05864,1.05765,1.05771,67052682278.0
2024-12-06 01:00:00,1.05772,1.05781,1.05659,1.05686,67872131808.0
2024-12-06 02:00:00,1.05687,1.05781,1.05683,1.05768,67591015302.0
2024-12-06 03:00:00,1.05768,1.05803,1.05729,1.05759,67312243180.0
2024-12-06 04:00:00,1.05759,1.05770,1.05724,1.05752,66761498947.0
2024-12-06 05:00:00,1.05753,1.05753,1.05688,1.05723,67200003935.0
2024-12-06 06:00:00,1.05722,1.05778,1.05692,1.05743,67338883562.0
2024-12-06 07:00:00,1.05745,1.05845,1.05674,1.05836,67727110966.0
2024-12-06 08:00:00,1.05837,1.05940,1.05765,1.05820,67968154007.0
2024-12-06 09:00:00,1.05819,1.05834,1.05713,1.05772,67770469089.0
2024-12-06 10:00:00,1.05773,1.05849,1.05715,1.05825,67524331109.0
2024-12-06 11:00:00,1.05826,1.05888,1.05766,1.05869,67601903451.0
2024-12-06 12:00:00,1.05869,1.05884,1.05805,1.05812,67695035021.0
2024-12-06 13:00:00,1.05812,1.06298,1.05791,1.06042,68481855897.0
2024-12-06 14:00:00,1.06043,1.06072,1.05680,1.05788,68687452083.0
2024-12-06 15:00:00,1.05788,1.05788,1.05441,1.05633,68463994474.0
2024-12-06 16:00:00,1.05633,1.05754,1.05539,1.05624,68096333413.0
2024-12-06 17:00:00,1.05624,1.05624,1.05471,1.05510,67977775187.0
2024-12-06 18:00:00,1.05510,1.05611,1.05461,1.05494,67365291950.0
2024-12-06 19:00:00,1.05495,1.05550,1.05423,1.05543,67339450778.0
2024-12-06 20:00:00,1.05544,1.05639,1.05540,1.05634,67056650155.0
2024-12-06 21:00:00,1.05635,1.05694,1.05616,1.05673,67001184751.0
2024-12-08 22:00:00,1.05544,1.05635,1.05544,1.05624,65714311004.0
2024-12-08 23:00:00,1.05623,1.05692,1.05596,1.05656,66936678647.0
2024-12-09 00:00:00,1.05657,1.05659,1.05555,1.05592,67177989409.0
2024-12-09 01:00:00,1.05593,1.05610,1.05511,1.05518,67518716638.0
2024-12-09 02:00:00,1.05519,1.05561,1.05505,1.05548,67247996271.0
2024-12-09 03:00:00,1.05547,1.05563,1.05366,1.05372,67412903195.0
2024-12-09 04:00:00,1.05373,1.05399,1.05320,1.05346,67335607419.0
2024-12-09 05:00:00,1.05347,1.05382,1.05337,1.05370,67287954882.0
2024-12-09 06:00:00,1.05371,1.05449,1.05365,1.05443,67450618510.0
2024-12-09 07:00:00,1.05442,1.05664,1.05411,1.05642,68032739084.0
2024-12-09 08:00:00,1.05641,1.05704,1.05566,1.05674,68238613542.0
2024-12-09 09:00:00,1.05673,1.05751,1.05615,1.05661,67919314453.0
2024-12-09 10:00:00,1.05662,1.05853,1.05662,1.05803,67930217512.0
2024-12-09 11:00:00,1.05803,1.05850,1.05675,1.05688,67617309980.0
2024-12-09 12:00:00,1.05688,1.05711,1.05578,1.05657,67656800178.0
2024-12-09 13:00:00,1.05656,1.05776,1.05581,1.05761,68161883995.0
2024-12-09 14:00:00,1.05762,1.05847,1.05716,1.05781,68051632128.0
2024-12-09 15:00:00,1.05781,1.05928,1.05717,1.05911,67990202123.0
2024-12-09 16:00:00,1.05912,1.05944,1.05681,1.05703,67692500748.0
2024-12-09 17:00:00,1.05702,1.05743,1.05666,1.05669,67293272800.0
2024-12-09 18:00:00,1.05668,1.05676,1.05604,1.05636,67212588156.0
2024-12-09 19:00:00,1.05636,1.05645,1.05516,1.05552,67272584070.0
2024-12-09 20:00:00,1.05552,1.05576,1.05471,1.05500,67135040391.0
2024-12-09 21:00:00,1.05501,1.05549,1.05501,1.05531,66715037206.0
2024-12-09 22:00:00,1.05529,1.05557,1.05479,1.05537,66011686500.0
2024-12-09 23:00:00,1.05537,1.05571,1.05527,1.05541,65413167184.0
2024-12-10 00:00:00,1.05542,1.05545,1.05490,1.05530,67305839983.0
2024-12-10 01:00:00,1.05530,1.05536,1.05452,1.05529,67678006805.0
2024-12-10 02:00:00,1.05530,1.05614,1.05515,1.05532,67654864732.0
2024-12-10 03:00:00,1.05533,1.05576,1.05489,1.05564,67443286014.0
2024-12-10 04:00:00,1.05566,1.05599,1.05562,1.05575,67082095822.0
2024-12-10 05:00:00,1.05574,1.05625,1.05541,1.05619,67218137414.0
2024-12-10 06:00:00,1.05620,1.05680,1.05609,1.05665,67434839741.0
2024-12-10 07:00:00,1.05664,1.05664,1.05469,1.05488,67805690590.0
2024-12-10 08:00:00,1.05487,1.05515,1.05377,1.05377,67850520816.0
2024-12-10 09:00:00,1.05376,1.05381,1.05230,1.05311,67913032008.0
2024-12-10 10:00:00,1.05311,1.05378,1.05259,1.05280,67743189893.0
2024-12-10 11:00:00,1.05280,1.05328,1.05240,1.05312,67679756450.0
2024-12-10 12:00:00,1.05313,1.05337,1.05203,1.05306,67887549808.0
2024-12-10 13:00:00,1.05307,1.05318,1.05158,1.05230,67874799941.0
2024-12-10 14:00:00,1.05231,1.05311,1.05193,1.05196,67898350963.0
2024-12-10 15:00:00,1.05197,1.05257,1.04984,1.05037,68139580786.0
2024-12-10 16:00:00,1.05039,1.05125,1.04997,1.05116,67768231361.0
2024-12-10 17:00:00,1.05117,1.05166,1.05046,1.05096,67515651848.0
2024-12-10 18:00:00,1.05095,1.05268,1.05086,1.05254,67491389280.0
2024-12-10 19:00:00,1.05254,1.05312,1.05242,1.05268,67318483513.0
2024-12-10 20:00:00,1.05267,1.05305,1.05238,1.05263,67245668433.0
2024-12-10 21:00:00,1.05264,1.05287,1.05236,1.05268,66410916084.0
2024-12-10 22:00:00,1.05261,1.05283,1.05260,1.05281,56022560926.0
2024-12-10 23:00:00,1.05282,1.05318,1.05280,1.05311,66214997526.0
2024-12-11 00:00:00,1.05312,1.05323,1.05276,1.05288,66952554087.0
2024-12-11 01:00:00,1.05288,1.05355,1.05281,1.05346,67517218160.0
2024-12-11 02:00:00,1.05345,1.05393,1.05330,1.05368,67340427261.0
2024-12-11 03:00:00,1.05369,1.05376,1.05277,1.05282,67335640189.0
2024-12-11 04:00:00,1.05281,1.05303,1.05204,1.05245,65999092448.0
2024-12-11 05:00:00,1.05245,1.05269,1.05209,1.05239,67164225535.0
2024-12-11 06:00:00,1.05239,1.05279,1.05224,1.05259,67287448944.0
2024-12-11 07:00:00,1.05260,1.05284,1.04880,1.04899,68293897010.0
2024-12-11 08:00:00,1.04900,1.05124,1.04896,1.05055,67845672792.0
2024-12-11 09:00:00,1.05055,1.05097,1.04964,1.05005,68129331282.0
2024-12-11 10:00:00,1.05004,1.05014,1.04870,1.04950,67915975556.0
2024-12-11 11:00:00,1.04949,1.05052,1.04901,1.05033,67750935592.0
2024-12-11 12:00:00,1.05033,1.05181,1.05000,1.05030,67863144527.0
2024-12-11 13:00:00,1.05032,1.05373,1.05027,1.05241,68405080558.0
2024-12-11 14:00:00,1.05238,1.05291,1.04940,1.05007,68453412452.0
2024-12-11 15:00:00,1.05007,1.05081,1.04802,1.04906,68335111046.0
2024-12-11 16:00:00,1.04907,1.05119,1.04852,1.05078,67970118284.0
2024-12-11 17:00:00,1.05079,1.05116,1.04861,1.04876,67739806597.0
2024-12-11 18:00:00,1.04876,1.04999,1.04832,1.04845,67881480190.0
2024-12-11 19:00:00,1.04844,1.04941,1.04816,1.04911,67575960042.0
2024-12-11 20:00:00,1.04912,1.04953,1.04882,1.04926,67151562669.0
2024-12-11 21:00:00,1.04926,1.04972,1.04925,1.04933,66391158949.0
2024-12-11 22:00:00,1.04935,1.04971,1.04904,1.04962,62356460668.0
2024-12-11 23:00:00,1.04962,1.05064,1.04962,1.05061,64706598664.0
2024-12-12 00:00:00,1.05061,1.05085,1.05023,1.05041,56711765685.0
2024-12-12 01:00:00,1.05041,1.05087,1.05032,1.05060,65514587423.0
2024-12-12 02:00:00,1.05061,1.05072,1.05019,1.05033,66662634622.0
2024-12-12 03:00:00,1.05033,1.05085,1.05009,1.05053,66391092757.0
2024-12-12 04:00:00,1.05052,1.05090,1.05043,1.05089,66197948992.0
2024-12-12 05:00:00,1.05090,1.05095,1.05034,1.05064,66681818320.0
2024-12-12 06:00:00,1.05065,1.05141,1.05044,1.05140,66606153072.0
2024-12-12 07:00:00,1.05140,1.05308,1.05126,1.05163,67596731025.0
2024-12-12 08:00:00,1.05162,1.05207,1.05046,1.05091,67669634254.0
2024-12-12 09:00:00,1.05090,1.05171,1.05054,1.05100,33751804475.0
2024-12-12 10:00:00,1.05100,1.05141,1.04952,1.04965,67264371097.0
2024-12-12 11:00:00,1.04965,1.05076,1.04942,1.05025,67288433295.0
2024-12-12 12:00:00,1.05025,1.05040,1.04889,1.04890,67167927009.0
2024-12-12 13:00:00,1.04892,1.05019,1.04694,1.04846,68109794015.0
2024-12-12 14:00:00,1.04850,1.05203,1.04720,1.05193,68382100439.0
2024-12-12 15:00:00,1.05195,1.05209,1.04637,1.04728,68590261781.0
2024-12-12 16:00:00,1.04727,1.05157,1.04718,1.05132,68239368846.0
2024-12-12 17:00:00,1.05132,1.05174,1.04951,1.05006,67939649127.0
2024-12-12 18:00:00,1.05007,1.05024,1.04820,1.04823,67864198513.0
2024-12-12 19:00:00,1.04822,1.04851,1.04724,1.04726,67577263224.0
2024-12-12 20:00:00,1.04725,1.04746,1.04646,1.04671,67387285501.0
2024-12-12 21:00:00,1.04672,1.04720,1.04641,1.04663,66400526663.0
2024-12-12 22:00:00,1.04653,1.04712,1.04653,1.04702,65968506141.0
2024-12-12 23:00:00,1.04701,1.04739,1.04645,1.04736,66494334240.0
2024-12-13 00:00:00,1.04736,1.04805,1.04700,1.04793,67360448838.0
2024-12-13 01:00:00,1.04794,1.04808,1.04633,1.04651,67111171850.0
2024-12-13 02:00:00,1.04652,1.04667,1.04601,1.04606,66920471596.0
2024-12-13 03:00:00,1.04606,1.04650,1.04595,1.04602,66492855746.0
2024-12-13 04:00:00,1.04602,1.04635,1.04562,1.04634,66326539795.0
2024-12-13 05:00:00,1.04636,1.04657,1.04603,1.04652,66424441407.0
2024-12-13 06:00:00,1.04653,1.04661,1.04566,1.04656,66604796476.0
2024-12-13 07:00:00,1.04655,1.04655,1.04531,1.04592,67408039117.0
2024-12-13 08:00:00,1.04592,1.04717,1.04562,1.04687,67399719976.0
2024-12-13 09:00:00,1.04686,1.04940,1.04663,1.04871,67293609985.0
2024-12-13 10:00:00,1.04873,1.04958,1.04834,1.04870,68075115317.0
2024-12-13 11:00:00,1.04870,1.04944,1.04863,1.04887,67153252190.0
2024-12-13 12:00:00,1.04887,1.05193,1.04879,1.05159,67414836837.0
2024-12-13 13:00:00,1.05161,1.05241,1.05089,1.05102,67902903746.0
2024-12-13 14:00:00,1.05102,1.05103,1.04885,1.04906,67564290375.0
2024-12-13 15:00:00,1.04904,1.04954,1.04822,1.04890,67716865394.0
2024-12-13 16:00:00,1.04890,1.05060,1.04868,1.04977,67731668340.0
2024-12-13 17:00:00,1.04978,1.05042,1.04912,1.04963,67607285268.0
2024-12-13 18:00:00,1.04964,1.04986,1.04891,1.04958,67473124230.0
2024-12-13 19:00:00,1.04958,1.05024,1.04919,1.04946,67197390027.0
2024-12-13 20:00:00,1.04949,1.04975,1.04927,1.04970,67051110400.0
2024-12-13 21:00:00,1.04971,1.05045,1.04958,1.05017,65450351001.0
2024-12-15 22:00:00,1.04854,1.05008,1.04847,1.04931,63806984093.0
2024-12-15 23:00:00,1.04953,1.05107,1.04953,1.05096,66917310133.0
2024-12-16 00:00:00,1.05095,1.05189,1.05091,1.05143,67062309192.0
2024-12-16 01:00:00,1.05143,1.05213,1.05123,1.05188,67487303597.0
2024-12-16 02:00:00,1.05189,1.05228,1.05097,1.05124,67322147637.0
2024-12-16 03:00:00,1.05125,1.05152,1.05097,1.05117,67134502993.0
2024-12-16 04:00:00,1.05119,1.05164,1.05118,1.05159,66895562012.0
2024-12-16 05:00:00,1.05159,1.05214,1.05157,1.05196,66943787990.0
2024-12-16 06:00:00,1.05196,1.05206,1.05116,1.05135,67203115581.0
2024-12-16 07:00:00,1.05136,1.05208,1.05043,1.05048,67715115418.0
2024-12-16 08:00:00,1.05048,1.05247,1.05002,1.05083,68171384094.0
2024-12-16 09:00:00,1.05090,1.05210,1.05035,1.05050,67971435069.0
2024-12-16 10:00:00,1.05051,1.05062,1.04884,1.04890,67288934971.0
2024-12-16 11:00:00,1.04890,1.04924,1.04833,1.04906,66834662685.0
2024-12-16 12:00:00,1.04906,1.04999,1.04898,1.04906,67243093523.0
2024-12-16 13:00:00,1.04906,1.05081,1.04904,1.05075,67737272319.0
2024-12-16 14:00:00,1.05075,1.05081,1.04745,1.04825,67858461655.0
2024-12-16 15:00:00,1.04827,1.05127,1.04826,1.05065,67906977139.0
2024-12-16 16:00:00,1.05066,1.05131,1.04951,1.05113,67811161376.0
2024-12-16 17:00:00,1.05113,1.05205,1.05055,1.05111,67403007915.0
2024-12-16 18:00:00,1.05112,1.05216,1.05058,1.05206,66985843095.0
2024-12-16 19:00:00,1.05205,1.05226,1.05065,1.05099,66856992766.0
2024-12-16 20:00:00,1.05099,1.05111,1.05066,1.05081,66686882282.0
2024-12-16 21:00:00,1.05082,1.05155,1.05068,1.05094,63746513959.0
2024-12-16 22:00:00,1.05094,1.05113,1.05073,1.05085,64572580742.0
2024-12-16 23:00:00,1.05086,1.05185,1.05086,1.05170,64606748673.0
2024-12-17 00:00:00,1.05170,1.05343,1.05149,1.05287,66722070691.0
2024-12-17 01:00:00,1.05291,1.05299,1.05188,1.05214,66742132407.0
2024-12-17 02:00:00,1.05212,1.05267,1.05167,1.05172,66880221349.0
2024-12-17 03:00:00,1.05171,1.05194,1.05113,1.05122,66481650408.0
2024-12-17 04:00:00,1.05123,1.05125,1.05078,1.05081,66320062223.0
2024-12-17 05:00:00,1.05081,1.05100,1.05026,1.05046,66663083540.0
2024-12-17 06:00:00,1.05046,1.05077,1.04975,1.05028,66935120205.0
2024-12-17 07:00:00,1.05028,1.05091,1.04956,1.04975,67243313722.0
2024-12-17 08:00:00,1.04974,1.05003,1.04851,1.04891,67484282716.0
2024-12-17 09:00:00,1.04890,1.04890,1.04804,1.04852,67734709698.0
2024-12-17 10:00:00,1.04854,1.04896,1.04790,1.04880,67640189259.0
2024-12-17 11:00:00,1.04880,1.04940,1.04839,1.04913,67208472490.0
2024-12-17 12:00:00,1.04913,1.05016,1.04882,1.05012,67075179154.0
2024-12-17 13:00:00,1.05013,1.05066,1.04919,1.05047,67610418873.0
2024-12-17 14:00:00,1.05046,1.05115,1.04977,1.05049,67715647076.0
2024-12-17 15:00:00,1.05050,1.05093,1.04957,1.04989,67813567037.0
2024-12-17 16:00:00,1.04989,1.05061,1.04945,1.05051,67342486406.0
2024-12-17 17:00:00,1.05051,1.05159,1.04980,1.04996,67427934046.0
2024-12-17 18:00:00,1.04996,1.05041,1.04901,1.04934,67125808332.0
2024-12-17 19:00:00,1.04934,1.04952,1.04879,1.04883,66819546804.0
2024-12-17 20:00:00,1.04883,1.04906,1.04851,1.04881,66651108474.0
2024-12-17 21:00:00,1.04880,1.04928,1.04866,1.04903,64816788927.0
2024-12-17 22:00:00,1.04904,1.04944,1.04900,1.04918,59759122183.0
2024-12-17 23:00:00,1.04920,1.04952,1.04917,1.04944,63470487470.0
2024-12-18 00:00:00,1.04943,1.05027,1.04928,1.04992,66464721143.0
2024-12-18 01:00:00,1.04991,1.05027,1.04955,1.05021,66614156986.0
2024-12-18 02:00:00,1.05025,1.05037,1.04962,1.05009,66619781940.0
2024-12-18 03:00:00,1.05008,1.05027,1.04987,1.04990,66600117863.0
2024-12-18 04:00:00,1.04989,1.05056,1.04960,1.05030,66525344562.0
2024-12-18 05:00:00,1.05029,1.05046,1.05002,1.05022,66372640447.0
2024-12-18 06:00:00,1.05022,1.05118,1.05014,1.05111,66576989552.0
2024-12-18 07:00:00,1.05113,1.05127,1.04935,1.04968,67208744796.0
2024-12-18 08:00:00,1.04967,1.04989,1.04874,1.04932,67295640944.0
2024-12-18 09:00:00,1.04931,1.04984,1.04911,1.04941,67212664503.0
2024-12-18 10:00:00,1.04942,1.05002,1.04890,1.04985,67058218435.0
2024-12-18 11:00:00,1.04986,1.05034,1.04946,1.04966,67099948482.0
2024-12-18 12:00:00,1.04966,1.05019,1.04857,1.04905,67190575597.0
2024-12-18 13:00:00,1.04905,1.04985,1.04825,1.04919,67598753956.0
2024-12-18 14:00:00,1.04919,1.05032,1.04873,1.04964,67759561772.0
2024-12-18 15:00:00,1.04964,1.04987,1.04700,1.04738,67972501834.0
2024-12-18 16:00:00,1.04738,1.04809,1.04671,1.04690,67640261672.0
2024-12-18 17:00:00,1.04691,1.04800,1.04688,1.04753,67384217764.0
2024-12-18 18:00:00,1.04754,1.04924,1.04736,1.04864,67125212607.0
2024-12-18 19:00:00,1.04857,1.04857,1.03732,1.03774,68411683635.0
2024-12-18 20:00:00,1.03774,1.03803,1.03439,1.03649,68203362707.0
2024-12-18 21:00:00,1.03650,1.03758,1.03483,1.03513,67105582613.0
2024-12-18 22:00:00,1.03507,1.03535,1.03472,1.03504,62736013722.0
2024-12-18 23:00:00,1.03503,1.03605,1.03473,1.03506,66715279688.0
2024-12-19 00:00:00,1.03506,1.03799,1.03504,1.03729,67221992571.0
2024-12-19 01:00:00,1.03732,1.03798,1.03710,1.03781,67128044419.0
2024-12-19 02:00:00,1.03783,1.03905,1.03724,1.03900,66999794727.0
2024-12-19 03:00:00,1.03900,1.03909,1.03744,1.03782,66855399917.0
2024-12-19 04:00:00,1.03781,1.03821,1.03749,1.03789,66690763324.0
2024-12-19 05:00:00,1.03789,1.03855,1.03760,1.03820,66914908898.0
2024-12-19 06:00:00,1.03819,1.03880,1.03772,1.03851,67171936503.0
2024-12-19 07:00:00,1.03851,1.04094,1.03849,1.03949,67584635698.0
2024-12-19 08:00:00,1.03949,1.04092,1.03904,1.04083,67832023612.0
2024-12-19 09:00:00,1.04083,1.04222,1.04080,1.04124,67890239083.0
2024-12-19 10:00:00,1.04123,1.04158,1.04041,1.04052,67606154446.0
2024-12-19 11:00:00,1.04051,1.04152,1.03999,1.04034,67600304373.0
2024-12-19 12:00:00,1.04035,1.04102,1.03907,1.03935,68212583627.0
2024-12-19 13:00:00,1.03934,1.04139,1.03858,1.03989,68163925114.0
2024-12-19 14:00:00,1.03988,1.04072,1.03939,1.03955,67995203011.0
2024-12-19 15:00:00,1.03955,1.04018,1.03767,1.03799,68202401797.0
2024-12-19 16:00:00,1.03798,1.03843,1.03561,1.03566,68002819362.0
2024-12-19 17:00:00,1.03567,1.03762,1.03545,1.03615,68059098483.0
2024-12-19 18:00:00,1.03616,1.03754,1.03552,1.03740,67905920206.0
2024-12-19 19:00:00,1.03740,1.03772,1.03612,1.03613,67495908967.0
2024-12-19 20:00:00,1.03614,1.03691,1.03586,1.03681,67436421776.0
2024-12-19 21:00:00,1.03679,1.03681,1.03605,1.03605,66244320291.0
2024-12-19 22:00:00,1.03599,1.03654,1.03599,1.03647,63005276244.0
2024-12-19 23:00:00,1.03649,1.03653,1.03608,1.03643,66187039867.0
2024-12-20 00:00:00,1.03644,1.03692,1.03616,1.03651,66703358038.0
2024-12-20 01:00:00,1.03650,1.03675,1.03587,1.03633,66959361970.0
2024-12-20 02:00:00,1.03632,1.03647,1.03600,1.03634,66751519785.0
2024-12-20 03:00:00,1.03634,1.03656,1.03590,1.03618,66679409215.0
2024-12-20 04:00:00,1.03619,1.03629,1.03583,1.03587,66470781910.0
2024-12-20 05:00:00,1.03587,1.03666,1.03566,1.03662,66567703755.0
2024-12-20 06:00:00,1.03662,1.03773,1.03429,1.03747,67362953954.0
2024-12-20 07:00:00,1.03748,1.03853,1.03724,1.03828,67513981337.0
2024-12-20 08:00:00,1.03828,1.03983,1.03780,1.03921,67580764159.0
2024-12-20 09:00:00,1.03921,1.03922,1.03759,1.03828,67680398213.0
2024-12-20 10:00:00,1.03828,1.03931,1.03813,1.03917,67698919997.0
2024-12-20 11:00:00,1.03917,1.03974,1.03796,1.03915,67931449095.0
2024-12-20 12:00:00,1.03916,1.04002,1.03879,1.03895,67936203406.0
2024-12-20 13:00:00,1.03895,1.04190,1.03877,1.04073,68149698317.0
2024-12-20 14:00:00,1.04072,1.04088,1.03860,1.03934,68143923364.0
2024-12-20 15:00:00,1.03944,1.04073,1.03910,1.03967,68223998035.0
2024-12-20 16:00:00,1.03967,1.04354,1.03959,1.04281,68077115962.0
2024-12-20 17:00:00,1.04282,1.04448,1.04256,1.04285,68425592178.0
2024-12-20 18:00:00,1.04284,1.04429,1.04222,1.04368,67871597199.0
2024-12-20 19:00:00,1.04367,1.04474,1.04339,1.04447,67619350443.0
2024-12-20 20:00:00,1.04446,1.04471,1.04285,1.04287,67499779030.0
2024-12-20 21:00:00,1.04287,1.04336,1.04219,1.04254,67108500276.0
2024-12-22 22:00:00,1.04308,1.04451,1.04279,1.04318,65886992466.0
2024-12-22 23:00:00,1.04325,1.04432,1.04302,1.04336,67137828945.0
2024-12-23 00:00:00,1.04335,1.04365,1.04306,1.04318,67026630081.0
2024-12-23 01:00:00,1.04319,1.04381,1.04268,1.04358,66736557915.0
2024-12-23 02:00:00,1.04359,1.04431,1.04358,1.04406,66625811906.0
2024-12-23 03:00:00,1.04406,1.04425,1.04383,1.04392,66254241791.0
2024-12-23 04:00:00,1.04391,1.04452,1.04387,1.04429,66576613378.0
2024-12-23 05:00:00,1.04429,1.04443,1.04394,1.04401,66616003138.0
2024-12-23 06:00:00,1.04401,1.04421,1.04332,1.04339,67293024094.0
2024-12-23 07:00:00,1.04340,1.04367,1.04112,1.04127,67767837493.0
2024-12-23 08:00:00,1.04126,1.04187,1.04072,1.04180,67836967319.0
2024-12-23 09:00:00,1.04179,1.04195,1.04072,1.04077,67656277362.0
2024-12-23 10:00:00,1.04077,1.04096,1.03867,1.03898,67831462787.0
2024-12-23 11:00:00,1.03897,1.04011,1.03874,1.03999,67369405317.0
2024-12-23 12:00:00,1.03999,1.04013,1.03856,1.03954,67784125648.0
2024-12-23 13:00:00,1.03954,1.04028,1.03882,1.03994,68091864680.0
2024-12-23 14:00:00,1.03996,1.04084,1.03915,1.03932,68076895931.0
2024-12-23 15:00:00,1.03935,1.03966,1.03842,1.03908,68155411332.0
2024-12-23 16:00:00,1.03908,1.04101,1.03893,1.04077,67701870755.0
2024-12-23 17:00:00,1.04078,1.04179,1.03964,1.03976,67382990930.0
2024-12-23 18:00:00,1.03977,1.04123,1.03976,1.04088,66898503600.0
2024-12-23 19:00:00,1.04086,1.04124,1.03992,1.04114,66839689303.0
2024-12-23 20:00:00,1.04113,1.04141,1.04032,1.04058,66753628734.0
2024-12-23 21:00:00,1.04059,1.04079,1.04040,1.04044,66060282756.0
2024-12-23 22:00:00,1.04043,1.04064,1.04030,1.04034,58949085425.0
2024-12-23 23:00:00,1.04035,1.04081,1.04034,1.04040,65943104391.0
2024-12-24 00:00:00,1.04041,1.04045,1.03979,1.04003,65038054195.0
2024-12-24 01:00:00,1.04003,1.04047,1.03997,1.04027,66255717660.0
2024-12-24 02:00:00,1.04027,1.04086,1.03965,1.03997,66387932615.0
2024-12-24 03:00:00,1.03998,1.04003,1.03887,1.03908,66265122080.0
2024-12-24 04:00:00,1.03909,1.03970,1.03908,1.03963,66127791395.0
2024-12-24 05:00:00,1.03967,1.03976,1.03936,1.03969,66481269633.0
2024-12-24 06:00:00,1.03969,1.03984,1.03924,1.03960,66942589989.0
2024-12-24 07:00:00,1.03959,1.03985,1.03903,1.03904,67371458561.0
2024-12-24 08:00:00,1.03906,1.04055,1.03901,1.03953,67618321204.0
2024-12-24 09:00:00,1.03952,1.03987,1.03902,1.03920,67541732561.0
2024-12-24 10:00:00,1.03919,1.03974,1.03891,1.03966,67200714672.0
2024-12-24 11:00:00,1.03965,1.04036,1.03915,1.03947,67386982403.0
2024-12-24 12:00:00,1.03949,1.04034,1.03890,1.03912,67593166844.0
2024-12-24 13:00:00,1.03912,1.04031,1.03894,1.04023,67413382595.0
2024-12-24 14:00:00,1.04023,1.04098,1.03954,1.04048,67553489715.0
2024-12-24 15:00:00,1.04048,1.04078,1.03906,1.03917,67895673489.0
2024-12-24 16:00:00,1.03916,1.03962,1.03874,1.03875,67473653104.0
2024-12-24 17:00:00,1.03875,1.03938,1.03835,1.03883,67534419722.0
2024-12-24 18:00:00,1.03882,1.03930,1.03867,1.03916,65198126532.0
2024-12-24 19:00:00,1.03916,1.03977,1.03900,1.03930,63845006539.0
2024-12-24 20:00:00,1.03934,1.04015,1.03886,1.03995,66920397540.0
2024-12-24 21:00:00,1.03993,1.04031,1.03900,1.03912,66536940504.0
2024-12-24 22:00:00,1.03912,1.03912,1.03860,1.03872,12780883144.0
2024-12-24 23:00:00,1.03861,1.03962,1.03861,1.03952,9632365933.0
2024-12-25 00:00:00,1.03952,1.04106,1.03952,1.04043,50474699973.0
2024-12-25 01:00:00,1.04043,1.04043,1.04008,1.04039,22520476463.0
2024-12-25 02:00:00,1.04039,1.04055,1.04017,1.04053,22496359213.0
2024-12-25 03:00:00,1.04053,1.04074,1.04027,1.04050,29997871916.0
2024-12-25 04:00:00,1.04050,1.04059,1.04050,1.04058,13857560981.0
2024-12-25 05:00:00,1.04037,1.04053,1.04008,1.04009,38547331471.0
2024-12-25 06:00:00,1.04009,1.04057,1.04000,1.04024,39758961041.0
2024-12-25 07:00:00,1.04016,1.04083,1.03970,1.04004,56800357900.0
2024-12-25 22:00:00,1.04004,1.04055,1.03975,1.03999,61512482818.0
2024-12-25 23:00:00,1.04001,1.04031,1.03951,1.03991,66508136775.0
2024-12-26 00:00:00,1.03990,1.04013,1.03930,1.03965,66435625782.0
2024-12-26 01:00:00,1.03964,1.04000,1.03941,1.03970,67011830743.0
2024-12-26 02:00:00,1.03970,1.03999,1.03965,1.03987,66490375211.0
2024-12-26 03:00:00,1.03988,1.04042,1.03983,1.04009,66357375798.0
2024-12-26 04:00:00,1.04007,1.04013,1.03977,1.03977,66067384233.0
2024-12-26 05:00:00,1.03976,1.04027,1.03972,1.03977,66463409110.0
2024-12-26 06:00:00,1.03975,1.04003,1.03967,1.03982,66595456941.0
2024-12-26 07:00:00,1.03981,1.04000,1.03905,1.03976,67240102133.0
2024-12-26 08:00:00,1.03975,1.03986,1.03925,1.03948,66974541084.0
2024-12-26 09:00:00,1.03947,1.04001,1.03914,1.03991,66516620413.0
2024-12-26 10:00:00,1.03992,1.04030,1.03981,1.04017,66628707286.0
2024-12-26 11:00:00,1.04016,1.04021,1.03992,1.04012,66685266165.0
2024-12-26 12:00:00,1.04011,1.04013,1.03926,1.03995,67525575636.0
2024-12-26 13:00:00,1.03997,1.04057,1.03973,1.04026,67569402347.0
2024-12-26 14:00:00,1.04027,1.04044,1.03951,1.04022,67489927820.0
2024-12-26 15:00:00,1.04022,1.04151,1.03979,1.04089,67892426344.0
2024-12-26 16:00:00,1.04089,1.04228,1.04083,1.04220,67656363541.0
2024-12-26 17:00:00,1.04219,1.04225,1.04063,1.04119,67659701618.0
2024-12-26 18:00:00,1.04117,1.04301,1.04117,1.04209,67207177666.0
2024-12-26 19:00:00,1.04209,1.04233,1.04142,1.04175,67075459972.0
2024-12-26 20:00:00,1.04175,1.04213,1.04154,1.04199,67378872018.0
2024-12-26 21:00:00,1.04199,1.04231,1.04188,1.04222,66754110081.0
2024-12-26 22:00:00,1.04222,1.04241,1.04146,1.04234,60800436460.0
2024-12-26 23:00:00,1.04235,1.04240,1.04208,1.04216,65986892592.0
2024-12-27 00:00:00,1.04216,1.04237,1.04177,1.04180,66571727661.0
2024-12-27 01:00:00,1.04180,1.04181,1.04121,1.04131,66910643154.0
2024-12-27 02:00:00,1.04130,1.04139,1.04079,1.04095,66735460842.0
2024-12-27 03:00:00,1.04095,1.04127,1.04065,1.04125,65380804198.0
2024-12-27 04:00:00,1.04126,1.04132,1.04078,1.04090,66183693601.0
2024-12-27 05:00:00,1.04090,1.04112,1.04072,1.04092,66823591691.0
2024-12-27 06:00:00,1.04093,1.04123,1.04075,1.04120,67259183925.0
2024-12-27 07:00:00,1.04119,1.04248,1.04049,1.04218,67679670604.0
2024-12-27 08:00:00,1.04217,1.04257,1.04103,1.04123,67926546846.0
2024-12-27 09:00:00,1.04123,1.04179,1.04090,1.04167,67675916861.0
2024-12-27 10:00:00,1.04167,1.04213,1.04116,1.04187,67577068912.0
2024-12-27 11:00:00,1.04185,1.04407,1.04185,1.04386,67641650052.0
2024-12-27 12:00:00,1.04387,1.04440,1.04281,1.04325,67665207950.0
2024-12-27 13:00:00,1.04325,1.04384,1.04286,1.04384,67953641062.0
2024-12-27 14:00:00,1.04386,1.04396,1.04245,1.04264,68204279069.0
2024-12-27 15:00:00,1.04265,1.04357,1.04157,1.04219,68161311535.0
2024-12-27 16:00:00,1.04219,1.04324,1.04207,1.04221,68027166070.0
2024-12-27 17:00:00,1.04220,1.04226,1.04144,1.04212,67929403723.0
2024-12-27 18:00:00,1.04210,1.04288,1.04207,1.04262,67125503592.0
2024-12-27 19:00:00,1.04261,1.04303,1.04237,1.04282,66909942578.0
2024-12-27 20:00:00,1.04283,1.04283,1.04227,1.04257,67285765159.0
2024-12-27 21:00:00,1.04255,1.04263,1.04216,1.04225,66252291114.0
2024-12-29 22:00:00,1.04247,1.04309,1.04247,1.04307,65566326131.0
2024-12-29 23:00:00,1.04311,1.04346,1.04270,1.04292,66190255062.0
2024-12-30 00:00:00,1.04297,1.04311,1.04257,1.04274,66298227589.0
2024-12-30 01:00:00,1.04275,1.04308,1.04250,1.04254,66360138795.0
2024-12-30 02:00:00,1.04254,1.04275,1.04240,1.04255,66026044128.0
2024-12-30 03:00:00,1.04256,1.04256,1.04208,1.04245,66251756670.0
2024-12-30 04:00:00,1.04245,1.04260,1.04243,1.04253,64792262088.0
2024-12-30 05:00:00,1.04252,1.04267,1.04228,1.04251,66567458654.0
2024-12-30 06:00:00,1.04251,1.04314,1.04251,1.04288,67168256658.0
2024-12-30 07:00:00,1.04287,1.04294,1.04209,1.04267,67653370187.0
2024-12-30 08:00:00,1.04266,1.04297,1.04093,1.04128,67846418594.0
2024-12-30 09:00:00,1.04127,1.04393,1.04109,1.04338,67738913834.0
2024-12-30 10:00:00,1.04337,1.04440,1.04327,1.04383,67922393334.0
2024-12-30 11:00:00,1.04383,1.04521,1.04368,1.04479,67684383785.0
2024-12-30 12:00:00,1.04480,1.04583,1.04390,1.04493,67793376384.0
2024-12-30 13:00:00,1.04495,1.04518,1.03851,1.03878,68092471870.0
2024-12-30 14:00:00,1.03880,1.04088,1.03799,1.04052,68086791373.0
2024-12-30 15:00:00,1.04052,1.04056,1.03717,1.03804,68255825923.0
2024-12-30 16:00:00,1.03803,1.03914,1.03747,1.03857,67852151683.0
2024-12-30 17:00:00,1.03858,1.03953,1.03845,1.03941,67513374472.0
2024-12-30 18:00:00,1.03942,1.04070,1.03937,1.04044,67035751385.0
2024-12-30 19:00:00,1.04044,1.04053,1.03960,1.03965,66952770358.0
2024-12-30 20:00:00,1.03966,1.04051,1.03951,1.03987,66980772574.0
2024-12-30 21:00:00,1.03993,1.04069,1.03982,1.04069,66090674425.0
2024-12-30 22:00:00,1.04069,1.04071,1.03991,1.04043,64585804021.0
2024-12-30 23:00:00,1.04045,1.04059,1.03987,1.04056,65814842567.0
2024-12-31 00:00:00,1.04057,1.04058,1.03969,1.04034,65133331088.0
2024-12-31 01:00:00,1.04035,1.04131,1.04022,1.04119,66829432910.0
2024-12-31 02:00:00,1.04119,1.04148,1.04079,1.04125,66716111339.0
2024-12-31 03:00:00,1.04125,1.04134,1.04072,1.04085,66399714676.0
2024-12-31 04:00:00,1.04084,1.04091,1.04037,1.04041,66289348775.0
2024-12-31 05:00:00,1.04042,1.04075,1.04025,1.04038,66178138774.0
2024-12-31 06:00:00,1.04038,1.04059,1.03996,1.04038,66687379700.0
2024-12-31 07:00:00,1.04039,1.04129,1.04023,1.04118,67040467352.0
2024-12-31 08:00:00,1.04120,1.04200,1.04058,1.04183,67325750151.0
2024-12-31 09:00:00,1.04182,1.04243,1.04117,1.04185,67414199172.0
2024-12-31 10:00:00,1.04184,1.04199,1.04051,1.04128,67461558763.0
2024-12-31 11:00:00,1.04129,1.04193,1.04053,1.04103,67430231245.0
2024-12-31 12:00:00,1.04103,1.04143,1.03912,1.03927,67669542830.0
2024-12-31 13:00:00,1.03927,1.03973,1.03834,1.03927,68124862709.0
2024-12-31 14:00:00,1.03929,1.03942,1.03747,1.03758,68169754545.0
2024-12-31 15:00:00,1.03758,1.03891,1.03525,1.03547,67984429546.0
2024-12-31 16:00:00,1.03548,1.03611,1.03467,1.03502,67546042530.0
2024-12-31 17:00:00,1.03503,1.03549,1.03440,1.03485,67525506825.0
2024-12-31 18:00:00,1.03485,1.03566,1.03454,1.03529,67067683474.0
2024-12-31 19:00:00,1.03529,1.03646,1.03516,1.03547,66955450123.0
2024-12-31 20:00:00,1.03547,1.03630,1.03544,1.03583,66538405887.0
2024-12-31 21:00:00,1.03584,1.03609,1.03526,1.03526,65830929696.0
2025-01-01 22:00:00,1.03503,1.03577,1.03483,1.03550,63654509280.0
2025-01-01 23:00:00,1.03550,1.03563,1.03462,1.03507,66719628658.0
2025-01-02 00:00:00,1.03508,1.03564,1.03472,1.03520,66760425470.0
2025-01-02 01:00:00,1.03521,1.03606,1.03442,1.03578,67032215058.0
2025-01-02 02:00:00,1.03577,1.03712,1.03577,1.03709,66585847399.0
2025-01-02 03:00:00,1.03711,1.03740,1.03682,1.03715,66507637389.0
2025-01-02 04:00:00,1.03716,1.03756,1.03664,1.03692,66659328329.0
2025-01-02 05:00:00,1.03693,1.03706,1.03617,1.03638,66645738782.0
2025-01-02 06:00:00,1.03637,1.03650,1.03599,1.03637,66886326026.0
2025-01-02 07:00:00,1.03637,1.03723,1.03623,1.03627,67360580897.0
2025-01-02 08:00:00,1.03628,1.03709,1.03461,1.03627,67593358539.0
2025-01-02 09:00:00,1.03626,1.03701,1.03493,1.03515,67397445552.0
2025-01-02 10:00:00,1.03514,1.03568,1.03135,1.03168,67584787580.0
2025-01-02 11:00:00,1.03166,1.03340,1.03150,1.03321,67415036394.0
2025-01-02 12:00:00,1.03321,1.03342,1.03148,1.03182,67267029565.0
2025-01-02 13:00:00,1.03181,1.03296,1.03112,1.03133,67766786128.0
2025-01-02 14:00:00,1.03134,1.03239,1.03021,1.03038,68086240377.0
2025-01-02 15:00:00,1.03037,1.03087,1.02725,1.02741,68483573763.0
2025-01-02 16:00:00,1.02740,1.02762,1.02237,1.02611,68304637625.0
2025-01-02 17:00:00,1.02611,1.02679,1.02513,1.02648,67492761765.0
2025-01-02 18:00:00,1.02651,1.02662,1.02557,1.02563,67040494880.0
2025-01-02 19:00:00,1.02563,1.02595,1.02477,1.02510,66895342140.0
2025-01-02 20:00:00,1.02511,1.02645,1.02506,1.02613,66608429791.0
2025-01-02 21:00:00,1.02613,1.02687,1.02612,1.02640,64893363817.0
2025-01-02 22:00:00,1.02640,1.02666,1.02612,1.02651,63383061463.0
2025-01-02 23:00:00,1.02650,1.02680,1.02646,1.02678,64862622844.0
2025-01-03 00:00:00,1.02679,1.02734,1.02659,1.02729,66180726131.0
2025-01-03 01:00:00,1.02728,1.02728,1.02665,1.02674,66376487405.0
2025-01-03 02:00:00,1.02674,1.02745,1.02668,1.02722,66427036632.0
2025-01-03 03:00:00,1.02723,1.02743,1.02687,1.02707,66170750238.0
2025-01-03 04:00:00,1.02706,1.02709,1.02670,1.02695,66091543430.0
2025-01-03 05:00:00,1.02696,1.02736,1.02646,1.02717,66230905735.0
2025-01-03 06:00:00,1.02717,1.02793,1.02715,1.02790,66229650066.0
2025-01-03 07:00:00,1.02790,1.02847,1.02687,1.02807,67277032815.0
2025-01-03 08:00:00,1.02806,1.02880,1.02729,1.02803,67441656791.0
2025-01-03 09:00:00,1.02803,1.02999,1.02802,1.02901,67784262616.0
2025-01-03 10:00:00,1.02901,1.02938,1.02791,1.02813,67522787409.0
2025-01-03 11:00:00,1.02813,1.03028,1.02813,1.02972,67110792065.0
2025-01-03 12:00:00,1.02971,1.03009,1.02942,1.02956,67290433783.0
2025-01-03 13:00:00,1.02958,1.03001,1.02915,1.02931,67437351080.0
2025-01-03 14:00:00,1.02931,1.03023,1.02880,1.03002,67499696453.0
2025-01-03 15:00:00,1.03001,1.03057,1.02729,1.02891,67882517630.0
2025-01-03 16:00:00,1.02891,1.02997,1.02835,1.02907,67297558529.0
2025-01-03 17:00:00,1.02908,1.03057,1.02908,1.02979,67258521355.0
2025-01-03 18:00:00,1.02979,1.03021,1.02924,1.02973,67148163315.0
2025-01-03 19:00:00,1.02971,1.03059,1.02937,1.03012,66543726757.0
2025-01-03 20:00:00,1.03011,1.03075,1.02987,1.03059,66625351189.0
2025-01-03 21:00:00,1.03058,1.03099,1.03047,1.03066,66112386502.0
2025-01-05 22:00:00,1.03015,1.03062,1.02932,1.03009,63230398302.0
2025-01-05 23:00:00,1.03009,1.03080,1.03009,1.03051,65874119230.0
2025-01-06 00:00:00,1.03051,1.03053,1.02955,1.03031,66622309666.0
2025-01-06 01:00:00,1.03031,1.03136,1.03012,1.03123,66698773785.0
2025-01-06 02:00:00,1.03123,1.03177,1.03107,1.03160,66614646539.0
2025-01-06 03:00:00,1.03160,1.03182,1.03130,1.03163,66274605139.0
2025-01-06 04:00:00,1.03162,1.03175,1.03128,1.03151,66032405055.0
2025-01-06 05:00:00,1.03151,1.03181,1.03084,1.03088,66525028026.0
2025-01-06 06:00:00,1.03087,1.03165,1.03076,1.03125,66694111561.0
2025-01-06 07:00:00,1.03127,1.03284,1.03099,1.03272,67011904141.0
2025-01-06 08:00:00,1.03274,1.03525,1.03267,1.03500,67598496234.0
2025-01-06 09:00:00,1.03499,1.03688,1.03401,1.03554,67683732849.0
2025-01-06 10:00:00,1.03556,1.03580,1.03350,1.03350,67253456733.0
2025-01-06 11:00:00,1.03349,1.04325,1.03287,1.04217,68268896093.0
2025-01-06 12:00:00,1.04218,1.04305,1.03920,1.04108,67866988706.0
2025-01-06 13:00:00,1.04112,1.04367,1.04043,1.04167,67948959662.0
2025-01-06 14:00:00,1.04168,1.04237,1.03527,1.03925,68418289336.0
2025-01-06 15:00:00,1.03925,1.03987,1.03712,1.03935,68386017203.0
2025-01-06 16:00:00,1.03936,1.04027,1.03854,1.03967,68078412268.0
2025-01-06 17:00:00,1.03968,1.03968,1.03793,1.03873,67736716984.0
2025-01-06 18:00:00,1.03873,1.03892,1.03770,1.03818,67016475279.0
2025-01-06 19:00:00,1.03819,1.03917,1.03788,1.03882,66963848230.0
2025-01-06 20:00:00,1.03883,1.03919,1.03859,1.03877,66832812607.0
2025-01-06 21:00:00,1.03879,1.03921,1.03860,1.03895,66153898315.0
2025-01-06 22:00:00,1.03893,1.03909,1.03850,1.03890,64377653820.0
2025-01-06 23:00:00,1.03890,1.03901,1.03816,1.03831,65920854916.0
2025-01-07 00:00:00,1.03831,1.03853,1.03771,1.03842,66403829023.0
2025-01-07 01:00:00,1.03841,1.03846,1.03761,1.03811,66719063731.0
2025-01-07 02:00:00,1.03811,1.03853,1.03799,1.03822,66586096437.0
2025-01-07 03:00:00,1.03821,1.03929,1.03800,1.03927,66332122811.0
2025-01-07 04:00:00,1.03927,1.03943,1.03905,1.03917,66062820310.0
2025-01-07 05:00:00,1.03918,1.04031,1.03909,1.03967,66497171292.0
2025-01-07 06:00:00,1.03967,1.04041,1.03963,1.03974,66658929867.0
2025-01-07 07:00:00,1.03975,1.04244,1.03975,1.04145,67390123542.0
2025-01-07 08:00:00,1.04147,1.04253,1.04031,1.04250,67689186266.0
2025-01-07 09:00:00,1.04252,1.04342,1.04240,1.04274,67369099261.0
2025-01-07 10:00:00,1.04274,1.04343,1.04166,1.04278,67519796179.0
2025-01-07 11:00:00,1.04278,1.04282,1.04051,1.04133,67661630014.0
2025-01-07 12:00:00,1.04134,1.04168,1.03871,1.03892,68086656858.0
2025-01-07 13:00:00,1.03891,1.04052,1.03866,1.03965,67932428125.0
2025-01-07 14:00:00,1.03965,1.03975,1.03892,1.03925,68234165621.0
2025-01-07 15:00:00,1.03929,1.03929,1.03551,1.03727,68807703186.0
2025-01-07 16:00:00,1.03727,1.03811,1.03625,1.03681,68185224559.0
2025-01-07 17:00:00,1.03681,1.03738,1.03537,1.03667,67591294318.0
2025-01-07 18:00:00,1.03666,1.03692,1.03493,1.03543,67491758732.0
2025-01-07 19:00:00,1.03543,1.03596,1.03520,1.03551,67267487993.0
2025-01-07 20:00:00,1.03550,1.03560,1.03440,1.03443,67508423886.0
2025-01-07 21:00:00,1.03443,1.03443,1.03394,1.03394,66513150939.0
2025-01-07 22:00:00,1.03395,1.03426,1.03388,1.03421,65644024298.0
2025-01-07 23:00:00,1.03421,1.03449,1.03391,1.03415,66650189985.0
2025-01-08 00:00:00,1.03416,1.03492,1.03416,1.03467,67230591551.0
2025-01-08 01:00:00,1.03468,1.03529,1.03452,1.03528,67233837877.0
2025-01-08 02:00:00,1.03529,1.03547,1.03514,1.03541,66939992802.0
2025-01-08 03:00:00,1.03541,1.03541,1.03462,1.03477,66805643344.0
2025-01-08 04:00:00,1.03476,1.03520,1.03474,1.03512,66698036514.0
2025-01-08 05:00:00,1.03512,1.03557,1.03495,1.03549,66755639377.0
2025-01-08 06:00:00,1.03549,1.03575,1.03461,1.03512,67204543937.0
2025-01-08 07:00:00,1.03512,1.03513,1.03285,1.03324,68089162795.0
2025-01-08 08:00:00,1.03324,1.03397,1.03179,1.03187,68093942005.0
2025-01-08 09:00:00,1.03187,1.03263,1.03154,1.03194,67939209054.0
2025-01-08 10:00:00,1.03193,1.03211,1.03100,1.03191,67668040747.0
2025-01-08 11:00:00,1.03189,1.03198,1.02731,1.02976,68282318928.0
2025-01-08 12:00:00,1.02975,1.03001,1.02808,1.02827,68243601977.0
2025-01-08 13:00:00,1.02825,1.03042,1.02808,1.03033,68506309429.0
2025-01-08 14:00:00,1.03033,1.03075,1.02890,1.02914,68189835100.0
2025-01-08 15:00:00,1.02913,1.03098,1.02913,1.03016,68242550125.0
2025-01-08 16:00:00,1.03017,1.03144,1.02944,1.03125,68051523341.0
2025-01-08 17:00:00,1.03127,1.03133,1.02982,1.03053,67875332755.0
2025-01-08 18:00:00,1.03053,1.03158,1.03053,1.03124,67204956814.0
2025-01-08 19:00:00,1.03126,1.03242,1.03081,1.03090,67248628695.0
2025-01-08 20:00:00,1.03091,1.03167,1.03079,1.03160,66812804464.0
2025-01-08 21:00:00,1.03161,1.03196,1.03146,1.03178,65982899160.0
2025-01-08 22:00:00,1.03178,1.03181,1.03156,1.03178,61841625573.0
2025-01-08 23:00:00,1.03178,1.03186,1.03132,1.03132,65774899691.0
2025-01-09 00:00:00,1.03133,1.03147,1.03049,1.03131,67097164186.0
2025-01-09 01:00:00,1.03131,1.03173,1.03114,1.03143,67224863375.0
2025-01-09 02:00:00,1.03144,1.03200,1.03141,1.03165,66959839725.0
2025-01-09 03:00:00,1.03165,1.03214,1.03108,1.03110,66994037061.0
2025-01-09 04:00:00,1.03109,1.03123,1.03056,1.03090,66978570565.0
2025-01-09 05:00:00,1.03089,1.03125,1.03053,1.03066,67214985786.0
2025-01-09 06:00:00,1.03065,1.03082,1.02970,1.03002,67430866614.0
2025-01-09 07:00:00,1.03001,1.03082,1.02877,1.02909,67766727143.0
2025-01-09 08:00:00,1.02910,1.03076,1.02836,1.03076,68149949233.0
2025-01-09 09:00:00,1.03077,1.03175,1.03031,1.03056,67856407918.0
2025-01-09 10:00:00,1.03057,1.03124,1.02996,1.03029,67792069099.0
2025-01-09 11:00:00,1.03030,1.03044,1.02968,1.03011,67851853659.0
2025-01-09 12:00:00,1.03011,1.03049,1.02959,1.03034,67534091715.0
2025-01-09 13:00:00,1.03034,1.03190,1.03008,1.03078,67647513237.0
2025-01-09 14:00:00,1.03078,1.03145,1.03052,1.03073,67861461235.0
2025-01-09 15:00:00,1.03073,1.03095,1.02947,1.02992,67630874295.0
2025-01-09 16:00:00,1.02993,1.03010,1.02910,1.02972,67568447324.0
2025-01-09 17:00:00,1.02973,1.03017,1.02937,1.02974,67340846692.0
2025-01-09 18:00:00,1.02972,1.03024,1.02939,1.03001,66903610821.0
2025-01-09 19:00:00,1.03002,1.03020,1.02977,1.02979,66536197980.0
2025-01-09 20:00:00,1.02980,1.03035,1.02980,1.03011,65193480688.0
2025-01-09 21:00:00,1.03010,1.03010,1.02990,1.02990,59393276640.0
2025-01-09 22:00:00,1.02990,1.03015,1.02959,1.03006,64189465563.0
2025-01-09 23:00:00,1.03007,1.03013,1.02956,1.02964,64882659165.0
2025-01-10 00:00:00,1.02965,1.03002,1.02920,1.02954,66469650103.0
2025-01-10 01:00:00,1.02953,1.03044,1.02935,1.03018,66475710220.0
2025-01-10 02:00:00,1.03018,1.03037,1.02983,1.03016,66120124991.0
2025-01-10 03:00:00,1.03015,1.03032,1.02977,1.02985,65958724244.0
2025-01-10 04:00:00,1.02983,1.02998,1.02935,1.02950,65940330907.0
2025-01-10 05:00:00,1.02950,1.02974,1.02847,1.02857,66688925041.0
2025-01-10 06:00:00,1.02858,1.02882,1.02812,1.02817,67370980802.0
2025-01-10 07:00:00,1.02817,1.02972,1.02811,1.02970,67550018274.0
2025-01-10 08:00:00,1.02971,1.03118,1.02927,1.03027,67918078853.0
2025-01-10 09:00:00,1.03027,1.03058,1.02990,1.02998,67716743496.0
2025-01-10 10:00:00,1.02999,1.03057,1.02997,1.03021,67576109795.0
2025-01-10 11:00:00,1.03021,1.03052,1.02988,1.03016,67543606560.0
2025-01-10 12:00:00,1.03016,1.03093,1.02992,1.03055,67324899489.0
2025-01-10 13:00:00,1.03054,1.03118,1.02127,1.02563,68320076509.0
2025-01-10 14:00:00,1.02563,1.02727,1.02442,1.02522,68727223748.0
2025-01-10 15:00:00,1.02522,1.02787,1.02361,1.02503,68237318717.0
2025-01-10 16:00:00,1.02503,1.02511,1.02275,1.02373,67829631222.0
2025-01-10 17:00:00,1.02373,1.02506,1.02329,1.02445,67582124359.0
2025-01-10 18:00:00,1.02444,1.02460,1.02359,1.02415,67650593094.0
2025-01-10 19:00:00,1.02417,1.02489,1.02348,1.02454,67622904789.0
2025-01-10 20:00:00,1.02454,1.02458,1.02370,1.02446,67391472275.0
2025-01-10 21:00:00,1.02445,1.02488,1.02400,1.02400,66685958884.0
2025-01-12 22:00:00,1.02400,1.02464,1.02357,1.02462,62626138683.0
2025-01-12 23:00:00,1.02461,1.02468,1.02387,1.02429,66908343505.0
2025-01-13 00:00:00,1.02430,1.02452,1.02364,1.02424,67332436458.0
2025-01-13 01:00:00,1.02424,1.02499,1.02392,1.02417,67588875549.0
2025-01-13 02:00:00,1.02417,1.02451,1.02384,1.02401,67246901494.0
2025-01-13 03:00:00,1.02402,1.02404,1.02128,1.02153,67592631091.0
2025-01-13 04:00:00,1.02154,1.02198,1.02076,1.02117,67401518283.0
2025-01-13 05:00:00,1.02116,1.02203,1.02102,1.02194,67301889801.0
2025-01-13 06:00:00,1.02193,1.02248,1.02143,1.02173,67523403120.0
2025-01-13 07:00:00,1.02166,1.02235,1.02074,1.02152,68021216378.0
2025-01-13 08:00:00,1.02151,1.02312,1.02136,1.02215,68351929707.0
2025-01-13 09:00:00,1.02214,1.02239,1.01772,1.01932,68232745861.0
2025-01-13 10:00:00,1.01931,1.02074,1.01926,1.02019,67486867453.0
2025-01-13 11:00:00,1.02018,1.02040,1.01860,1.01958,67452920789.0
2025-01-13 12:00:00,1.01958,1.02061,1.01878,1.02027,67452975847.0
2025-01-13 13:00:00,1.02027,1.02207,1.01964,1.02083,67667406683.0
2025-01-13 14:00:00,1.02083,1.02126,1.02003,1.02080,67979617896.0
2025-01-13 15:00:00,1.02082,1.02088,1.01957,1.01968,67805505452.0
2025-01-13 16:00:00,1.01969,1.02174,1.01916,1.02080,67464263762.0
2025-01-13 17:00:00,1.02081,1.02195,1.02070,1.02178,67301249514.0
2025-01-13 18:00:00,1.02179,1.02213,1.02122,1.02161,67099755804.0
2025-01-13 19:00:00,1.02159,1.02161,1.02071,1.02071,66931256849.0
2025-01-13 20:00:00,1.02071,1.02175,1.02069,1.02165,66620707964.0
2025-01-13 21:00:00,1.02167,1.02466,1.02163,1.02441,66143333581.0
2025-01-13 22:00:00,1.02441,1.02727,1.02371,1.02581,66657213156.0
2025-01-13 23:00:00,1.02581,1.02774,1.02507,1.02639,66953576117.0
2025-01-14 00:00:00,1.02637,1.02637,1.02457,1.02478,67021789597.0
2025-01-14 01:00:00,1.02480,1.02499,1.02411,1.02490,67055491479.0
2025-01-14 02:00:00,1.02490,1.02502,1.02384,1.02446,67035606551.0
2025-01-14 03:00:00,1.02445,1.02552,1.02438,1.02486,66673202951.0
2025-01-14 04:00:00,1.02485,1.02550,1.02451,1.02502,66390117578.0
2025-01-14 05:00:00,1.02501,1.02516,1.02422,1.02447,66699170283.0
2025-01-14 06:00:00,1.02452,1.02532,1.02451,1.02526,66893545475.0
2025-01-14 07:00:00,1.02527,1.02660,1.02499,1.02543,67490795359.0
2025-01-14 08:00:00,1.02544,1.02748,1.02529,1.02614,67706147311.0
2025-01-14 09:00:00,1.02613,1.02664,1.02535,1.02595,67602330748.0
2025-01-14 10:00:00,1.02595,1.02635,1.02519,1.02599,67378852660.0
2025-01-14 11:00:00,1.02598,1.02631,1.02524,1.02540,67200037683.0
2025-01-14 12:00:00,1.02540,1.02551,1.02394,1.02479,67432155379.0
2025-01-14 13:00:00,1.02478,1.02731,1.02421,1.02531,68153825118.0
2025-01-14 14:00:00,1.02531,1.02748,1.02435,1.02680,68280045895.0
2025-01-14 15:00:00,1.02682,1.02958,1.02630,1.02949,67976783460.0
2025-01-14 16:00:00,1.02948,1.03043,1.02828,1.02914,67694858073.0
2025-01-14 17:00:00,1.02913,1.02913,1.02790,1.02882,67207715721.0
2025-01-14 18:00:00,1.02881,1.03003,1.02867,1.02992,66982393615.0
2025-01-14 19:00:00,1.02992,1.03054,1.02963,1.02981,66648544379.0
2025-01-14 20:00:00,1.02981,1.03086,1.02965,1.03018,66801825873.0
2025-01-14 21:00:00,1.03019,1.03082,1.03007,1.03076,66077889655.0
2025-01-14 22:00:00,1.03074,1.03074,1.03017,1.03069,56911083598.0
2025-01-14 23:00:00,1.03068,1.03081,1.03023,1.03062,64681154320.0
2025-01-15 00:00:00,1.03061,1.03061,1.02997,1.03011,66407732348.0
2025-01-15 01:00:00,1.03012,1.03048,1.02978,1.03000,66717836902.0
2025-01-15 02:00:00,1.03000,1.03014,1.02953,1.02970,66631368046.0
2025-01-15 03:00:00,1.02970,1.03021,1.02963,1.03019,66279197899.0
2025-01-15 04:00:00,1.03019,1.03025,1.02975,1.03023,66309850397.0
2025-01-15 05:00:00,1.03022,1.03052,1.02925,1.02932,66600343962.0
2025-01-15 06:00:00,1.02930,1.02986,1.02919,1.02961,66545989707.0
2025-01-15 07:00:00,1.02963,1.03081,1.02866,1.03058,67680331693.0
2025-01-15 08:00:00,1.03058,1.03171,1.02942,1.02964,67661728645.0
2025-01-15 09:00:00,1.02964,1.03131,1.02960,1.03098,67440560374.0
2025-01-15 10:00:00,1.03098,1.03140,1.03007,1.03075,67471165687.0
2025-01-15 11:00:00,1.03075,1.03122,1.02995,1.03011,67653361995.0
2025-01-15 12:00:00,1.03010,1.03066,1.02934,1.02997,67385211946.0
2025-01-15 13:00:00,1.02996,1.03544,1.02961,1.03444,68287838209.0
2025-01-15 14:00:00,1.03444,1.03456,1.03251,1.03271,68496342795.0
2025-01-15 15:00:00,1.03271,1.03309,1.02988,1.03061,68173131936.0
2025-01-15 16:00:00,1.03060,1.03077,1.02590,1.02811,68248598121.0
2025-01-15 17:00:00,1.02813,1.02931,1.02809,1.02855,67363518548.0
2025-01-15 18:00:00,1.02860,1.02929,1.02843,1.02921,67043053405.0
2025-01-15 19:00:00,1.02923,1.02946,1.02892,1.02932,66613021905.0
2025-01-15 20:00:00,1.02931,1.02988,1.02902,1.02958,66608136192.0
2025-01-15 21:00:00,1.02959,1.02962,1.02880,1.02880,63990568714.0
2025-01-15 22:00:00,1.02892,1.02939,1.02880,1.02921,59025949982.0
2025-01-15 23:00:00,1.02923,1.02954,1.02906,1.02950,66398072340.0
2025-01-16 00:00:00,1.02950,1.02998,1.02848,1.02988,66663863424.0
2025-01-16 01:00:00,1.02990,1.02995,1.02875,1.02895,67012571295.0
2025-01-16 02:00:00,1.02895,1.02930,1.02848,1.02869,66923100244.0
2025-01-16 03:00:00,1.02869,1.02889,1.02845,1.02888,66431985912.0
2025-01-16 04:00:00,1.02888,1.02937,1.02853,1.02869,66362554453.0
2025-01-16 05:00:00,1.02870,1.02871,1.02809,1.02824,66969531848.0
2025-01-16 06:00:00,1.02823,1.02895,1.02822,1.02888,67250634755.0
2025-01-16 07:00:00,1.02888,1.03014,1.02859,1.02975,67561628959.0
2025-01-16 08:00:00,1.02976,1.02999,1.02879,1.02959,67913648374.0
2025-01-16 09:00:00,1.02960,1.02988,1.02816,1.02860,67782205438.0
2025-01-16 10:00:00,1.02861,1.02961,1.02827,1.02855,67673106351.0
2025-01-16 11:00:00,1.02854,1.02919,1.02839,1.02901,67546173930.0
2025-01-16 12:00:00,1.02900,1.02901,1.02640,1.02717,67982999717.0
2025-01-16 13:00:00,1.02718,1.02851,1.02604,1.02814,68404463284.0
2025-01-16 14:00:00,1.02814,1.02838,1.02678,1.02791,68016703080.0
2025-01-16 15:00:00,1.02791,1.03056,1.02741,1.03008,68097232735.0
2025-01-16 16:00:00,1.03009,1.03115,1.02861,1.03022,68227776758.0
2025-01-16 17:00:00,1.03024,1.03149,1.02943,1.02964,67701056308.0
2025-01-16 18:00:00,1.02962,1.03027,1.02934,1.03002,67510913271.0
2025-01-16 19:00:00,1.03000,1.03077,1.02976,1.03019,66914720153.0
2025-01-16 20:00:00,1.03017,1.03037,1.02971,1.03000,66667135633.0
2025-01-16 21:00:00,1.02999,1.03034,1.02966,1.02990,65242683145.0
2025-01-16 22:00:00,1.02996,1.03021,1.02979,1.03008,61680960144.0
2025-01-16 23:00:00,1.03012,1.03042,1.02999,1.03014,64846854883.0
2025-01-17 00:00:00,1.03012,1.03067,1.02979,1.03047,66522797178.0
2025-01-17 01:00:00,1.03048,1.03093,1.03014,1.03049,66694749226.0
2025-01-17 02:00:00,1.03050,1.03090,1.03029,1.03033,66764159057.0
2025-01-17 03:00:00,1.03032,1.03049,1.02999,1.03005,65433281492.0
2025-01-17 04:00:00,1.03005,1.03009,1.02918,1.02936,66187322982.0
2025-01-17 05:00:00,1.02937,1.02951,1.02874,1.02932,66627855975.0
2025-01-17 06:00:00,1.02933,1.02938,1.02851,1.02904,67100776202.0
2025-01-17 07:00:00,1.02903,1.02909,1.02776,1.02844,67812306126.0
2025-01-17 08:00:00,1.02844,1.02986,1.02844,1.02969,67359935695.0
2025-01-17 09:00:00,1.02969,1.03040,1.02892,1.02964,67835922019.0
2025-01-17 10:00:00,1.02968,1.03060,1.02965,1.03036,67577492602.0
2025-01-17 11:00:00,1.03037,1.03100,1.02989,1.03045,67535931472.0
2025-01-17 12:00:00,1.03045,1.03064,1.02902,1.02929,67939139744.0
2025-01-17 13:00:00,1.02930,1.02995,1.02854,1.02901,68023590916.0
2025-01-17 14:00:00,1.02902,1.03023,1.02652,1.02985,68315541910.0
2025-01-17 15:00:00,1.02984,1.03306,1.02954,1.02989,68227016539.0
2025-01-17 16:00:00,1.02988,1.03003,1.02818,1.02861,68083569134.0
2025-01-17 17:00:00,1.02861,1.02910,1.02789,1.02807,67709169498.0
2025-01-17 18:00:00,1.02806,1.02920,1.02790,1.02810,67409977344.0
2025-01-17 19:00:00,1.02809,1.02841,1.02727,1.02761,67380243336.0
2025-01-17 20:00:00,1.02762,1.02815,1.02737,1.02753,67204108782.0
2025-01-17 21:00:00,1.02753,1.02753,1.02681,1.02710,66671384655.0
2025-01-19 22:00:00,1.02710,1.02812,1.02710,1.02773,60418860646.0
2025-01-19 23:00:00,1.02775,1.02807,1.02663,1.02804,66970041710.0
2025-01-20 00:00:00,1.02805,1.02901,1.02782,1.02865,67335409501.0
2025-01-20 01:00:00,1.02864,1.02929,1.02791,1.02906,67476723791.0
2025-01-20 02:00:00,1.02905,1.02922,1.02868,1.02909,67365860806.0
2025-01-20 03:00:00,1.02908,1.03064,1.02908,1.03062,67334080099.0
2025-01-20 04:00:00,1.03063,1.03071,1.03018,1.03042,67055190015.0
2025-01-20 05:00:00,1.03043,1.03063,1.03017,1.03024,67054513684.0
2025-01-20 06:00:00,1.03024,1.03188,1.02994,1.03103,67200270342.0
2025-01-20 07:00:00,1.03103,1.03184,1.03057,1.03167,67268746283.0
2025-01-20 08:00:00,1.03167,1.03175,1.03068,1.03098,67512725013.0
2025-01-20 09:00:00,1.03097,1.03168,1.03050,1.03061,67994923830.0
2025-01-20 10:00:00,1.03062,1.03223,1.03062,1.03149,67673863129.0
2025-01-20 11:00:00,1.03150,1.03263,1.03130,1.03260,67496260729.0
2025-01-20 12:00:00,1.03261,1.03264,1.03149,1.03202,67607597875.0
2025-01-20 13:00:00,1.03200,1.03999,1.03077,1.03980,67983633860.0
2025-01-20 14:00:00,1.03980,1.04300,1.03793,1.04148,68183685978.0
2025-01-20 15:00:00,1.04147,1.04298,1.03848,1.04003,67989483683.0
2025-01-20 16:00:00,1.04005,1.04056,1.03906,1.03983,67347550697.0
2025-01-20 17:00:00,1.03982,1.04021,1.03534,1.03854,67606161164.0
2025-01-20 18:00:00,1.03853,1.03966,1.03832,1.03965,66619355958.0
2025-01-20 19:00:00,1.03964,1.04230,1.03904,1.04207,66300817241.0
2025-01-20 20:00:00,1.04206,1.04342,1.04118,1.04159,66861565541.0
2025-01-20 21:00:00,1.04160,1.04191,1.04097,1.04155,66457112410.0
2025-01-20 22:00:00,1.04156,1.04172,1.04106,1.04125,61026607431.0
2025-01-20 23:00:00,1.04136,1.04255,1.04108,1.04208,67016339945.0
2025-01-21 00:00:00,1.04209,1.04343,1.03528,1.03621,67862704620.0
2025-01-21 01:00:00,1.03620,1.03976,1.03556,1.03700,67977910844.0
2025-01-21 02:00:00,1.03700,1.03902,1.03690,1.03876,67438699153.0
2025-01-21 03:00:00,1.03877,1.04008,1.03852,1.03874,67077352326.0
2025-01-21 04:00:00,1.03874,1.03989,1.03849,1.03897,66758364361.0
2025-01-21 05:00:00,1.03897,1.03920,1.03773,1.03787,66754657647.0
2025-01-21 06:00:00,1.03789,1.03814,1.03665,1.03690,67013045452.0
2025-01-21 07:00:00,1.03687,1.03861,1.03651,1.03734,67347174525.0
2025-01-21 08:00:00,1.03734,1.03734,1.03501,1.03607,67558826640.0
2025-01-21 09:00:00,1.03606,1.03637,1.03420,1.03533,67631646968.0
2025-01-21 10:00:00,1.03532,1.03595,1.03430,1.03528,67673455005.0
2025-01-21 11:00:00,1.03528,1.03579,1.03428,1.03533,67365685493.0
2025-01-21 12:00:00,1.03532,1.03581,1.03456,1.03540,67571284709.0
2025-01-21 13:00:00,1.03541,1.03778,1.03527,1.03777,67665813995.0
2025-01-21 14:00:00,1.03780,1.03984,1.03728,1.03868,67847247299.0
2025-01-21 15:00:00,1.03867,1.04104,1.03786,1.04006,67861314598.0
2025-01-21 16:00:00,1.04005,1.04227,1.03984,1.04223,67595200430.0
2025-01-21 17:00:00,1.04223,1.04299,1.04211,1.04211,67344935808.0
2025-01-21 18:00:00,1.04211,1.04353,1.04197,1.04289,67012800020.0
2025-01-21 19:00:00,1.04289,1.04305,1.04160,1.04179,66838617785.0
2025-01-21 20:00:00,1.04178,1.04215,1.04157,1.04199,66782293196.0
2025-01-21 21:00:00,1.04199,1.04296,1.04188,1.04253,66151135965.0
2025-01-21 22:00:00,1.04228,1.04334,1.04214,1.04261,66146781757.0
2025-01-21 23:00:00,1.04260,1.04273,1.03921,1.04057,67169971649.0
2025-01-22 00:00:00,1.04057,1.04245,1.04057,1.04230,66866732074.0
2025-01-22 01:00:00,1.04230,1.04231,1.04075,1.04095,67018744134.0
2025-01-22 02:00:00,1.04095,1.04162,1.04061,1.04136,66806680781.0
2025-01-22 03:00:00,1.04136,1.04156,1.04100,1.04119,66492328838.0
2025-01-22 04:00:00,1.04119,1.04213,1.04113,1.04171,66450418565.0
2025-01-22 05:00:00,1.04170,1.04179,1.04082,1.04156,66479533587.0
2025-01-22 06:00:00,1.04156,1.04185,1.03998,1.04036,67057538499.0
2025-01-22 07:00:00,1.04037,1.04196,1.04033,1.04117,67326820354.0
2025-01-22 08:00:00,1.04117,1.04239,1.04095,1.04230,67722346332.0
2025-01-22 09:00:00,1.04232,1.04473,1.04199,1.04463,67802804713.0
2025-01-22 10:00:00,1.04464,1.04573,1.04426,1.04499,67647480792.0
2025-01-22 11:00:00,1.04498,1.04562,1.04404,1.04427,67353805454.0
2025-01-22 12:00:00,1.04426,1.04427,1.04310,1.04380,67413789574.0
2025-01-22 13:00:00,1.04382,1.04457,1.04221,1.04316,67616381335.0
2025-01-22 14:00:00,1.04314,1.04319,1.04141,1.04244,67987594035.0
2025-01-22 15:00:00,1.04244,1.04249,1.04147,1.04199,67890247109.0
2025-01-22 16:00:00,1.04198,1.04226,1.04121,1.04194,67488884652.0
2025-01-22 17:00:00,1.04195,1.04203,1.04119,1.04169,67263255347.0
2025-01-22 18:00:00,1.04170,1.04210,1.04117,1.04160,67169220366.0
2025-01-22 19:00:00,1.04161,1.04227,1.04155,1.04201,66855774453.0
2025-01-22 20:00:00,1.04200,1.04228,1.04110,1.04121,66982071335.0
2025-01-22 21:00:00,1.04123,1.04131,1.04077,1.04077,66438181197.0
2025-01-22 22:00:00,1.04072,1.04109,1.04061,1.04071,57524145355.0
2025-01-22 23:00:00,1.04071,1.04090,1.04052,1.04077,66065743219.0
2025-01-23 00:00:00,1.04076,1.04116,1.04067,1.04103,66639621651.0
2025-01-23 01:00:00,1.04102,1.04158,1.04019,1.04035,67123072205.0
2025-01-23 02:00:00,1.04035,1.04061,1.03967,1.04035,67059531123.0
2025-01-23 03:00:00,1.04035,1.04090,1.04029,1.04088,66659914875.0
2025-01-23 04:00:00,1.04086,1.04127,1.04086,1.04107,66498023924.0
2025-01-23 05:00:00,1.04107,1.04115,1.04041,1.04051,66644705938.0
2025-01-23 06:00:00,1.04050,1.04120,1.04028,1.04033,66972353167.0
2025-01-23 07:00:00,1.04033,1.04054,1.03899,1.04000,67472383015.0
2025-01-23 08:00:00,1.03999,1.04022,1.03902,1.03939,67500041175.0
2025-01-23 09:00:00,1.03939,1.04147,1.03933,1.04115,67505671701.0
2025-01-23 10:00:00,1.04116,1.04203,1.04098,1.04112,67331108046.0
2025-01-23 11:00:00,1.04111,1.04140,1.04011,1.04031,67365732677.0
2025-01-23 12:00:00,1.04032,1.04060,1.03940,1.04035,67456362742.0
2025-01-23 13:00:00,1.04036,1.04149,1.03972,1.04107,67924316655.0
2025-01-23 14:00:00,1.04107,1.04179,1.04057,1.04086,67625301113.0
2025-01-23 15:00:00,1.04088,1.04097,1.03869,1.03972,67917327399.0
2025-01-23 16:00:00,1.03973,1.04290,1.03719,1.04193,68148661698.0
2025-01-23 17:00:00,1.04190,1.04378,1.04136,1.04351,67549194159.0
2025-01-23 18:00:00,1.04352,1.04369,1.04217,1.04238,67460762503.0
2025-01-23 19:00:00,1.04237,1.04264,1.04197,1.04227,66986948035.0
2025-01-23 20:00:00,1.04227,1.04289,1.04158,1.04172,67112655913.0
2025-01-23 21:00:00,1.04172,1.04191,1.04126,1.04148,64167601767.0
2025-01-23 22:00:00,1.04140,1.04179,1.04131,1.04163,63680027034.0
2025-01-23 23:00:00,1.04166,1.04175,1.04143,1.04156,66047140172.0
2025-01-24 00:00:00,1.04155,1.04230,1.04133,1.04190,66710359243.0
2025-01-24 01:00:00,1.04192,1.04201,1.04115,1.04157,67047118602.0
2025-01-24 02:00:00,1.04158,1.04489,1.04158,1.04486,67493380749.0
2025-01-24 03:00:00,1.04485,1.04537,1.04364,1.04460,67585047267.0
2025-01-24 04:00:00,1.04459,1.04513,1.04434,1.04472,67095656533.0
2025-01-24 05:00:00,1.04471,1.04537,1.04436,1.04513,67012967137.0
2025-01-24 06:00:00,1.04512,1.04708,1.04492,1.04572,67407062300.0
2025-01-24 07:00:00,1.04572,1.04647,1.04471,1.04608,67640143381.0
2025-01-24 08:00:00,1.04608,1.04952,1.04577,1.04931,67936474889.0
2025-01-24 09:00:00,1.04931,1.05150,1.04907,1.04942,67886609859.0
2025-01-24 10:00:00,1.04944,1.04977,1.04860,1.04890,67456456783.0
2025-01-24 11:00:00,1.04891,1.04930,1.04811,1.04859,67234878587.0
2025-01-24 12:00:00,1.04858,1.04875,1.04732,1.04736,67389938074.0
2025-01-24 13:00:00,1.04737,1.04797,1.04636,1.04685,67564343131.0
2025-01-24 14:00:00,1.04683,1.04940,1.04671,1.04916,67774948146.0
2025-01-24 15:00:00,1.04916,1.05206,1.04894,1.05162,68061425992.0
2025-01-24 16:00:00,1.05162,1.05203,1.05054,1.05145,67761894032.0
2025-01-24 17:00:00,1.05143,1.05213,1.05097,1.05109,67418876479.0
2025-01-24 18:00:00,1.05109,1.05118,1.04939,1.04950,67054080489.0
2025-01-24 19:00:00,1.04952,1.04985,1.04920,1.04952,66884224942.0
2025-01-24 20:00:00,1.04952,1.04961,1.04881,1.04945,66753762430.0
2025-01-24 21:00:00,1.04948,1.04972,1.04891,1.04919,66195012811.0
2025-01-26 22:00:00,1.04763,1.04846,1.04753,1.04820,65647772957.0
2025-01-26 23:00:00,1.04826,1.04851,1.04651,1.04673,66779672740.0
2025-01-27 00:00:00,1.04673,1.04762,1.04652,1.04727,67016260651.0
2025-01-27 01:00:00,1.04726,1.04787,1.04610,1.04628,67335895121.0
2025-01-27 02:00:00,1.04627,1.04665,1.04588,1.04659,66963896403.0
2025-01-27 03:00:00,1.04659,1.04774,1.04632,1.04684,67079835159.0
2025-01-27 04:00:00,1.04685,1.04688,1.04598,1.04632,66895151756.0
2025-01-27 05:00:00,1.04632,1.04645,1.04558,1.04628,67171911925.0
2025-01-27 06:00:00,1.04628,1.04653,1.04569,1.04591,67049743977.0
2025-01-27 07:00:00,1.04593,1.04711,1.04539,1.04570,67628894454.0
2025-01-27 08:00:00,1.04568,1.04886,1.04543,1.04873,67879818199.0
2025-01-27 09:00:00,1.04874,1.04936,1.04751,1.04886,67901234379.0
2025-01-27 10:00:00,1.04886,1.05089,1.04886,1.05055,67887601420.0
2025-01-27 11:00:00,1.05053,1.05180,1.05044,1.05129,67748030223.0
2025-01-27 12:00:00,1.05129,1.05278,1.05088,1.05213,67550811584.0
2025-01-27 13:00:00,1.05211,1.05330,1.05096,1.05198,68091861725.0
2025-01-27 14:00:00,1.05197,1.05243,1.05077,1.05092,67829995930.0
2025-01-27 15:00:00,1.05092,1.05097,1.04938,1.04989,68046245883.0
2025-01-27 16:00:00,1.04989,1.05076,1.04890,1.04906,67929614746.0
2025-01-27 17:00:00,1.04906,1.04946,1.04846,1.04885,67514088817.0
2025-01-27 18:00:00,1.04884,1.04941,1.04816,1.04846,67487288194.0
2025-01-27 19:00:00,1.04848,1.04927,1.04791,1.04925,67322765640.0
2025-01-27 20:00:00,1.04926,1.04942,1.04872,1.04879,67459081337.0
2025-01-27 21:00:00,1.04878,1.04922,1.04858,1.04911,66243491265.0
2025-01-27 22:00:00,1.04911,1.04932,1.04871,1.04883,65603429334.0
2025-01-27 23:00:00,1.04883,1.04888,1.04283,1.04369,67662320108.0
2025-01-28 00:00:00,1.04369,1.04517,1.04322,1.04451,67478967909.0
2025-01-28 01:00:00,1.04452,1.04564,1.04298,1.04377,67266893906.0
2025-01-28 02:00:00,1.04370,1.04414,1.04244,1.04336,67154245389.0
2025-01-28 03:00:00,1.04335,1.04393,1.04290,1.04292,67038937091.0
2025-01-28 04:00:00,1.04291,1.04344,1.04254,1.04335,66894058623.0
2025-01-28 05:00:00,1.04335,1.04389,1.04332,1.04363,66565202245.0
2025-01-28 06:00:00,1.04362,1.04442,1.04336,1.04374,66938051299.0
2025-01-28 07:00:00,1.04375,1.04428,1.04279,1.04341,67404207227.0
2025-01-28 08:00:00,1.04341,1.04357,1.04194,1.04251,67669469262.0
2025-01-28 09:00:00,1.04254,1.04441,1.04224,1.04351,67664547346.0
2025-01-28 10:00:00,1.04351,1.04373,1.04247,1.04247,67223293459.0
2025-01-28 11:00:00,1.04247,1.04325,1.04226,1.04232,67185784914.0
2025-01-28 12:00:00,1.04235,1.04255,1.04137,1.04200,67506890670.0
2025-01-28 13:00:00,1.04200,1.04311,1.04171,1.04247,67706805945.0
2025-01-28 14:00:00,1.04245,1.04409,1.04240,1.04315,67755788535.0
2025-01-28 15:00:00,1.04312,1.04394,1.04209,1.04240,67685235919.0
2025-01-28 16:00:00,1.04241,1.04328,1.04224,1.04260,67782862928.0
2025-01-28 17:00:00,1.04260,1.04346,1.04246,1.04278,67211185682.0
2025-01-28 18:00:00,1.04280,1.04381,1.04231,1.04263,67337656810.0
2025-01-28 19:00:00,1.04262,1.04365,1.04225,1.04348,67285868543.0
2025-01-28 20:00:00,1.04349,1.04354,1.04294,1.04313,67058740752.0
2025-01-28 21:00:00,1.04313,1.04339,1.04298,1.04298,66610519083.0
2025-01-28 22:00:00,1.04298,1.04298,1.04237,1.04284,61799441366.0
2025-01-28 23:00:00,1.04283,1.04299,1.04263,1.04271,65873333450.0
2025-01-29 00:00:00,1.04272,1.04342,1.04267,1.04301,66601745452.0
2025-01-29 01:00:00,1.04300,1.04340,1.04270,1.04271,66653694200.0
2025-01-29 02:00:00,1.04270,1.04355,1.04256,1.04337,66696938782.0
2025-01-29 03:00:00,1.04338,1.04390,1.04311,1.04372,67041338331.0
2025-01-29 04:00:00,1.04373,1.04424,1.04372,1.04384,66776829135.0
2025-01-29 05:00:00,1.04383,1.04408,1.04354,1.04402,66477861110.0
2025-01-29 06:00:00,1.04403,1.04434,1.04364,1.04371,66887193392.0
2025-01-29 07:00:00,1.04369,1.04377,1.04131,1.04158,67456795279.0
2025-01-29 08:00:00,1.04168,1.04303,1.04167,1.04241,67456529205.0
2025-01-29 09:00:00,1.04240,1.04246,1.04020,1.04035,67432662628.0
2025-01-29 10:00:00,1.04037,1.04082,1.03947,1.04035,67488298105.0
2025-01-29 11:00:00,1.04036,1.04081,1.03972,1.04014,67291944056.0
2025-01-29 12:00:00,1.04014,1.04047,1.03935,1.04040,67479953734.0
2025-01-29 13:00:00,1.04040,1.04056,1.03822,1.03876,67788935006.0
2025-01-29 14:00:00,1.03876,1.04016,1.03862,1.04012,67628178146.0
2025-01-29 15:00:00,1.04011,1.04270,1.03945,1.04193,67789619200.0
2025-01-29 16:00:00,1.04193,1.04238,1.04113,1.04156,67814167674.0
2025-01-29 17:00:00,1.04156,1.04283,1.04152,1.04212,67452097821.0
2025-01-29 18:00:00,1.04213,1.04244,1.04149,1.04196,67237914049.0
2025-01-29 19:00:00,1.04196,1.04288,1.03883,1.04160,68302820148.0
2025-01-29 20:00:00,1.04157,1.04254,1.04048,1.04103,67952521053.0
2025-01-29 21:00:00,1.04102,1.04213,1.04087,1.04207,66878049157.0
2025-01-29 22:00:00,1.04203,1.04211,1.04149,1.04207,61740183716.0
2025-01-29 23:00:00,1.04211,1.04271,1.04180,1.04245,65271941036.0
2025-01-30 00:00:00,1.04244,1.04288,1.04238,1.04260,66236781691.0
2025-01-30 01:00:00,1.04258,1.04260,1.04188,1.04198,66474988010.0
2025-01-30 02:00:00,1.04201,1.04266,1.04196,1.04230,66639922464.0
2025-01-30 03:00:00,1.04229,1.04264,1.04222,1.04252,66639833336.0
2025-01-30 04:00:00,1.04251,1.04276,1.04175,1.04189,66665434320.0
2025-01-30 05:00:00,1.04188,1.04219,1.04175,1.04217,66548856257.0
2025-01-30 06:00:00,1.04219,1.04225,1.04106,1.04138,66978840577.0
2025-01-30 07:00:00,1.04138,1.04237,1.04093,1.04236,67111087636.0
2025-01-30 08:00:00,1.04237,1.04288,1.04159,1.04214,67618157528.0
2025-01-30 09:00:00,1.04214,1.04224,1.04019,1.04074,67517923985.0
2025-01-30 10:00:00,1.04070,1.04121,1.03958,1.04006,67494810747.0
2025-01-30 11:00:00,1.04005,1.04006,1.03911,1.03917,67446478936.0
2025-01-30 12:00:00,1.03917,1.04057,1.03901,1.04033,67432524022.0
2025-01-30 13:00:00,1.04035,1.04597,1.04012,1.04564,67917965805.0
2025-01-30 14:00:00,1.04560,1.04677,1.04191,1.04280,68019858389.0
2025-01-30 15:00:00,1.04285,1.04422,1.04268,1.04311,67811736943.0
2025-01-30 16:00:00,1.04313,1.04346,1.04170,1.04194,67402075340.0
2025-01-30 17:00:00,1.04194,1.04233,1.04093,1.04168,67296316622.0
2025-01-30 18:00:00,1.04171,1.04253,1.04156,1.04248,66890753636.0
2025-01-30 19:00:00,1.04249,1.04300,1.04229,1.04280,67209673114.0
2025-01-30 20:00:00,1.04281,1.04322,1.03861,1.04073,67721483019.0
2025-01-30 21:00:00,1.04071,1.04140,1.03868,1.03879,67223942924.0
2025-01-30 22:00:00,1.03879,1.03932,1.03856,1.03867,65788363075.0
2025-01-30 23:00:00,1.03872,1.03980,1.03850,1.03966,66351476243.0
2025-01-31 00:00:00,1.03968,1.04022,1.03850,1.03866,66703087373.0
2025-01-31 01:00:00,1.03865,1.03924,1.03768,1.03884,67175225918.0
2025-01-31 02:00:00,1.03885,1.03948,1.03866,1.03894,67041764309.0
2025-01-31 03:00:00,1.03894,1.03913,1.03835,1.03848,66824090418.0
2025-01-31 04:00:00,1.03848,1.03898,1.03826,1.03873,66676132417.0
2025-01-31 05:00:00,1.03872,1.03907,1.03845,1.03887,66677155431.0
2025-01-31 06:00:00,1.03888,1.03953,1.03873,1.03944,66827015292.0
2025-01-31 07:00:00,1.03944,1.04125,1.03911,1.04040,67438907223.0
2025-01-31 08:00:00,1.04039,1.04066,1.03807,1.03841,67567717579.0
2025-01-31 09:00:00,1.03841,1.03850,1.03652,1.03834,67837675842.0
2025-01-31 10:00:00,1.03833,1.03839,1.03736,1.03762,67488748009.0
2025-01-31 11:00:00,1.03764,1.03800,1.03718,1.03757,67247534242.0
2025-01-31 12:00:00,1.03758,1.03856,1.03744,1.03824,67128270517.0
2025-01-31 13:00:00,1.03825,1.03952,1.03766,1.03820,67729595924.0
2025-01-31 14:00:00,1.03823,1.03825,1.03667,1.03684,68065730068.0
2025-01-31 15:00:00,1.03686,1.04006,1.03601,1.03962,67996811183.0
2025-01-31 16:00:00,1.03964,1.04073,1.03859,1.03996,67705952008.0
2025-01-31 17:00:00,1.03995,1.04340,1.03901,1.04197,67997202761.0
2025-01-31 18:00:00,1.04198,1.04217,1.03614,1.03696,68018359171.0
2025-01-31 19:00:00,1.03696,1.03789,1.03643,1.03763,67839469820.0
2025-01-31 20:00:00,1.03763,1.03817,1.03626,1.03734,67408607092.0
2025-01-31 21:00:00,1.03735,1.03870,1.03496,1.03602,67529455869.0
2025-02-02 22:00:00,1.02327,1.02572,1.02324,1.02508,66818942895.0
2025-02-02 23:00:00,1.02509,1.02698,1.02344,1.02467,67886814658.0
2025-02-03 00:00:00,1.02467,1.02671,1.02103,1.02316,67911537785.0
2025-02-03 01:00:00,1.02317,1.02520,1.02217,1.02375,67750344126.0
2025-02-03 02:00:00,1.02376,1.02377,1.02207,1.02234,67586277704.0
2025-02-03 03:00:00,1.02235,1.02247,1.02120,1.02211,67314564464.0
2025-02-03 04:00:00,1.02211,1.02394,1.02203,1.02264,67279208121.0
2025-02-03 05:00:00,1.02266,1.02432,1.02255,1.02402,67229029496.0
2025-02-03 06:00:00,1.02400,1.02515,1.02394,1.02428,67285037220.0
2025-02-03 07:00:00,1.02428,1.02491,1.02217,1.02247,67637122499.0
2025-02-03 08:00:00,1.02248,1.02510,1.02126,1.02433,67759892069.0
2025-02-03 09:00:00,1.02433,1.02543,1.02255,1.02303,67427741861.0
2025-02-03 10:00:00,1.02304,1.02442,1.02298,1.02435,67307398757.0
2025-02-03 11:00:00,1.02434,1.02557,1.02362,1.02522,67263294997.0
2025-02-03 12:00:00,1.02521,1.02778,1.02514,1.02576,67734258156.0
2025-02-03 13:00:00,1.02574,1.02874,1.02574,1.02638,67882676140.0
2025-02-03 14:00:00,1.02636,1.02657,1.02471,1.02503,67776562791.0
2025-02-03 15:00:00,1.02501,1.03351,1.02434,1.03161,68501890417.0
2025-02-03 16:00:00,1.03162,1.03212,1.02726,1.02757,68121373163.0
2025-02-03 17:00:00,1.02759,1.03027,1.02714,1.02792,67815775929.0
2025-02-03 18:00:00,1.02793,1.02873,1.02699,1.02783,67703452794.0
2025-02-03 19:00:00,1.02782,1.02968,1.02782,1.02843,67229418783.0
2025-02-03 20:00:00,1.02844,1.02991,1.02826,1.02951,66883220271.0
2025-02-03 21:00:00,1.02952,1.03497,1.02926,1.03425,67222276173.0
2025-02-03 22:00:00,1.03423,1.03459,1.03296,1.03410,64731117656.0
2025-02-03 23:00:00,1.03413,1.03503,1.03262,1.03279,66826338959.0
2025-02-04 00:00:00,1.03279,1.03309,1.03160,1.03177,66718188178.0
2025-02-04 01:00:00,1.03175,1.03224,1.03083,1.03218,67277570701.0
2025-02-04 02:00:00,1.03216,1.03238,1.03164,1.03218,67220340735.0
2025-02-04 03:00:00,1.03218,1.03238,1.03115,1.03146,67159062610.0
2025-02-04 04:00:00,1.03148,1.03150,1.03057,1.03057,66961850368.0
2025-02-04 05:00:00,1.03056,1.03057,1.02721,1.02929,67716455304.0
2025-02-04 06:00:00,1.02930,1.03074,1.02920,1.03065,67126952594.0
2025-02-04 07:00:00,1.03064,1.03171,1.02997,1.03110,67217887723.0
2025-02-04 08:00:00,1.03111,1.03351,1.03087,1.03342,67654843108.0
2025-02-04 09:00:00,1.03341,1.03494,1.03320,1.03385,67507992002.0
2025-02-04 10:00:00,1.03383,1.03432,1.03251,1.03348,67311536698.0
2025-02-04 11:00:00,1.03349,1.03351,1.03219,1.03221,67180439797.0
2025-02-04 12:00:00,1.03220,1.03283,1.03201,1.03251,67412432326.0
2025-02-04 13:00:00,1.03250,1.03403,1.03236,1.03403,67422888590.0
2025-02-04 14:00:00,1.03404,1.03661,1.03399,1.03594,67650695657.0
2025-02-04 15:00:00,1.03592,1.03857,1.03576,1.03799,68061447129.0
2025-02-04 16:00:00,1.03800,1.03872,1.03731,1.03781,67740943648.0
2025-02-04 17:00:00,1.03782,1.03787,1.03656,1.03765,67570697503.0
2025-02-04 18:00:00,1.03765,1.03860,1.03742,1.03808,67068144516.0
2025-02-04 19:00:00,1.03812,1.03852,1.03769,1.03816,66995084983.0
2025-02-04 20:00:00,1.03817,1.03857,1.03790,1.03852,66859937300.0
2025-02-04 21:00:00,1.03851,1.03874,1.03777,1.03783,66458588939.0
2025-02-04 22:00:00,1.03783,1.03798,1.03727,1.03780,64762204650.0
2025-02-04 23:00:00,1.03780,1.03802,1.03707,1.03712,66211946172.0
2025-02-05 00:00:00,1.03712,1.03817,1.03696,1.03786,66702869791.0
2025-02-05 01:00:00,1.03787,1.03864,1.03720,1.03732,67242820239.0
2025-02-05 02:00:00,1.03733,1.03848,1.03728,1.03843,67247093185.0
2025-02-05 03:00:00,1.03843,1.03860,1.03791,1.03794,66988921981.0
2025-02-05 04:00:00,1.03795,1.03822,1.03760,1.03784,66700457408.0
2025-02-05 05:00:00,1.03784,1.03785,1.03732,1.03777,66901218424.0
2025-02-05 06:00:00,1.03775,1.03937,1.03740,1.03848,67096761466.0
2025-02-05 07:00:00,1.03847,1.04096,1.03819,1.04025,67399784855.0
2025-02-05 08:00:00,1.04024,1.04082,1.03899,1.04037,67624780593.0
2025-02-05 09:00:00,1.04036,1.04174,1.04014,1.04037,67482883522.0
2025-02-05 10:00:00,1.04038,1.04304,1.04017,1.04250,67511211129.0
2025-02-05 11:00:00,1.04249,1.04252,1.04114,1.04147,67220533409.0
2025-02-05 12:00:00,1.04144,1.04218,1.04106,1.04188,67320051464.0
2025-02-05 13:00:00,1.04189,1.04256,1.04013,1.04076,67726351728.0
2025-02-05 14:00:00,1.04079,1.04261,1.04060,1.04232,67732938095.0
2025-02-05 15:00:00,1.04269,1.04424,1.04149,1.04221,67996507502.0
2025-02-05 16:00:00,1.04220,1.04245,1.04102,1.04179,67559834912.0
2025-02-05 17:00:00,1.04181,1.04241,1.04102,1.04198,67058475335.0
2025-02-05 18:00:00,1.04196,1.04215,1.04140,1.04153,66785188252.0
2025-02-05 19:00:00,1.04154,1.04166,1.04044,1.04069,67041114192.0
2025-02-05 20:00:00,1.04068,1.04069,1.04009,1.04045,66715980924.0
2025-02-05 21:00:00,1.04045,1.04066,1.03967,1.04021,66421790479.0
2025-02-05 22:00:00,1.04020,1.04046,1.03959,1.04041,63150122592.0
2025-02-05 23:00:00,1.04039,1.04058,1.03969,1.03985,66275229041.0
2025-02-06 00:00:00,1.03985,1.04021,1.03948,1.03973,66618116012.0
2025-02-06 01:00:00,1.03973,1.04043,1.03951,1.04023,67047863091.0
2025-02-06 02:00:00,1.04022,1.04053,1.03908,1.03949,66961439458.0
2025-02-06 03:00:00,1.03949,1.03961,1.03895,1.03918,66564286708.0
2025-02-06 04:00:00,1.03918,1.03937,1.03852,1.03869,66563913811.0
2025-02-06 05:00:00,1.03868,1.03901,1.03858,1.03861,66709701262.0
2025-02-06 06:00:00,1.03864,1.03923,1.03854,1.03899,66945674775.0
2025-02-06 07:00:00,1.03900,1.03912,1.03779,1.03799,67171553120.0
2025-02-06 08:00:00,1.03798,1.03808,1.03559,1.03647,67591837451.0
2025-02-06 09:00:00,1.03649,1.03677,1.03561,1.03592,67198413701.0
2025-02-06 10:00:00,1.03592,1.03662,1.03557,1.03623,67111535248.0
2025-02-06 11:00:00,1.03622,1.03676,1.03578,1.03617,67253093665.0
2025-02-06 12:00:00,1.03619,1.03639,1.03523,1.03617,67680196198.0
2025-02-06 13:00:00,1.03616,1.03673,1.03532,1.03601,67641363661.0
2025-02-06 14:00:00,1.03601,1.03746,1.03595,1.03620,67528933702.0
2025-02-06 15:00:00,1.03621,1.03762,1.03610,1.03692,67652862607.0
2025-02-06 16:00:00,1.03692,1.03762,1.03666,1.03666,67448496455.0
2025-02-06 17:00:00,1.03666,1.03803,1.03657,1.03791,67057804906.0
2025-02-06 18:00:00,1.03789,1.03964,1.03736,1.03893,67388847224.0
2025-02-06 19:00:00,1.03891,1.03912,1.03801,1.03845,66880265915.0
2025-02-06 20:00:00,1.03844,1.03906,1.03838,1.03888,66749058253.0
2025-02-06 21:00:00,1.03883,1.03891,1.03820,1.03827,64957478865.0
2025-02-06 22:00:00,1.03826,1.03853,1.03815,1.03827,63904427539.0
2025-02-06 23:00:00,1.03822,1.03866,1.03822,1.03850,64348536174.0
2025-02-07 00:00:00,1.03849,1.03909,1.03773,1.03775,66755441459.0
2025-02-07 01:00:00,1.03780,1.03867,1.03741,1.03837,67098135754.0
2025-02-07 02:00:00,1.03836,1.03860,1.03807,1.03838,67115239342.0
2025-02-07 03:00:00,1.03841,1.03848,1.03770,1.03796,66751107564.0
2025-02-07 04:00:00,1.03796,1.03833,1.03755,1.03810,66588232913.0
2025-02-07 05:00:00,1.03809,1.03813,1.03738,1.03749,66931982335.0
2025-02-07 06:00:00,1.03748,1.03772,1.03724,1.03756,66803806368.0
2025-02-07 07:00:00,1.03756,1.03899,1.03739,1.03891,67111865877.0
2025-02-07 08:00:00,1.03890,1.03997,1.03852,1.03977,67196584590.0
2025-02-07 09:00:00,1.03977,1.03991,1.03896,1.03910,67277648690.0
2025-02-07 10:00:00,1.03909,1.03914,1.03789,1.03812,67206267533.0
2025-02-07 11:00:00,1.03811,1.03840,1.03773,1.03822,67109371902.0
2025-02-07 12:00:00,1.03822,1.03822,1.03681,1.03742,67301255417.0
2025-02-07 13:00:00,1.03741,1.04124,1.03489,1.03634,67999909635.0
2025-02-07 14:00:00,1.03633,1.03886,1.03606,1.03852,67822333790.0
2025-02-07 15:00:00,1.03851,1.03876,1.03271,1.03551,68069485688.0
2025-02-07 16:00:00,1.03550,1.03550,1.03221,1.03276,68125357182.0
2025-02-07 17:00:00,1.03276,1.03608,1.03049,1.03217,67915052973.0
2025-02-07 18:00:00,1.03214,1.03357,1.03206,1.03249,67140599149.0
2025-02-07 19:00:00,1.03249,1.03367,1.03236,1.03322,67140438915.0
2025-02-07 20:00:00,1.03322,1.03381,1.03214,1.03277,67098165247.0
2025-02-07 21:00:00,1.03280,1.03321,1.03248,1.03260,66581400123.0
2025-02-09 22:00:00,1.02918,1.03016,1.02839,1.02904,65310793398.0
2025-02-09 23:00:00,1.02904,1.03134,1.02904,1.03095,66880516423.0
2025-02-10 00:00:00,1.03096,1.03183,1.03092,1.03099,67158272900.0
2025-02-10 01:00:00,1.03102,1.03144,1.02999,1.03027,67232980663.0
2025-02-10 02:00:00,1.03028,1.03065,1.02985,1.02995,66725674353.0
2025-02-10 03:00:00,1.02996,1.03115,1.02995,1.03114,66815430492.0
2025-02-10 04:00:00,1.03114,1.03158,1.03110,1.03132,66500154493.0
2025-02-10 05:00:00,1.03134,1.03214,1.03131,1.03160,65448084767.0
2025-02-10 06:00:00,1.03160,1.03199,1.03120,1.03187,66646869276.0
2025-02-10 07:00:00,1.03187,1.03253,1.03098,1.03128,67205507318.0
2025-02-10 08:00:00,1.03129,1.03228,1.03064,1.03220,67515390689.0
2025-02-10 09:00:00,1.03221,1.03346,1.03209,1.03266,67494292682.0
2025-02-10 10:00:00,1.03266,1.03336,1.03232,1.03297,67280122020.0
2025-02-10 11:00:00,1.03299,1.03363,1.03198,1.03205,67359939298.0
2025-02-10 12:00:00,1.03205,1.03220,1.03083,1.03135,67247334031.0
2025-02-10 13:00:00,1.03137,1.03262,1.03137,1.03213,67276208866.0
2025-02-10 14:00:00,1.03212,1.03233,1.03041,1.03112,67439476408.0
2025-02-10 15:00:00,1.03114,1.03197,1.03105,1.03150,67412950384.0
2025-02-10 16:00:00,1.03150,1.03181,1.03043,1.03112,67316729448.0
2025-02-10 17:00:00,1.03113,1.03146,1.03065,1.03123,66881055618.0
2025-02-10 18:00:00,1.03121,1.03159,1.03058,1.03070,66683793571.0
2025-02-10 19:00:00,1.03069,1.03107,1.03051,1.03066,66449242853.0
2025-02-10 20:00:00,1.03067,1.03083,1.03048,1.03067,66390198845.0
2025-02-10 21:00:00,1.03066,1.03081,1.03049,1.03062,63257642267.0
2025-02-10 22:00:00,1.03061,1.03089,1.03025,1.03049,65926753154.0
2025-02-10 23:00:00,1.03042,1.03075,1.02982,1.03005,66448390228.0
2025-02-11 00:00:00,1.03006,1.03065,1.02993,1.03045,65917935943.0
2025-02-11 01:00:00,1.03045,1.03045,1.02999,1.03018,67022757560.0
2025-02-11 02:00:00,1.03018,1.03027,1.02920,1.02928,67238180948.0
2025-02-11 03:00:00,1.02927,1.03004,1.02919,1.02981,66944208080.0
2025-02-11 04:00:00,1.02979,1.03041,1.02974,1.03040,66785312766.0
2025-02-11 05:00:00,1.03041,1.03058,1.03019,1.03046,65753755483.0
2025-02-11 06:00:00,1.03045,1.03103,1.03040,1.03050,66919727761.0
2025-02-11 07:00:00,1.03050,1.03077,1.03008,1.03030,67404169869.0
2025-02-11 08:00:00,1.03030,1.03196,1.02998,1.03180,67370200269.0
2025-02-11 09:00:00,1.03180,1.03218,1.03125,1.03177,67498966382.0
2025-02-11 10:00:00,1.03178,1.03251,1.03143,1.03159,67313565699.0
2025-02-11 11:00:00,1.03158,1.03226,1.03155,1.03218,66939960681.0
2025-02-11 12:00:00,1.03216,1.03285,1.03204,1.03219,67290961017.0
2025-02-11 13:00:00,1.03219,1.03259,1.03164,1.03222,67244948848.0
2025-02-11 14:00:00,1.03222,1.03371,1.03216,1.03321,67391734412.0
2025-02-11 15:00:00,1.03327,1.03432,1.03280,1.03398,67593106882.0
2025-02-11 16:00:00,1.03397,1.03512,1.03388,1.03457,67435204116.0
2025-02-11 17:00:00,1.03456,1.03485,1.03433,1.03453,66838630890.0
2025-02-11 18:00:00,1.03451,1.03513,1.03443,1.03453,66666232874.0
2025-02-11 19:00:00,1.03451,1.03813,1.03418,1.03578,66970058752.0
2025-02-11 20:00:00,1.03580,1.03674,1.03574,1.03628,67181808195.0
2025-02-11 21:00:00,1.03627,1.03638,1.03587,1.03609,65283263693.0
2025-02-11 22:00:00,1.03603,1.03636,1.03583,1.03607,63303828769.0
2025-02-11 23:00:00,1.03607,1.03674,1.03600,1.03630,66015988286.0
2025-02-12 00:00:00,1.03638,1.03641,1.03562,1.03572,66353159212.0
2025-02-12 01:00:00,1.03571,1.03639,1.03537,1.03602,66993072374.0
2025-02-12 02:00:00,1.03603,1.03677,1.03602,1.03623,67016629942.0
2025-02-12 03:00:00,1.03623,1.03652,1.03584,1.03621,66864081803.0
2025-02-12 04:00:00,1.03619,1.03632,1.03559,1.03561,66667137595.0
2025-02-12 05:00:00,1.03561,1.03592,1.03547,1.03583,66802252513.0
2025-02-12 06:00:00,1.03584,1.03600,1.03569,1.03587,66869759840.0
2025-02-12 07:00:00,1.03588,1.03791,1.03587,1.03757,67313553570.0
2025-02-12 08:00:00,1.03758,1.03797,1.03679,1.03710,67590580467.0
2025-02-12 09:00:00,1.03709,1.03739,1.03646,1.03733,67221171080.0
2025-02-12 10:00:00,1.03736,1.03771,1.03699,1.03753,67313713806.0
2025-02-12 11:00:00,1.03754,1.03856,1.03735,1.03750,67214123991.0
2025-02-12 12:00:00,1.03750,1.03786,1.03719,1.03727,67241167751.0
2025-02-12 13:00:00,1.03727,1.03760,1.03168,1.03329,68060602450.0
2025-02-12 14:00:00,1.03329,1.03534,1.03254,1.03500,67972679107.0
2025-02-12 15:00:00,1.03500,1.03825,1.03379,1.03743,67962792674.0
2025-02-12 16:00:00,1.03743,1.03954,1.03501,1.03910,67785550070.0
2025-02-12 17:00:00,1.03910,1.04273,1.03905,1.04260,67953958913.0
2025-02-12 18:00:00,1.04260,1.04298,1.03872,1.03891,67575743447.0
2025-02-12 19:00:00,1.03891,1.03931,1.03844,1.03910,67376259068.0
2025-02-12 20:00:00,1.03908,1.03973,1.03879,1.03915,67012082400.0
2025-02-12 21:00:00,1.03917,1.03920,1.03804,1.03821,66837872971.0
2025-02-12 22:00:00,1.03818,1.03869,1.03811,1.03828,59354518652.0
2025-02-12 23:00:00,1.03829,1.03920,1.03825,1.03920,66023984330.0
2025-02-13 00:00:00,1.03920,1.04003,1.03879,1.03895,66616482858.0
2025-02-13 01:00:00,1.03895,1.04017,1.03871,1.03996,67083717838.0
2025-02-13 02:00:00,1.03998,1.04076,1.03964,1.04038,67063718216.0
2025-02-13 03:00:00,1.04039,1.04217,1.04034,1.04189,67046579239.0
2025-02-13 04:00:00,1.04189,1.04353,1.04186,1.04344,67398149077.0
2025-02-13 05:00:00,1.04345,1.04382,1.04303,1.04346,67252441251.0
2025-02-13 06:00:00,1.04347,1.04398,1.04283,1.04304,67376319038.0
2025-02-13 07:00:00,1.04307,1.04364,1.04222,1.04253,67618645932.0
2025-02-13 08:00:00,1.04256,1.04264,1.04101,1.04134,67510624584.0
2025-02-13 09:00:00,1.04134,1.04261,1.04108,1.04229,67383251434.0
2025-02-13 10:00:00,1.04229,1.04289,1.04131,1.04158,67220269303.0
2025-02-13 11:00:00,1.04157,1.04272,1.03924,1.04029,67233429259.0
2025-02-13 12:00:00,1.04029,1.04033,1.03855,1.03899,67519925780.0
2025-02-13 13:00:00,1.03897,1.04068,1.03756,1.03923,67822841526.0
2025-02-13 14:00:00,1.03924,1.04014,1.03818,1.03995,67678407230.0
2025-02-13 15:00:00,1.03995,1.04380,1.03995,1.04332,68136147517.0
2025-02-13 16:00:00,1.04332,1.04451,1.04242,1.04273,67587326608.0
2025-02-13 17:00:00,1.04270,1.04388,1.04248,1.04255,67243961875.0
2025-02-13 18:00:00,1.04252,1.04315,1.03727,1.04090,67719979828.0
2025-02-13 19:00:00,1.04091,1.04425,1.04082,1.04370,67400682048.0
2025-02-13 20:00:00,1.04370,1.04656,1.04353,1.04614,67148999884.0
2025-02-13 21:00:00,1.04616,1.04668,1.04568,1.04626,66407271629.0
2025-02-13 22:00:00,1.04625,1.04685,1.04619,1.04660,61457581998.0
2025-02-13 23:00:00,1.04661,1.04670,1.04559,1.04614,66456481301.0
2025-02-14 00:00:00,1.04614,1.04668,1.04575,1.04606,66753355773.0
2025-02-14 01:00:00,1.04607,1.04667,1.04582,1.04591,67064402414.0
2025-02-14 02:00:00,1.04590,1.04609,1.04550,1.04564,66997495399.0
2025-02-14 03:00:00,1.04567,1.04615,1.04536,1.04586,66647452552.0
2025-02-14 04:00:00,1.04587,1.04638,1.04546,1.04547,66483544391.0
2025-02-14 05:00:00,1.04548,1.04557,1.04470,1.04525,66848467190.0
2025-02-14 06:00:00,1.04524,1.04609,1.04515,1.04584,67140704005.0
2025-02-14 07:00:00,1.04584,1.04720,1.04582,1.04645,67273286617.0
2025-02-14 08:00:00,1.04645,1.04862,1.04633,1.04766,67575819469.0
2025-02-14 09:00:00,1.04765,1.04875,1.04757,1.04809,67331451451.0
2025-02-14 10:00:00,1.04809,1.04827,1.04641,1.04668,67027121598.0
2025-02-14 11:00:00,1.04669,1.04691,1.04628,1.04674,66578642366.0
2025-02-14 12:00:00,1.04674,1.04747,1.04567,1.04715,66693391982.0
2025-02-14 13:00:00,1.04715,1.04976,1.04711,1.04880,67289074073.0
2025-02-14 14:00:00,1.04882,1.05140,1.04871,1.05085,67407124232.0
2025-02-14 15:00:00,1.05085,1.05126,1.04907,1.05083,67350254062.0
2025-02-14 16:00:00,1.05081,1.05100,1.04968,1.04974,66713028526.0
2025-02-14 17:00:00,1.04974,1.05088,1.04940,1.05071,66462270748.0
2025-02-14 18:00:00,1.05071,1.05079,1.04994,1.05042,66012841250.0
2025-02-14 19:00:00,1.05043,1.05050,1.04947,1.04984,66451466488.0
2025-02-14 20:00:00,1.04981,1.04981,1.04910,1.04918,66057650175.0
2025-02-14 21:00:00,1.04917,1.04948,1.04882,1.04913,63481751795.0
2025-02-16 22:00:00,1.04858,1.04893,1.04850,1.04878,61288691796.0
2025-02-16 23:00:00,1.04880,1.04938,1.04847,1.04883,65625305903.0
2025-02-17 00:00:00,1.04886,1.04933,1.04853,1.04922,65758884003.0
2025-02-17 01:00:00,1.04927,1.05062,1.04895,1.05051,66594209791.0
2025-02-17 02:00:00,1.05051,1.05052,1.04956,1.05012,65853803722.0
2025-02-17 03:00:00,1.05010,1.05035,1.04942,1.04945,65679731589.0
2025-02-17 04:00:00,1.04944,1.04972,1.04890,1.04954,65753898678.0
2025-02-17 05:00:00,1.04956,1.04981,1.04846,1.04897,65997914766.0
2025-02-17 06:00:00,1.04896,1.04933,1.04878,1.04916,65832450787.0
2025-02-17 07:00:00,1.04917,1.04953,1.04803,1.04824,66660810098.0
2025-02-17 08:00:00,1.04825,1.04847,1.04708,1.04743,66861823426.0
2025-02-17 09:00:00,1.04743,1.04812,1.04711,1.04741,66478935901.0
2025-02-17 10:00:00,1.04739,1.04891,1.04731,1.04888,66735192808.0
2025-02-17 11:00:00,1.04888,1.04890,1.04777,1.04818,66647156000.0
2025-02-17 12:00:00,1.04819,1.04848,1.04683,1.04721,66543970549.0
2025-02-17 13:00:00,1.04723,1.04763,1.04667,1.04741,66551203106.0
2025-02-17 14:00:00,1.04742,1.04793,1.04712,1.04782,66352392441.0
2025-02-17 15:00:00,1.04783,1.04841,1.04739,1.04796,66318546374.0
2025-02-17 16:00:00,1.04796,1.04830,1.04767,1.04786,65996129238.0
2025-02-17 17:00:00,1.04788,1.04847,1.04778,1.04824,65567813797.0
2025-02-17 18:00:00,1.04825,1.04825,1.04791,1.04819,63222500549.0
2025-02-17 19:00:00,1.04820,1.04837,1.04794,1.04815,63995959045.0
2025-02-17 20:00:00,1.04815,1.04836,1.04805,1.04831,61217995489.0
2025-02-17 21:00:00,1.04833,1.04849,1.04824,1.04840,58505608563.0
2025-02-17 22:00:00,1.04835,1.04836,1.04698,1.04795,63450640939.0
2025-02-17 23:00:00,1.04805,1.04856,1.04770,1.04848,61905807601.0
2025-02-18 00:00:00,1.04847,1.04862,1.04726,1.04750,65753154847.0
2025-02-18 01:00:00,1.04749,1.04753,1.04624,1.04659,66422856087.0
2025-02-18 02:00:00,1.04659,1.04705,1.04653,1.04673,66666798125.0
2025-02-18 03:00:00,1.04672,1.04723,1.04619,1.04630,65950230771.0
2025-02-18 04:00:00,1.04628,1.04638,1.04552,1.04570,65793198001.0
2025-02-18 05:00:00,1.04570,1.04590,1.04521,1.04550,65482140545.0
2025-02-18 06:00:00,1.04549,1.04632,1.04546,1.04610,65919963629.0
2025-02-18 07:00:00,1.04611,1.04691,1.04583,1.04635,66845914560.0
2025-02-18 08:00:00,1.04634,1.04691,1.04547,1.04568,66387607559.0
2025-02-18 09:00:00,1.04568,1.04650,1.04555,1.04635,66359909417.0
2025-02-18 10:00:00,1.04635,1.04670,1.04588,1.04620,66816386661.0
2025-02-18 11:00:00,1.04620,1.04649,1.04611,1.04626,65946874675.0
2025-02-18 12:00:00,1.04628,1.04669,1.04528,1.04552,66727753812.0
2025-02-18 13:00:00,1.04551,1.04566,1.04415,1.04446,66908296973.0
2025-02-18 14:00:00,1.04446,1.04548,1.04414,1.04523,66698052239.0
2025-02-18 15:00:00,1.04524,1.04669,1.04513,1.04662,67127387099.0
2025-02-18 16:00:00,1.04662,1.04692,1.04539,1.04566,66475463476.0
2025-02-18 17:00:00,1.04566,1.04566,1.04390,1.04457,66574258342.0
2025-02-18 18:00:00,1.04457,1.04478,1.04350,1.04439,66595807557.0
2025-02-18 19:00:00,1.04438,1.04496,1.04403,1.04451,65687418309.0
2025-02-18 20:00:00,1.04449,1.04476,1.04410,1.04475,65898966877.0
2025-02-18 21:00:00,1.04475,1.04492,1.04444,1.04459,66186027008.0
2025-02-18 22:00:00,1.04453,1.04517,1.04442,1.04505,64835319233.0
2025-02-18 23:00:00,1.04509,1.04509,1.04447,1.04479,64107569482.0
2025-02-19 00:00:00,1.04480,1.04493,1.04435,1.04456,65815722721.0
2025-02-19 01:00:00,1.04458,1.04479,1.04409,1.04463,66041330399.0
2025-02-19 02:00:00,1.04462,1.04521,1.04446,1.04516,65499772354.0
2025-02-19 03:00:00,1.04517,1.04520,1.04476,1.04510,66005388496.0
2025-02-19 04:00:00,1.04510,1.04530,1.04480,1.04523,65365002159.0
2025-02-19 05:00:00,1.04522,1.04562,1.04487,1.04561,65308022536.0
2025-02-19 06:00:00,1.04560,1.04613,1.04542,1.04549,66630594726.0
2025-02-19 07:00:00,1.04551,1.04593,1.04486,1.04511,66492182036.0
2025-02-19 08:00:00,1.04514,1.04560,1.04385,1.04404,66695759792.0
2025-02-19 09:00:00,1.04403,1.04436,1.04281,1.04287,66734875939.0
2025-02-19 10:00:00,1.04288,1.04296,1.04188,1.04237,66640213443.0
2025-02-19 11:00:00,1.04239,1.04330,1.04199,1.04244,67255210803.0
2025-02-19 12:00:00,1.04243,1.04318,1.04216,1.04280,67495112867.0
2025-02-19 13:00:00,1.04282,1.04352,1.04250,1.04338,67390194974.0
2025-02-19 14:00:00,1.04339,1.04378,1.04273,1.04341,67539498434.0
2025-02-19 15:00:00,1.04341,1.04412,1.04215,1.04240,67806550097.0
2025-02-19 16:00:00,1.04239,1.04247,1.04040,1.04044,67508664076.0
2025-02-19 17:00:00,1.04044,1.04130,1.04009,1.04096,67069529622.0
2025-02-19 18:00:00,1.04097,1.04218,1.04083,1.04190,66949403119.0
2025-02-19 19:00:00,1.04190,1.04324,1.04177,1.04256,67212157256.0
2025-02-19 20:00:00,1.04255,1.04264,1.04207,1.04250,66734399159.0
2025-02-19 21:00:00,1.04250,1.04262,1.04218,1.04220,65678273414.0
2025-02-19 22:00:00,1.04220,1.04257,1.04163,1.04238,62054576943.0
2025-02-19 23:00:00,1.04242,1.04254,1.04197,1.04206,63544739757.0
2025-02-20 00:00:00,1.04205,1.04299,1.04195,1.04290,66699568411.0
2025-02-20 01:00:00,1.04292,1.04325,1.04185,1.04212,67178837445.0
2025-02-20 02:00:00,1.04212,1.04375,1.04200,1.04354,67601849059.0
2025-02-20 03:00:00,1.04355,1.04360,1.04266,1.04311,67446083425.0
2025-02-20 04:00:00,1.04309,1.04316,1.04240,1.04302,67058009376.0
2025-02-20 05:00:00,1.04300,1.04340,1.04267,1.04276,67081002023.0
2025-02-20 06:00:00,1.04276,1.04343,1.04242,1.04247,67202734491.0
2025-02-20 07:00:00,1.04254,1.04332,1.04233,1.04313,67163782512.0
2025-02-20 08:00:00,1.04313,1.04418,1.04292,1.04333,67411015111.0
2025-02-20 09:00:00,1.04332,1.04382,1.04284,1.04369,67261145415.0
2025-02-20 10:00:00,1.04369,1.04439,1.04341,1.04421,67223169924.0
2025-02-20 11:00:00,1.04424,1.04461,1.04307,1.04383,67094722643.0
2025-02-20 12:00:00,1.04384,1.04436,1.04331,1.04356,67408862252.0
2025-02-20 13:00:00,1.04356,1.04546,1.04349,1.04479,67635096782.0
2025-02-20 14:00:00,1.04480,1.04605,1.04419,1.04464,67646585244.0
2025-02-20 15:00:00,1.04462,1.04752,1.04417,1.04739,67683988930.0
2025-02-20 16:00:00,1.04736,1.04781,1.04640,1.04748,67397158175.0
2025-02-20 17:00:00,1.04747,1.04946,1.04709,1.04891,67186847251.0
2025-02-20 18:00:00,1.04889,1.04985,1.04852,1.04977,67037043427.0
2025-02-20 19:00:00,1.04980,1.05031,1.04891,1.05014,66985223784.0
2025-02-20 20:00:00,1.05015,1.05032,1.04951,1.05027,66879079714.0
2025-02-20 21:00:00,1.05026,1.05033,1.05001,1.05002,66283989170.0
2025-02-20 22:00:00,1.05001,1.05007,1.04960,1.04977,65743346728.0
2025-02-20 23:00:00,1.04976,1.05054,1.04975,1.05001,64961820094.0
2025-02-21 00:00:00,1.04999,1.05001,1.04890,1.04898,66590727213.0
2025-02-21 01:00:00,1.04899,1.04930,1.04843,1.04866,67056555459.0
2025-02-21 02:00:00,1.04866,1.05030,1.04862,1.05026,67194081772.0
2025-02-21 03:00:00,1.05027,1.05045,1.04993,1.05023,66878610470.0
2025-02-21 04:00:00,1.05023,1.05047,1.04970,1.04988,66598370670.0
2025-02-21 05:00:00,1.04988,1.05005,1.04914,1.04929,66964318453.0
2025-02-21 06:00:00,1.04928,1.04940,1.04876,1.04884,66993994464.0
2025-02-21 07:00:00,1.04885,1.04994,1.04885,1.04919,67331092645.0
2025-02-21 08:00:00,1.04920,1.04939,1.04677,1.04762,67662163802.0
2025-02-21 09:00:00,1.04766,1.04810,1.04665,1.04691,67355582465.0
2025-02-21 10:00:00,1.04690,1.04720,1.04645,1.04651,67212435783.0
2025-02-21 11:00:00,1.04651,1.04739,1.04629,1.04690,67152503109.0
2025-02-21 12:00:00,1.04690,1.04709,1.04592,1.04619,67294348576.0
2025-02-21 13:00:00,1.04616,1.04779,1.04612,1.04749,67304824502.0
2025-02-21 14:00:00,1.04749,1.04923,1.04699,1.04807,67641472288.0
2025-02-21 15:00:00,1.04807,1.04859,1.04525,1.04539,67878629212.0
2025-02-21 16:00:00,1.04538,1.04576,1.04492,1.04544,67546509803.0
2025-02-21 17:00:00,1.04549,1.04643,1.04518,1.04629,67307224433.0
2025-02-21 18:00:00,1.04627,1.04678,1.04506,1.04596,67459109685.0
2025-02-21 19:00:00,1.04596,1.04663,1.04570,1.04620,67244401624.0
2025-02-21 20:00:00,1.04619,1.04643,1.04572,1.04605,67005689298.0
2025-02-21 21:00:00,1.04605,1.04619,1.04550,1.04570,66535182828.0
2025-02-23 22:00:00,1.04570,1.04810,1.04570,1.04727,64293005888.0
2025-02-23 23:00:00,1.04727,1.04846,1.04705,1.04736,66585627197.0
2025-02-24 00:00:00,1.04738,1.05071,1.04716,1.05040,67058806948.0
2025-02-24 01:00:00,1.05041,1.05208,1.05021,1.05178,67579235863.0
2025-02-24 02:00:00,1.05179,1.05282,1.05154,1.05227,67564902154.0
2025-02-24 03:00:00,1.05228,1.05254,1.05162,1.05192,67151180594.0
2025-02-24 04:00:00,1.05194,1.05206,1.05110,1.05154,66890220179.0
2025-02-24 05:00:00,1.05152,1.05196,1.05098,1.05163,67126640311.0
2025-02-24 06:00:00,1.05162,1.05162,1.05009,1.05087,67207756511.0
2025-02-24 07:00:00,1.05088,1.05147,1.04865,1.04909,67495296040.0
2025-02-24 08:00:00,1.04912,1.04925,1.04695,1.04795,67586962229.0
2025-02-24 09:00:00,1.04794,1.04846,1.04686,1.04717,67295195627.0
2025-02-24 10:00:00,1.04716,1.04805,1.04668,1.04801,67249745429.0
2025-02-24 11:00:00,1.04802,1.04811,1.04637,1.04683,66991936635.0
2025-02-24 12:00:00,1.04683,1.04724,1.04599,1.04687,67157711916.0
2025-02-24 13:00:00,1.04688,1.04753,1.04646,1.04667,67317737063.0
2025-02-24 14:00:00,1.04668,1.04695,1.04527,1.04603,67544503091.0
2025-02-24 15:00:00,1.04603,1.04704,1.04599,1.04689,67774707797.0
2025-02-24 16:00:00,1.04688,1.04799,1.04655,1.04775,67537434374.0
2025-02-24 17:00:00,1.04777,1.04835,1.04679,1.04723,67338006363.0
2025-02-24 18:00:00,1.04721,1.04856,1.04704,1.04803,67000338350.0
2025-02-24 19:00:00,1.04804,1.04839,1.04725,1.04749,67103150573.0
2025-02-24 20:00:00,1.04750,1.04792,1.04644,1.04650,67229741547.0
2025-02-24 21:00:00,1.04651,1.04680,1.04616,1.04671,66568856531.0
2025-02-24 22:00:00,1.04671,1.04702,1.04634,1.04689,63570499338.0
2025-02-24 23:00:00,1.04687,1.04687,1.04602,1.04611,66002071058.0
2025-02-25 00:00:00,1.04611,1.04641,1.04596,1.04631,66337286395.0
2025-02-25 01:00:00,1.04633,1.04656,1.04605,1.04649,67197510945.0
2025-02-25 02:00:00,1.04651,1.04747,1.04651,1.04743,67276006689.0
2025-02-25 03:00:00,1.04744,1.04761,1.04712,1.04730,67067925630.0
2025-02-25 04:00:00,1.04731,1.04771,1.04723,1.04730,66824630431.0
2025-02-25 05:00:00,1.04731,1.04780,1.04722,1.04767,66713156976.0
2025-02-25 06:00:00,1.04767,1.04799,1.04724,1.04767,66900714457.0
2025-02-25 07:00:00,1.04767,1.04774,1.04633,1.04640,67421363894.0
2025-02-25 08:00:00,1.04642,1.04787,1.04560,1.04700,67608007473.0
2025-02-25 09:00:00,1.04702,1.04784,1.04683,1.04729,67531992595.0
2025-02-25 10:00:00,1.04729,1.04739,1.04651,1.04725,67399143262.0
2025-02-25 11:00:00,1.04724,1.04896,1.04714,1.04891,67174518618.0
2025-02-25 12:00:00,1.04893,1.04999,1.04882,1.04934,67621624544.0
2025-02-25 13:00:00,1.04934,1.05096,1.04933,1.04999,67603195822.0
2025-02-25 14:00:00,1.05000,1.05047,1.04918,1.05023,67485963711.0
2025-02-25 15:00:00,1.05027,1.05191,1.04949,1.04984,67854723974.0
2025-02-25 16:00:00,1.04983,1.05059,1.04944,1.04975,67635070891.0
2025-02-25 17:00:00,1.04975,1.05021,1.04837,1.05020,67222751476.0
2025-02-25 18:00:00,1.05020,1.05179,1.05020,1.05083,67213182569.0
2025-02-25 19:00:00,1.05082,1.05126,1.05044,1.05104,67057908449.0
2025-02-25 20:00:00,1.05103,1.05188,1.05090,1.05162,66981785767.0
2025-02-25 21:00:00,1.05161,1.05175,1.05123,1.05124,66322618125.0
2025-02-25 22:00:00,1.05116,1.05141,1.05106,1.05122,65708891833.0
2025-02-25 23:00:00,1.05136,1.05227,1.05119,1.05204,66308231008.0
2025-02-26 00:00:00,1.05205,1.05250,1.05195,1.05227,66526024827.0
2025-02-26 01:00:00,1.05226,1.05235,1.05138,1.05150,67141831886.0
2025-02-26 02:00:00,1.05151,1.05167,1.05040,1.05061,67282688404.0
2025-02-26 03:00:00,1.05062,1.05085,1.05011,1.05043,67050085744.0
2025-02-26 04:00:00,1.05043,1.05054,1.04966,1.04971,66668122606.0
2025-02-26 05:00:00,1.04970,1.04979,1.04903,1.04912,67095981589.0
2025-02-26 06:00:00,1.04913,1.04962,1.04868,1.04942,67242684910.0
2025-02-26 07:00:00,1.04943,1.05013,1.04923,1.04938,67410072044.0
2025-02-26 08:00:00,1.04938,1.05113,1.04913,1.05024,67662228685.0
2025-02-26 09:00:00,1.05024,1.05030,1.04947,1.04968,67525578260.0
2025-02-26 10:00:00,1.04968,1.05007,1.04910,1.04976,67433016198.0
2025-02-26 11:00:00,1.04975,1.05020,1.04865,1.04914,67270644205.0
2025-02-26 12:00:00,1.04914,1.04947,1.04747,1.04765,67458540833.0
2025-02-26 13:00:00,1.04765,1.04944,1.04763,1.04839,67569260298.0
2025-02-26 14:00:00,1.04840,1.04924,1.04820,1.04895,67643260924.0
2025-02-26 15:00:00,1.04895,1.05090,1.04791,1.05058,67853381138.0
2025-02-26 16:00:00,1.05061,1.05153,1.05017,1.05135,67683576050.0
2025-02-26 17:00:00,1.05133,1.05287,1.04830,1.04921,67984785082.0
2025-02-26 18:00:00,1.04922,1.05002,1.04848,1.04879,67843118857.0
2025-02-26 19:00:00,1.04880,1.04932,1.04819,1.04908,67447195890.0
2025-02-26 20:00:00,1.04908,1.04909,1.04806,1.04860,67064007229.0
2025-02-26 21:00:00,1.04860,1.04878,1.04784,1.04844,66440211745.0
2025-02-26 22:00:00,1.04843,1.04873,1.04782,1.04865,61507030221.0
2025-02-26 23:00:00,1.04869,1.04922,1.04856,1.04876,65871528594.0
2025-02-27 00:00:00,1.04877,1.04878,1.04766,1.04771,66722677391.0
2025-02-27 01:00:00,1.04773,1.04831,1.04726,1.04780,67065304186.0
2025-02-27 02:00:00,1.04782,1.04804,1.04701,1.04707,67344505570.0
2025-02-27 03:00:00,1.04710,1.04743,1.04647,1.04656,66910871877.0
2025-02-27 04:00:00,1.04656,1.04694,1.04589,1.04626,67041570322.0
2025-02-27 05:00:00,1.04628,1.04653,1.04613,1.04649,67003679377.0
2025-02-27 06:00:00,1.04648,1.04729,1.04639,1.04715,67151367372.0
2025-02-27 07:00:00,1.04716,1.04800,1.04683,1.04750,67197225531.0
2025-02-27 08:00:00,1.04752,1.04802,1.04702,1.04782,67561419574.0
2025-02-27 09:00:00,1.04784,1.04851,1.04750,1.04841,67315637291.0
2025-02-27 10:00:00,1.04840,1.04842,1.04737,1.04814,67270599638.0
2025-02-27 11:00:00,1.04814,1.04871,1.04757,1.04757,67269415404.0
2025-02-27 12:00:00,1.04756,1.04839,1.04729,1.04763,67506047880.0
2025-02-27 13:00:00,1.04763,1.04893,1.04190,1.04232,67924599928.0
2025-02-27 14:00:00,1.04231,1.04416,1.04139,1.04198,67956198442.0
2025-02-27 15:00:00,1.04197,1.04276,1.04093,1.04148,68059356363.0
2025-02-27 16:00:00,1.04149,1.04160,1.04031,1.04134,67880474053.0
2025-02-27 17:00:00,1.04136,1.04179,1.04001,1.04071,67428286137.0
2025-02-27 18:00:00,1.04072,1.04174,1.04072,1.04171,67109303742.0
2025-02-27 19:00:00,1.04171,1.04176,1.04031,1.04042,67256321311.0
2025-02-27 20:00:00,1.04043,1.04082,1.04013,1.04051,67035006237.0
2025-02-27 21:00:00,1.04050,1.04052,1.03966,1.03978,66591339976.0
2025-02-27 22:00:00,1.03974,1.03990,1.03882,1.03940,60797240940.0
2025-02-27 23:00:00,1.03941,1.04001,1.03921,1.03936,66100837088.0
2025-02-28 00:00:00,1.03936,1.04027,1.03936,1.04023,66949741940.0
2025-02-28 01:00:00,1.04024,1.04042,1.03843,1.03848,67463359695.0
2025-02-28 02:00:00,1.03848,1.03915,1.03802,1.03822,67290450494.0
2025-02-28 03:00:00,1.03823,1.03894,1.03811,1.03882,67054705705.0
2025-02-28 04:00:00,1.03882,1.03907,1.03859,1.03864,66736283320.0
2025-02-28 05:00:00,1.03866,1.03900,1.03841,1.03886,67044048897.0
2025-02-28 06:00:00,1.03885,1.03890,1.03825,1.03874,67163789393.0
2025-02-28 07:00:00,1.03873,1.04005,1.03854,1.03959,67487592285.0
2025-02-28 08:00:00,1.03959,1.04042,1.03949,1.04009,67497923052.0
2025-02-28 09:00:00,1.04014,1.04078,1.03943,1.03952,67447875830.0
2025-02-28 10:00:00,1.03951,1.04058,1.03922,1.03992,67213524336.0
2025-02-28 11:00:00,1.03992,1.04011,1.03933,1.03986,67261353160.0
2025-02-28 12:00:00,1.03985,1.04078,1.03977,1.04067,67159657677.0
2025-02-28 13:00:00,1.04066,1.04161,1.04052,1.04066,67700573799.0
2025-02-28 14:00:00,1.04071,1.04141,1.04007,1.04098,67633830953.0
2025-02-28 15:00:00,1.04099,1.04198,1.03932,1.03998,67823526050.0
2025-02-28 16:00:00,1.03998,1.04114,1.03979,1.04013,67847654115.0
2025-02-28 17:00:00,1.04014,1.04099,1.03898,1.03963,67651092969.0
2025-02-28 18:00:00,1.03962,1.03980,1.03625,1.03634,67839768655.0
2025-02-28 19:00:00,1.03634,1.03736,1.03597,1.03677,67412875018.0
2025-02-28 20:00:00,1.03676,1.03769,1.03620,1.03747,67317389395.0
2025-02-28 21:00:00,1.03746,1.03767,1.03681,1.03747,66842875661.0
2025-03-02 22:00:00,1.04032,1.04042,1.03992,1.04032,65628984440.0
2025-03-02 23:00:00,1.04033,1.04208,1.03997,1.04119,67225195314.0
2025-03-03 00:00:00,1.04119,1.04199,1.04021,1.04091,67415568222.0
2025-03-03 01:00:00,1.04092,1.04228,1.04074,1.04195,67455690016.0
2025-03-03 02:00:00,1.04195,1.04231,1.04147,1.04197,67044653796.0
2025-03-03 03:00:00,1.04196,1.04198,1.04099,1.04168,67116233520.0
2025-03-03 04:00:00,1.04167,1.04203,1.04165,1.04177,66890659266.0
2025-03-03 05:00:00,1.04175,1.04193,1.04123,1.04142,67105536081.0
2025-03-03 06:00:00,1.04141,1.04162,1.04065,1.04081,67147522373.0
2025-03-03 07:00:00,1.04081,1.04100,1.04018,1.04054,67458933060.0
2025-03-03 08:00:00,1.04053,1.04065,1.03883,1.04009,67752499286.0
2025-03-03 09:00:00,1.04015,1.04288,1.04012,1.04269,67365829341.0
2025-03-03 10:00:00,1.04270,1.04441,1.04270,1.04418,67296977549.0
2025-03-03 11:00:00,1.04419,1.04579,1.04403,1.04524,67650012445.0
2025-03-03 12:00:00,1.04525,1.04759,1.04525,1.04702,67610182950.0
2025-03-03 13:00:00,1.04703,1.04762,1.04592,1.04717,67622019069.0
2025-03-03 14:00:00,1.04719,1.04906,1.04686,1.04823,67653295146.0
2025-03-03 15:00:00,1.04795,1.05036,1.04764,1.04845,67902007706.0
2025-03-03 16:00:00,1.04844,1.05011,1.04838,1.04960,67532567347.0
2025-03-03 17:00:00,1.04959,1.04967,1.04866,1.04902,67095062120.0
2025-03-03 18:00:00,1.04904,1.05032,1.04821,1.04868,67277724874.0
2025-03-03 19:00:00,1.04867,1.04936,1.04721,1.04728,67229699274.0
2025-03-03 20:00:00,1.04727,1.04850,1.04665,1.04819,67905236504.0
2025-03-03 21:00:00,1.04820,1.04925,1.04803,1.04856,66689951337.0
2025-03-03 22:00:00,1.04849,1.04882,1.04795,1.04867,64445892850.0
2025-03-03 23:00:00,1.04865,1.04922,1.04763,1.04851,66489270925.0
2025-03-04 00:00:00,1.04851,1.04886,1.04764,1.04880,67247836034.0
2025-03-04 01:00:00,1.04880,1.04959,1.04823,1.04881,67437402523.0
2025-03-04 02:00:00,1.04882,1.04900,1.04800,1.04806,67413006416.0
2025-03-04 03:00:00,1.04806,1.04837,1.04747,1.04771,67328566560.0
2025-03-04 04:00:00,1.04770,1.04803,1.04710,1.04778,67182796474.0
2025-03-04 05:00:00,1.04778,1.04862,1.04708,1.04833,67384105041.0
2025-03-04 06:00:00,1.04833,1.04894,1.04789,1.04856,67081869063.0
2025-03-04 07:00:00,1.04860,1.05003,1.04809,1.04927,67743415172.0
2025-03-04 08:00:00,1.04928,1.05238,1.04861,1.05187,67843605303.0
2025-03-04 09:00:00,1.05187,1.05270,1.05093,1.05118,67690169634.0
2025-03-04 10:00:00,1.05119,1.05194,1.05024,1.05113,67405418002.0
2025-03-04 11:00:00,1.05112,1.05443,1.05096,1.05439,67317076295.0
2025-03-04 12:00:00,1.05440,1.05569,1.05358,1.05529,67626026266.0
2025-03-04 13:00:00,1.05531,1.05596,1.05305,1.05388,67815419083.0
2025-03-04 14:00:00,1.05389,1.05483,1.05204,1.05212,67932435412.0
2025-03-04 15:00:00,1.05211,1.05279,1.04962,1.05263,67960570676.0
2025-03-04 16:00:00,1.05260,1.05394,1.05151,1.05335,67833313033.0
2025-03-04 17:00:00,1.05334,1.05439,1.05304,1.05415,67668442809.0
2025-03-04 18:00:00,1.05414,1.05911,1.05376,1.05904,67848406137.0
2025-03-04 19:00:00,1.05903,1.06019,1.05863,1.06006,67583384618.0
2025-03-04 20:00:00,1.06005,1.06236,1.06004,1.06082,67720513456.0
2025-03-04 21:00:00,1.06085,1.06272,1.06082,1.06253,67375889611.0
2025-03-04 22:00:00,1.06254,1.06254,1.06168,1.06191,65405230121.0
2025-03-04 23:00:00,1.06191,1.06369,1.06191,1.06230,66777370135.0
2025-03-05 00:00:00,1.06230,1.06273,1.06105,1.06207,67268893737.0
2025-03-05 01:00:00,1.06209,1.06274,1.06084,1.06125,67544917195.0
2025-03-05 02:00:00,1.06126,1.06155,1.06036,1.06040,67746494874.0
2025-03-05 03:00:00,1.06040,1.06202,1.06018,1.06180,67607181067.0
2025-03-05 04:00:00,1.06181,1.06256,1.06152,1.06189,67141428183.0
2025-03-05 05:00:00,1.06188,1.06323,1.06186,1.06312,67238114752.0
2025-03-05 06:00:00,1.06313,1.06388,1.06241,1.06322,67568061320.0
2025-03-05 07:00:00,1.06321,1.06763,1.06294,1.06745,67977052652.0
2025-03-05 08:00:00,1.06743,1.06996,1.06585,1.06977,68038081578.0
2025-03-05 09:00:00,1.06981,1.07220,1.06954,1.07116,67845273682.0
2025-03-05 10:00:00,1.07115,1.07150,1.06834,1.06969,67621609469.0
2025-03-05 11:00:00,1.06970,1.06984,1.06764,1.06787,67524379933.0
2025-03-05 12:00:00,1.06787,1.07140,1.06784,1.06955,67625530490.0
2025-03-05 13:00:00,1.06959,1.07225,1.06867,1.07157,68000583514.0
2025-03-05 14:00:00,1.07157,1.07769,1.07137,1.07691,68118730999.0
2025-03-05 15:00:00,1.07684,1.07705,1.07408,1.07649,68226102397.0
2025-03-05 16:00:00,1.07651,1.07866,1.07610,1.07668,67935891457.0
2025-03-05 17:00:00,1.07666,1.07877,1.07622,1.07851,67860609432.0
2025-03-05 18:00:00,1.07852,1.07887,1.07637,1.07734,67825371381.0
2025-03-05 19:00:00,1.07736,1.07907,1.07697,1.07900,67644895726.0
2025-03-05 20:00:00,1.07900,1.07965,1.07876,1.07920,67088455437.0
2025-03-05 21:00:00,1.07921,1.07928,1.07854,1.07857,66916134747.0
2025-03-05 22:00:00,1.07854,1.07922,1.07853,1.07901,64486295467.0
2025-03-05 23:00:00,1.07904,1.07950,1.07869,1.07941,66674938348.0
2025-03-06 00:00:00,1.07942,1.08028,1.07871,1.07942,67151862826.0
2025-03-06 01:00:00,1.07942,1.08200,1.07893,1.08151,67275342149.0
2025-03-06 02:00:00,1.08150,1.08191,1.07976,1.08050,67431006865.0
2025-03-06 03:00:00,1.08050,1.08051,1.07879,1.07893,67404259330.0
2025-03-06 04:00:00,1.07894,1.08040,1.07840,1.08033,67159309681.0
2025-03-06 05:00:00,1.08035,1.08116,1.07999,1.08102,67195071695.0
2025-03-06 06:00:00,1.08102,1.08199,1.07988,1.08025,67361116651.0
2025-03-06 07:00:00,1.08024,1.08221,1.07917,1.07989,67871385026.0
2025-03-06 08:00:00,1.07989,1.08167,1.07928,1.08012,68018403738.0
2025-03-06 09:00:00,1.08009,1.08065,1.07802,1.07995,67864191796.0
2025-03-06 10:00:00,1.07996,1.08034,1.07826,1.07916,67799305423.0
2025-03-06 11:00:00,1.07916,1.08007,1.07830,1.07990,67581551904.0
2025-03-06 12:00:00,1.07990,1.08067,1.07880,1.08000,67411600014.0
2025-03-06 13:00:00,1.08000,1.08452,1.07905,1.08257,68075939105.0
2025-03-06 14:00:00,1.08258,1.08409,1.08111,1.08369,68197330288.0
2025-03-06 15:00:00,1.08369,1.08534,1.08112,1.08170,68211966439.0
2025-03-06 16:00:00,1.08172,1.08381,1.08153,1.08174,67968725321.0
2025-03-06 17:00:00,1.08172,1.08222,1.07913,1.07969,67867777432.0
2025-03-06 18:00:00,1.07968,1.08017,1.07655,1.07836,67742908910.0
2025-03-06 19:00:00,1.07835,1.08113,1.07825,1.08014,67504102114.0
2025-03-06 20:00:00,1.08013,1.08032,1.07853,1.07863,67423808712.0
2025-03-06 21:00:00,1.07864,1.07902,1.07748,1.07818,66722354626.0
2025-03-06 22:00:00,1.07820,1.07908,1.07757,1.07877,62758307760.0
2025-03-06 23:00:00,1.07877,1.07961,1.07843,1.07871,66398030396.0
2025-03-07 00:00:00,1.07872,1.07952,1.07868,1.07875,66962717412.0
2025-03-07 01:00:00,1.07877,1.07928,1.07810,1.07898,59472998234.0
2025-03-07 02:00:00,1.07901,1.07992,1.07845,1.07990,67209359852.0
2025-03-07 03:00:00,1.07990,1.08146,1.07963,1.08057,67108608082.0
2025-03-07 04:00:00,1.08055,1.08130,1.08027,1.08128,66860618223.0
2025-03-07 05:00:00,1.08128,1.08174,1.08075,1.08131,67032724601.0
2025-03-07 06:00:00,1.08131,1.08250,1.08079,1.08232,67217712742.0
2025-03-07 07:00:00,1.08231,1.08406,1.08198,1.08295,67591069699.0
2025-03-07 08:00:00,1.08298,1.08550,1.08259,1.08507,67666337790.0
2025-03-07 09:00:00,1.08508,1.08714,1.08445,1.08610,67624931493.0
2025-03-07 10:00:00,1.08611,1.08670,1.08571,1.08605,67492161122.0
2025-03-07 11:00:00,1.08604,1.08604,1.08444,1.08492,67582941432.0
2025-03-07 12:00:00,1.08491,1.08570,1.08409,1.08542,67615304577.0
2025-03-07 13:00:00,1.08544,1.08884,1.08430,1.08447,68159946588.0
2025-03-07 14:00:00,1.08444,1.08818,1.08440,1.08534,68170492313.0
2025-03-07 15:00:00,1.08534,1.08862,1.08352,1.08699,68152402413.0
2025-03-07 16:00:00,1.08699,1.08725,1.08374,1.08585,67798939562.0
2025-03-07 17:00:00,1.08583,1.08642,1.08317,1.08430,67845950176.0
2025-03-07 18:00:00,1.08428,1.08440,1.08254,1.08398,67525057906.0
2025-03-07 19:00:00,1.08397,1.08440,1.08330,1.08425,67361771690.0
2025-03-07 20:00:00,1.08424,1.08491,1.08399,1.08472,66957784512.0
2025-03-07 21:00:00,1.08471,1.08511,1.08292,1.08292,66704431514.0
2025-03-09 21:00:00,1.08312,1.08399,1.08269,1.08388,64007598240.0
2025-03-09 22:00:00,1.08388,1.08594,1.08381,1.08490,67202743336.0
2025-03-09 23:00:00,1.08491,1.08653,1.08480,1.08600,67038863356.0
2025-03-10 00:00:00,1.08602,1.08671,1.08527,1.08641,67111433010.0
2025-03-10 01:00:00,1.08640,1.08711,1.08524,1.08528,67247705620.0
2025-03-10 02:00:00,1.08526,1.08557,1.08355,1.08368,67450886555.0
2025-03-10 03:00:00,1.08368,1.08384,1.08301,1.08314,67188711426.0
2025-03-10 04:00:00,1.08313,1.08376,1.08300,1.08306,66895257274.0
2025-03-10 05:00:00,1.08303,1.08355,1.08278,1.08350,67287833965.0
2025-03-10 06:00:00,1.08351,1.08446,1.08342,1.08367,67409254156.0
2025-03-10 07:00:00,1.08374,1.08438,1.08107,1.08224,67509831268.0
2025-03-10 08:00:00,1.08227,1.08241,1.08051,1.08099,67919613787.0
2025-03-10 09:00:00,1.08099,1.08566,1.08085,1.08510,67859459930.0
2025-03-10 10:00:00,1.08517,1.08744,1.08504,1.08609,67797002811.0
2025-03-10 11:00:00,1.08609,1.08643,1.08122,1.08505,67942993674.0
2025-03-10 12:00:00,1.08505,1.08599,1.08418,1.08437,67699092687.0
2025-03-10 13:00:00,1.08438,1.08507,1.08332,1.08349,67690345267.0
2025-03-10 14:00:00,1.08349,1.08466,1.08313,1.08450,67852412516.0
2025-03-10 15:00:00,1.08451,1.08477,1.08206,1.08369,67896968804.0
2025-03-10 16:00:00,1.08368,1.08416,1.08278,1.08302,67653741774.0
2025-03-10 17:00:00,1.08301,1.08456,1.08256,1.08297,67500835799.0
2025-03-10 18:00:00,1.08295,1.08352,1.08175,1.08296,67385181962.0
2025-03-10 19:00:00,1.08296,1.08326,1.08175,1.08315,67310601831.0
2025-03-10 20:00:00,1.08316,1.08362,1.08254,1.08324,66592709015.0
2025-03-10 21:00:00,1.08320,1.08359,1.08293,1.08342,65372444424.0
2025-03-10 22:00:00,1.08341,1.08413,1.08329,1.08344,66281325203.0
2025-03-10 23:00:00,1.08349,1.08432,1.08347,1.08390,66461874260.0
2025-03-11 00:00:00,1.08390,1.08533,1.08389,1.08513,67032812091.0
2025-03-11 01:00:00,1.08515,1.08584,1.08435,1.08579,67283612140.0
2025-03-11 02:00:00,1.08579,1.08604,1.08500,1.08558,67405617887.0
2025-03-11 03:00:00,1.08559,1.08596,1.08487,1.08542,67161803653.0
2025-03-11 04:00:00,1.08540,1.08615,1.08503,1.08543,66838222606.0
2025-03-11 05:00:00,1.08543,1.08554,1.08354,1.08381,66980878095.0
2025-03-11 06:00:00,1.08383,1.08758,1.08363,1.08563,67524239359.0
2025-03-11 07:00:00,1.08562,1.09014,1.08551,1.08906,67751140395.0
2025-03-11 08:00:00,1.08906,1.09191,1.08846,1.09170,67812519772.0
2025-03-11 09:00:00,1.09167,1.09207,1.08959,1.09082,67571881738.0
2025-03-11 10:00:00,1.09083,1.09083,1.08821,1.08905,67539592805.0
2025-03-11 11:00:00,1.08903,1.09047,1.08810,1.09044,67275233689.0
2025-03-11 12:00:00,1.09044,1.09203,1.09020,1.09178,67644132556.0
2025-03-11 13:00:00,1.09179,1.09306,1.09112,1.09197,67833458198.0
2025-03-11 14:00:00,1.09195,1.09202,1.08949,1.09190,67966782833.0
2025-03-11 15:00:00,1.09190,1.09285,1.09121,1.09270,67747746776.0
2025-03-11 16:00:00,1.09269,1.09295,1.09177,1.09249,67459535995.0
2025-03-11 17:00:00,1.09250,1.09350,1.09237,1.09341,67224338431.0
2025-03-11 18:00:00,1.09343,1.09471,1.09251,1.09306,67657026438.0
2025-03-11 19:00:00,1.09305,1.09338,1.09195,1.09196,67285836757.0
2025-03-11 20:00:00,1.09199,1.09207,1.09098,1.09181,66517064742.0
2025-03-11 21:00:00,1.09174,1.09209,1.09068,1.09110,66275403363.0
2025-03-11 22:00:00,1.09110,1.09185,1.09104,1.09155,66073121262.0
2025-03-11 23:00:00,1.09154,1.09173,1.09129,1.09136,65924254271.0
2025-03-12 00:00:00,1.09137,1.09157,1.09054,1.09088,66926846279.0
2025-03-12 01:00:00,1.09088,1.09151,1.09058,1.09062,67234472593.0
2025-03-12 02:00:00,1.09062,1.09114,1.09033,1.09035,67196158606.0
2025-03-12 03:00:00,1.09035,1.09046,1.08959,1.08970,66873833225.0
2025-03-12 04:00:00,1.08970,1.09025,1.08957,1.08988,66921472983.0
2025-03-12 05:00:00,1.08987,1.09041,1.08949,1.09034,67014372554.0
2025-03-12 06:00:00,1.09033,1.09086,1.08917,1.08921,67318333112.0
2025-03-12 07:00:00,1.08919,1.09030,1.08872,1.09013,67644140094.0
2025-03-12 08:00:00,1.09012,1.09216,1.08975,1.09212,67784718261.0
2025-03-12 09:00:00,1.09214,1.09263,1.09132,1.09142,67625391227.0
2025-03-12 10:00:00,1.09142,1.09208,1.09044,1.09060,67448724848.0
2025-03-12 11:00:00,1.09060,1.09128,1.08992,1.09007,67538403327.0
2025-03-12 12:00:00,1.09007,1.09314,1.08761,1.08780,68024484741.0
2025-03-12 13:00:00,1.08780,1.08962,1.08755,1.08819,67973975407.0
2025-03-12 14:00:00,1.08819,1.09134,1.08809,1.09128,67760147658.0
2025-03-12 15:00:00,1.09127,1.09241,1.09098,1.09241,67784241641.0
2025-03-12 16:00:00,1.09242,1.09277,1.09055,1.09055,67681825587.0
2025-03-12 17:00:00,1.09055,1.09140,1.09031,1.09066,67473808753.0
2025-03-12 18:00:00,1.09067,1.09094,1.08795,1.08844,67089034446.0
2025-03-12 19:00:00,1.08846,1.08975,1.08829,1.08900,67133879747.0
2025-03-12 20:00:00,1.08901,1.08934,1.08860,1.08874,66605681872.0
2025-03-12 21:00:00,1.08868,1.08899,1.08853,1.08859,62196906719.0
2025-03-12 22:00:00,1.08858,1.08897,1.08846,1.08889,65530369146.0
2025-03-12 23:00:00,1.08889,1.08897,1.08831,1.08852,66089220836.0
2025-03-13 00:00:00,1.08852,1.08916,1.08823,1.08913,66730354933.0
2025-03-13 01:00:00,1.08914,1.08929,1.08862,1.08889,67234315959.0
2025-03-13 02:00:00,1.08888,1.08970,1.08886,1.08951,67083313152.0
2025-03-13 03:00:00,1.08953,1.08955,1.08848,1.08849,66808742545.0
2025-03-13 04:00:00,1.08848,1.08933,1.08816,1.08933,66918074286.0
2025-03-13 05:00:00,1.08933,1.08933,1.08790,1.08850,67019296600.0
2025-03-13 06:00:00,1.08851,1.08854,1.08694,1.08745,67305175124.0
2025-03-13 07:00:00,1.08743,1.08850,1.08596,1.08652,67642090781.0
2025-03-13 08:00:00,1.08654,1.08837,1.08591,1.08731,67804902035.0
2025-03-13 09:00:00,1.08731,1.08852,1.08685,1.08792,67453533550.0
2025-03-13 10:00:00,1.08793,1.08827,1.08621,1.08698,67366889720.0
2025-03-13 11:00:00,1.08700,1.08749,1.08451,1.08560,67573847656.0
2025-03-13 12:00:00,1.08559,1.08773,1.08259,1.08344,67912452506.0
2025-03-13 13:00:00,1.08346,1.08530,1.08222,1.08473,67662181169.0
2025-03-13 14:00:00,1.08471,1.08696,1.08459,1.08649,67676500461.0
2025-03-13 15:00:00,1.08649,1.08714,1.08539,1.08585,67726041579.0
2025-03-13 16:00:00,1.08584,1.08781,1.08550,1.08724,67580531834.0
2025-03-13 17:00:00,1.08724,1.08733,1.08542,1.08545,67474974965.0
2025-03-13 18:00:00,1.08545,1.08578,1.08518,1.08536,67174155552.0
2025-03-13 19:00:00,1.08536,1.08567,1.08475,1.08482,67017939350.0
2025-03-13 20:00:00,1.08482,1.08556,1.08462,1.08507,66459817082.0
2025-03-13 21:00:00,1.08506,1.08548,1.08440,1.08514,60571722711.0
2025-03-13 22:00:00,1.08514,1.08552,1.08508,1.08521,65926517227.0
2025-03-13 23:00:00,1.08522,1.08550,1.08499,1.08548,65850307380.0
2025-03-14 00:00:00,1.08543,1.08583,1.08482,1.08489,66621343005.0
2025-03-14 01:00:00,1.08489,1.08493,1.08403,1.08407,67361146141.0
2025-03-14 02:00:00,1.08407,1.08428,1.08341,1.08401,67145479291.0
2025-03-14 03:00:00,1.08402,1.08456,1.08374,1.08454,67244943607.0
2025-03-14 04:00:00,1.08452,1.08461,1.08374,1.08407,67179313239.0
2025-03-14 05:00:00,1.08408,1.08513,1.08406,1.08506,67260499885.0
2025-03-14 06:00:00,1.08506,1.08506,1.08348,1.08380,67385269942.0
2025-03-14 07:00:00,1.08380,1.08470,1.08304,1.08388,67466566696.0
2025-03-14 08:00:00,1.08390,1.08567,1.08351,1.08537,67494925432.0
2025-03-14 09:00:00,1.08537,1.08620,1.08468,1.08520,67274335187.0
2025-03-14 10:00:00,1.08519,1.09125,1.08514,1.08948,67759036006.0
2025-03-14 11:00:00,1.08947,1.09092,1.08872,1.08964,67785829089.0
2025-03-14 12:00:00,1.08963,1.09112,1.08898,1.08945,67552493563.0
2025-03-14 13:00:00,1.08948,1.08979,1.08699,1.08737,67550828466.0
2025-03-14 14:00:00,1.08736,1.08863,1.08652,1.08776,67692855954.0
2025-03-14 15:00:00,1.08776,1.08865,1.08666,1.08715,67577937591.0
2025-03-14 16:00:00,1.08716,1.08898,1.08703,1.08829,67215030683.0
2025-03-14 17:00:00,1.08830,1.08878,1.08789,1.08819,66915863760.0
2025-03-14 18:00:00,1.08821,1.08862,1.08732,1.08803,66940676341.0
2025-03-14 19:00:00,1.08801,1.08844,1.08781,1.08829,66696039628.0
2025-03-14 20:00:00,1.08828,1.08855,1.08742,1.08765,66415192640.0
2025-03-16 21:00:00,1.08765,1.08809,1.08759,1.08801,60618702843.0
2025-03-16 22:00:00,1.08809,1.08850,1.08744,1.08812,66602705223.0
2025-03-16 23:00:00,1.08812,1.08849,1.08790,1.08792,66498961740.0
2025-03-17 00:00:00,1.08794,1.08826,1.08754,1.08793,66720031703.0
2025-03-17 01:00:00,1.08793,1.08901,1.08741,1.08824,66877232250.0
2025-03-17 02:00:00,1.08824,1.08855,1.08793,1.08811,66558790206.0
2025-03-17 03:00:00,1.08813,1.08861,1.08766,1.08833,66671782953.0
2025-03-17 04:00:00,1.08831,1.08936,1.08775,1.08818,66722004665.0
2025-03-17 05:00:00,1.08820,1.08821,1.08737,1.08775,66695863994.0
2025-03-17 06:00:00,1.08775,1.08841,1.08732,1.08776,66862592818.0
2025-03-17 07:00:00,1.08775,1.08842,1.08685,1.08760,67401237625.0
2025-03-17 08:00:00,1.08762,1.08867,1.08703,1.08835,67903261246.0
2025-03-17 09:00:00,1.08838,1.09003,1.08769,1.08996,67496113440.0
2025-03-17 10:00:00,1.08998,1.09096,1.08963,1.09075,67267437529.0
2025-03-17 11:00:00,1.09077,1.09119,1.08960,1.09019,67143386395.0
2025-03-17 12:00:00,1.09019,1.09087,1.08870,1.09016,67555420898.0
2025-03-17 13:00:00,1.09017,1.09063,1.08968,1.09047,67417899008.0
2025-03-17 14:00:00,1.09048,1.09184,1.09019,1.09158,67508220396.0
2025-03-17 15:00:00,1.09159,1.09297,1.09156,1.09214,67394034731.0
2025-03-17 16:00:00,1.09214,1.09259,1.09143,1.09210,67169260665.0
2025-03-17 17:00:00,1.09209,1.09237,1.09114,1.09139,66983199377.0
2025-03-17 18:00:00,1.09138,1.09264,1.09125,1.09254,66800163882.0
2025-03-17 19:00:00,1.09254,1.09254,1.09183,1.09204,66428541991.0
2025-03-17 20:00:00,1.09208,1.09276,1.09202,1.09213,66209797241.0
2025-03-17 21:00:00,1.09210,1.09220,1.09125,1.09212,65546038801.0
2025-03-17 22:00:00,1.09211,1.09226,1.09188,1.09209,65613230902.0
2025-03-17 23:00:00,1.09209,1.09216,1.09179,1.09180,65487768123.0
2025-03-18 00:00:00,1.09180,1.09209,1.09147,1.09158,66740011989.0
2025-03-18 01:00:00,1.09157,1.09189,1.09120,1.09131,67006543958.0
2025-03-18 02:00:00,1.09131,1.09160,1.09078,1.09084,67102966746.0
2025-03-18 03:00:00,1.09085,1.09109,1.09062,1.09081,66446297007.0
2025-03-18 04:00:00,1.09082,1.09115,1.09078,1.09108,66553499482.0
2025-03-18 05:00:00,1.09106,1.09132,1.09070,1.09075,66430213813.0
2025-03-18 06:00:00,1.09076,1.09212,1.09033,1.09205,67131992804.0
2025-03-18 07:00:00,1.09206,1.09366,1.09161,1.09349,67464840314.0
2025-03-18 08:00:00,1.09351,1.09545,1.09327,1.09512,67563346983.0
2025-03-18 09:00:00,1.09515,1.09530,1.09393,1.09497,67462641745.0
2025-03-18 10:00:00,1.09498,1.09518,1.09316,1.09339,67565348784.0
2025-03-18 11:00:00,1.09343,1.09370,1.09140,1.09162,67515993949.0
2025-03-18 12:00:00,1.09162,1.09236,1.08924,1.09113,67608883857.0
2025-03-18 13:00:00,1.09114,1.09208,1.09013,1.09123,67684567285.0
2025-03-18 14:00:00,1.09124,1.09194,1.09068,1.09166,67968071597.0
2025-03-18 15:00:00,1.09171,1.09341,1.08964,1.09264,67770304263.0
2025-03-18 16:00:00,1.09264,1.09398,1.09234,1.09385,67444828078.0
2025-03-18 17:00:00,1.09385,1.09517,1.09385,1.09497,67327325629.0
2025-03-18 18:00:00,1.09499,1.09511,1.09404,1.09440,67106866136.0
2025-03-18 19:00:00,1.09439,1.09494,1.09415,1.09461,66864010363.0
2025-03-18 20:00:00,1.09461,1.09485,1.09426,1.09449,66413319618.0
2025-03-18 21:00:00,1.09434,1.09465,1.09395,1.09440,64278263206.0
2025-03-18 22:00:00,1.09437,1.09458,1.09401,1.09415,65934894693.0
2025-03-18 23:00:00,1.09417,1.09434,1.09375,1.09385,63324112810.0
2025-03-19 00:00:00,1.09386,1.09388,1.09316,1.09346,66461342762.0
2025-03-19 01:00:00,1.09346,1.09372,1.09333,1.09368,66384360899.0
2025-03-19 02:00:00,1.09370,1.09449,1.09354,1.09408,66470255656.0
2025-03-19 03:00:00,1.09411,1.09436,1.09326,1.09381,66258340413.0
2025-03-19 04:00:00,1.09378,1.09378,1.09279,1.09298,66320516385.0
2025-03-19 05:00:00,1.09296,1.09360,1.09295,1.09311,66409225258.0
2025-03-19 06:00:00,1.09312,1.09324,1.09203,1.09206,67104404931.0
2025-03-19 07:00:00,1.09206,1.09230,1.08731,1.08924,67814680088.0
2025-03-19 08:00:00,1.08928,1.09105,1.08921,1.09070,67637686845.0
2025-03-19 09:00:00,1.09070,1.09101,1.08954,1.09021,67466092216.0
2025-03-19 10:00:00,1.09021,1.09040,1.08912,1.08997,67326685673.0
2025-03-19 11:00:00,1.08997,1.09129,1.08935,1.09082,67179312577.0
2025-03-19 12:00:00,1.09085,1.09174,1.08990,1.09009,67706139933.0
2025-03-19 13:00:00,1.09012,1.09036,1.08925,1.08943,67614811754.0
2025-03-19 14:00:00,1.08942,1.09004,1.08817,1.08838,67286039921.0
2025-03-19 15:00:00,1.08837,1.08877,1.08753,1.08766,67530978750.0
2025-03-19 16:00:00,1.08769,1.08861,1.08758,1.08850,67357585406.0
2025-03-19 17:00:00,1.08848,1.08852,1.08603,1.08691,67335238452.0
2025-03-19 18:00:00,1.08692,1.09130,1.08632,1.09077,67990594031.0
2025-03-19 19:00:00,1.09073,1.09127,1.08848,1.08986,67592798535.0
2025-03-19 20:00:00,1.08986,1.09059,1.08955,1.09009,66817416565.0
2025-03-19 21:00:00,1.09004,1.09050,1.09001,1.09040,64723838560.0
2025-03-19 22:00:00,1.09041,1.09129,1.09032,1.09083,65956568108.0
2025-03-19 23:00:00,1.09083,1.09118,1.09048,1.09115,65838220574.0
2025-03-20 00:00:00,1.09116,1.09163,1.09035,1.09122,66815996721.0
2025-03-20 01:00:00,1.09120,1.09129,1.09034,1.09057,66793681060.0
2025-03-20 02:00:00,1.09055,1.09171,1.09053,1.09090,66962300600.0
2025-03-20 03:00:00,1.09089,1.09140,1.09069,1.09096,66628229202.0
2025-03-20 04:00:00,1.09095,1.09104,1.09003,1.09031,66613566832.0
2025-03-20 05:00:00,1.09032,1.09032,1.08906,1.08953,66469582600.0
2025-03-20 06:00:00,1.08953,1.08988,1.08895,1.08933,67070883920.0
2025-03-20 07:00:00,1.08932,1.08941,1.08647,1.08791,67479794154.0
2025-03-20 08:00:00,1.08795,1.08857,1.08629,1.08652,67596348949.0
2025-03-20 09:00:00,1.08651,1.08684,1.08381,1.08519,67699449034.0
2025-03-20 10:00:00,1.08524,1.08545,1.08332,1.08456,67777831322.0
2025-03-20 11:00:00,1.08455,1.08517,1.08392,1.08493,67132141076.0
2025-03-20 12:00:00,1.08494,1.08559,1.08307,1.08336,67535606254.0
2025-03-20 13:00:00,1.08335,1.08390,1.08145,1.08251,67680800279.0
2025-03-20 14:00:00,1.08250,1.08385,1.08224,1.08292,67611366852.0
2025-03-20 15:00:00,1.08292,1.08492,1.08231,1.08472,67758434876.0
2025-03-20 16:00:00,1.08470,1.08520,1.08420,1.08486,67284009938.0
2025-03-20 17:00:00,1.08483,1.08517,1.08389,1.08444,67153815138.0
2025-03-20 18:00:00,1.08444,1.08495,1.08417,1.08483,66917581784.0
2025-03-20 19:00:00,1.08481,1.08541,1.08470,1.08529,66750039326.0
2025-03-20 20:00:00,1.08529,1.08589,1.08493,1.08501,66068524236.0
2025-03-20 21:00:00,1.08494,1.08546,1.08400,1.08539,64935380909.0
2025-03-20 22:00:00,1.08545,1.08585,1.08529,1.08568,66070449359.0
2025-03-20 23:00:00,1.08569,1.08574,1.08531,1.08532,64575539770.0
2025-03-21 00:00:00,1.08535,1.08586,1.08504,1.08529,66863181661.0
2025-03-21 01:00:00,1.08529,1.08555,1.08483,1.08522,67103357009.0
2025-03-21 02:00:00,1.08525,1.08549,1.08422,1.08441,66897588556.0
2025-03-21 03:00:00,1.08441,1.08462,1.08331,1.08345,67384678970.0
2025-03-21 04:00:00,1.08345,1.08364,1.08274,1.08301,66984700643.0
2025-03-21 05:00:00,1.08300,1.08301,1.08197,1.08284,66944309004.0
2025-03-21 06:00:00,1.08284,1.08373,1.08240,1.08340,66997919417.0
2025-03-21 07:00:00,1.08338,1.08416,1.08270,1.08386,67288651858.0
2025-03-21 08:00:00,1.08386,1.08453,1.08239,1.08358,67462698271.0
2025-03-21 09:00:00,1.08357,1.08387,1.08246,1.08255,67196812657.0
2025-03-21 10:00:00,1.08258,1.08387,1.08257,1.08368,67293860329.0
2025-03-21 11:00:00,1.08367,1.08512,1.08350,1.08506,67180971618.0
2025-03-21 12:00:00,1.08505,1.08611,1.08295,1.08321,67864003709.0
2025-03-21 13:00:00,1.08319,1.08359,1.08250,1.08319,67489103218.0
2025-03-21 14:00:00,1.08320,1.08355,1.08186,1.08235,67535601667.0
2025-03-21 15:00:00,1.08237,1.08290,1.07970,1.08062,67582972560.0
2025-03-21 16:00:00,1.08060,1.08249,1.08042,1.08179,67528242300.0
2025-03-21 17:00:00,1.08180,1.08254,1.08050,1.08224,67252560200.0
2025-03-21 18:00:00,1.08225,1.08266,1.08146,1.08207,67017479287.0
2025-03-21 19:00:00,1.08209,1.08242,1.08151,1.08175,66892417598.0
2025-03-21 20:00:00,1.08174,1.08174,1.08115,1.08121,65163372464.0
2025-03-23 21:00:00,1.08130,1.08173,1.08115,1.08170,52677889221.0
2025-03-23 22:00:00,1.08167,1.08296,1.08160,1.08195,66563141799.0
2025-03-23 23:00:00,1.08197,1.08367,1.08186,1.08358,66242910617.0
2025-03-24 00:00:00,1.08358,1.08398,1.08324,1.08370,66913035876.0
2025-03-24 01:00:00,1.08370,1.08374,1.08226,1.08259,67273567436.0
2025-03-24 02:00:00,1.08260,1.08319,1.08243,1.08248,67019726520.0
2025-03-24 03:00:00,1.08248,1.08292,1.08199,1.08202,67027216633.0
2025-03-24 04:00:00,1.08201,1.08242,1.08169,1.08227,66682038520.0
2025-03-24 05:00:00,1.08225,1.08307,1.08180,1.08289,66913398948.0
2025-03-24 06:00:00,1.08290,1.08444,1.08279,1.08396,67124759759.0
2025-03-24 07:00:00,1.08394,1.08499,1.08329,1.08379,67360497989.0
2025-03-24 08:00:00,1.08381,1.08579,1.08371,1.08427,67620558276.0
2025-03-24 09:00:00,1.08432,1.08450,1.08283,1.08390,67440249240.0
2025-03-24 10:00:00,1.08394,1.08547,1.08364,1.08478,67329598262.0
2025-03-24 11:00:00,1.08478,1.08492,1.08321,1.08323,67223244632.0
2025-03-24 12:00:00,1.08323,1.08344,1.08215,1.08296,67373125301.0
2025-03-24 13:00:00,1.08297,1.08303,1.07923,1.07933,67515471627.0
2025-03-24 14:00:00,1.07931,1.08201,1.07903,1.07991,67877031200.0
2025-03-24 15:00:00,1.07994,1.08051,1.07904,1.07936,67657544996.0
2025-03-24 16:00:00,1.07939,1.08069,1.07813,1.07917,67544300255.0
2025-03-24 17:00:00,1.07919,1.07962,1.07845,1.07874,67126156331.0
2025-03-24 18:00:00,1.07875,1.08130,1.07838,1.08048,67084494108.0
2025-03-24 19:00:00,1.08053,1.08070,1.07970,1.08021,66583235793.0
2025-03-24 20:00:00,1.08020,1.08060,1.07995,1.08004,66142291230.0
2025-03-24 21:00:00,1.08003,1.08014,1.07952,1.07995,63875112633.0
2025-03-24 22:00:00,1.07994,1.08024,1.07946,1.08021,62519666937.0
2025-03-24 23:00:00,1.08022,1.08033,1.08004,1.08022,64534191796.0
2025-03-25 00:00:00,1.08022,1.08025,1.07959,1.08001,66339452356.0
2025-03-25 01:00:00,1.08000,1.08084,1.07998,1.08022,66599053556.0
2025-03-25 02:00:00,1.08021,1.08049,1.07940,1.07964,66617861736.0
2025-03-25 03:00:00,1.07964,1.08034,1.07957,1.08029,66616398969.0
2025-03-25 04:00:00,1.08031,1.08087,1.08025,1.08032,66505809595.0
2025-03-25 05:00:00,1.08031,1.08070,1.08009,1.08028,66363419526.0
2025-03-25 06:00:00,1.08029,1.08044,1.07927,1.07943,66972245688.0
2025-03-25 07:00:00,1.07944,1.08018,1.07849,1.07871,67493374196.0
2025-03-25 08:00:00,1.07873,1.07922,1.07767,1.07901,67560138756.0
2025-03-25 09:00:00,1.07900,1.08039,1.07873,1.08005,67447296488.0
2025-03-25 10:00:00,1.08004,1.08243,1.07997,1.08199,67889336972.0
2025-03-25 11:00:00,1.08199,1.08275,1.08107,1.08176,67627300449.0
2025-03-25 12:00:00,1.08178,1.08300,1.08156,1.08249,67453533551.0
2025-03-25 13:00:00,1.08248,1.08275,1.08136,1.08167,67761569627.0
2025-03-25 14:00:00,1.08167,1.08216,1.08017,1.08124,67964161721.0
2025-03-25 15:00:00,1.08125,1.08194,1.07970,1.08030,67706212842.0
2025-03-25 16:00:00,1.08030,1.08130,1.08018,1.08064,67857032803.0
2025-03-25 17:00:00,1.08065,1.08167,1.08058,1.08096,67096187372.0
2025-03-25 18:00:00,1.08093,1.08093,1.07969,1.07983,66667273257.0
2025-03-25 19:00:00,1.07985,1.08017,1.07906,1.07952,66921081078.0
2025-03-25 20:00:00,1.07951,1.07956,1.07898,1.07905,66095652535.0
2025-03-25 21:00:00,1.07905,1.07939,1.07885,1.07908,57683777940.0
2025-03-25 22:00:00,1.07910,1.07940,1.07878,1.07883,66226615748.0
2025-03-25 23:00:00,1.07884,1.07889,1.07852,1.07888,65658870827.0
2025-03-26 00:00:00,1.07889,1.07922,1.07835,1.07841,66494158600.0
2025-03-26 01:00:00,1.07840,1.07952,1.07777,1.07934,67018228368.0
2025-03-26 02:00:00,1.07934,1.07970,1.07902,1.07951,66432617679.0
2025-03-26 03:00:00,1.07950,1.07960,1.07837,1.07857,66411585866.0
2025-03-26 04:00:00,1.07858,1.07878,1.07809,1.07841,66316303075.0
2025-03-26 05:00:00,1.07839,1.07868,1.07777,1.07850,66768644342.0
2025-03-26 06:00:00,1.07850,1.07881,1.07821,1.07868,66834158717.0
2025-03-26 07:00:00,1.07868,1.07913,1.07811,1.07860,67295826086.0
2025-03-26 08:00:00,1.07859,1.07996,1.07851,1.07990,67452863450.0
2025-03-26 09:00:00,1.07990,1.08025,1.07928,1.07958,67167604571.0
2025-03-26 10:00:00,1.07957,1.08014,1.07865,1.07916,67038439012.0
2025-03-26 11:00:00,1.07915,1.07976,1.07886,1.07922,67039960756.0
2025-03-26 12:00:00,1.07922,1.07935,1.07817,1.07841,67402322082.0
2025-03-26 13:00:00,1.07843,1.07906,1.07675,1.07747,67687347322.0
2025-03-26 14:00:00,1.07745,1.07951,1.07729,1.07906,67628533021.0
2025-03-26 15:00:00,1.07905,1.07943,1.07673,1.07807,67542048280.0
2025-03-26 16:00:00,1.07807,1.07915,1.07767,1.07874,67546074645.0
2025-03-26 17:00:00,1.07875,1.07891,1.07516,1.07565,67761459855.0
2025-03-26 18:00:00,1.07563,1.07614,1.07530,1.07551,67149242044.0
2025-03-26 19:00:00,1.07552,1.07558,1.07437,1.07512,66963068682.0
2025-03-26 20:00:00,1.07512,1.07565,1.07503,1.07528,66511406038.0
2025-03-26 21:00:00,1.07524,1.07556,1.07344,1.07362,66376731197.0
2025-03-26 22:00:00,1.07363,1.07444,1.07328,1.07370,66891721605.0
2025-03-26 23:00:00,1.07368,1.07443,1.07354,1.07409,66287414805.0
2025-03-27 00:00:00,1.07411,1.07574,1.07407,1.07554,66844143782.0
2025-03-27 01:00:00,1.07555,1.07688,1.07550,1.07649,66985913218.0
2025-03-27 02:00:00,1.07649,1.07798,1.07649,1.07758,66899991596.0
2025-03-27 03:00:00,1.07758,1.07797,1.07727,1.07780,66416005609.0
2025-03-27 04:00:00,1.07782,1.07869,1.07769,1.07803,66513320016.0
2025-03-27 05:00:00,1.07802,1.07811,1.07636,1.07691,66550793832.0
2025-03-27 06:00:00,1.07690,1.07824,1.07680,1.07729,67065881561.0
2025-03-27 07:00:00,1.07729,1.07743,1.07540,1.07644,67611155497.0
2025-03-27 08:00:00,1.07646,1.07766,1.07554,1.07758,67692113098.0
2025-03-27 09:00:00,1.07756,1.07790,1.07610,1.07707,67344268656.0
2025-03-27 10:00:00,1.07706,1.07816,1.07665,1.07816,67351423219.0
2025-03-27 11:00:00,1.07815,1.07995,1.07786,1.07868,67310597570.0
2025-03-27 12:00:00,1.07868,1.07981,1.07830,1.07868,67319303369.0
2025-03-27 13:00:00,1.07870,1.07971,1.07762,1.07797,67478714451.0
2025-03-27 14:00:00,1.07800,1.07945,1.07771,1.07891,67518362420.0
2025-03-27 15:00:00,1.07892,1.08210,1.07853,1.07995,67662448723.0
2025-03-27 16:00:00,1.07995,1.07998,1.07914,1.07989,67411902465.0
2025-03-27 17:00:00,1.07989,1.08085,1.07893,1.07895,67147388685.0
2025-03-27 18:00:00,1.07896,1.07981,1.07889,1.07908,66747176060.0
2025-03-27 19:00:00,1.07907,1.07996,1.07881,1.07947,66642825710.0
2025-03-27 20:00:00,1.07945,1.08020,1.07936,1.08007,65886947904.0
2025-03-27 21:00:00,1.08004,1.08004,1.07941,1.07969,61300323779.0
2025-03-27 22:00:00,1.07971,1.07987,1.07951,1.07963,65699250179.0
2025-03-27 23:00:00,1.07963,1.08012,1.07960,1.08006,63480662591.0
2025-03-28 00:00:00,1.08005,1.08005,1.07879,1.07948,66716283698.0
2025-03-28 01:00:00,1.07949,1.07987,1.07913,1.07934,66796551539.0
2025-03-28 02:00:00,1.07936,1.07967,1.07901,1.07944,66645532345.0
2025-03-28 03:00:00,1.07944,1.07967,1.07907,1.07917,66338990324.0
2025-03-28 04:00:00,1.07917,1.07928,1.07845,1.07884,66545764927.0
2025-03-28 05:00:00,1.07884,1.07931,1.07861,1.07907,66590564681.0
2025-03-28 06:00:00,1.07906,1.07920,1.07824,1.07848,66591060136.0
2025-03-28 07:00:00,1.07848,1.07998,1.07815,1.07870,67242568577.0
2025-03-28 08:00:00,1.07867,1.07964,1.07751,1.07782,67387206865.0
2025-03-28 09:00:00,1.07782,1.07804,1.07687,1.07734,67356541586.0
2025-03-28 10:00:00,1.07735,1.07784,1.07674,1.07685,67270158583.0
2025-03-28 11:00:00,1.07686,1.07747,1.07644,1.07716,67026153638.0
2025-03-28 12:00:00,1.07717,1.07918,1.07651,1.07888,67380439779.0
2025-03-28 13:00:00,1.07887,1.08168,1.07847,1.08103,67708512502.0
2025-03-28 14:00:00,1.08103,1.08314,1.08090,1.08229,67620559910.0
2025-03-28 15:00:00,1.08229,1.08447,1.08189,1.08248,67678063166.0
2025-03-28 16:00:00,1.08249,1.08330,1.08199,1.08215,67300330044.0
2025-03-28 17:00:00,1.08215,1.08286,1.08120,1.08195,67158274867.0
2025-03-28 18:00:00,1.08193,1.08277,1.08135,1.08243,66972013693.0
2025-03-28 19:00:00,1.08244,1.08285,1.08229,1.08255,66861652375.0
2025-03-28 20:00:00,1.08254,1.08359,1.08237,1.08237,66510515734.0
2025-03-30 21:00:00,1.08228,1.08280,1.08139,1.08150,65024245099.0
2025-03-30 22:00:00,1.08149,1.08221,1.08049,1.08205,67057599778.0
2025-03-30 23:00:00,1.08206,1.08290,1.08106,1.08234,67026944657.0
2025-03-31 00:00:00,1.08235,1.08415,1.08230,1.08415,67069468672.0
2025-03-31 01:00:00,1.08415,1.08454,1.08310,1.08324,67250527924.0
2025-03-31 02:00:00,1.08323,1.08458,1.08288,1.08404,66872264622.0
2025-03-31 03:00:00,1.08404,1.08414,1.08323,1.08327,66852289250.0
2025-03-31 04:00:00,1.08328,1.08358,1.08310,1.08341,66793734143.0
2025-03-31 05:00:00,1.08341,1.08427,1.08311,1.08342,66944390270.0
2025-03-31 06:00:00,1.08342,1.08447,1.08247,1.08371,67599042475.0
2025-03-31 07:00:00,1.08371,1.08492,1.08206,1.08313,67755723655.0
2025-03-31 08:00:00,1.08313,1.08340,1.08115,1.08273,67542783097.0
2025-03-31 09:00:00,1.08272,1.08303,1.08145,1.08160,67238719322.0
2025-03-31 10:00:00,1.08159,1.08208,1.08054,1.08182,67447911874.0
2025-03-31 11:00:00,1.08183,1.08291,1.08150,1.08190,67426945925.0
2025-03-31 12:00:00,1.08192,1.08208,1.08008,1.08034,67451568455.0
2025-03-31 13:00:00,1.08035,1.08212,1.08026,1.08078,67609076042.0
2025-03-31 14:00:00,1.08077,1.08085,1.07838,1.08020,67787881348.0
2025-03-31 15:00:00,1.08018,1.08163,1.07904,1.07940,67787819583.0
2025-03-31 16:00:00,1.07943,1.08158,1.07852,1.08117,67422466212.0
2025-03-31 17:00:00,1.08116,1.08174,1.08077,1.08146,67023206484.0
2025-03-31 18:00:00,1.08146,1.08177,1.08069,1.08145,66917103700.0
2025-03-31 19:00:00,1.08146,1.08197,1.08116,1.08140,66908437871.0
2025-03-31 20:00:00,1.08141,1.08186,1.08093,1.08151,65338679295.0
2025-03-31 21:00:00,1.08139,1.08191,1.08129,1.08184,55644131165.0
2025-03-31 22:00:00,1.08190,1.08193,1.08158,1.08179,65873007736.0
2025-03-31 23:00:00,1.08179,1.08195,1.08137,1.08173,64624003646.0
2025-04-01 00:00:00,1.08174,1.08264,1.08173,1.08253,66740790233.0
2025-04-01 01:00:00,1.08252,1.08267,1.08168,1.08204,66854974914.0
2025-04-01 02:00:00,1.08204,1.08281,1.08198,1.08239,66723838691.0
2025-04-01 03:00:00,1.08240,1.08278,1.08212,1.08265,66262562897.0
2025-04-01 04:00:00,1.08266,1.08299,1.08247,1.08249,66310535906.0
2025-04-01 05:00:00,1.08250,1.08251,1.08064,1.08069,66891891013.0
2025-04-01 06:00:00,1.08070,1.08104,1.07986,1.08080,67236977047.0
2025-04-01 07:00:00,1.08079,1.08123,1.07991,1.08016,67522566222.0
2025-04-01 08:00:00,1.08013,1.08178,1.08003,1.08176,67298825339.0
2025-04-01 09:00:00,1.08174,1.08291,1.08145,1.08172,67242944428.0
2025-04-01 10:00:00,1.08171,1.08184,1.07900,1.07980,67513746555.0
2025-04-01 11:00:00,1.07979,1.07983,1.07782,1.07810,67514757611.0
2025-04-01 12:00:00,1.07811,1.07951,1.07809,1.07869,67410471161.0
2025-04-01 13:00:00,1.07870,1.07953,1.07791,1.07869,67533878400.0
2025-04-01 14:00:00,1.07861,1.08122,1.07836,1.08073,67833883849.0
2025-04-01 15:00:00,1.08074,1.08122,1.07984,1.07991,67666477383.0
2025-04-01 16:00:00,1.07991,1.08030,1.07924,1.07994,67349187790.0
2025-04-01 17:00:00,1.07997,1.08046,1.07910,1.07928,66752006061.0
2025-04-01 18:00:00,1.07928,1.07946,1.07851,1.07869,66912269762.0
2025-04-01 19:00:00,1.07871,1.07907,1.07853,1.07896,66730001042.0
2025-04-01 20:00:00,1.07895,1.08017,1.07884,1.07929,64089409128.0
2025-04-01 21:00:00,1.07911,1.07944,1.07850,1.07932,65503998772.0
2025-04-01 22:00:00,1.07931,1.08079,1.07920,1.07986,66645673904.0
2025-04-01 23:00:00,1.07988,1.07994,1.07940,1.07940,64989531994.0
2025-04-02 00:00:00,1.07947,1.07950,1.07887,1.07902,66638921075.0
2025-04-02 01:00:00,1.07903,1.07948,1.07869,1.07946,66687909891.0
2025-04-02 02:00:00,1.07946,1.08017,1.07940,1.07942,66509661797.0
2025-04-02 03:00:00,1.07944,1.07997,1.07935,1.07955,66349667449.0
2025-04-02 04:00:00,1.07955,1.07972,1.07923,1.07925,66027066497.0
2025-04-02 05:00:00,1.07926,1.07926,1.07860,1.07894,66631324139.0
2025-04-02 06:00:00,1.07895,1.07961,1.07874,1.07925,67182208615.0
2025-04-02 07:00:00,1.07925,1.07946,1.07800,1.07915,67295169084.0
2025-04-02 08:00:00,1.07915,1.08017,1.07903,1.07974,67191101190.0
2025-04-02 09:00:00,1.07974,1.08081,1.07957,1.08058,67170066763.0
2025-04-02 10:00:00,1.08060,1.08065,1.07857,1.07946,67315063850.0
2025-04-02 11:00:00,1.07946,1.08061,1.07909,1.08022,67261158523.0
2025-04-02 12:00:00,1.08023,1.08195,1.07961,1.08190,67352218501.0
2025-04-02 13:00:00,1.08189,1.08291,1.08147,1.08262,67535533836.0
2025-04-02 14:00:00,1.08264,1.08614,1.08187,1.08582,67729820714.0
2025-04-02 15:00:00,1.08583,1.08730,1.08508,1.08673,67725490912.0
2025-04-02 16:00:00,1.08673,1.08675,1.08468,1.08519,67524792815.0
2025-04-02 17:00:00,1.08519,1.08594,1.08498,1.08515,67105378141.0
2025-04-02 18:00:00,1.08515,1.08590,1.08478,1.08538,67050213865.0
2025-04-02 19:00:00,1.08538,1.08559,1.08467,1.08496,66912809776.0
2025-04-02 20:00:00,1.08496,1.09242,1.08106,1.08490,67883384421.0
2025-04-02 21:00:00,1.08490,1.08549,1.08105,1.08262,61138995117.0
2025-04-02 22:00:00,1.08272,1.08391,1.08047,1.08384,67602363513.0
2025-04-02 23:00:00,1.08386,1.09108,1.08373,1.09041,67786672047.0
2025-04-03 00:00:00,1.09038,1.09072,1.08795,1.08905,67762486479.0
2025-04-03 01:00:00,1.08906,1.09230,1.08863,1.09128,67725190270.0
2025-04-03 02:00:00,1.09127,1.09244,1.09088,1.09122,67574623759.0
2025-04-03 03:00:00,1.09122,1.09209,1.09074,1.09147,67307850305.0
2025-04-03 04:00:00,1.09148,1.09162,1.09053,1.09066,67123677760.0
2025-04-03 05:00:00,1.09065,1.09517,1.09063,1.09441,67434755848.0
2025-04-03 06:00:00,1.09443,1.09898,1.09346,1.09892,67985480254.0
2025-04-03 07:00:00,1.09895,1.09900,1.09426,1.09705,67957144450.0
2025-04-03 08:00:00,1.09704,1.10203,1.09702,1.10090,67762905083.0
2025-04-03 09:00:00,1.10094,1.10470,1.10035,1.10305,67876811409.0
2025-04-03 10:00:00,1.10307,1.11462,1.10277,1.10524,68281382994.0
2025-04-03 11:00:00,1.10526,1.11010,1.10386,1.10875,67902311465.0
2025-04-03 12:00:00,1.10876,1.11093,1.10727,1.10816,68066921348.0
2025-04-03 13:00:00,1.10818,1.11349,1.10701,1.10810,68184400528.0
2025-04-03 14:00:00,1.10860,1.11275,1.10797,1.11182,68073460200.0
2025-04-03 15:00:00,1.11183,1.11190,1.10409,1.10504,67979636900.0
2025-04-03 16:00:00,1.10508,1.10556,1.10326,1.10384,67789365576.0
2025-04-03 17:00:00,1.10382,1.10393,1.10178,1.10243,67583643159.0
2025-04-03 18:00:00,1.10242,1.10405,1.10196,1.10372,67205884147.0
2025-04-03 19:00:00,1.10370,1.10372,1.10157,1.10273,67200679936.0
2025-04-03 20:00:00,1.10272,1.10527,1.10219,1.10510,66469576706.0
2025-04-03 21:00:00,1.10510,1.10510,1.10476,1.10504,63723440700.0
2025-04-03 22:00:00,1.10509,1.10714,1.10486,1.10639,66863069265.0
2025-04-03 23:00:00,1.10639,1.10645,1.10417,1.10450,66993862738.0
2025-04-04 00:00:00,1.10448,1.10640,1.10364,1.10605,67269486185.0
2025-04-04 01:00:00,1.10602,1.10731,1.10570,1.10676,67384624414.0
2025-04-04 02:00:00,1.10676,1.10794,1.10604,1.10631,67439371225.0
2025-04-04 03:00:00,1.10633,1.10984,1.10572,1.10933,67610102664.0
2025-04-04 04:00:00,1.10932,1.10981,1.10818,1.10871,67536600104.0
2025-04-04 05:00:00,1.10872,1.11076,1.10783,1.10838,67682091338.0
2025-04-04 06:00:00,1.10838,1.10861,1.10497,1.10505,67704837239.0
2025-04-04 07:00:00,1.10504,1.10669,1.09995,1.10039,67992479170.0
2025-04-04 08:00:00,1.10039,1.10095,1.09749,1.09961,68027911536.0
2025-04-04 09:00:00,1.09961,1.09973,1.09712,1.09842,67925117173.0
2025-04-04 10:00:00,1.09841,1.10498,1.09642,1.10305,68426112043.0
2025-04-04 11:00:00,1.10303,1.10797,1.10217,1.10600,68484064872.0
2025-04-04 12:00:00,1.10603,1.10898,1.10075,1.10194,68541243311.0
2025-04-04 13:00:00,1.10194,1.10478,1.10051,1.10057,68438940383.0
2025-04-04 14:00:00,1.10056,1.10145,1.09599,1.09859,68413079718.0
2025-04-04 15:00:00,1.09861,1.10168,1.09663,1.10136,68443811757.0
2025-04-04 16:00:00,1.10136,1.10196,1.09616,1.09710,68117415199.0
2025-04-04 17:00:00,1.09715,1.09765,1.09242,1.09473,68259781833.0
2025-04-04 18:00:00,1.09470,1.09670,1.09390,1.09443,67926451488.0
2025-04-04 19:00:00,1.09442,1.09643,1.09272,1.09430,67877068478.0
2025-04-04 20:00:00,1.09430,1.09660,1.09322,1.09573,67319853873.0
2025-04-06 21:00:00,1.08894,1.09204,1.08792,1.09148,65671550730.0
2025-04-06 22:00:00,1.09155,1.09943,1.09154,1.09821,67477997813.0
2025-04-06 23:00:00,1.09822,1.10006,1.09810,1.09832,67948097371.0
2025-04-07 00:00:00,1.09833,1.09837,1.09457,1.09665,67931207598.0
2025-04-07 01:00:00,1.09665,1.09801,1.09541,1.09676,68078552348.0
2025-04-07 02:00:00,1.09678,1.09678,1.09198,1.09347,67719801400.0
2025-04-07 03:00:00,1.09348,1.09543,1.09297,1.09502,67363188900.0
2025-04-07 04:00:00,1.09501,1.09873,1.09479,1.09847,67146853906.0
2025-04-07 05:00:00,1.09847,1.10203,1.09777,1.10180,67674882870.0
2025-04-07 06:00:00,1.10180,1.10229,1.09934,1.10027,68175507621.0
2025-04-07 07:00:00,1.10026,1.10498,1.09977,1.10003,68407748852.0
2025-04-07 08:00:00,1.10008,1.10216,1.09675,1.09917,68274496633.0
2025-04-07 09:00:00,1.09916,1.09963,1.09498,1.09624,68115489754.0
2025-04-07 10:00:00,1.09624,1.09906,1.09574,1.09587,67969872038.0
2025-04-07 11:00:00,1.09587,1.09693,1.09349,1.09692,68092629646.0
2025-04-07 12:00:00,1.09693,1.09912,1.09390,1.09735,68212849375.0
2025-04-07 13:00:00,1.09737,1.09768,1.09372,1.09412,68180057944.0
2025-04-07 14:00:00,1.09412,1.09823,1.09167,1.09219,68722953665.0
2025-04-07 15:00:00,1.09220,1.09361,1.09007,1.09112,68447671664.0
2025-04-07 16:00:00,1.09112,1.09325,1.09039,1.09318,68007166773.0
2025-04-07 17:00:00,1.09320,1.09499,1.09291,1.09387,67887913041.0
2025-04-07 18:00:00,1.09387,1.09524,1.09233,1.09334,67810386575.0
2025-04-07 19:00:00,1.09334,1.09478,1.09135,1.09158,67757728075.0
2025-04-07 20:00:00,1.09160,1.09195,1.09014,1.09054,66930495980.0
2025-04-07 21:00:00,1.09054,1.09115,1.09013,1.09099,59079213055.0
2025-04-07 22:00:00,1.09099,1.09203,1.09077,1.09166,66864551036.0
2025-04-07 23:00:00,1.09164,1.09189,1.09074,1.09146,66581111111.0
2025-04-08 00:00:00,1.09147,1.09499,1.09146,1.09397,67518016392.0
2025-04-08 01:00:00,1.09397,1.09615,1.09375,1.09594,67659959827.0
2025-04-08 02:00:00,1.09595,1.09802,1.09594,1.09709,67465354281.0
2025-04-08 03:00:00,1.09710,1.09717,1.09607,1.09633,66988368858.0
2025-04-08 04:00:00,1.09632,1.09794,1.09619,1.09758,67048762244.0
2025-04-08 05:00:00,1.09756,1.09756,1.09538,1.09681,67176900855.0
2025-04-08 06:00:00,1.09679,1.09916,1.09611,1.09765,67775733758.0
2025-04-08 07:00:00,1.09769,1.09803,1.09211,1.09233,68202788783.0
2025-04-08 08:00:00,1.09233,1.09486,1.09226,1.09362,67888237775.0
2025-04-08 09:00:00,1.09362,1.09370,1.09110,1.09193,67829479178.0
2025-04-08 10:00:00,1.09193,1.09391,1.09133,1.09273,67811424337.0
2025-04-08 11:00:00,1.09271,1.09445,1.09245,1.09339,67868947574.0
2025-04-08 12:00:00,1.09342,1.09684,1.09341,1.09483,67837730160.0
2025-04-08 13:00:00,1.09480,1.09556,1.09267,1.09357,68044739706.0
2025-04-08 14:00:00,1.09355,1.09357,1.08886,1.09099,68162902258.0
2025-04-08 15:00:00,1.09100,1.09194,1.08956,1.09113,67948787306.0
2025-04-08 16:00:00,1.09115,1.09323,1.08984,1.09294,67878547620.0
2025-04-08 17:00:00,1.09293,1.09485,1.09259,1.09335,68076175194.0
2025-04-08 18:00:00,1.09335,1.09693,1.09294,1.09520,67887667609.0
2025-04-08 19:00:00,1.09518,1.09778,1.09507,1.09540,67804535522.0
2025-04-08 20:00:00,1.09539,1.09627,1.09388,1.09534,66936198270.0
2025-04-08 21:00:00,1.09534,1.09571,1.09458,1.09564,61702996624.0
2025-04-08 22:00:00,1.09565,1.09774,1.09546,1.09677,67154200821.0
2025-04-08 23:00:00,1.09678,1.09849,1.09662,1.09773,67241493791.0
2025-04-09 00:00:00,1.09771,1.10166,1.09709,1.10147,67873483984.0
2025-04-09 01:00:00,1.10146,1.10397,1.10137,1.10200,68085169685.0
2025-04-09 02:00:00,1.10200,1.10285,1.10093,1.10196,67921239410.0
2025-04-09 03:00:00,1.10197,1.10355,1.10125,1.10193,67789161756.0
2025-04-09 04:00:00,1.10192,1.10689,1.10186,1.10683,68194192914.0
2025-04-09 05:00:00,1.10683,1.10683,1.10289,1.10614,68081726916.0
2025-04-09 06:00:00,1.10615,1.10897,1.10425,1.10734,68406368829.0
2025-04-09 07:00:00,1.10727,1.10795,1.10091,1.10150,68429871844.0
2025-04-09 08:00:00,1.10150,1.10348,1.09976,1.10271,68257125174.0
2025-04-09 09:00:00,1.10273,1.10500,1.10090,1.10438,67959157720.0
2025-04-09 10:00:00,1.10438,1.10577,1.10252,1.10330,68008250897.0
2025-04-09 11:00:00,1.10329,1.10567,1.10213,1.10350,68478848861.0
2025-04-09 12:00:00,1.10351,1.10948,1.10343,1.10753,68315246431.0
2025-04-09 13:00:00,1.10753,1.10816,1.10326,1.10448,68319164824.0
2025-04-09 14:00:00,1.10447,1.10512,1.10258,1.10404,68069342908.0
2025-04-09 15:00:00,1.10404,1.10691,1.10365,1.10381,67915721606.0
2025-04-09 16:00:00,1.10386,1.10423,1.10132,1.10200,67594262940.0
2025-04-09 17:00:00,1.10201,1.10632,1.09454,1.09762,68585821141.0
2025-04-09 18:00:00,1.09763,1.09829,1.09132,1.09636,68343877796.0
2025-04-09 19:00:00,1.09637,1.09765,1.09322,1.09340,68133501008.0
2025-04-09 20:00:00,1.09346,1.09620,1.09285,1.09451,67487228560.0
2025-04-09 21:00:00,1.09451,1.09539,1.09449,1.09503,62419482050.0
2025-04-09 22:00:00,1.09515,1.09626,1.09466,1.09599,67250147163.0
2025-04-09 23:00:00,1.09601,1.09607,1.09427,1.09507,67099935705.0
2025-04-10 00:00:00,1.09504,1.09863,1.09499,1.09860,67764742392.0
2025-04-10 01:00:00,1.09861,1.09875,1.09691,1.09716,67602184931.0
2025-04-10 02:00:00,1.09715,1.09789,1.09612,1.09715,67434396708.0
2025-04-10 03:00:00,1.09716,1.09891,1.09702,1.09814,67358850744.0
2025-04-10 04:00:00,1.09813,1.09847,1.09773,1.09826,67182911162.0
2025-04-10 05:00:00,1.09826,1.09954,1.09777,1.09856,67257502926.0
2025-04-10 06:00:00,1.09851,1.09885,1.09624,1.09829,67854746255.0
2025-04-10 07:00:00,1.09830,1.10306,1.09672,1.10261,68166066502.0
2025-04-10 08:00:00,1.10264,1.10477,1.10159,1.10373,68017697915.0
2025-04-10 09:00:00,1.10373,1.10596,1.10334,1.10591,67803481047.0
2025-04-10 10:00:00,1.10590,1.10808,1.10547,1.10796,67765362688.0
2025-04-10 11:00:00,1.10794,1.10883,1.10669,1.10700,67781268601.0
2025-04-10 12:00:00,1.10700,1.11314,1.10677,1.10969,68051460260.0
2025-04-10 13:00:00,1.10969,1.11342,1.10907,1.11267,67981211568.0
2025-04-10 14:00:00,1.11268,1.11863,1.11243,1.11852,68056928254.0
2025-04-10 15:00:00,1.11854,1.12287,1.11534,1.11901,68257116816.0
2025-04-10 16:00:00,1.11907,1.12100,1.11772,1.11965,68197838686.0
2025-04-10 17:00:00,1.11964,1.12108,1.11741,1.12097,67998865820.0
2025-04-10 18:00:00,1.12098,1.12414,1.12010,1.12153,67861480080.0
2025-04-10 19:00:00,1.12153,1.12194,1.11584,1.12069,68010215669.0
2025-04-10 20:00:00,1.12050,1.12050,1.11809,1.11969,67287137320.0
2025-04-10 21:00:00,1.11976,1.11995,1.11888,1.11888,63051907730.0
2025-04-10 22:00:00,1.11903,1.12346,1.11903,1.12340,67416970034.0
2025-04-10 23:00:00,1.12346,1.12623,1.12130,1.12576,67712828051.0
2025-04-11 00:00:00,1.12574,1.13852,1.12510,1.13098,68261524274.0
2025-04-11 01:00:00,1.13099,1.13227,1.12759,1.13054,68246647109.0
2025-04-11 02:00:00,1.13056,1.13227,1.12949,1.13022,68037620199.0
2025-04-11 03:00:00,1.13021,1.13541,1.13020,1.13407,67805080128.0
2025-04-11 04:00:00,1.13406,1.13408,1.13098,1.13221,67591376730.0
2025-04-11 05:00:00,1.13220,1.13232,1.12707,1.12849,67693779353.0
2025-04-11 06:00:00,1.12847,1.12902,1.12466,1.12868,67969923807.0
2025-04-11 07:00:00,1.12864,1.13688,1.12839,1.13642,68200605122.0
2025-04-11 08:00:00,1.13639,1.14736,1.13488,1.14269,68488479946.0
2025-04-11 09:00:00,1.14270,1.14270,1.13847,1.13853,68224106001.0
2025-04-11 10:00:00,1.13856,1.13856,1.13199,1.13365,68259944039.0
2025-04-11 11:00:00,1.13364,1.13711,1.13231,1.13289,68078141440.0
2025-04-11 12:00:00,1.13285,1.13988,1.13244,1.13952,68297996206.0
2025-04-11 13:00:00,1.13951,1.14121,1.13240,1.13604,68451251325.0
2025-04-11 14:00:00,1.13607,1.13816,1.13269,1.13401,68607513148.0
2025-04-11 15:00:00,1.13401,1.13497,1.13124,1.13247,68182699868.0
2025-04-11 16:00:00,1.13247,1.13267,1.12763,1.13056,68176317974.0
2025-04-11 17:00:00,1.13056,1.13267,1.12820,1.12851,67895412816.0
2025-04-11 18:00:00,1.12851,1.13211,1.12841,1.13123,67811356837.0
2025-04-11 19:00:00,1.13124,1.13435,1.13090,1.13415,67432016771.0
2025-04-11 20:00:00,1.13415,1.13617,1.13365,1.13554,67248683419.0
2025-04-13 21:00:00,1.13554,1.13554,1.13108,1.13178,58493401822.0
2025-04-13 22:00:00,1.13177,1.13546,1.13174,1.13338,67757375490.0
2025-04-13 23:00:00,1.13339,1.13489,1.13236,1.13420,67378269718.0
2025-04-14 00:00:00,1.13419,1.13705,1.13407,1.13653,67608087757.0
2025-04-14 01:00:00,1.13654,1.14087,1.13642,1.13853,67839893830.0
2025-04-14 02:00:00,1.13852,1.14010,1.13708,1.13719,67694966213.0
2025-04-14 03:00:00,1.13720,1.13835,1.13575,1.13714,67419954875.0
2025-04-14 04:00:00,1.13721,1.13851,1.13654,1.13675,67211678842.0
2025-04-14 05:00:00,1.13680,1.13878,1.13526,1.13850,67319296161.0
2025-04-14 06:00:00,1.13854,1.14236,1.13763,1.14165,67909686394.0
2025-04-14 07:00:00,1.14166,1.14244,1.13832,1.13897,67960282480.0
2025-04-14 08:00:00,1.13899,1.14094,1.13787,1.13873,67885905677.0
2025-04-14 09:00:00,1.13873,1.14075,1.13864,1.13866,67770767443.0
2025-04-14 10:00:00,1.13865,1.13921,1.13714,1.13871,67618495201.0
2025-04-14 11:00:00,1.13871,1.14057,1.13722,1.13837,67379849464.0
2025-04-14 12:00:00,1.13837,1.13885,1.13343,1.13387,67914100242.0
2025-04-14 13:00:00,1.13386,1.13412,1.12956,1.13270,68110328624.0
2025-04-14 14:00:00,1.13268,1.13680,1.13198,1.13674,67901544200.0
2025-04-14 15:00:00,1.13673,1.13816,1.13526,1.13570,67875333735.0
2025-04-14 16:00:00,1.13570,1.13704,1.13299,1.13304,67830204494.0
2025-04-14 17:00:00,1.13307,1.13476,1.13282,1.13382,67500395563.0
2025-04-14 18:00:00,1.13382,1.13568,1.13375,1.13542,67165063088.0
2025-04-14 19:00:00,1.13540,1.13695,1.13497,1.13546,67084776571.0
2025-04-14 20:00:00,1.13545,1.13581,1.13431,1.13496,66580407585.0
2025-04-14 21:00:00,1.13495,1.13545,1.13423,1.13522,63194482608.0
2025-04-14 22:00:00,1.13528,1.13610,1.13450,1.13534,66683465893.0
2025-04-14 23:00:00,1.13533,1.13540,1.13333,1.13360,66684218901.0
2025-04-15 00:00:00,1.13360,1.13387,1.13170,1.13284,67375676129.0
2025-04-15 01:00:00,1.13284,1.13350,1.13157,1.13241,67127295998.0
2025-04-15 02:00:00,1.13240,1.13522,1.13240,1.13493,67295688787.0
2025-04-15 03:00:00,1.13492,1.13528,1.13431,1.13474,66991876996.0
2025-04-15 04:00:00,1.13470,1.13630,1.13447,1.13565,67001325978.0
2025-04-15 05:00:00,1.13564,1.13677,1.13487,1.13504,67120665719.0
2025-04-15 06:00:00,1.13508,1.13643,1.13277,1.13318,67934523885.0
2025-04-15 07:00:00,1.13320,1.13597,1.13203,1.13571,67967241751.0
2025-04-15 08:00:00,1.13569,1.13789,1.13434,1.13465,67880056257.0
2025-04-15 09:00:00,1.13461,1.13558,1.13328,1.13386,67845525993.0
2025-04-15 10:00:00,1.13384,1.13490,1.13320,1.13441,67601643930.0
2025-04-15 11:00:00,1.13440,1.13441,1.13139,1.13263,67652090920.0
2025-04-15 12:00:00,1.13265,1.13413,1.13085,1.13125,67829257336.0
2025-04-15 13:00:00,1.13124,1.13284,1.13051,1.13174,67801133544.0
2025-04-15 14:00:00,1.13173,1.13293,1.12853,1.13288,68163778803.0
2025-04-15 15:00:00,1.13288,1.13289,1.12821,1.12885,67796983157.0
2025-04-15 16:00:00,1.12888,1.12918,1.12639,1.12742,67521837790.0
2025-04-15 17:00:00,1.12743,1.12828,1.12667,1.12725,67501651723.0
2025-04-15 18:00:00,1.12726,1.12765,1.12662,1.12733,67431584563.0
2025-04-15 19:00:00,1.12732,1.12873,1.12714,1.12822,66878760547.0
2025-04-15 20:00:00,1.12826,1.12895,1.12793,1.12814,66322291752.0
2025-04-15 21:00:00,1.12814,1.12851,1.12790,1.12804,63268185701.0
2025-04-15 22:00:00,1.12808,1.12990,1.12803,1.12953,66839239718.0
2025-04-15 23:00:00,1.12954,1.12983,1.12831,1.12932,66984364604.0
2025-04-16 00:00:00,1.12930,1.13215,1.12925,1.13170,67587377726.0
2025-04-16 01:00:00,1.13171,1.13304,1.13161,1.13233,67638803172.0
2025-04-16 02:00:00,1.13237,1.13317,1.13176,1.13275,67567776235.0
2025-04-16 03:00:00,1.13281,1.13433,1.13243,1.13430,67250104236.0
2025-04-16 04:00:00,1.13431,1.13477,1.13326,1.13459,67189249148.0
2025-04-16 05:00:00,1.13459,1.13853,1.13409,1.13804,67500068867.0
2025-04-16 06:00:00,1.13804,1.13827,1.13603,1.13605,67733258568.0
2025-04-16 07:00:00,1.13605,1.13920,1.13591,1.13868,67780564746.0
2025-04-16 08:00:00,1.13870,1.13880,1.13379,1.13694,68118485073.0
2025-04-16 09:00:00,1.13695,1.13775,1.13556,1.13598,67936669202.0
2025-04-16 10:00:00,1.13598,1.13741,1.13521,1.13579,67600573402.0
2025-04-16 11:00:00,1.13575,1.13737,1.13547,1.13631,67425946503.0
2025-04-16 12:00:00,1.13632,1.13653,1.13403,1.13513,67751892585.0
2025-04-16 13:00:00,1.13515,1.13737,1.13496,1.13664,67840774312.0
2025-04-16 14:00:00,1.13671,1.13841,1.13539,1.13837,63344547264.0
2025-04-16 15:00:00,1.13837,1.13865,1.13570,1.13813,67897902371.0
2025-04-16 16:00:00,1.13815,1.13868,1.13700,1.13748,67498840554.0
2025-04-16 17:00:00,1.13747,1.13898,1.13590,1.13750,67577062359.0
2025-04-16 18:00:00,1.13749,1.13882,1.13648,1.13863,67465512224.0
2025-04-16 19:00:00,1.13861,1.14127,1.13846,1.13864,67465132445.0
2025-04-16 20:00:00,1.13864,1.13993,1.13816,1.13985,66969738284.0
2025-04-16 21:00:00,1.13978,1.14001,1.13908,1.13951,66679329259.0
2025-04-16 22:00:00,1.13953,1.13998,1.13946,1.13991,65408942735.0
2025-04-16 23:00:00,1.13991,1.14090,1.13938,1.13953,66738470911.0
2025-04-17 00:00:00,1.13955,1.13967,1.13648,1.13680,67460050455.0
2025-04-17 01:00:00,1.13677,1.13690,1.13551,1.13652,67524493640.0
2025-04-17 02:00:00,1.13654,1.13815,1.13648,1.13780,67025618208.0
2025-04-17 03:00:00,1.13781,1.13806,1.13637,1.13640,66747339902.0
2025-04-17 04:00:00,1.13639,1.13698,1.13601,1.13620,66624493979.0
2025-04-17 05:00:00,1.13619,1.13710,1.13440,1.13521,67015924777.0
2025-04-17 06:00:00,1.13520,1.13708,1.13433,1.13586,67397317428.0
2025-04-17 07:00:00,1.13587,1.13788,1.13528,1.13766,67566673263.0
2025-04-17 08:00:00,1.13769,1.13884,1.13680,1.13785,67428928713.0
2025-04-17 09:00:00,1.13784,1.13807,1.13699,1.13724,67312637708.0
2025-04-17 10:00:00,1.13725,1.13766,1.13573,1.13595,67461232392.0
2025-04-17 11:00:00,1.13598,1.13699,1.13556,1.13564,67280643689.0
2025-04-17 12:00:00,1.13562,1.13675,1.13349,1.13562,68051931299.0
2025-04-17 13:00:00,1.13565,1.13775,1.13509,1.13610,68017594037.0
2025-04-17 14:00:00,1.13612,1.13855,1.13383,1.13494,67825676786.0
2025-04-17 15:00:00,1.13493,1.13765,1.13477,1.13631,67554925118.0
2025-04-17 16:00:00,1.13633,1.13710,1.13399,1.13506,67797597878.0
2025-04-17 17:00:00,1.13505,1.13535,1.13408,1.13509,67272750531.0
2025-04-17 18:00:00,1.13514,1.13751,1.13430,1.13733,67201751124.0
2025-04-17 19:00:00,1.13732,1.13760,1.13682,1.13731,67051382373.0
2025-04-17 20:00:00,1.13731,1.13765,1.13617,1.13639,66741032716.0
2025-04-17 21:00:00,1.13639,1.13694,1.13580,1.13670,60143727081.0
2025-04-17 22:00:00,1.13671,1.13710,1.13648,1.13665,67012323576.0
2025-04-17 23:00:00,1.13665,1.13741,1.13662,1.13715,67223417653.0
2025-04-18 00:00:00,1.13717,1.13853,1.13637,1.13741,67689673360.0
2025-04-18 01:00:00,1.13738,1.13765,1.13674,1.13709,67880900934.0
2025-04-18 02:00:00,1.13709,1.13781,1.13694,1.13724,67611783494.0
2025-04-18 03:00:00,1.13724,1.13756,1.13693,1.13733,67595370415.0
2025-04-18 04:00:00,1.13731,1.13737,1.13688,1.13692,67550922421.0
2025-04-18 05:00:00,1.13691,1.13740,1.13647,1.13704,67632383098.0
2025-04-18 06:00:00,1.13703,1.13763,1.13614,1.13615,68070551221.0
2025-04-18 07:00:00,1.13615,1.13756,1.13578,1.13694,68219424427.0
2025-04-18 08:00:00,1.13693,1.13715,1.13668,1.13707,68326964920.0
2025-04-18 09:00:00,1.13707,1.13729,1.13673,1.13688,68436813990.0
2025-04-18 10:00:00,1.13688,1.13748,1.13683,1.13741,68060435088.0
2025-04-18 11:00:00,1.13741,1.13826,1.13715,1.13807,68290110378.0
2025-04-18 12:00:00,1.13807,1.13865,1.13801,1.13823,67683587032.0
2025-04-18 13:00:00,1.13822,1.13825,1.13769,1.13790,67986541116.0
2025-04-18 14:00:00,1.13791,1.13972,1.13783,1.13960,67947220662.0
2025-04-18 15:00:00,1.13960,1.13963,1.13873,1.13916,68053652276.0
2025-04-18 16:00:00,1.13914,1.13945,1.13868,1.13939,68082102271.0
2025-04-18 17:00:00,1.13940,1.13944,1.13900,1.13920,67208014724.0
2025-04-18 18:00:00,1.13918,1.13950,1.13903,1.13939,66929690541.0
2025-04-18 19:00:00,1.13936,1.13965,1.13929,1.13935,66450114476.0
2025-04-18 20:00:00,1.13932,1.13940,1.13898,1.13901,65214565584.0
2025-04-20 21:00:00,1.13946,1.14245,1.13941,1.14245,65615171419.0
2025-04-20 22:00:00,1.14072,1.14381,1.13925,1.14323,67572300510.0
2025-04-20 23:00:00,1.14326,1.14582,1.14324,1.14488,67611569029.0
2025-04-21 00:00:00,1.14491,1.14859,1.14488,1.14660,67880758478.0
2025-04-21 01:00:00,1.14661,1.14786,1.14648,1.14766,67385448859.0
2025-04-21 02:00:00,1.14763,1.15319,1.14718,1.15045,67662705946.0
2025-04-21 03:00:00,1.15043,1.15248,1.15043,1.15148,67123258654.0
2025-04-21 04:00:00,1.15149,1.15173,1.14987,1.15171,67254966026.0
2025-04-21 05:00:00,1.15169,1.15344,1.15146,1.15312,67348860436.0
2025-04-21 06:00:00,1.15309,1.15342,1.15044,1.15155,67371519837.0
2025-04-21 07:00:00,1.15154,1.15672,1.15093,1.15552,67670201306.0
2025-04-21 08:00:00,1.15552,1.15643,1.15374,1.15578,67761341728.0
2025-04-21 09:00:00,1.15578,1.15729,1.15448,1.15470,67651782576.0
2025-04-21 10:00:00,1.15468,1.15482,1.15212,1.15233,67383551591.0
2025-04-21 11:00:00,1.15233,1.15474,1.15129,1.15428,67472612395.0
2025-04-21 12:00:00,1.15427,1.15498,1.15211,1.15424,67654130731.0
2025-04-21 13:00:00,1.15421,1.15427,1.15012,1.15189,67791059350.0
2025-04-21 14:00:00,1.15188,1.15246,1.14896,1.14975,67830389471.0
2025-04-21 15:00:00,1.14977,1.15077,1.14815,1.15069,67590487080.0
2025-04-21 16:00:00,1.15070,1.15131,1.15001,1.15092,67276932387.0
2025-04-21 17:00:00,1.15092,1.15144,1.14934,1.15137,67188390624.0
2025-04-21 18:00:00,1.15136,1.15252,1.15118,1.15220,67045967794.0
2025-04-21 19:00:00,1.15220,1.15267,1.15124,1.15126,67063600906.0
2025-04-21 20:00:00,1.15129,1.15159,1.15046,1.15128,66545002090.0
2025-04-21 21:00:00,1.15129,1.15140,1.15043,1.15090,65522057219.0
2025-04-21 22:00:00,1.15096,1.15249,1.15062,1.15228,66421350075.0
2025-04-21 23:00:00,1.15233,1.15235,1.15074,1.15137,66611622705.0
2025-04-22 00:00:00,1.15139,1.15140,1.14818,1.14902,67404970721.0
2025-04-22 01:00:00,1.14904,1.14982,1.14855,1.14944,67598210826.0
2025-04-22 02:00:00,1.14945,1.15203,1.14937,1.15203,67252271183.0
2025-04-22 03:00:00,1.15203,1.15406,1.15189,1.15346,67664703325.0
2025-04-22 04:00:00,1.15348,1.15399,1.15270,1.15300,67305351415.0
2025-04-22 05:00:00,1.15298,1.15470,1.15181,1.15422,67692106550.0
2025-04-22 06:00:00,1.15422,1.15456,1.14959,1.15006,68223309249.0
2025-04-22 07:00:00,1.15007,1.15090,1.14831,1.15053,68158341446.0
2025-04-22 08:00:00,1.15054,1.15151,1.14944,1.14995,67854058454.0
2025-04-22 09:00:00,1.14995,1.15075,1.14876,1.14903,67533445201.0
2025-04-22 10:00:00,1.14904,1.15003,1.14879,1.14883,67352017635.0
2025-04-22 11:00:00,1.14882,1.15006,1.14837,1.14856,67320510549.0
2025-04-22 12:00:00,1.14856,1.14901,1.14613,1.14700,67747266561.0
2025-04-22 13:00:00,1.14700,1.14850,1.14558,1.14741,67687341103.0
2025-04-22 14:00:00,1.14741,1.14920,1.14610,1.14780,67754781901.0
2025-04-22 15:00:00,1.14779,1.14855,1.14635,1.14647,67677583443.0
2025-04-22 16:00:00,1.14652,1.14686,1.14330,1.14338,67787896751.0
2025-04-22 17:00:00,1.14338,1.14539,1.14306,1.14502,67650963705.0
2025-04-22 18:00:00,1.14501,1.14501,1.14226,1.14268,67143785514.0
2025-04-22 19:00:00,1.14269,1.14339,1.14196,1.14208,67151400141.0
2025-04-22 20:00:00,1.14209,1.14298,1.14172,1.14195,66531923721.0
2025-04-22 21:00:00,1.14195,1.14263,1.13618,1.13623,66722853028.0
2025-04-22 22:00:00,1.13664,1.13698,1.13077,1.13368,67960242832.0
2025-04-22 23:00:00,1.13372,1.13623,1.13290,1.13504,67755808195.0
2025-04-23 00:00:00,1.13502,1.13979,1.13490,1.13971,67802720663.0
2025-04-23 01:00:00,1.13974,1.14152,1.13841,1.14070,67646985668.0
2025-04-23 02:00:00,1.14068,1.14107,1.13901,1.14045,67349503018.0
2025-04-23 03:00:00,1.14044,1.14049,1.13730,1.13789,67385996741.0
2025-04-23 04:00:00,1.13788,1.13916,1.13705,1.13899,67078822299.0
2025-04-23 05:00:00,1.13900,1.13996,1.13709,1.13764,67301930758.0
2025-04-23 06:00:00,1.13765,1.13962,1.13746,1.13848,67760750261.0
2025-04-23 07:00:00,1.13849,1.14087,1.13784,1.13853,67833394300.0
2025-04-23 08:00:00,1.13853,1.14151,1.13796,1.14128,67578842644.0
2025-04-23 09:00:00,1.14126,1.14399,1.14126,1.14179,67569753786.0
2025-04-23 10:00:00,1.14178,1.14193,1.13900,1.14018,67451767032.0
2025-04-23 11:00:00,1.14018,1.14159,1.13860,1.14107,67446422570.0
2025-04-23 12:00:00,1.14106,1.14195,1.14018,1.14053,67486098716.0
2025-04-23 13:00:00,1.14051,1.14122,1.13329,1.13336,67982541538.0
2025-04-23 14:00:00,1.13336,1.13815,1.13277,1.13530,68280015748.0
2025-04-23 15:00:00,1.13532,1.13831,1.13437,1.13487,68101000232.0
2025-04-23 16:00:00,1.13489,1.13656,1.13365,1.13397,67697253746.0
2025-04-23 17:00:00,1.13397,1.13438,1.13247,1.13295,67412027968.0
2025-04-23 18:00:00,1.13294,1.13299,1.13151,1.13236,67371796400.0
2025-04-23 19:00:00,1.13233,1.13320,1.13179,1.13273,67199232903.0
2025-04-23 20:00:00,1.13273,1.13283,1.13102,1.13123,66661685001.0
2025-04-23 21:00:00,1.13122,1.13213,1.13109,1.13186,60981401351.0
2025-04-23 22:00:00,1.13184,1.13468,1.13183,1.13319,66911945029.0
2025-04-23 23:00:00,1.13318,1.13384,1.13259,1.13292,66794149644.0
2025-04-24 00:00:00,1.13293,1.13464,1.13212,1.13436,67159787439.0
2025-04-24 01:00:00,1.13434,1.13574,1.13397,1.13494,67491977625.0
2025-04-24 02:00:00,1.13496,1.13571,1.13461,1.13550,67187581256.0
2025-04-24 03:00:00,1.13551,1.13558,1.13361,1.13379,66892735451.0
2025-04-24 04:00:00,1.13380,1.13421,1.13321,1.13389,66782502587.0
2025-04-24 05:00:00,1.13391,1.13455,1.13304,1.13362,67090601740.0
2025-04-24 06:00:00,1.13361,1.13541,1.13356,1.13520,67306646076.0
2025-04-24 07:00:00,1.13520,1.13803,1.13515,1.13794,67476097268.0
2025-04-24 08:00:00,1.13797,1.13928,1.13630,1.13804,67558941817.0
2025-04-24 09:00:00,1.13802,1.13911,1.13749,1.13843,67280802937.0
2025-04-24 10:00:00,1.13843,1.13944,1.13759,1.13791,67415196960.0
2025-04-24 11:00:00,1.13790,1.13902,1.13683,1.13727,67269716869.0
2025-04-24 12:00:00,1.13726,1.13784,1.13577,1.13764,67586941581.0
2025-04-24 13:00:00,1.13765,1.13838,1.13632,1.13757,67595059528.0
2025-04-24 14:00:00,1.13756,1.13874,1.13628,1.13726,67767285682.0
2025-04-24 15:00:00,1.13725,1.13757,1.13475,1.13606,67713484394.0
2025-04-24 16:00:00,1.13609,1.13805,1.13576,1.13797,67376628041.0
2025-04-24 17:00:00,1.13798,1.13855,1.13674,1.13692,67093183858.0
2025-04-24 18:00:00,1.13693,1.13791,1.13636,1.13777,67008346194.0
2025-04-24 19:00:00,1.13778,1.13973,1.13774,1.13845,66957570211.0
2025-04-24 20:00:00,1.13845,1.13975,1.13818,1.13854,66429937914.0
2025-04-24 21:00:00,1.13854,1.13924,1.13813,1.13859,64867043248.0
2025-04-24 22:00:00,1.13869,1.13911,1.13829,1.13860,65193805083.0
2025-04-24 23:00:00,1.13865,1.13879,1.13703,1.13725,66346478467.0
2025-04-25 00:00:00,1.13725,1.13725,1.13467,1.13471,67201890059.0
2025-04-25 01:00:00,1.13472,1.13548,1.13424,1.13435,67602947443.0
2025-04-25 02:00:00,1.13438,1.13515,1.13410,1.13479,67253022881.0
2025-04-25 03:00:00,1.13478,1.13593,1.13249,1.13258,67567719543.0
2025-04-25 04:00:00,1.13260,1.13359,1.13155,1.13348,67452382086.0
2025-04-25 05:00:00,1.13348,1.13415,1.13251,1.13311,67542829300.0
2025-04-25 06:00:00,1.13311,1.13573,1.13214,1.13416,67764409796.0
2025-04-25 07:00:00,1.13416,1.13680,1.13416,1.13597,67605489911.0
2025-04-25 08:00:00,1.13597,1.13643,1.13397,1.13503,67330915368.0
2025-04-25 09:00:00,1.13502,1.13607,1.13447,1.13459,67326432707.0
2025-04-25 10:00:00,1.13467,1.13593,1.13339,1.13558,67603701763.0
2025-04-25 11:00:00,1.13559,1.13665,1.13457,1.13492,67156368755.0
2025-04-25 12:00:00,1.13492,1.13602,1.13491,1.13522,67211692609.0
2025-04-25 13:00:00,1.13525,1.13552,1.13327,1.13529,67576642599.0
2025-04-25 14:00:00,1.13532,1.13805,1.13523,1.13683,67735076865.0
2025-04-25 15:00:00,1.13684,1.13821,1.13577,1.13800,67289922927.0
2025-04-25 16:00:00,1.13799,1.13885,1.13680,1.13687,66993847664.0
2025-04-25 17:00:00,1.13685,1.13824,1.13647,1.13765,67057511958.0
2025-04-25 18:00:00,1.13764,1.13807,1.13690,1.13794,66828075659.0
2025-04-25 19:00:00,1.13794,1.13809,1.13585,1.13592,66829575125.0
2025-04-25 20:00:00,1.13592,1.13641,1.13568,1.13628,66499779624.0
2025-04-27 21:00:00,1.13636,1.13636,1.13575,1.13583,60197668121.0
2025-04-27 22:00:00,1.13597,1.13644,1.13398,1.13498,61980122481.0
2025-04-27 23:00:00,1.13498,1.13549,1.13410,1.13448,63091217534.0
2025-04-28 00:00:00,1.13449,1.13644,1.13445,1.13638,66868258411.0
2025-04-28 01:00:00,1.13635,1.13664,1.13495,1.13510,66968446565.0
2025-04-28 02:00:00,1.13511,1.13570,1.13432,1.13532,66876588029.0
2025-04-28 03:00:00,1.13531,1.13602,1.13512,1.13561,66349225738.0
2025-04-28 04:00:00,1.13556,1.13724,1.13523,1.13719,66725279171.0
2025-04-28 05:00:00,1.13719,1.13805,1.13714,1.13742,66982043319.0
2025-04-28 06:00:00,1.13741,1.13742,1.13292,1.13315,67506731744.0
2025-04-28 07:00:00,1.13314,1.13617,1.13307,1.13483,67454424191.0
2025-04-28 08:00:00,1.13481,1.13515,1.13352,1.13438,67191275191.0
2025-04-28 09:00:00,1.13435,1.13587,1.13420,1.13497,67187350567.0
2025-04-28 10:00:00,1.13497,1.13602,1.13458,1.13504,66936310986.0
2025-04-28 11:00:00,1.13505,1.13559,1.13407,1.13513,66964669722.0
2025-04-28 12:00:00,1.13517,1.13727,1.13501,1.13509,67352370872.0
2025-04-28 13:00:00,1.13511,1.13741,1.13393,1.13648,67545982899.0
2025-04-28 14:00:00,1.13648,1.14137,1.13572,1.13784,67817961388.0
2025-04-28 15:00:00,1.13784,1.13922,1.13708,1.13862,67520991072.0
2025-04-28 16:00:00,1.13859,1.14221,1.13849,1.14114,67330543453.0
2025-04-28 17:00:00,1.14116,1.14192,1.14002,1.14009,67272669265.0
2025-04-28 18:00:00,1.14009,1.14138,1.14001,1.14132,66937103319.0
2025-04-28 19:00:00,1.14134,1.14248,1.14128,1.14216,66683329577.0
2025-04-28 20:00:00,1.14219,1.14246,1.14179,1.14179,66456990514.0
2025-04-28 21:00:00,1.14179,1.14212,1.14169,1.14198,64019439287.0
2025-04-28 22:00:00,1.14202,1.14218,1.14117,1.14124,66392379885.0
2025-04-28 23:00:00,1.14128,1.14217,1.14006,1.14075,66514511463.0
2025-04-29 00:00:00,1.14076,1.14160,1.13992,1.13996,66946349135.0
2025-04-29 01:00:00,1.13996,1.14085,1.13872,1.13922,67175714652.0
2025-04-29 02:00:00,1.13922,1.14199,1.13919,1.13980,67154634015.0
2025-04-29 03:00:00,1.13982,1.13998,1.13863,1.13903,66958707262.0
2025-04-29 04:00:00,1.13904,1.13936,1.13738,1.13778,66713939147.0
2025-04-29 05:00:00,1.13779,1.13881,1.13758,1.13866,67026818826.0
2025-04-29 06:00:00,1.13866,1.13992,1.13829,1.13893,67284401519.0
2025-04-29 07:00:00,1.13899,1.14120,1.13873,1.14035,67496979662.0
2025-04-29 08:00:00,1.14036,1.14081,1.13814,1.13852,67414026163.0
2025-04-29 09:00:00,1.13851,1.13973,1.13802,1.13802,67149088689.0
2025-04-29 10:00:00,1.13804,1.13851,1.13729,1.13776,67174279412.0
2025-04-29 11:00:00,1.13777,1.13868,1.13709,1.13744,67290115933.0
2025-04-29 12:00:00,1.13743,1.14144,1.13700,1.14104,67559006206.0
2025-04-29 13:00:00,1.14103,1.14169,1.13899,1.14010,67713504869.0
2025-04-29 14:00:00,1.13976,1.14173,1.13787,1.13827,67954681120.0
2025-04-29 15:00:00,1.13829,1.14043,1.13821,1.13958,67515538797.0
2025-04-29 16:00:00,1.13960,1.14186,1.13951,1.14030,67463885622.0
2025-04-29 17:00:00,1.14031,1.14044,1.13835,1.13858,67022986284.0
2025-04-29 18:00:00,1.13856,1.13931,1.13758,1.13822,66826425464.0
2025-04-29 19:00:00,1.13820,1.13882,1.13759,1.13814,66791931905.0
2025-04-29 20:00:00,1.13813,1.13917,1.13804,1.13855,66377279732.0
2025-04-29 21:00:00,1.13823,1.13895,1.13783,1.13833,65833415474.0
2025-04-29 22:00:00,1.13832,1.13955,1.13832,1.13914,66173356606.0
2025-04-29 23:00:00,1.13921,1.13931,1.13856,1.13902,66160141271.0
2025-04-30 00:00:00,1.13904,1.13951,1.13766,1.13823,67014320457.0
2025-04-30 01:00:00,1.13824,1.13863,1.13568,1.13584,66989390562.0
2025-04-30 02:00:00,1.13583,1.13722,1.13547,1.13702,67228994762.0
2025-04-30 03:00:00,1.13704,1.13796,1.13665,1.13685,67085371308.0
2025-04-30 04:00:00,1.13685,1.13779,1.13662,1.13729,67064144851.0
2025-04-30 05:00:00,1.13729,1.13842,1.13714,1.13824,66679607785.0
2025-04-30 06:00:00,1.13825,1.13994,1.13657,1.13898,67451056950.0
2025-04-30 07:00:00,1.13897,1.13903,1.13733,1.13773,67370058716.0
2025-04-30 08:00:00,1.13779,1.13850,1.13622,1.13708,67502657043.0
2025-04-30 09:00:00,1.13709,1.13792,1.13599,1.13622,67197959866.0
2025-04-30 10:00:00,1.13623,1.13696,1.13607,1.13618,67219918683.0
2025-04-30 11:00:00,1.13617,1.13804,1.13558,1.13730,67315474103.0
2025-04-30 12:00:00,1.13730,1.13884,1.13647,1.13734,67668862895.0
2025-04-30 13:00:00,1.13734,1.13776,1.13610,1.13687,67749524932.0
2025-04-30 14:00:00,1.13686,1.13789,1.13497,1.13668,67937793147.0
2025-04-30 15:00:00,1.13668,1.13749,1.13230,1.13479,67911905606.0
2025-04-30 16:00:00,1.13482,1.13589,1.13449,1.13551,67281588387.0
2025-04-30 17:00:00,1.13552,1.13646,1.13449,1.13455,67004757444.0
2025-04-30 18:00:00,1.13455,1.13582,1.13429,1.13487,67071527484.0
2025-04-30 19:00:00,1.13486,1.13533,1.13281,1.13298,66859352719.0
2025-04-30 20:00:00,1.13295,1.13311,1.13170,1.13274,66973362092.0
2025-04-30 21:00:00,1.13272,1.13310,1.13234,1.13271,65730057341.0
2025-04-30 22:00:00,1.13255,1.13295,1.13218,1.13252,66451958661.0
2025-04-30 23:00:00,1.13254,1.13262,1.13186,1.13219,66184217891.0
2025-05-01 00:00:00,1.13221,1.13291,1.13205,1.13217,66504875705.0
2025-05-01 01:00:00,1.13215,1.13221,1.13027,1.13079,67051962043.0
2025-05-01 02:00:00,1.13080,1.13158,1.13056,1.13150,66539996444.0
2025-05-01 03:00:00,1.13150,1.13184,1.12997,1.13118,67119271774.0
2025-05-01 04:00:00,1.13119,1.13140,1.13023,1.13026,66921423832.0
2025-05-01 05:00:00,1.13025,1.13063,1.12878,1.12998,67163393885.0
2025-05-01 06:00:00,1.12997,1.13124,1.12979,1.13023,67284596163.0
2025-05-01 07:00:00,1.13022,1.13105,1.12874,1.13099,67273559250.0
2025-05-01 08:00:00,1.13098,1.13309,1.13097,1.13196,67103048992.0
2025-05-01 09:00:00,1.13195,1.13248,1.13133,1.13141,67011800593.0
2025-05-01 10:00:00,1.13141,1.13340,1.13117,1.13320,67146338142.0
2025-05-01 11:00:00,1.13321,1.13409,1.13162,1.13199,67158657928.0
2025-05-01 12:00:00,1.13199,1.13388,1.13078,1.13150,67517413290.0
2025-05-01 13:00:00,1.13151,1.13274,1.13109,1.13209,67463526811.0
2025-05-01 14:00:00,1.13190,1.13204,1.12702,1.12815,67886781236.0
2025-05-01 15:00:00,1.12815,1.12900,1.12657,1.12789,67552993607.0
2025-05-01 16:00:00,1.12788,1.12920,1.12727,1.12906,67480718869.0
2025-05-01 17:00:00,1.12906,1.12912,1.12795,1.12828,66838425104.0
2025-05-01 18:00:00,1.12828,1.12933,1.12748,1.12853,67008141720.0
2025-05-01 19:00:00,1.12853,1.12921,1.12809,1.12883,66944187107.0
2025-05-01 20:00:00,1.12882,1.12936,1.12845,1.12878,66432807730.0
2025-05-01 21:00:00,1.12878,1.12889,1.12839,1.12857,65372099709.0
2025-05-01 22:00:00,1.12858,1.12988,1.12858,1.12946,66112893096.0
2025-05-01 23:00:00,1.12948,1.12974,1.12908,1.12955,66421702000.0
2025-05-02 00:00:00,1.12955,1.12992,1.12740,1.12818,67084852598.0
2025-05-02 01:00:00,1.12820,1.12954,1.12783,1.12953,67375220980.0
2025-05-02 02:00:00,1.12955,1.13033,1.12927,1.12939,67150169376.0
2025-05-02 03:00:00,1.12938,1.13153,1.12938,1.13126,66846499797.0
2025-05-02 04:00:00,1.13127,1.13138,1.13009,1.13040,67097293944.0
2025-05-02 05:00:00,1.13041,1.13138,1.13021,1.13075,67005357096.0
2025-05-02 06:00:00,1.13076,1.13290,1.13057,1.13257,67365498388.0
2025-05-02 07:00:00,1.13257,1.13379,1.13175,1.13279,67497106798.0
2025-05-02 08:00:00,1.13278,1.13346,1.13159,1.13319,67439138566.0
2025-05-02 09:00:00,1.13319,1.13550,1.13253,1.13503,67544645959.0
2025-05-02 10:00:00,1.13503,1.13517,1.13274,1.13309,67218779012.0
2025-05-02 11:00:00,1.13307,1.13503,1.13239,1.13462,67393669036.0
2025-05-02 12:00:00,1.13464,1.13472,1.13040,1.13185,68049694307.0
2025-05-02 13:00:00,1.13184,1.13797,1.13144,1.13724,68088253152.0
2025-05-02 14:00:00,1.13726,1.13808,1.13574,1.13682,67926421338.0
2025-05-02 15:00:00,1.13683,1.13683,1.13203,1.13287,67684049547.0
2025-05-02 16:00:00,1.13291,1.13389,1.13170,1.13197,67656203467.0
2025-05-02 17:00:00,1.13197,1.13200,1.12981,1.13038,67396081419.0
2025-05-02 18:00:00,1.13039,1.13084,1.12922,1.12995,67142849661.0
2025-05-02 19:00:00,1.12994,1.13087,1.12994,1.13043,67026086785.0
2025-05-02 20:00:00,1.13042,1.13050,1.12934,1.12946,66368568036.0
2025-05-04 21:00:00,1.12946,1.13069,1.12905,1.12980,59669974868.0
2025-05-04 22:00:00,1.12980,1.13145,1.12974,1.13054,66856318402.0
2025-05-04 23:00:00,1.13058,1.13278,1.13017,1.13210,66862130134.0
2025-05-05 00:00:00,1.13212,1.13237,1.13140,1.13222,67134124197.0
2025-05-05 01:00:00,1.13221,1.13398,1.13221,1.13348,67502640660.0
2025-05-05 02:00:00,1.13348,1.13466,1.13314,1.13420,67207316109.0
2025-05-05 03:00:00,1.13422,1.13424,1.13281,1.13321,67040634470.0
2025-05-05 04:00:00,1.13321,1.13390,1.13284,1.13371,66839824957.0
2025-05-05 05:00:00,1.13371,1.13473,1.13299,1.13333,67396721047.0
2025-05-05 06:00:00,1.13329,1.13369,1.13178,1.13260,67611711244.0
2025-05-05 07:00:00,1.13259,1.13308,1.13130,1.13131,67573073181.0
2025-05-05 08:00:00,1.13127,1.13327,1.13111,1.13257,67696973578.0
2025-05-05 09:00:00,1.13262,1.13438,1.13261,1.13409,67666132669.0
2025-05-05 10:00:00,1.13409,1.13453,1.13327,1.13444,67433773138.0
2025-05-05 11:00:00,1.13441,1.13574,1.13399,1.13423,67442587074.0
2025-05-05 12:00:00,1.13422,1.13631,1.13399,1.13597,67629534082.0
2025-05-05 13:00:00,1.13596,1.13646,1.13519,1.13533,67459975088.0
2025-05-05 14:00:00,1.13531,1.13531,1.13304,1.13382,67829173783.0
2025-05-05 15:00:00,1.13382,1.13409,1.13123,1.13141,67515635462.0
2025-05-05 16:00:00,1.13141,1.13141,1.12990,1.13020,67587964933.0
2025-05-05 17:00:00,1.13020,1.13110,1.12973,1.12997,67172243207.0
2025-05-05 18:00:00,1.12995,1.13153,1.12969,1.13129,67107523135.0
2025-05-05 19:00:00,1.13129,1.13208,1.13105,1.13146,66900712490.0
2025-05-05 20:00:00,1.13147,1.13200,1.13116,1.13130,66151186107.0
2025-05-05 21:00:00,1.13125,1.13167,1.13122,1.13143,65584677518.0
2025-05-05 22:00:00,1.13144,1.13194,1.13129,1.13141,65868890767.0
2025-05-05 23:00:00,1.13142,1.13161,1.13097,1.13120,64627178209.0
2025-05-06 00:00:00,1.13121,1.13121,1.12806,1.12858,67248501225.0
2025-05-06 01:00:00,1.12858,1.12964,1.12797,1.12933,67506624107.0
2025-05-06 02:00:00,1.12933,1.13136,1.12927,1.13070,67320374232.0
2025-05-06 03:00:00,1.13071,1.13172,1.13032,1.13149,67210634852.0
2025-05-06 04:00:00,1.13148,1.13271,1.13145,1.13242,66913736459.0
2025-05-06 05:00:00,1.13239,1.13253,1.13133,1.13181,66980131638.0
2025-05-06 06:00:00,1.13181,1.13352,1.13137,1.13259,67487877038.0
2025-05-06 07:00:00,1.13259,1.13477,1.13220,1.13387,67712926025.0
2025-05-06 08:00:00,1.13387,1.13494,1.13223,1.13272,67503039447.0
2025-05-06 09:00:00,1.13270,1.13296,1.13051,1.13116,67409102765.0
2025-05-06 10:00:00,1.13114,1.13272,1.13093,1.13256,67309762640.0
2025-05-06 11:00:00,1.13255,1.13348,1.13222,1.13270,67266746450.0
2025-05-06 12:00:00,1.13273,1.13436,1.13167,1.13402,67391653804.0
2025-05-06 13:00:00,1.13402,1.13574,1.13261,1.13530,67582096180.0
2025-05-06 14:00:00,1.13531,1.13694,1.13407,1.13410,67790433482.0
2025-05-06 15:00:00,1.13410,1.13497,1.13353,1.13433,67290277149.0
2025-05-06 16:00:00,1.13434,1.13555,1.13306,1.13486,67258746144.0
2025-05-06 17:00:00,1.13487,1.13702,1.13487,1.13642,67179004559.0
2025-05-06 18:00:00,1.13642,1.13721,1.13546,1.13713,66861520653.0
2025-05-06 19:00:00,1.13712,1.13808,1.13666,1.13724,66729655012.0
2025-05-06 20:00:00,1.13724,1.13794,1.13654,1.13670,66531201842.0
2025-05-06 21:00:00,1.13671,1.13720,1.13633,1.13715,63944605037.0
2025-05-06 22:00:00,1.13717,1.13737,1.13258,1.13423,67680883506.0
2025-05-06 23:00:00,1.13423,1.13453,1.13330,1.13397,67275380487.0
2025-05-07 00:00:00,1.13396,1.13512,1.13248,1.13407,67628960972.0
2025-05-07 01:00:00,1.13406,1.13514,1.13263,1.13444,67766098659.0
2025-05-07 02:00:00,1.13446,1.13493,1.13354,1.13406,67495566378.0
2025-05-07 03:00:00,1.13409,1.13472,1.13363,1.13455,66909502171.0
2025-05-07 04:00:00,1.13456,1.13513,1.13427,1.13434,66880048987.0
2025-05-07 05:00:00,1.13434,1.13669,1.13428,1.13650,67261460646.0
2025-05-07 06:00:00,1.13651,1.13780,1.13594,1.13737,67361859829.0
2025-05-07 07:00:00,1.13737,1.13737,1.13548,1.13620,67416351373.0
2025-05-07 08:00:00,1.13621,1.13737,1.13540,1.13578,67337035450.0
2025-05-07 09:00:00,1.13579,1.13617,1.13469,1.13567,67331404597.0
2025-05-07 10:00:00,1.13565,1.13667,1.13559,1.13655,67040090518.0
2025-05-07 11:00:00,1.13658,1.13727,1.13559,1.13572,67094375956.0
2025-05-07 12:00:00,1.13573,1.13664,1.13556,1.13590,67263443764.0
2025-05-07 13:00:00,1.13589,1.13681,1.13527,1.13666,67492973447.0
2025-05-07 14:00:00,1.13666,1.13708,1.13542,1.13671,67543506943.0
2025-05-07 15:00:00,1.13668,1.13695,1.13413,1.13468,67556415569.0
2025-05-07 16:00:00,1.13470,1.13540,1.13368,1.13487,67282968252.0
2025-05-07 17:00:00,1.13488,1.13494,1.13347,1.13407,67154049927.0
2025-05-07 18:00:00,1.13407,1.13650,1.13200,1.13336,68087981012.0
2025-05-07 19:00:00,1.13338,1.13344,1.13005,1.13065,67830250211.0
2025-05-07 20:00:00,1.13067,1.13081,1.12917,1.12998,66738819566.0
2025-05-07 21:00:00,1.12999,1.13141,1.12998,1.13114,63232084536.0
2025-05-07 22:00:00,1.13113,1.13116,1.12995,1.13008,66872770232.0
2025-05-07 23:00:00,1.13010,1.13100,1.13010,1.13027,66268522085.0
2025-05-08 00:00:00,1.13032,1.13223,1.13019,1.13099,66921961553.0
2025-05-08 01:00:00,1.13100,1.13326,1.13078,1.13315,67557896193.0
2025-05-08 02:00:00,1.13315,1.13352,1.13222,1.13225,67266881123.0
2025-05-08 03:00:00,1.13227,1.13361,1.13223,1.13270,67003596801.0
2025-05-08 04:00:00,1.13271,1.13308,1.13177,1.13178,66777082098.0
2025-05-08 05:00:00,1.13178,1.13181,1.12967,1.13035,67322893106.0
2025-05-08 06:00:00,1.13033,1.13074,1.12766,1.12821,67801553631.0
2025-05-08 07:00:00,1.12823,1.12975,1.12701,1.12971,67712812316.0
2025-05-08 08:00:00,1.12971,1.13029,1.12832,1.12877,67431171355.0
2025-05-08 09:00:00,1.12876,1.12979,1.12828,1.12846,67283701924.0
2025-05-08 10:00:00,1.12845,1.12994,1.12750,1.12870,67249763450.0
2025-05-08 11:00:00,1.12871,1.13048,1.12850,1.12957,67323989358.0
2025-05-08 12:00:00,1.12957,1.13202,1.12927,1.12995,67552649546.0
2025-05-08 13:00:00,1.12997,1.13115,1.12949,1.13062,67665624760.0
2025-05-08 14:00:00,1.13062,1.13162,1.12758,1.12780,67608588292.0
2025-05-08 15:00:00,1.12783,1.12895,1.12343,1.12477,68186145747.0
2025-05-08 16:00:00,1.12477,1.12495,1.12202,1.12259,67850957289.0
2025-05-08 17:00:00,1.12258,1.12295,1.12123,1.12265,67569059759.0
2025-05-08 18:00:00,1.12265,1.12305,1.12194,1.12245,67055732651.0
2025-05-08 19:00:00,1.12243,1.12282,1.12118,1.12259,67191163781.0
2025-05-08 20:00:00,1.12258,1.12297,1.12197,1.12254,66551036639.0
2025-05-08 21:00:00,1.12254,1.12271,1.12206,1.12261,63188691842.0
2025-05-08 22:00:00,1.12261,1.12328,1.12254,1.12315,66272425413.0
2025-05-08 23:00:00,1.12317,1.12320,1.12219,1.12267,66360679461.0
2025-05-09 00:00:00,1.12268,1.12332,1.12128,1.12267,67093845771.0
2025-05-09 01:00:00,1.12266,1.12290,1.12106,1.12120,67304246478.0
2025-05-09 02:00:00,1.12118,1.12190,1.11964,1.12180,67517699195.0
2025-05-09 03:00:00,1.12180,1.12275,1.12179,1.12223,67418246020.0
2025-05-09 04:00:00,1.12226,1.12296,1.12226,1.12277,67137130983.0
2025-05-09 05:00:00,1.12276,1.12364,1.12180,1.12357,67227545106.0
2025-05-09 06:00:00,1.12356,1.12474,1.12320,1.12400,67271100989.0
2025-05-09 07:00:00,1.12399,1.12581,1.12368,1.12515,67438410138.0
2025-05-09 08:00:00,1.12511,1.12590,1.12420,1.12563,67272372388.0
2025-05-09 09:00:00,1.12561,1.12596,1.12448,1.12459,67317255376.0
2025-05-09 10:00:00,1.12461,1.12511,1.12421,1.12454,67244514346.0
2025-05-09 11:00:00,1.12452,1.12605,1.12435,1.12542,67526508957.0
2025-05-09 12:00:00,1.12542,1.12566,1.12470,1.12538,67279448636.0
2025-05-09 13:00:00,1.12537,1.12681,1.12531,1.12582,67332314236.0
2025-05-09 14:00:00,1.12582,1.12928,1.12556,1.12675,67592388610.0
2025-05-09 15:00:00,1.12675,1.12729,1.12599,1.12695,67304895934.0
2025-05-09 16:00:00,1.12695,1.12752,1.12573,1.12585,66851211843.0
2025-05-09 17:00:00,1.12582,1.12650,1.12526,1.12619,66809272726.0
2025-05-09 18:00:00,1.12616,1.12661,1.12545,1.12589,66875557152.0
2025-05-09 19:00:00,1.12588,1.12599,1.12484,1.12570,66870282159.0
2025-05-09 20:00:00,1.12565,1.12574,1.12456,1.12460,66234124861.0
2025-05-11 21:00:00,1.11900,1.12242,1.11900,1.12107,65718908352.0
2025-05-11 22:00:00,1.12103,1.12312,1.12083,1.12250,67114567594.0
2025-05-11 23:00:00,1.12249,1.12363,1.12227,1.12276,66866319851.0
2025-05-12 00:00:00,1.12281,1.12389,1.12249,1.12386,67304920514.0
2025-05-12 01:00:00,1.12383,1.12426,1.12223,1.12256,67385000920.0
2025-05-12 02:00:00,1.12256,1.12375,1.12248,1.12282,66929988732.0
2025-05-12 03:00:00,1.12281,1.12340,1.12249,1.12328,66884857365.0
2025-05-12 04:00:00,1.12327,1.12344,1.12260,1.12272,66575765338.0
2025-05-12 05:00:00,1.12274,1.12298,1.12136,1.12219,67036385771.0
2025-05-12 06:00:00,1.12219,1.12355,1.12160,1.12179,67428192094.0
2025-05-12 07:00:00,1.12179,1.12190,1.10977,1.11048,68450235599.0
2025-05-12 08:00:00,1.11047,1.11452,1.10822,1.11375,68342284455.0
2025-05-12 09:00:00,1.11372,1.11416,1.11146,1.11184,67720273266.0
2025-05-12 10:00:00,1.11183,1.11184,1.10718,1.10794,67903921191.0
2025-05-12 11:00:00,1.10794,1.11174,1.10768,1.11111,67866066293.0
2025-05-12 12:00:00,1.11110,1.11263,1.11004,1.11132,67617757919.0
2025-05-12 13:00:00,1.11133,1.11346,1.11098,1.11186,67690726358.0
2025-05-12 14:00:00,1.11186,1.11342,1.11072,1.11114,67921201725.0
2025-05-12 15:00:00,1.11114,1.11237,1.11003,1.11049,67522064549.0
2025-05-12 16:00:00,1.11051,1.11108,1.10835,1.10844,67358179980.0
2025-05-12 17:00:00,1.10846,1.10883,1.10723,1.10789,67303397781.0
2025-05-12 18:00:00,1.10788,1.10912,1.10651,1.10892,67411769423.0
2025-05-12 19:00:00,1.10891,1.10965,1.10822,1.10919,67013189958.0
2025-05-12 20:00:00,1.10919,1.10945,1.10844,1.10844,66402229290.0
2025-05-12 21:00:00,1.10845,1.10904,1.10833,1.10880,65343894001.0
2025-05-12 22:00:00,1.10880,1.10944,1.10875,1.10933,66673725931.0
2025-05-12 23:00:00,1.10939,1.10999,1.10892,1.10953,66596178492.0
2025-05-13 00:00:00,1.10954,1.11065,1.10948,1.11043,67124771225.0
2025-05-13 01:00:00,1.11043,1.11091,1.10995,1.11063,67579102819.0
2025-05-13 02:00:00,1.11065,1.11112,1.10992,1.11024,67116540231.0
2025-05-13 03:00:00,1.11025,1.11168,1.10988,1.11161,66934324593.0
2025-05-13 04:00:00,1.11163,1.11170,1.11088,1.11166,66702776736.0
2025-05-13 05:00:00,1.11167,1.11195,1.11085,1.11103,66915999413.0
2025-05-13 06:00:00,1.11104,1.11183,1.11012,1.11113,67692912969.0
2025-05-13 07:00:00,1.11111,1.11242,1.11026,1.11156,67801028689.0
2025-05-13 08:00:00,1.11156,1.11175,1.11025,1.11119,67528653207.0
2025-05-13 09:00:00,1.11118,1.11149,1.11026,1.11068,67443813906.0
2025-05-13 10:00:00,1.11067,1.11095,1.10968,1.11045,67229336862.0
2025-05-13 11:00:00,1.11045,1.11120,1.11030,1.11068,67148266211.0
2025-05-13 12:00:00,1.11069,1.11310,1.11064,1.11304,67554646102.0
2025-05-13 13:00:00,1.11305,1.11484,1.11272,1.11354,67862988064.0
2025-05-13 14:00:00,1.11353,1.11641,1.11300,1.11612,67784951073.0
2025-05-13 15:00:00,1.11614,1.11776,1.11567,1.11749,67622035126.0
2025-05-13 16:00:00,1.11750,1.11825,1.11645,1.11757,67273410481.0
2025-05-13 17:00:00,1.11759,1.11796,1.11674,1.11769,67014680250.0
2025-05-13 18:00:00,1.11769,1.11859,1.11750,1.11847,66792327741.0
2025-05-13 19:00:00,1.11849,1.11917,1.11825,1.11897,66788312350.0
2025-05-13 20:00:00,1.11896,1.11946,1.11835,1.11844,66502110739.0
2025-05-13 21:00:00,1.11844,1.11877,1.11813,1.11856,64995016045.0
2025-05-13 22:00:00,1.11855,1.11971,1.11855,1.11970,66547443959.0
2025-05-13 23:00:00,1.11969,1.11969,1.11846,1.11856,65117518559.0
2025-05-14 00:00:00,1.11858,1.11964,1.11820,1.11921,67059530464.0
2025-05-14 01:00:00,1.11921,1.11976,1.11833,1.11880,67585242234.0
2025-05-14 02:00:00,1.11883,1.11923,1.11827,1.11885,67458749565.0
2025-05-14 03:00:00,1.11886,1.11959,1.11841,1.11952,66909034909.0
2025-05-14 04:00:00,1.11952,1.12006,1.11879,1.11885,67020718079.0
2025-05-14 05:00:00,1.11885,1.11924,1.11844,1.11861,67000459591.0
2025-05-14 06:00:00,1.11860,1.11984,1.11798,1.11879,67279547593.0
2025-05-14 07:00:00,1.11879,1.12164,1.11814,1.12148,67531167498.0
2025-05-14 08:00:00,1.12147,1.12520,1.12125,1.12384,68059555758.0
2025-05-14 09:00:00,1.12390,1.12655,1.12309,1.12520,67879464144.0
2025-05-14 10:00:00,1.12521,1.12528,1.12270,1.12308,67437946141.0
2025-05-14 11:00:00,1.12306,1.12345,1.12133,1.12172,67316962430.0
2025-05-14 12:00:00,1.12172,1.12352,1.12095,1.12250,67748083137.0
2025-05-14 13:00:00,1.12251,1.12347,1.12100,1.12198,67856152167.0
2025-05-14 14:00:00,1.12196,1.12235,1.12025,1.12119,67805499555.0
2025-05-14 15:00:00,1.12118,1.12147,1.11973,1.12048,67781148667.0
2025-05-14 16:00:00,1.12049,1.12130,1.11755,1.11890,67704336710.0
2025-05-14 17:00:00,1.11887,1.11968,1.11813,1.11891,67077174721.0
2025-05-14 18:00:00,1.11892,1.11899,1.11719,1.11781,67016928788.0
2025-05-14 19:00:00,1.11780,1.11780,1.11654,1.11672,66998029516.0
2025-05-14 20:00:00,1.11672,1.11749,1.11645,1.11730,66057133753.0
2025-05-14 21:00:00,1.11694,1.11773,1.11669,1.11762,64703729501.0
2025-05-14 22:00:00,1.11765,1.11841,1.11762,1.11824,65097169635.0
2025-05-14 23:00:00,1.11827,1.11880,1.11802,1.11812,66304908984.0
2025-05-15 00:00:00,1.11811,1.11941,1.11758,1.11911,67157686353.0
2025-05-15 01:00:00,1.11912,1.11994,1.11905,1.11932,67372381962.0
2025-05-15 02:00:00,1.11933,1.11962,1.11885,1.11945,67190452389.0
2025-05-15 03:00:00,1.11944,1.12012,1.11921,1.11965,67191098573.0
2025-05-15 04:00:00,1.11965,1.11996,1.11915,1.11927,66818249198.0
2025-05-15 05:00:00,1.11925,1.11990,1.11853,1.11929,67217803182.0
2025-05-15 06:00:00,1.11929,1.12279,1.11892,1.12269,67514263471.0
2025-05-15 07:00:00,1.12270,1.12278,1.11913,1.11971,67422041212.0
2025-05-15 08:00:00,1.11970,1.12112,1.11922,1.12096,67358531915.0
2025-05-15 09:00:00,1.12096,1.12130,1.12007,1.12022,67337680977.0
2025-05-15 10:00:00,1.12023,1.12113,1.11979,1.12002,67029039183.0
2025-05-15 11:00:00,1.12001,1.12029,1.11790,1.11825,67266646836.0
2025-05-15 12:00:00,1.11828,1.12135,1.11818,1.12096,67657145551.0
2025-05-15 13:00:00,1.12099,1.12236,1.11949,1.12007,67740481291.0
2025-05-15 14:00:00,1.12007,1.12106,1.11756,1.11860,67665350169.0
2025-05-15 15:00:00,1.11860,1.11969,1.11727,1.11879,67486943476.0
2025-05-15 16:00:00,1.11879,1.11906,1.11724,1.11807,67148643039.0
2025-05-15 17:00:00,1.11805,1.11888,1.11700,1.11710,67121298801.0
2025-05-15 18:00:00,1.11709,1.11794,1.11707,1.11767,66820358799.0
2025-05-15 19:00:00,1.11769,1.11861,1.11724,1.11836,66777386843.0
2025-05-15 20:00:00,1.11835,1.11874,1.11819,1.11854,66269891787.0
2025-05-15 21:00:00,1.11862,1.11890,1.11796,1.11877,64327518782.0
2025-05-15 22:00:00,1.11879,1.11928,1.11850,1.11915,66533741036.0
2025-05-15 23:00:00,1.11916,1.11937,1.11893,1.11918,66166245293.0
2025-05-16 00:00:00,1.11915,1.12080,1.11902,1.12046,67286220799.0
2025-05-16 01:00:00,1.12048,1.12086,1.11981,1.12030,67155289046.0
2025-05-16 02:00:00,1.12033,1.12083,1.11991,1.12020,67085321502.0
2025-05-16 03:00:00,1.12018,1.12056,1.11987,1.12002,66837834634.0
2025-05-16 04:00:00,1.12004,1.12041,1.11961,1.12030,66663646495.0
2025-05-16 05:00:00,1.12030,1.12185,1.12009,1.12153,67309592250.0
2025-05-16 06:00:00,1.12153,1.12195,1.12071,1.12121,67310499923.0
2025-05-16 07:00:00,1.12120,1.12169,1.12059,1.12084,67395536153.0
2025-05-16 08:00:00,1.12084,1.12090,1.11968,1.11987,67279935239.0
2025-05-16 09:00:00,1.11987,1.12087,1.11916,1.11944,67180308727.0
2025-05-16 10:00:00,1.11943,1.11999,1.11878,1.11996,67245096959.0
2025-05-16 11:00:00,1.11995,1.12078,1.11901,1.11944,67134407968.0
2025-05-16 12:00:00,1.11942,1.11987,1.11908,1.11969,67228678229.0
2025-05-16 13:00:00,1.11968,1.12058,1.11879,1.11998,67387573207.0
2025-05-16 14:00:00,1.12000,1.12021,1.11514,1.11544,67832109140.0
2025-05-16 15:00:00,1.11544,1.11585,1.11399,1.11403,67529639855.0
2025-05-16 16:00:00,1.11401,1.11476,1.11308,1.11446,67256555277.0
2025-05-16 17:00:00,1.11447,1.11475,1.11392,1.11448,66914293519.0
2025-05-16 18:00:00,1.11450,1.11550,1.11429,1.11523,67021798111.0
2025-05-16 19:00:00,1.11524,1.11584,1.11476,1.11489,66721316865.0
2025-05-16 20:00:00,1.11488,1.11657,1.11446,1.11612,66644480821.0
2025-05-18 21:00:00,1.11749,1.11835,1.11713,1.11731,65391432826.0
2025-05-18 22:00:00,1.11736,1.11938,1.11711,1.11901,66750030807.0
2025-05-18 23:00:00,1.11899,1.11939,1.11815,1.11884,66646863383.0
2025-05-19 00:00:00,1.11885,1.11985,1.11799,1.11972,67392748913.0
2025-05-19 01:00:00,1.11970,1.11988,1.11729,1.11759,67233583595.0
2025-05-19 02:00:00,1.11759,1.11880,1.11721,1.11820,67159611801.0
2025-05-19 03:00:00,1.11821,1.11852,1.11784,1.11810,66760369767.0
2025-05-19 04:00:00,1.11809,1.11872,1.11770,1.11836,66623079056.0
2025-05-19 05:00:00,1.11837,1.11881,1.11761,1.11849,66970775062.0
2025-05-19 06:00:00,1.11847,1.12123,1.11816,1.12091,67510954228.0
2025-05-19 07:00:00,1.12091,1.12448,1.12055,1.12383,67747036531.0
2025-05-19 08:00:00,1.12386,1.12591,1.12357,1.12569,67609035734.0
2025-05-19 09:00:00,1.12570,1.12803,1.12548,1.12796,67682203566.0
2025-05-19 10:00:00,1.12798,1.12879,1.12683,1.12781,67453900882.0
2025-05-19 11:00:00,1.12782,1.12799,1.12617,1.12727,67407902471.0
2025-05-19 12:00:00,1.12728,1.12733,1.12564,1.12567,67345369004.0
2025-05-19 13:00:00,1.12566,1.12648,1.12470,1.12513,67794494095.0
2025-05-19 14:00:00,1.12516,1.12576,1.12413,1.12534,67664177064.0
2025-05-19 15:00:00,1.12536,1.12596,1.12333,1.12360,67407638040.0
2025-05-19 16:00:00,1.12360,1.12397,1.12294,1.12350,67065577471.0
2025-05-19 17:00:00,1.12349,1.12386,1.12239,1.12301,66869133314.0
2025-05-19 18:00:00,1.12301,1.12366,1.12244,1.12347,66873887948.0
2025-05-19 19:00:00,1.12347,1.12418,1.12327,1.12400,66372172515.0
2025-05-19 20:00:00,1.12399,1.12447,1.12388,1.12406,66154193225.0
2025-05-19 21:00:00,1.12373,1.12434,1.12348,1.12430,64604827810.0
2025-05-19 22:00:00,1.12430,1.12437,1.12349,1.12351,65658874760.0
2025-05-19 23:00:00,1.12352,1.12360,1.12314,1.12321,65759296879.0
2025-05-20 00:00:00,1.12320,1.12322,1.12178,1.12276,67098355955.0
2025-05-20 01:00:00,1.12275,1.12512,1.12275,1.12381,67336323397.0
2025-05-20 02:00:00,1.12385,1.12461,1.12259,1.12319,66893953756.0
2025-05-20 03:00:00,1.12316,1.12473,1.12291,1.12449,66869741486.0
2025-05-20 04:00:00,1.12448,1.12504,1.12403,1.12420,66707467139.0
2025-05-20 05:00:00,1.12420,1.12583,1.12417,1.12544,67187845370.0
2025-05-20 06:00:00,1.12543,1.12622,1.12505,1.12574,67460707124.0
2025-05-20 07:00:00,1.12573,1.12778,1.12529,1.12762,67589989665.0
2025-05-20 08:00:00,1.12760,1.12762,1.12473,1.12582,67355400274.0
2025-05-20 09:00:00,1.12582,1.12669,1.12497,1.12550,67294011719.0
2025-05-20 10:00:00,1.12551,1.12577,1.12429,1.12443,67372753879.0
2025-05-20 11:00:00,1.12446,1.12516,1.12436,1.12457,67286241117.0
2025-05-20 12:00:00,1.12458,1.12471,1.12235,1.12342,67190701425.0
2025-05-20 13:00:00,1.12342,1.12495,1.12246,1.12456,67410586499.0
2025-05-20 14:00:00,1.12459,1.12692,1.12455,1.12684,67539492539.0
2025-05-20 15:00:00,1.12684,1.12697,1.12494,1.12528,67258136001.0
2025-05-20 16:00:00,1.12528,1.12577,1.12450,1.12564,67137713600.0
2025-05-20 17:00:00,1.12565,1.12774,1.12547,1.12737,66944268369.0
2025-05-20 18:00:00,1.12736,1.12801,1.12711,1.12723,67103647336.0
2025-05-20 19:00:00,1.12724,1.12825,1.12718,1.12804,66813121661.0
2025-05-20 20:00:00,1.12806,1.12858,1.12782,1.12818,66185854321.0
2025-05-20 21:00:00,1.12814,1.12844,1.12798,1.12824,64207365075.0
2025-05-20 22:00:00,1.12824,1.12870,1.12801,1.12809,66094193704.0
2025-05-20 23:00:00,1.12808,1.12900,1.12804,1.12881,65988984832.0
2025-05-21 00:00:00,1.12881,1.13012,1.12875,1.12951,66878570824.0
2025-05-21 01:00:00,1.12952,1.13026,1.12866,1.12985,66913463176.0
2025-05-21 02:00:00,1.12985,1.13259,1.12969,1.13219,67289528402.0
2025-05-21 03:00:00,1.13218,1.13398,1.13187,1.13340,67104747683.0
2025-05-21 04:00:00,1.13339,1.13365,1.13253,1.13287,66715949465.0
2025-05-21 05:00:00,1.13289,1.13378,1.13265,1.13316,66967279369.0
2025-05-21 06:00:00,1.13316,1.13530,1.13221,1.13326,67455291885.0
2025-05-21 07:00:00,1.13324,1.13338,1.13140,1.13233,67482906135.0
2025-05-21 08:00:00,1.13231,1.13337,1.13121,1.13225,67293052271.0
2025-05-21 09:00:00,1.13227,1.13348,1.13145,1.13347,67241086159.0
2025-05-21 10:00:00,1.13346,1.13620,1.13314,1.13386,67367757414.0
2025-05-21 11:00:00,1.13385,1.13445,1.13188,1.13235,67252491388.0
2025-05-21 12:00:00,1.13235,1.13347,1.13172,1.13344,67410621562.0
2025-05-21 13:00:00,1.13345,1.13389,1.13235,1.13368,67434423905.0
2025-05-21 14:00:00,1.13367,1.13543,1.13322,1.13406,67594354685.0
2025-05-21 15:00:00,1.13407,1.13483,1.13326,1.13424,67445315344.0
2025-05-21 16:00:00,1.13426,1.13521,1.13389,1.13403,67154587160.0
2025-05-21 17:00:00,1.13403,1.13628,1.13374,1.13479,67936972307.0
2025-05-21 18:00:00,1.13480,1.13487,1.13315,1.13330,67429158421.0
2025-05-21 19:00:00,1.13330,1.13391,1.13181,1.13188,67502907719.0
2025-05-21 20:00:00,1.13187,1.13317,1.13154,1.13279,66677049261.0
2025-05-21 21:00:00,1.13274,1.13292,1.13250,1.13281,62701806549.0
2025-05-21 22:00:00,1.13282,1.13298,1.13150,1.13150,66967056549.0
2025-05-21 23:00:00,1.13149,1.13322,1.13107,1.13318,66508264571.0
2025-05-22 00:00:00,1.13318,1.13434,1.13258,1.13272,67286303382.0
2025-05-22 01:00:00,1.13270,1.13405,1.13172,1.13376,67443157238.0
2025-05-22 02:00:00,1.13376,1.13448,1.13282,1.13385,67272756429.0
2025-05-22 03:00:00,1.13387,1.13419,1.13304,1.13330,67165690921.0
2025-05-22 04:00:00,1.13330,1.13343,1.13245,1.13331,66924599706.0
2025-05-22 05:00:00,1.13330,1.13352,1.13249,1.13332,67069501107.0
2025-05-22 06:00:00,1.13332,1.13417,1.13173,1.13225,67604406923.0
2025-05-22 07:00:00,1.13224,1.13246,1.12953,1.13210,67722336667.0
2025-05-22 08:00:00,1.13209,1.13347,1.13013,1.13018,67627857345.0
2025-05-22 09:00:00,1.13017,1.13033,1.12908,1.12942,67498050845.0
2025-05-22 10:00:00,1.12943,1.12996,1.12902,1.12920,67232217169.0
2025-05-22 11:00:00,1.12921,1.13129,1.12918,1.13085,67412511292.0
2025-05-22 12:00:00,1.13086,1.13148,1.12847,1.12948,67487686327.0
2025-05-22 13:00:00,1.12952,1.13089,1.12815,1.12831,67573578796.0
2025-05-22 14:00:00,1.12830,1.12977,1.12749,1.12773,67603142412.0
2025-05-22 15:00:00,1.12774,1.12883,1.12657,1.12803,67649744734.0
2025-05-22 16:00:00,1.12801,1.12878,1.12682,1.12691,67415544956.0
2025-05-22 17:00:00,1.12694,1.12707,1.12558,1.12679,67208423011.0
2025-05-22 18:00:00,1.12678,1.12806,1.12672,1.12779,66817314000.0
2025-05-22 19:00:00,1.12781,1.12856,1.12777,1.12784,66785112881.0
2025-05-22 20:00:00,1.12786,1.12832,1.12773,1.12782,65085774234.0
2025-05-22 21:00:00,1.12780,1.12808,1.12768,1.12791,63143474626.0
2025-05-22 22:00:00,1.12793,1.12871,1.12791,1.12861,65992219688.0
2025-05-22 23:00:00,1.12862,1.12888,1.12808,1.12819,65732615862.0
2025-05-23 00:00:00,1.12818,1.13002,1.12787,1.12968,66920240904.0
2025-05-23 01:00:00,1.12969,1.13186,1.12951,1.13139,67196118300.0
2025-05-23 02:00:00,1.13142,1.13178,1.13080,1.13148,66998623271.0
2025-05-23 03:00:00,1.13146,1.13173,1.13109,1.13112,66583973066.0
2025-05-23 04:00:00,1.13112,1.13207,1.13077,1.13178,66793963525.0
2025-05-23 05:00:00,1.13178,1.13256,1.13080,1.13229,67003699363.0
2025-05-23 06:00:00,1.13222,1.13266,1.13100,1.13119,67373210667.0
2025-05-23 07:00:00,1.13121,1.13439,1.13094,1.13395,67420344154.0
2025-05-23 08:00:00,1.13394,1.13446,1.13327,1.13418,67017855470.0
2025-05-23 09:00:00,1.13418,1.13539,1.13383,1.13489,67158816192.0
2025-05-23 10:00:00,1.13492,1.13576,1.13443,1.13486,67079372798.0
2025-05-23 11:00:00,1.13488,1.13754,1.12984,1.13212,67709964861.0
2025-05-23 12:00:00,1.13213,1.13499,1.12973,1.13332,67909136384.0
2025-05-23 13:00:00,1.13333,1.13378,1.13131,1.13145,67692425711.0
2025-05-23 14:00:00,1.13142,1.13461,1.13106,1.13449,67595956391.0
2025-05-23 15:00:00,1.13447,1.13593,1.13315,1.13491,67464173648.0
2025-05-23 16:00:00,1.13495,1.13597,1.13410,1.13582,67120098185.0
2025-05-23 17:00:00,1.13580,1.13671,1.13515,1.13605,67001266996.0
2025-05-23 18:00:00,1.13604,1.13691,1.13554,1.13592,67043696968.0
2025-05-23 19:00:00,1.13593,1.13654,1.13552,1.13633,66777695518.0
2025-05-23 20:00:00,1.13633,1.13681,1.13590,1.13592,66351094168.0
2025-05-25 21:00:00,1.13617,1.13679,1.13585,1.13670,60608038831.0
2025-05-25 22:00:00,1.13668,1.13793,1.13621,1.13738,67456862780.0
2025-05-25 23:00:00,1.13741,1.13816,1.13696,1.13744,66681854361.0
2025-05-27 00:00:00,1.13885,1.14030,1.13878,1.13999,66989577338.0
2025-05-27 01:00:00,1.14001,1.14071,1.13910,1.13950,67138694674.0
2025-05-27 02:00:00,1.13951,1.14029,1.13905,1.13924,67031684872.0
2025-05-27 03:00:00,1.13924,1.14009,1.13900,1.13934,66780579756.0
2025-05-27 04:00:00,1.13935,1.13977,1.13775,1.13782,66687165397.0
2025-05-27 05:00:00,1.13783,1.13790,1.13667,1.13784,67410647778.0
2025-05-27 06:00:00,1.13783,1.13927,1.13639,1.13650,67659862508.0
2025-05-27 07:00:00,1.13650,1.13709,1.13370,1.13406,67611091275.0
2025-05-27 08:00:00,1.13407,1.13576,1.13387,1.13484,67276297340.0
2025-05-27 09:00:00,1.13483,1.13578,1.13446,1.13483,67263494225.0
2025-05-27 10:00:00,1.13483,1.13517,1.13405,1.13437,67251013218.0
2025-05-27 11:00:00,1.13436,1.13542,1.13410,1.13509,67246425378.0
2025-05-27 12:00:00,1.13511,1.13678,1.13509,1.13665,67232943964.0
2025-05-27 13:00:00,1.13662,1.13753,1.13554,1.13580,67355867218.0
2025-05-27 14:00:00,1.13582,1.13612,1.13380,1.13411,67570966525.0
2025-05-27 15:00:00,1.13411,1.13412,1.13230,1.13251,67435301768.0
2025-05-27 16:00:00,1.13252,1.13352,1.13232,1.13315,67330831482.0
2025-05-27 17:00:00,1.13315,1.13367,1.13301,1.13327,67103836078.0
2025-05-27 18:00:00,1.13328,1.13386,1.13283,1.13370,67192748441.0
2025-05-27 19:00:00,1.13369,1.13386,1.13298,1.13307,67213742898.0
2025-05-27 20:00:00,1.13306,1.13325,1.13260,1.13291,66892986684.0
2025-05-27 21:00:00,1.13242,1.13313,1.13242,1.13300,64635118551.0
2025-05-27 22:00:00,1.13300,1.13367,1.13283,1.13362,65731104604.0
2025-05-27 23:00:00,1.13362,1.13378,1.13311,1.13366,66036546930.0
2025-05-28 00:00:00,1.13367,1.13454,1.13340,1.13344,66932164519.0
2025-05-28 01:00:00,1.13343,1.13387,1.13150,1.13171,67522453503.0
2025-05-28 02:00:00,1.13172,1.13256,1.13005,1.13052,67457699017.0
2025-05-28 03:00:00,1.13053,1.13129,1.13004,1.13072,67194217101.0
2025-05-28 04:00:00,1.13072,1.13104,1.13025,1.13059,66974696081.0
2025-05-28 05:00:00,1.13058,1.13147,1.12953,1.13147,67180511890.0
2025-05-28 06:00:00,1.13146,1.13167,1.13034,1.13044,67386661602.0
2025-05-28 07:00:00,1.13043,1.13309,1.13029,1.13264,67351383572.0
2025-05-28 08:00:00,1.13264,1.13343,1.13179,1.13320,67228625141.0
2025-05-28 09:00:00,1.13322,1.13403,1.13279,1.13334,67270408930.0
2025-05-28 10:00:00,1.13334,1.13406,1.13238,1.13257,67191529150.0
2025-05-28 11:00:00,1.13256,1.13286,1.13164,1.13177,67242910674.0
2025-05-28 12:00:00,1.13177,1.13245,1.13073,1.13109,67432479781.0
2025-05-28 13:00:00,1.13110,1.13135,1.12969,1.13087,67729479109.0
2025-05-28 14:00:00,1.13086,1.13246,1.13007,1.13021,67574760081.0
2025-05-28 15:00:00,1.13022,1.13086,1.12837,1.12844,67702506784.0
2025-05-28 16:00:00,1.12848,1.12966,1.12839,1.12940,67301718750.0
2025-05-28 17:00:00,1.12940,1.13007,1.12905,1.12911,67052185191.0
2025-05-28 18:00:00,1.12910,1.12979,1.12841,1.12934,67234624963.0
2025-05-28 19:00:00,1.12933,1.12956,1.12875,1.12892,67103910133.0
2025-05-28 20:00:00,1.12893,1.12957,1.12889,1.12915,66904457871.0
2025-05-28 21:00:00,1.12914,1.12946,1.12898,1.12940,65422452326.0
2025-05-28 22:00:00,1.12936,1.12969,1.12901,1.12912,66380607652.0
2025-05-28 23:00:00,1.12916,1.12919,1.12103,1.12296,67649740641.0
2025-05-29 00:00:00,1.12294,1.12505,1.12230,1.12344,68036006544.0
2025-05-29 01:00:00,1.12343,1.12531,1.12233,1.12515,67611703705.0
2025-05-29 02:00:00,1.12516,1.12568,1.12415,1.12457,67295927335.0
2025-05-29 03:00:00,1.12456,1.12561,1.12424,1.12484,67144131546.0
2025-05-29 04:00:00,1.12484,1.12547,1.12439,1.12475,66808010503.0
2025-05-29 05:00:00,1.12476,1.12504,1.12309,1.12434,67233796590.0
2025-05-29 06:00:00,1.12435,1.12737,1.12422,1.12711,67553804943.0
2025-05-29 07:00:00,1.12711,1.12826,1.12709,1.12755,67511222274.0
2025-05-29 08:00:00,1.12755,1.12789,1.12619,1.12718,67267844508.0
2025-05-29 09:00:00,1.12719,1.12839,1.12714,1.12778,67076527880.0
2025-05-29 10:00:00,1.12778,1.12911,1.12763,1.12863,67135121657.0
2025-05-29 11:00:00,1.12862,1.12905,1.12679,1.12709,67218060736.0
2025-05-29 12:00:00,1.12708,1.13498,1.12708,1.13494,67744023843.0
2025-05-29 13:00:00,1.13496,1.13600,1.13391,1.13511,67585119357.0
2025-05-29 14:00:00,1.13517,1.13692,1.13429,1.13499,67526043568.0
2025-05-29 15:00:00,1.13499,1.13705,1.13486,1.13694,67502403418.0
2025-05-29 16:00:00,1.13694,1.13797,1.13668,1.13711,67462526074.0
2025-05-29 17:00:00,1.13711,1.13843,1.13615,1.13769,67228709682.0
2025-05-29 18:00:00,1.13769,1.13843,1.13740,1.13749,66944093387.0
2025-05-29 19:00:00,1.13748,1.13781,1.13658,1.13665,66951350189.0
2025-05-29 20:00:00,1.13667,1.13700,1.13606,1.13649,65987429006.0
2025-05-29 21:00:00,1.13647,1.13709,1.13647,1.13670,60079606333.0
2025-05-29 22:00:00,1.13680,1.13771,1.13666,1.13706,66850397882.0
2025-05-29 23:00:00,1.13711,1.13791,1.13690,1.13765,66576466574.0
2025-05-30 00:00:00,1.13768,1.13845,1.13644,1.13722,67388989769.0
2025-05-30 01:00:00,1.13723,1.13897,1.13521,1.13545,67576340811.0
2025-05-30 02:00:00,1.13547,1.13588,1.13482,1.13492,67227768915.0
2025-05-30 03:00:00,1.13490,1.13568,1.13456,1.13494,67237937152.0
2025-05-30 04:00:00,1.13496,1.13533,1.13453,1.13457,66945889405.0
2025-05-30 05:00:00,1.13458,1.13544,1.13429,1.13509,67039825103.0
2025-05-30 06:00:00,1.13512,1.13519,1.13360,1.13463,67402872259.0
2025-05-30 07:00:00,1.13462,1.13478,1.13276,1.13375,67548528968.0
2025-05-30 08:00:00,1.13379,1.13445,1.13231,1.13238,67277904608.0
2025-05-30 09:00:00,1.13237,1.13319,1.13233,1.13254,67220420688.0
2025-05-30 10:00:00,1.13254,1.13346,1.13245,1.13273,67123989053.0
2025-05-30 11:00:00,1.13274,1.13385,1.13233,1.13380,67157278066.0
2025-05-30 12:00:00,1.13378,1.13584,1.13346,1.13460,67700244647.0
2025-05-30 13:00:00,1.13463,1.13478,1.13123,1.13172,67598181004.0
2025-05-30 14:00:00,1.13172,1.13545,1.13134,1.13520,67609826431.0
2025-05-30 15:00:00,1.13521,1.13584,1.13433,1.13461,67662432173.0
2025-05-30 16:00:00,1.13461,1.13548,1.13433,1.13502,67486068899.0
2025-05-30 17:00:00,1.13504,1.13669,1.13496,1.13571,67201289422.0
2025-05-30 18:00:00,1.13569,1.13648,1.13546,1.13585,67101667489.0
2025-05-30 19:00:00,1.13584,1.13604,1.13492,1.13563,67298661826.0
2025-05-30 20:00:00,1.13562,1.13562,1.13447,1.13453,66644731494.0
