timestamp_utc,open,high,low,close,volume
2015-01-02,48.619998931884766,48.72999954223633,48.04999923706055,48.349998474121094,7612100
2015-01-05,48.2599983215332,48.369998931884766,47.880001068115234,48.0099983215332,8272700
2015-01-06,48.349998474121094,48.470001220703125,47.810001373291016,47.95000076293945,11112400
2015-01-07,48.29999923706055,48.83000183105469,48.25,48.77000045776367,9226100
2015-01-08,49.20000076293945,49.56999969482422,49.099998474121094,49.5099983215332,12904100
2015-01-09,49.66999816894531,49.66999816894531,49.11000061035156,49.11000061035156,6382800
2015-01-12,49.09000015258789,49.349998474121094,48.83000183105469,48.959999084472656,6256400
2015-01-13,49.290000915527344,49.560001373291016,48.65999984741211,48.95000076293945,10135000
2015-01-14,48.58000183105469,48.849998474121094,48.459999084472656,48.79999923706055,13315500
2015-01-15,49.119998931884766,49.18000030517578,48.689998626708984,48.880001068115234,10898400
2015-01-16,48.7599983215332,49.31999969482422,48.66999816894531,49.27000045776367,12948500
2015-01-20,49.459999084472656,49.689998626708984,49.060001373291016,49.470001220703125,9978200
2015-01-21,49.369998931884766,49.720001220703125,49.119998931884766,49.709999084472656,7588600
2015-01-22,49.91999816894531,50.220001220703125,49.47999954223633,50.209999084472656,12062000
2015-01-23,49.970001220703125,50.04999923706055,49.63999938964844,49.650001525878906,6423700
2015-01-26,49.630001068115234,49.720001220703125,49.380001068115234,49.650001525878906,4428600
2015-01-27,49.150001525878906,49.29999923706055,48.849998474121094,49.08000183105469,10344800
2015-01-28,49.2599983215332,49.40999984741211,48.470001220703125,48.5099983215332,7765700
2015-01-29,48.70000076293945,48.959999084472656,48.290000915527344,48.900001525878906,9765600
2015-01-30,48.63999938964844,48.66999816894531,47.95000076293945,48.02000045776367,10951600
2015-02-02,48.11000061035156,48.619998931884766,47.68000030517578,48.59000015258789,14354100
2015-02-03,48.88999938964844,49.040000915527344,48.61000061035156,49.02000045776367,6279600
2015-02-04,48.93000030517578,49.38999938964844,48.93000030517578,49.040000915527344,7901300
2015-02-05,49.189998626708984,49.310001373291016,49.06999969482422,49.290000915527344,8079500
2015-02-06,49.29999923706055,49.4900016784668,48.880001068115234,49.06999969482422,6304100
2015-02-09,48.9900016784668,49.029998779296875,48.56999969482422,48.70000076293945,5656100
2015-02-10,49.15999984741211,49.31999969482422,48.86000061035156,49.27000045776367,5055100
2015-02-11,49.29999923706055,49.61000061035156,49.13999938964844,49.5,4618000
2015-02-12,49.619998931884766,49.72999954223633,49.470001220703125,49.72999954223633,7150600
2015-02-13,49.619998931884766,49.650001525878906,49.38999938964844,49.5,5932000
2015-02-17,49.43000030517578,49.560001373291016,49.189998626708984,49.5099983215332,4887500
2015-02-18,49.5,49.779998779296875,49.38999938964844,49.779998779296875,5251200
2015-02-19,49.689998626708984,49.70000076293945,49.400001525878906,49.459999084472656,4380200
2015-02-20,49.290000915527344,49.619998931884766,49.099998474121094,49.599998474121094,5898000
2015-02-23,49.52000045776367,49.75,49.52000045776367,49.7400016784668,4710600
2015-02-24,49.790000915527344,49.95000076293945,49.599998474121094,49.90999984741211,4275800
2015-02-25,49.900001525878906,49.95000076293945,49.68000030517578,49.7400016784668,3282600
2015-02-26,49.7400016784668,49.86000061035156,49.61000061035156,49.810001373291016,4124200
2015-02-27,49.79999923706055,50.11000061035156,49.77000045776367,50.0099983215332,4578900
2015-03-02,50.04999923706055,50.13999938964844,49.939998626708984,50.099998474121094,5511200
2015-03-03,50.099998474121094,50.11000061035156,49.689998626708984,49.90999984741211,5818200
2015-03-04,49.810001373291016,49.83000183105469,49.439998626708984,49.560001373291016,3635800
2015-03-05,49.689998626708984,49.810001373291016,49.56999969482422,49.72999954223633,5336300
2015-03-06,49.369998931884766,49.470001220703125,48.650001525878906,48.7599983215332,12065500
2015-03-09,48.95000076293945,49.119998931884766,48.79999923706055,49.029998779296875,6436500
2015-03-10,48.7400016784668,48.77000045776367,48.31999969482422,48.33000183105469,7996200
2015-03-11,48.400001525878906,48.400001525878906,47.90999984741211,47.959999084472656,8699500
2015-03-12,48.18000030517578,48.65999984741211,48.130001068115234,48.65999984741211,9905500
2015-03-13,48.560001373291016,48.58000183105469,47.9900016784668,48.279998779296875,5821400
2015-03-16,48.43000030517578,48.880001068115234,48.43000030517578,48.869998931884766,22130500
2015-03-17,48.70000076293945,48.7400016784668,48.380001068115234,48.52000045776367,7487500
2015-03-18,48.400001525878906,49.04999923706055,47.84000015258789,48.849998474121094,19747300
2015-03-19,48.7400016784668,48.849998474121094,48.540000915527344,48.630001068115234,20386700
2015-03-20,48.56999969482422,48.95000076293945,48.5,48.939998626708984,7951000
2015-03-23,48.88999938964844,49.27000045776367,48.849998474121094,49.02000045776367,4669300
2015-03-24,49.13999938964844,49.27000045776367,48.7400016784668,48.7400016784668,6939800
2015-03-25,49.290000915527344,49.36000061035156,48.619998931884766,48.619998931884766,18476700
2015-03-26,48.380001068115234,48.68000030517578,48.29999923706055,48.40999984741211,7616000
2015-03-27,48.41999816894531,48.77000045776367,48.400001525878906,48.709999084472656,4950100
2015-03-30,48.810001373291016,49.2400016784668,48.619998931884766,49.20000076293945,25326800
2015-03-31,49.0,49.20000076293945,48.7400016784668,48.7400016784668,7411800
2015-04-01,48.720001220703125,48.810001373291016,48.33000183105469,48.79999923706055,8033400
2015-04-02,48.81999969482422,49.220001220703125,48.75,49.130001068115234,4821000
2015-04-06,49.04999923706055,49.72999954223633,48.91999816894531,49.52000045776367,5615300
2015-04-07,49.599998474121094,49.70000076293945,49.290000915527344,49.290000915527344,7660800
2015-04-08,49.29999923706055,49.5,49.150001525878906,49.369998931884766,5039200
2015-04-09,49.369998931884766,49.599998474121094,49.189998626708984,49.5099983215332,4785400
2015-04-10,49.63999938964844,49.77000045776367,49.470001220703125,49.599998474121094,4605100
2015-04-13,49.470001220703125,49.65999984741211,49.36000061035156,49.369998931884766,3712800
2015-04-14,49.279998779296875,49.560001373291016,49.16999816894531,49.47999954223633,5722200
2015-04-15,49.54999923706055,49.75,49.310001373291016,49.34000015258789,6764300
2015-04-16,49.400001525878906,49.709999084472656,49.36000061035156,49.52000045776367,5796400
2015-04-17,49.290000915527344,49.31999969482422,48.790000915527344,49.060001373291016,5539800
2015-04-20,49.13999938964844,49.52000045776367,49.13999938964844,49.22999954223633,3976200
2015-04-21,49.29999923706055,49.54999923706055,49.2400016784668,49.31999969482422,3948500
2015-04-22,49.36000061035156,49.45000076293945,49.06999969482422,49.349998474121094,2897700
2015-04-23,49.06999969482422,49.41999816894531,49.060001373291016,49.18000030517578,6320800
2015-04-24,49.31999969482422,49.31999969482422,49.130001068115234,49.189998626708984,6555100
2015-04-27,49.2599983215332,49.279998779296875,48.88999938964844,48.91999816894531,6888100
2015-04-28,48.91999816894531,49.029998779296875,48.709999084472656,48.970001220703125,3665100
2015-04-29,48.810001373291016,48.90999984741211,48.459999084472656,48.529998779296875,9409300
2015-04-30,48.40999984741211,48.599998474121094,48.18000030517578,48.369998931884766,8286300
2015-05-01,48.54999923706055,48.83000183105469,48.40999984741211,48.810001373291016,5158300
2015-05-04,48.810001373291016,49.0099983215332,48.79999923706055,48.880001068115234,6710200
2015-05-05,48.86000061035156,48.91999816894531,48.41999816894531,48.4900016784668,6537400
2015-05-06,48.59000015258789,48.7599983215332,48.34000015258789,48.63999938964844,6233300
2015-05-07,48.47999954223633,48.86000061035156,48.369998931884766,48.7599983215332,6433800
2015-05-08,49.0099983215332,49.36000061035156,49.0099983215332,49.16999816894531,6946500
2015-05-11,49.029998779296875,49.33000183105469,48.95000076293945,48.970001220703125,3988400
2015-05-12,48.5099983215332,49.02000045776367,48.5099983215332,48.86000061035156,4903400
2015-05-13,48.849998474121094,49.189998626708984,48.779998779296875,48.84000015258789,3716900
2015-05-14,49.040000915527344,49.61000061035156,49.040000915527344,49.59000015258789,6174300
2015-05-15,49.599998474121094,49.75,49.54999923706055,49.75,5014300
2015-05-18,49.70000076293945,49.720001220703125,49.5099983215332,49.59000015258789,6199900
2015-05-19,49.619998931884766,49.619998931884766,49.29999923706055,49.459999084472656,5157200
2015-05-20,49.38999938964844,49.59000015258789,49.349998474121094,49.349998474121094,5463200
2015-05-21,49.36000061035156,49.52000045776367,49.189998626708984,49.459999084472656,4313600
2015-05-22,49.22999954223633,49.400001525878906,49.220001220703125,49.25,5336900
2015-05-26,49.189998626708984,49.209999084472656,48.7599983215332,48.86000061035156,8790100
2015-05-27,48.959999084472656,49.25,48.91999816894531,49.16999816894531,7599900
2015-05-28,49.119998931884766,49.16999816894531,48.88999938964844,49.099998474121094,5741300
2015-05-29,49.02000045776367,49.06999969482422,48.70000076293945,48.790000915527344,6663600
2015-06-01,48.88999938964844,48.9900016784668,48.619998931884766,48.790000915527344,5992300
2015-06-02,48.650001525878906,48.77000045776367,48.41999816894531,48.65999984741211,4998200
2015-06-03,48.720001220703125,48.86000061035156,48.560001373291016,48.630001068115234,5892700
2015-06-04,48.540000915527344,48.65999984741211,48.18000030517578,48.279998779296875,7084800
2015-06-05,48.150001525878906,48.27000045776367,47.560001373291016,47.59000015258789,9482300
2015-06-08,47.560001373291016,47.7400016784668,47.459999084472656,47.56999969482422,10944000
2015-06-09,47.630001068115234,47.97999954223633,47.54999923706055,47.79999923706055,7096700
2015-06-10,47.91999816894531,48.369998931884766,47.91999816894531,48.27000045776367,7091600
2015-06-11,48.310001373291016,48.470001220703125,48.20000076293945,48.25,7469300
2015-06-12,48.130001068115234,48.16999816894531,47.88999938964844,48.060001373291016,6748800
2015-06-15,47.869998931884766,47.959999084472656,47.68000030517578,47.709999084472656,7632600
2015-06-16,47.84000015258789,48.2599983215332,47.77000045776367,48.22999954223633,5036400
2015-06-17,48.380001068115234,48.56999969482422,48.119998931884766,48.4900016784668,10508800
2015-06-18,48.63999938964844,49.220001220703125,48.599998474121094,49.029998779296875,8821000
2015-06-19,48.7599983215332,48.90999984741211,48.65999984741211,48.65999984741211,8908200
2015-06-22,48.93000030517578,49.04999923706055,48.79999923706055,48.849998474121094,4445900
2015-06-23,48.869998931884766,48.880001068115234,48.540000915527344,48.63999938964844,5107500
2015-06-24,48.619998931884766,48.70000076293945,48.41999816894531,48.41999816894531,6765100
2015-06-25,48.61000061035156,48.61000061035156,48.33000183105469,48.33000183105469,6443700
2015-06-26,48.400001525878906,48.599998474121094,48.34000015258789,48.43000030517578,4608000
2015-06-29,48.18000030517578,48.27000045776367,47.65999984741211,47.68000030517578,8106200
2015-06-30,48.18000030517578,48.18000030517578,47.59000015258789,47.599998474121094,10039900
2015-07-01,47.91999816894531,48.209999084472656,47.720001220703125,48.209999084472656,6859600
2015-07-02,48.2400016784668,48.43000030517578,48.029998779296875,48.16999816894531,6956600
2015-07-06,47.849998474121094,48.310001373291016,47.79999923706055,48.130001068115234,8740700
2015-07-07,48.2599983215332,49.15999984741211,48.099998474121094,49.119998931884766,17427000
2015-07-08,48.70000076293945,48.93000030517578,48.540000915527344,48.56999969482422,11754300
2015-07-09,49.15999984741211,49.25,48.61000061035156,48.61000061035156,8359900
2015-07-10,49.060001373291016,49.29999923706055,49.0099983215332,49.18000030517578,7782500
2015-07-13,49.40999984741211,49.65999984741211,49.40999984741211,49.63999938964844,7031800
2015-07-14,49.650001525878906,49.7400016784668,49.560001373291016,49.720001220703125,6858300
2015-07-15,49.709999084472656,49.72999954223633,49.4900016784668,49.59000015258789,5980500
2015-07-16,49.84000015258789,50.16999816894531,49.779998779296875,50.099998474121094,4451200
2015-07-17,49.97999954223633,50.08000183105469,49.779998779296875,50.06999969482422,4874400
2015-07-20,50.099998474121094,50.220001220703125,49.959999084472656,50.15999984741211,6345400
2015-07-21,50.040000915527344,50.189998626708984,49.900001525878906,50.040000915527344,6146000
2015-07-22,50.040000915527344,50.33000183105469,50.0099983215332,50.150001525878906,6107900
2015-07-23,50.2599983215332,50.2599983215332,49.88999938964844,49.959999084472656,4535100
2015-07-24,50.08000183105469,50.08000183105469,49.619998931884766,49.68000030517578,9950100
2015-07-27,49.47999954223633,49.72999954223633,49.33000183105469,49.650001525878906,9567100
2015-07-28,49.869998931884766,50.220001220703125,49.72999954223633,50.209999084472656,8765800
2015-07-29,50.2599983215332,50.4900016784668,50.15999984741211,50.380001068115234,6105100
2015-07-30,50.13999938964844,50.279998779296875,49.880001068115234,50.209999084472656,7029100
2015-07-31,50.380001068115234,50.41999816894531,50.2400016784668,50.310001373291016,6168800
2015-08-03,50.29999923706055,50.43000030517578,50.15999984741211,50.380001068115234,6961400
2015-08-04,50.349998474121094,50.45000076293945,50.11000061035156,50.380001068115234,5633000
2015-08-05,50.540000915527344,50.88999938964844,50.52000045776367,50.81999969482422,5239900
2015-08-06,50.95000076293945,50.95000076293945,50.369998931884766,50.439998626708984,7889500
2015-08-07,50.36000061035156,50.5,49.939998626708984,50.15999984741211,6889700
2015-08-10,50.29999923706055,50.5099983215332,50.2599983215332,50.349998474121094,5780000
2015-08-11,50.02000045776367,50.279998779296875,50.0,50.16999816894531,5616200
2015-08-12,49.849998474121094,50.22999954223633,49.5099983215332,50.20000076293945,8275100
2015-08-13,50.150001525878906,50.279998779296875,49.939998626708984,50.0,4935200
2015-08-14,49.9900016784668,50.16999816894531,49.869998931884766,50.15999984741211,5247000
2015-08-17,50.0,50.22999954223633,49.81999969482422,50.209999084472656,4978400
2015-08-18,50.029998779296875,50.16999816894531,49.900001525878906,49.959999084472656,5108300
2015-08-19,49.849998474121094,49.869998931884766,49.2599983215332,49.5,9309200
2015-08-20,49.15999984741211,49.4900016784668,48.95000076293945,49.04999923706055,12756300
2015-08-21,48.66999816894531,48.779998779296875,47.709999084472656,47.709999084472656,23544300
2015-08-24,45.400001525878906,47.099998474121094,43.720001220703125,46.04999923706055,68723800
2015-08-25,47.709999084472656,47.709999084472656,45.650001525878906,45.70000076293945,35853900
2015-08-26,46.61000061035156,47.130001068115234,45.75,47.04999923706055,24372800
2015-08-27,47.43000030517578,47.88999938964844,46.869998931884766,47.7400016784668,19550400
2015-08-28,47.61000061035156,47.689998626708984,47.349998474121094,47.63999938964844,8695300
2015-08-31,47.52000045776367,47.52000045776367,47.18000030517578,47.310001373291016,12948300
2015-09-01,46.369998931884766,46.849998474121094,46.04999923706055,46.34000015258789,15589300
2015-09-02,46.7400016784668,46.97999954223633,46.52000045776367,46.970001220703125,9637300
2015-09-03,47.15999984741211,47.58000183105469,47.060001373291016,47.290000915527344,7626800
2015-09-04,46.66999816894531,46.790000915527344,46.34000015258789,46.52000045776367,10507100
2015-09-08,47.27000045776367,47.540000915527344,46.939998626708984,47.4900016784668,6867300
2015-09-09,47.93000030517578,47.939998626708984,46.59000015258789,46.709999084472656,7587400
2015-09-10,46.4900016784668,47.119998931884766,46.470001220703125,46.790000915527344,14986300
2015-09-11,46.7400016784668,47.11000061035156,46.56999969482422,47.099998474121094,5127300
2015-09-14,47.08000183105469,47.16999816894531,46.7599983215332,46.95000076293945,6180100
2015-09-15,47.0099983215332,47.599998474121094,46.81999969482422,47.5099983215332,7284500
2015-09-16,47.939998626708984,48.11000061035156,47.66999816894531,48.04999923706055,11470700
2015-09-17,48.0099983215332,48.619998931884766,47.90999984741211,48.04999923706055,13063900
2015-09-18,47.189998626708984,47.709999084472656,47.0,47.189998626708984,10970800
2015-09-21,47.310001373291016,47.66999816894531,47.29999923706055,47.540000915527344,9770600
2015-09-22,47.060001373291016,47.13999938964844,46.77000045776367,47.02000045776367,10674800
2015-09-23,47.0099983215332,47.18000030517578,46.86000061035156,47.099998474121094,6458500
2015-09-24,46.75,47.25,46.72999954223633,47.18000030517578,7740100
2015-09-25,47.45000076293945,47.959999084472656,47.29999923706055,47.47999954223633,12257300
2015-09-28,47.36000061035156,47.459999084472656,46.689998626708984,46.779998779296875,15816000
2015-09-29,46.90999984741211,46.93000030517578,46.47999954223633,46.7599983215332,15304100
2015-09-30,46.95000076293945,47.349998474121094,46.869998931884766,47.189998626708984,12715600
2015-10-01,47.220001220703125,47.33000183105469,46.84000015258789,47.189998626708984,13766200
2015-10-02,46.93000030517578,47.86000061035156,46.689998626708984,47.84000015258789,13196700
2015-10-05,48.189998626708984,48.720001220703125,48.040000915527344,48.65999984741211,10515800
2015-10-06,48.560001373291016,48.72999954223633,48.310001373291016,48.33000183105469,9444000
2015-10-07,48.560001373291016,48.86000061035156,48.400001525878906,48.77000045776367,11944000
2015-10-08,48.70000076293945,49.369998931884766,48.61000061035156,49.349998474121094,12447100
2015-10-09,49.439998626708984,49.61000061035156,49.29999923706055,49.459999084472656,12459500
2015-10-12,49.47999954223633,49.70000076293945,49.43000030517578,49.59000015258789,5652600
2015-10-13,49.5,49.56999969482422,49.220001220703125,49.290000915527344,10162600
2015-10-14,49.20000076293945,49.400001525878906,48.61000061035156,48.720001220703125,10771200
2015-10-15,49.02000045776367,49.189998626708984,48.81999969482422,49.15999984741211,5255600
2015-10-16,49.20000076293945,49.68000030517578,49.189998626708984,49.630001068115234,6921900
2015-10-19,49.630001068115234,49.86000061035156,49.47999954223633,49.849998474121094,6284300
2015-10-20,49.84000015258789,49.90999984741211,49.7400016784668,49.81999969482422,6078400
2015-10-21,49.72999954223633,50.16999816894531,49.72999954223633,49.83000183105469,14418900
2015-10-22,50.029998779296875,50.88999938964844,49.95000076293945,50.81999969482422,13590300
2015-10-23,51.0,51.130001068115234,50.459999084472656,50.7400016784668,13360200
2015-10-26,50.7400016784668,50.84000015258789,50.560001373291016,50.63999938964844,8893000
2015-10-27,50.47999954223633,50.709999084472656,50.31999969482422,50.709999084472656,5126200
2015-10-28,50.720001220703125,50.72999954223633,49.880001068115234,50.41999816894531,10430900
2015-10-29,50.400001525878906,50.54999923706055,50.15999984741211,50.439998626708984,5606900
2015-10-30,50.279998779296875,50.279998779296875,49.869998931884766,49.880001068115234,8577100
2015-11-02,49.90999984741211,50.189998626708984,49.84000015258789,50.18000030517578,13054000
2015-11-03,49.88999938964844,50.06999969482422,49.59000015258789,49.939998626708984,12452900
2015-11-04,50.0,50.09000015258789,49.540000915527344,49.72999954223633,8067600
2015-11-05,49.68000030517578,49.79999923706055,49.439998626708984,49.720001220703125,9691800
2015-11-06,49.4900016784668,49.58000183105469,48.81999969482422,49.18000030517578,13747200
2015-11-09,48.939998626708984,49.02000045776367,48.58000183105469,48.849998474121094,7896000
2015-11-10,48.79999923706055,49.060001373291016,48.79999923706055,48.97999954223633,7438600
2015-11-11,48.900001525878906,49.220001220703125,48.900001525878906,48.90999984741211,7264700
2015-11-12,48.790000915527344,48.84000015258789,48.25,48.25,8473500
2015-11-13,48.11000061035156,48.33000183105469,47.790000915527344,47.83000183105469,9112400
2015-11-16,47.66999816894531,48.65999984741211,47.66999816894531,48.650001525878906,9734900
2015-11-17,48.779998779296875,49.029998779296875,48.4900016784668,48.630001068115234,8056200
2015-11-18,48.77000045776367,49.33000183105469,48.70000076293945,49.29999923706055,7826200
2015-11-19,49.33000183105469,49.650001525878906,49.31999969482422,49.43000030517578,7421100
2015-11-20,49.650001525878906,49.880001068115234,49.040000915527344,49.08000183105469,5487200
2015-11-23,49.09000015258789,49.599998474121094,49.09000015258789,49.5099983215332,5316600
2015-11-24,49.38999938964844,49.77000045776367,49.16999816894531,49.63999938964844,9786000
2015-11-25,49.63999938964844,49.88999938964844,49.599998474121094,49.77000045776367,5599000
2015-11-27,49.75,50.06999969482422,49.75,49.959999084472656,2712600
2015-11-30,49.970001220703125,50.06999969482422,49.40999984741211,49.41999816894531,10355200
2015-12-01,49.52000045776367,49.869998931884766,49.52000045776367,49.84000015258789,10807900
2015-12-02,49.77000045776367,49.90999984741211,49.52000045776367,49.59000015258789,7832000
2015-12-03,49.77000045776367,49.95000076293945,49.13999938964844,49.33000183105469,12556000
2015-12-04,49.459999084472656,50.47999954223633,49.2599983215332,50.439998626708984,12783200
2015-12-07,50.630001068115234,50.7400016784668,50.380001068115234,50.58000183105469,9022000
2015-12-08,50.2599983215332,50.560001373291016,50.150001525878906,50.45000076293945,6436400
2015-12-09,50.16999816894531,50.709999084472656,49.77000045776367,49.970001220703125,18821800
2015-12-10,50.08000183105469,50.349998474121094,49.880001068115234,50.029998779296875,7842700
2015-12-11,49.529998779296875,49.83000183105469,49.34000015258789,49.47999954223633,11597900
2015-12-14,49.47999954223633,50.0099983215332,49.290000915527344,49.970001220703125,16609500
2015-12-15,50.36000061035156,50.529998779296875,50.099998474121094,50.290000915527344,11557500
2015-12-16,50.5099983215332,51.369998931884766,50.5,51.2599983215332,20860400
2015-12-17,51.2599983215332,51.2599983215332,50.59000015258789,50.599998474121094,10235700
2015-12-18,50.18000030517578,50.18000030517578,49.34000015258789,49.34000015258789,14720600
2015-12-21,49.66999816894531,49.90999984741211,49.470001220703125,49.900001525878906,8155500
2015-12-22,49.97999954223633,50.61000061035156,49.869998931884766,50.54999923706055,7185700
2015-12-23,50.77000045776367,50.9900016784668,50.68000030517578,50.91999816894531,6464100
2015-12-24,50.810001373291016,51.02000045776367,50.810001373291016,50.869998931884766,2312100
2015-12-28,50.650001525878906,50.810001373291016,50.599998474121094,50.79999923706055,4620900
2015-12-29,51.130001068115234,51.290000915527344,50.90999984741211,51.2400016784668,4134000
2015-12-30,51.209999084472656,51.27000045776367,51.0,51.060001373291016,6942900
2015-12-31,50.88999938964844,50.900001525878906,50.43000030517578,50.4900016784668,6801400
2016-01-04,49.83000183105469,49.849998474121094,49.349998474121094,49.849998474121094,17281200
2016-01-05,49.970001220703125,50.290000915527344,49.84000015258789,50.16999816894531,8630500
2016-01-06,49.66999816894531,50.20000076293945,49.63999938964844,50.0,12429100
2016-01-07,49.439998626708984,49.93000030517578,49.220001220703125,49.400001525878906,16031500
2016-01-08,49.720001220703125,49.720001220703125,48.91999816894531,49.02000045776367,14691000
2016-01-11,49.31999969482422,49.65999984741211,49.0,49.47999954223633,15890200
2016-01-12,49.779998779296875,49.95000076293945,49.349998474121094,49.75,13171500
2016-01-13,49.810001373291016,49.849998474121094,48.790000915527344,48.84000015258789,19407900
2016-01-14,48.97999954223633,49.40999984741211,48.75,49.06999969482422,19025800
2016-01-15,48.2400016784668,48.619998931884766,47.91999816894531,48.29999923706055,24210900
2016-01-19,48.790000915527344,49.060001373291016,48.56999969482422,48.880001068115234,14945200
2016-01-20,48.34000015258789,48.560001373291016,47.38999938964844,48.27000045776367,28302800
2016-01-21,48.310001373291016,48.66999816894531,48.0099983215332,48.459999084472656,21001000
2016-01-22,49.0099983215332,49.38999938964844,48.630001068115234,49.290000915527344,13754500
2016-01-25,48.4900016784668,49.27000045776367,48.40999984741211,48.849998474121094,15869400
2016-01-26,49.0,49.619998931884766,48.95000076293945,49.29999923706055,10523400
2016-01-27,49.369998931884766,49.869998931884766,48.95000076293945,49.25,17247400
2016-01-28,49.41999816894531,49.93000030517578,49.27000045776367,49.75,15649200
2016-01-29,50.09000015258789,50.83000183105469,49.86000061035156,50.7599983215332,20576300
2016-02-01,50.650001525878906,51.13999938964844,50.5,50.93000030517578,18573100
2016-02-02,50.560001373291016,50.560001373291016,50.15999984741211,50.279998779296875,14068600
2016-02-03,50.470001220703125,50.560001373291016,49.70000076293945,50.16999816894531,25209800
2016-02-04,49.95000076293945,50.0099983215332,49.470001220703125,49.709999084472656,21240800
2016-02-05,49.79999923706055,49.95000076293945,49.369998931884766,49.630001068115234,20073300
2016-02-08,49.29999923706055,49.63999938964844,48.88999938964844,49.5,21546900
2016-02-09,49.11000061035156,50.099998474121094,49.06999969482422,49.83000183105469,24376300
2016-02-10,50.0099983215332,50.29999923706055,49.709999084472656,49.77000045776367,14798700
2016-02-11,49.18000030517578,49.599998474121094,48.880001068115234,49.369998931884766,26010400
2016-02-12,49.66999816894531,50.08000183105469,49.439998626708984,50.06999969482422,12464000
2016-02-16,50.5,50.540000915527344,50.09000015258789,50.470001220703125,15217700
2016-02-17,50.689998626708984,51.13999938964844,50.540000915527344,50.9900016784668,11040500
2016-02-18,50.81999969482422,50.91999816894531,50.4900016784668,50.7599983215332,13101900
2016-02-19,50.619998931884766,50.939998626708984,50.34000015258789,50.84000015258789,9795000
2016-02-22,51.130001068115234,51.2400016784668,50.95000076293945,51.09000015258789,9152000
2016-02-23,50.9900016784668,51.18000030517578,50.869998931884766,51.08000183105469,9986500
2016-02-24,50.84000015258789,51.29999923706055,50.58000183105469,51.2400016784668,13271700
2016-02-25,51.369998931884766,51.849998474121094,51.25,51.81999969482422,9512000
2016-02-26,51.959999084472656,51.959999084472656,50.9900016784668,51.09000015258789,28143900
2016-02-29,51.060001373291016,51.459999084472656,50.90999984741211,50.91999816894531,13596800
2016-03-01,51.209999084472656,51.5,51.130001068115234,51.40999984741211,13169700
2016-03-02,51.470001220703125,51.560001373291016,51.150001525878906,51.560001373291016,16157700
2016-03-03,51.349998474121094,51.81999969482422,51.16999816894531,51.81999969482422,10743600
2016-03-04,51.79999923706055,52.16999816894531,51.599998474121094,52.040000915527344,17384700
2016-03-07,51.81999969482422,52.0,51.630001068115234,51.720001220703125,14095900
2016-03-08,51.58000183105469,52.150001525878906,51.4900016784668,51.869998931884766,11554900
2016-03-09,52.029998779296875,52.33000183105469,52.02000045776367,52.2599983215332,11307500
2016-03-10,52.45000076293945,52.56999969482422,51.83000183105469,52.279998779296875,13004500
2016-03-11,52.540000915527344,52.650001525878906,52.2599983215332,52.45000076293945,12880500
2016-03-14,52.41999816894531,52.540000915527344,52.2599983215332,52.41999816894531,10645100
2016-03-15,52.27000045776367,52.619998931884766,52.18000030517578,52.54999923706055,6523700
2016-03-16,52.5099983215332,52.790000915527344,52.150001525878906,52.66999816894531,13743400
2016-03-17,52.650001525878906,53.15999984741211,52.599998474121094,52.9900016784668,13903400
2016-03-18,52.810001373291016,52.86000061035156,52.56999969482422,52.650001525878906,13037000
2016-03-21,52.66999816894531,52.869998931884766,52.439998626708984,52.68000030517578,11421400
2016-03-22,52.5099983215332,52.650001525878906,52.290000915527344,52.369998931884766,9853200
2016-03-23,52.2599983215332,52.939998626708984,52.2400016784668,52.380001068115234,11304300
2016-03-24,52.20000076293945,52.369998931884766,52.150001525878906,52.31999969482422,9455500
2016-03-28,52.380001068115234,52.709999084472656,52.380001068115234,52.599998474121094,7363500
2016-03-29,52.56999969482422,53.0099983215332,52.5,52.9900016784668,10354700
2016-03-30,53.16999816894531,53.34000015258789,53.040000915527344,53.34000015258789,8932300
2016-03-31,53.25,53.34000015258789,53.0,53.060001373291016,8297400
2016-04-01,52.84000015258789,53.77000045776367,52.77000045776367,53.619998931884766,14840300
2016-04-04,53.689998626708984,53.75,53.36000061035156,53.63999938964844,12949000
2016-04-05,53.41999816894531,53.540000915527344,53.15999984741211,53.279998779296875,11748800
2016-04-06,53.13999938964844,53.709999084472656,53.13999938964844,53.70000076293945,11672400
2016-04-07,53.34000015258789,53.529998779296875,52.95000076293945,53.119998931884766,11243400
2016-04-08,53.349998474121094,53.470001220703125,53.2400016784668,53.40999984741211,7040200
2016-04-11,53.470001220703125,53.63999938964844,52.9900016784668,53.029998779296875,6694100
2016-04-12,53.040000915527344,53.41999816894531,53.040000915527344,53.36000061035156,9361100
2016-04-13,53.4900016784668,53.54999923706055,52.709999084472656,52.95000076293945,14780000
2016-04-14,52.91999816894531,53.04999923706055,52.66999816894531,52.709999084472656,11811300
2016-04-15,52.70000076293945,53.060001373291016,52.63999938964844,53.040000915527344,12384200
2016-04-18,52.95000076293945,53.34000015258789,52.90999984741211,53.34000015258789,8476800
2016-04-19,53.22999954223633,53.36000061035156,53.06999969482422,53.310001373291016,5980100
2016-04-20,53.220001220703125,53.220001220703125,52.58000183105469,52.709999084472656,20207300
2016-04-21,52.5099983215332,52.58000183105469,51.72999954223633,51.77000045776367,30667400
2016-04-22,51.599998474121094,51.959999084472656,51.540000915527344,51.959999084472656,22004200
2016-04-25,51.66999816894531,52.31999969482422,51.65999984741211,52.31999969482422,8947300
2016-04-26,52.45000076293945,52.47999954223633,52.02000045776367,52.11000061035156,10821800
2016-04-27,52.29999923706055,52.52000045776367,51.90999984741211,52.36000061035156,12012100
2016-04-28,52.15999984741211,52.720001220703125,52.150001525878906,52.40999984741211,11547000
2016-04-29,52.400001525878906,52.40999984741211,51.9900016784668,52.29999923706055,13198500
2016-05-02,52.45000076293945,52.95000076293945,52.279998779296875,52.900001525878906,14096300
2016-05-03,52.709999084472656,53.0099983215332,52.650001525878906,52.79999923706055,12837300
2016-05-04,52.650001525878906,53.060001373291016,52.5,52.959999084472656,11003200
2016-05-05,52.84000015258789,53.2599983215332,52.79999923706055,52.970001220703125,10555900
2016-05-06,52.88999938964844,53.2400016784668,52.720001220703125,53.2400016784668,8435400
2016-05-09,53.27000045776367,53.68000030517578,53.150001525878906,53.529998779296875,9845100
2016-05-10,53.70000076293945,54.060001373291016,53.63999938964844,54.060001373291016,8567400
2016-05-11,53.97999954223633,54.040000915527344,53.61000061035156,53.630001068115234,6462100
2016-05-12,53.75,54.029998779296875,53.63999938964844,53.91999816894531,11906400
2016-05-13,53.790000915527344,53.869998931884766,53.150001525878906,53.2400016784668,10657700
2016-05-16,53.13999938964844,53.70000076293945,53.099998474121094,53.58000183105469,8139300
2016-05-17,53.380001068115234,53.54999923706055,52.38999938964844,52.529998779296875,19898200
2016-05-18,52.2400016784668,52.400001525878906,51.720001220703125,51.91999816894531,20120200
2016-05-19,52.08000183105469,52.45000076293945,51.95000076293945,52.43000030517578,13237300
2016-05-20,52.56999969482422,52.599998474121094,52.099998474121094,52.15999984741211,7050800
2016-05-23,52.25,52.349998474121094,52.11000061035156,52.209999084472656,8546700
2016-05-24,52.33000183105469,52.77000045776367,52.310001373291016,52.650001525878906,11258200
2016-05-25,52.75,52.95000076293945,52.630001068115234,52.72999954223633,9767300
2016-05-26,52.790000915527344,53.060001373291016,52.790000915527344,52.939998626708984,7957000
2016-05-27,53.0,53.09000015258789,52.83000183105469,53.0,7873000
2016-05-31,53.08000183105469,53.15999984741211,52.540000915527344,52.65999984741211,8766400
2016-06-01,52.70000076293945,53.20000076293945,52.70000076293945,53.20000076293945,10175800
2016-06-02,53.09000015258789,53.220001220703125,52.90999984741211,53.220001220703125,6309800
2016-06-03,53.31999969482422,53.58000183105469,53.11000061035156,53.560001373291016,13362500
2016-06-06,53.650001525878906,53.7599983215332,53.36000061035156,53.619998931884766,10778100
2016-06-07,53.65999984741211,53.77000045776367,53.470001220703125,53.560001373291016,5572800
2016-06-08,53.54999923706055,53.900001525878906,53.439998626708984,53.880001068115234,6024500
2016-06-09,53.779998779296875,54.119998931884766,53.77000045776367,54.09000015258789,5946800
2016-06-10,53.81999969482422,54.220001220703125,53.7599983215332,54.130001068115234,10563900
2016-06-13,54.130001068115234,54.220001220703125,53.68000030517578,53.68000030517578,9091800
2016-06-14,53.65999984741211,53.90999984741211,53.34000015258789,53.88999938964844,9530900
2016-06-15,53.880001068115234,54.029998779296875,53.65999984741211,53.72999954223633,9347600
2016-06-16,53.560001373291016,54.040000915527344,53.47999954223633,54.0099983215332,12205700
2016-06-17,53.61000061035156,53.689998626708984,53.119998931884766,53.470001220703125,10077500
2016-06-20,53.810001373291016,53.97999954223633,53.56999969482422,53.63999938964844,6497500
2016-06-21,53.709999084472656,53.91999816894531,53.689998626708984,53.779998779296875,6879100
2016-06-22,53.849998474121094,54.0,53.75,53.810001373291016,5408300
2016-06-23,54.02000045776367,54.13999938964844,53.869998931884766,54.13999938964844,5642500
2016-06-24,53.150001525878906,53.779998779296875,52.880001068115234,53.099998474121094,23775900
2016-06-27,53.02000045776367,53.11000061035156,52.650001525878906,52.9900016784668,19305900
2016-06-28,53.439998626708984,53.439998626708984,52.84000015258789,53.31999969482422,11868600
2016-06-29,53.599998474121094,53.970001220703125,53.43000030517578,53.939998626708984,10821000
2016-06-30,54.0099983215332,55.150001525878906,54.0,55.150001525878906,20984800
2016-07-01,55.25,55.27000045776367,54.869998931884766,54.88999938964844,14933900
2016-07-05,54.81999969482422,55.54999923706055,54.81999969482422,55.20000076293945,19917100
2016-07-06,55.189998626708984,55.34000015258789,54.90999984741211,55.25,19540000
2016-07-07,55.38999938964844,55.4900016784668,55.029998779296875,55.13999938964844,15618100
2016-07-08,55.349998474121094,55.7400016784668,55.18000030517578,55.689998626708984,10227500
2016-07-11,55.70000076293945,55.869998931884766,55.41999816894531,55.70000076293945,8213900
2016-07-12,55.61000061035156,55.689998626708984,55.380001068115234,55.400001525878906,15270800
2016-07-13,55.470001220703125,55.779998779296875,55.36000061035156,55.709999084472656,9398800
2016-07-14,55.68000030517578,56.02000045776367,55.599998474121094,55.70000076293945,15486400
2016-07-15,55.7400016784668,55.959999084472656,55.59000015258789,55.70000076293945,10722200
2016-07-18,55.70000076293945,55.7400016784668,55.54999923706055,55.63999938964844,9656800
2016-07-19,55.47999954223633,55.599998474121094,55.33000183105469,55.599998474121094,5295600
2016-07-20,55.59000015258789,55.65999984741211,55.369998931884766,55.400001525878906,6073200
2016-07-21,55.31999969482422,55.349998474121094,55.029998779296875,55.2400016784668,6682400
2016-07-22,55.349998474121094,55.529998779296875,55.279998779296875,55.5,10602400
2016-07-25,55.45000076293945,55.4900016784668,55.189998626708984,55.439998626708984,4033400
2016-07-26,55.369998931884766,55.540000915527344,54.970001220703125,55.0099983215332,11737800
2016-07-27,54.939998626708984,54.939998626708984,54.040000915527344,54.189998626708984,21562400
2016-07-28,54.5099983215332,54.529998779296875,54.029998779296875,54.43000030517578,10873800
2016-07-29,54.5,54.779998779296875,54.38999938964844,54.70000076293945,9262200
2016-08-01,54.65999984741211,54.869998931884766,54.5,54.7599983215332,14918200
2016-08-02,54.779998779296875,54.88999938964844,54.45000076293945,54.68000030517578,11733500
2016-08-03,54.77000045776367,54.77000045776367,54.22999954223633,54.380001068115234,13290800
2016-08-04,54.470001220703125,54.720001220703125,54.33000183105469,54.5,8943200
2016-08-05,54.720001220703125,54.869998931884766,54.47999954223633,54.59000015258789,12028500
2016-08-08,54.81999969482422,54.86000061035156,54.36000061035156,54.529998779296875,8057700
2016-08-09,54.529998779296875,54.900001525878906,54.529998779296875,54.70000076293945,7840900
2016-08-10,54.849998474121094,55.0099983215332,54.790000915527344,54.900001525878906,7303600
2016-08-11,55.18000030517578,55.18000030517578,54.880001068115234,54.900001525878906,8083000
2016-08-12,55.0,55.150001525878906,54.959999084472656,55.09000015258789,8783800
2016-08-15,55.15999984741211,55.25,54.95000076293945,54.95000076293945,8568200
2016-08-16,54.869998931884766,54.880001068115234,54.70000076293945,54.709999084472656,6712100
2016-08-17,54.689998626708984,54.939998626708984,54.4900016784668,54.86000061035156,12552000
2016-08-18,54.95000076293945,55.11000061035156,54.95000076293945,55.04999923706055,6683700
2016-08-19,54.97999954223633,54.9900016784668,54.810001373291016,54.91999816894531,5846500
2016-08-22,54.91999816894531,55.060001373291016,54.81999969482422,55.0,9938600
2016-08-23,55.029998779296875,55.130001068115234,54.869998931884766,54.88999938964844,5687400
2016-08-24,54.869998931884766,54.97999954223633,54.58000183105469,54.79999923706055,7793500
2016-08-25,54.83000183105469,54.83000183105469,54.47999954223633,54.59000015258789,7359700
2016-08-26,54.63999938964844,54.86000061035156,54.15999984741211,54.310001373291016,13499700
2016-08-29,54.40999984741211,54.630001068115234,54.36000061035156,54.630001068115234,8202800
2016-08-30,54.529998779296875,54.61000061035156,54.22999954223633,54.310001373291016,7950900
2016-08-31,54.2599983215332,54.439998626708984,54.189998626708984,54.380001068115234,8154900
2016-09-01,54.15999984741211,54.45000076293945,54.11000061035156,54.400001525878906,16677600
2016-09-02,54.599998474121094,54.95000076293945,54.560001373291016,54.81999969482422,10966300
2016-09-06,54.83000183105469,54.959999084472656,54.560001373291016,54.939998626708984,9273300
2016-09-07,54.84000015258789,54.939998626708984,54.349998474121094,54.459999084472656,13418500
2016-09-08,54.25,54.40999984741211,54.060001373291016,54.15999984741211,13344400
2016-09-09,53.689998626708984,53.790000915527344,52.689998626708984,52.689998626708984,24921600
2016-09-12,52.630001068115234,53.7599983215332,52.630001068115234,53.68000030517578,23542700
2016-09-13,53.400001525878906,53.459999084472656,52.90999984741211,53.02000045776367,21780500
2016-09-14,53.04999923706055,53.2400016784668,52.709999084472656,52.86000061035156,19396200
2016-09-15,52.7400016784668,53.349998474121094,52.689998626708984,53.290000915527344,10119900
2016-09-16,52.900001525878906,52.95000076293945,52.47999954223633,52.790000915527344,14475100
2016-09-19,52.79999923706055,52.9900016784668,52.68000030517578,52.68000030517578,9579400
2016-09-20,52.93000030517578,53.02000045776367,52.810001373291016,52.81999969482422,9705900
2016-09-21,52.83000183105469,53.2400016784668,52.54999923706055,53.11000061035156,24882700
2016-09-22,53.29999923706055,53.68000030517578,53.29999923706055,53.58000183105469,17316000
2016-09-23,53.59000015258789,53.599998474121094,53.31999969482422,53.34000015258789,12930800
2016-09-26,53.20000076293945,53.220001220703125,52.84000015258789,52.88999938964844,12797200
2016-09-27,52.88999938964844,53.2599983215332,52.86000061035156,53.11000061035156,12608700
2016-09-28,53.220001220703125,53.31999969482422,52.959999084472656,53.20000076293945,9757500
2016-09-29,53.16999816894531,53.20000076293945,52.63999938964844,52.68000030517578,15094000
2016-09-30,52.93000030517578,53.38999938964844,52.93000030517578,53.209999084472656,17343100
2016-10-03,53.119998931884766,53.15999984741211,52.77000045776367,52.869998931884766,11454200
2016-10-04,52.83000183105469,52.869998931884766,52.31999969482422,52.41999816894531,13346600
2016-10-05,52.5099983215332,52.599998474121094,52.2400016784668,52.369998931884766,15203800
2016-10-06,52.16999816894531,52.599998474121094,52.09000015258789,52.470001220703125,15413300
2016-10-07,52.4900016784668,52.599998474121094,51.959999084472656,52.33000183105469,11403000
2016-10-10,52.45000076293945,52.63999938964844,52.22999954223633,52.33000183105469,8661700
2016-10-11,52.290000915527344,52.33000183105469,51.869998931884766,52.060001373291016,19642600
2016-10-12,52.150001525878906,52.47999954223633,52.04999923706055,52.349998474121094,7145400
2016-10-13,51.9900016784668,52.5099983215332,51.93000030517578,52.36000061035156,19180700
2016-10-14,52.380001068115234,52.619998931884766,52.290000915527344,52.369998931884766,10659100
2016-10-17,52.38999938964844,52.459999084472656,52.09000015258789,52.119998931884766,8465000
2016-10-18,52.36000061035156,52.58000183105469,52.27000045776367,52.279998779296875,7844900
2016-10-19,52.18000030517578,52.27000045776367,51.900001525878906,51.97999954223633,9032000
2016-10-20,51.95000076293945,52.130001068115234,51.81999969482422,51.95000076293945,12176300
2016-10-21,52.130001068115234,52.29999923706055,52.0099983215332,52.22999954223633,14028200
2016-10-24,52.290000915527344,52.689998626708984,52.290000915527344,52.56999969482422,7609500
2016-10-25,52.790000915527344,52.88999938964844,52.720001220703125,52.7599983215332,9414600
2016-10-26,52.79999923706055,52.900001525878906,52.61000061035156,52.689998626708984,12417600
2016-10-27,52.66999816894531,52.880001068115234,52.380001068115234,52.45000076293945,17905700
2016-10-28,52.40999984741211,52.849998474121094,52.31999969482422,52.66999816894531,12751000
2016-10-31,52.709999084472656,52.93000030517578,52.66999816894531,52.79999923706055,8579100
2016-11-01,52.79999923706055,52.88999938964844,52.400001525878906,52.56999969482422,11342100
2016-11-02,52.439998626708984,52.7400016784668,52.400001525878906,52.439998626708984,9703300
2016-11-03,52.599998474121094,52.61000061035156,52.0099983215332,52.08000183105469,15641600
2016-11-04,52.0,52.08000183105469,51.56999969482422,51.61000061035156,11992400
2016-11-07,52.04999923706055,52.5099983215332,52.02000045776367,52.47999954223633,11763000
2016-11-08,52.099998474121094,52.86000061035156,52.04999923706055,52.70000076293945,13406800
2016-11-09,51.619998931884766,52.150001525878906,51.27000045776367,51.97999954223633,34557200
2016-11-10,52.0,52.0,50.4900016784668,50.59000015258789,52820800
2016-11-11,50.45000076293945,50.709999084472656,50.209999084472656,50.540000915527344,20828100
2016-11-14,50.540000915527344,50.58000183105469,50.2599983215332,50.45000076293945,20591800
2016-11-15,50.54999923706055,50.84000015258789,50.470001220703125,50.7599983215332,23028700
2016-11-16,50.77000045776367,50.9900016784668,50.689998626708984,50.77000045776367,16034200
2016-11-17,50.72999954223633,50.779998779296875,50.45000076293945,50.68000030517578,15626700
2016-11-18,50.68000030517578,50.720001220703125,50.43000030517578,50.5,14786100
2016-11-21,50.5,50.86000061035156,50.34000015258789,50.84000015258789,18968700
2016-11-22,50.9900016784668,51.20000076293945,50.959999084472656,51.099998474121094,11991800
2016-11-23,50.900001525878906,51.06999969482422,50.75,50.81999969482422,14783600
2016-11-25,50.93000030517578,51.22999954223633,50.93000030517578,51.220001220703125,10823500
2016-11-28,51.209999084472656,51.41999816894531,51.09000015258789,51.33000183105469,15116500
2016-11-29,51.34000015258789,51.459999084472656,51.220001220703125,51.400001525878906,7915400
2016-11-30,51.13999938964844,51.290000915527344,50.56999969482422,50.58000183105469,16837600
2016-12-01,50.38999938964844,50.439998626708984,49.97999954223633,50.25,33621100
2016-12-02,50.380001068115234,50.61000061035156,50.349998474121094,50.56999969482422,21587200
2016-12-05,50.58000183105469,50.709999084472656,50.47999954223633,50.630001068115234,21223400
2016-12-06,50.61000061035156,50.779998779296875,50.58000183105469,50.779998779296875,16546300
2016-12-07,50.7599983215332,51.54999923706055,50.75,51.5099983215332,11756500
2016-12-08,51.310001373291016,51.54999923706055,51.209999084472656,51.29999923706055,17006400
2016-12-09,51.33000183105469,52.04999923706055,51.33000183105469,52.040000915527344,14415900
2016-12-12,51.90999984741211,52.29999923706055,51.90999984741211,52.25,9935900
2016-12-13,52.349998474121094,52.61000061035156,52.22999954223633,52.4900016784668,10452400
2016-12-14,52.52000045776367,52.689998626708984,51.779998779296875,51.91999816894531,25363200
2016-12-15,51.91999816894531,52.310001373291016,51.7599983215332,52.13999938964844,16154500
2016-12-16,51.91999816894531,52.08000183105469,51.810001373291016,52.04999923706055,15871100
2016-12-19,52.11000061035156,52.22999954223633,51.970001220703125,52.150001525878906,7523200
2016-12-20,52.16999816894531,52.16999816894531,51.810001373291016,52.04999923706055,15316900
2016-12-21,52.0,52.290000915527344,52.0,52.040000915527344,6553100
2016-12-22,51.97999954223633,52.06999969482422,51.869998931884766,51.959999084472656,6537200
2016-12-23,51.93000030517578,52.099998474121094,51.93000030517578,52.060001373291016,6484300
2016-12-27,52.02000045776367,52.150001525878906,51.959999084472656,52.04999923706055,13378500
2016-12-28,52.0099983215332,52.040000915527344,51.72999954223633,51.72999954223633,8643600
2016-12-29,51.7599983215332,52.029998779296875,51.72999954223633,51.970001220703125,10299400
2016-12-30,51.97999954223633,52.08000183105469,51.599998474121094,51.709999084472656,8049900
2017-01-03,51.75,51.970001220703125,51.599998474121094,51.900001525878906,21730000
2017-01-04,51.970001220703125,52.150001525878906,51.88999938964844,51.900001525878906,9144600
2017-01-05,51.88999938964844,52.13999938964844,51.70000076293945,52.06999969482422,12312500
2017-01-06,51.970001220703125,52.150001525878906,51.779998779296875,52.119998931884766,9092400
2017-01-09,51.91999816894531,51.959999084472656,51.650001525878906,51.70000076293945,6903200
2017-01-10,51.650001525878906,51.72999954223633,51.36000061035156,51.439998626708984,10344300
2017-01-11,51.349998474121094,51.619998931884766,51.349998474121094,51.540000915527344,12087500
2017-01-12,51.52000045776367,51.61000061035156,51.439998626708984,51.4900016784668,13257600
2017-01-13,51.4900016784668,51.619998931884766,51.38999938964844,51.52000045776367,6517700
2017-01-17,51.560001373291016,52.279998779296875,51.5099983215332,52.25,19030100
2017-01-18,52.20000076293945,52.45000076293945,52.20000076293945,52.43000030517578,11652100
2017-01-19,52.369998931884766,52.369998931884766,52.119998931884766,52.2400016784668,17283400
2017-01-20,52.4900016784668,52.77000045776367,52.310001373291016,52.58000183105469,11015600
2017-01-23,52.58000183105469,52.61000061035156,52.38999938964844,52.560001373291016,16203800
2017-01-24,52.599998474121094,52.959999084472656,52.58000183105469,52.90999984741211,10242500
2017-01-25,53.029998779296875,53.099998474121094,52.88999938964844,52.900001525878906,8816800
2017-01-26,52.91999816894531,52.93000030517578,52.66999816894531,52.66999816894531,9985400
2017-01-27,52.540000915527344,52.68000030517578,52.2400016784668,52.380001068115234,16358700
2017-01-30,52.22999954223633,52.40999984741211,52.189998626708984,52.34000015258789,9951700
2017-01-31,52.34000015258789,52.59000015258789,52.25,52.59000015258789,12061300
2017-02-01,52.34000015258789,52.5,52.16999816894531,52.18000030517578,18479800
2017-02-02,52.41999816894531,52.869998931884766,52.41999816894531,52.65999984741211,18747500
2017-02-03,52.93000030517578,53.150001525878906,52.790000915527344,53.0,17954700
2017-02-06,52.970001220703125,52.97999954223633,52.709999084472656,52.709999084472656,19067900
2017-02-07,52.810001373291016,53.2400016784668,52.810001373291016,53.13999938964844,8364400
2017-02-08,53.20000076293945,53.459999084472656,53.119998931884766,53.36000061035156,8559200
2017-02-09,53.29999923706055,53.66999816894531,53.209999084472656,53.58000183105469,8840900
2017-02-10,53.61000061035156,53.689998626708984,53.41999816894531,53.619998931884766,9354200
2017-02-13,53.70000076293945,53.77000045776367,53.470001220703125,53.619998931884766,14059100
2017-02-14,53.4900016784668,53.72999954223633,53.29999923706055,53.630001068115234,10483300
2017-02-15,53.75,54.15999984741211,53.63999938964844,54.119998931884766,12675900
2017-02-16,54.060001373291016,54.209999084472656,53.810001373291016,54.189998626708984,11377300
2017-02-17,54.029998779296875,54.52000045776367,53.93000030517578,54.459999084472656,15581800
2017-02-21,54.619998931884766,55.09000015258789,54.560001373291016,54.95000076293945,16500000
2017-02-22,54.900001525878906,55.029998779296875,54.81999969482422,54.959999084472656,8099000
2017-02-23,55.0,55.310001373291016,54.959999084472656,55.09000015258789,9790300
2017-02-24,55.029998779296875,55.29999923706055,54.9900016784668,55.279998779296875,7762200
2017-02-27,55.189998626708984,55.189998626708984,54.90999984741211,55.029998779296875,12707400
2017-02-28,54.939998626708984,55.220001220703125,54.880001068115234,55.099998474121094,17735500
2017-03-01,55.130001068115234,55.47999954223633,55.04999923706055,55.36000061035156,16716100
2017-03-02,55.29999923706055,55.470001220703125,55.189998626708984,55.349998474121094,9988500
2017-03-03,55.18000030517578,55.22999954223633,54.900001525878906,55.13999938964844,10083200
2017-03-06,54.95000076293945,54.97999954223633,54.810001373291016,54.900001525878906,6686600
2017-03-07,54.7599983215332,54.939998626708984,54.75,54.83000183105469,7846500
2017-03-08,54.689998626708984,54.79999923706055,54.63999938964844,54.709999084472656,10788000
2017-03-09,54.689998626708984,54.88999938964844,54.689998626708984,54.79999923706055,7025300
2017-03-10,55.029998779296875,55.119998931884766,54.900001525878906,55.04999923706055,6530200
2017-03-13,55.0,55.15999984741211,54.93000030517578,55.09000015258789,10658000
2017-03-14,55.02000045776367,55.13999938964844,54.900001525878906,54.93000030517578,7890800
2017-03-15,55.0,55.5,55.0,55.34000015258789,14102900
2017-03-16,55.349998474121094,55.41999816894531,55.22999954223633,55.41999816894531,8727200
2017-03-17,55.16999816894531,55.36000061035156,54.97999954223633,54.97999954223633,16469400
2017-03-20,55.029998779296875,55.15999984741211,54.9900016784668,55.09000015258789,6559200
2017-03-21,55.11000061035156,55.27000045776367,54.970001220703125,55.040000915527344,13135500
2017-03-22,55.119998931884766,55.209999084472656,54.79999923706055,54.93000030517578,7094700
2017-03-23,54.880001068115234,55.08000183105469,54.720001220703125,54.810001373291016,7474700
2017-03-24,54.810001373291016,54.88999938964844,54.52000045776367,54.70000076293945,8343300
2017-03-27,54.5,54.720001220703125,54.40999984741211,54.650001525878906,5739500
2017-03-28,54.45000076293945,54.88999938964844,54.45000076293945,54.75,8810200
2017-03-29,54.70000076293945,54.91999816894531,54.65999984741211,54.849998474121094,5558200
2017-03-30,54.79999923706055,54.900001525878906,54.689998626708984,54.7400016784668,5399100
2017-03-31,54.66999816894531,54.810001373291016,54.58000183105469,54.58000183105469,4762300
2017-04-03,54.65999984741211,54.720001220703125,54.400001525878906,54.4900016784668,10666600
2017-04-04,54.529998779296875,54.65999984741211,54.43000030517578,54.650001525878906,5284000
2017-04-05,54.65999984741211,54.900001525878906,54.47999954223633,54.54999923706055,7268100
2017-04-06,54.599998474121094,54.77000045776367,54.5099983215332,54.54999923706055,5061000
2017-04-07,54.599998474121094,54.849998474121094,54.58000183105469,54.70000076293945,7629900
2017-04-10,54.720001220703125,54.95000076293945,54.619998931884766,54.86000061035156,5260600
2017-04-11,54.869998931884766,54.93000030517578,54.689998626708984,54.880001068115234,6325100
2017-04-12,54.84000015258789,55.119998931884766,54.810001373291016,55.09000015258789,7377400
2017-04-13,55.04999923706055,55.099998474121094,54.81999969482422,54.84000015258789,6719100
2017-04-17,54.93000030517578,55.22999954223633,54.91999816894531,55.22999954223633,10585800
2017-04-18,55.15999984741211,55.63999938964844,55.060001373291016,55.47999954223633,11085500
2017-04-19,55.54999923706055,55.59000015258789,55.189998626708984,55.27000045776367,7254600
2017-04-20,55.08000183105469,55.25,54.970001220703125,55.15999984741211,9738200
2017-04-21,55.130001068115234,55.16999816894531,54.970001220703125,55.0,8435700
2017-04-24,55.15999984741211,55.59000015258789,55.15999984741211,55.5,9831700
2017-04-25,55.529998779296875,55.79999923706055,55.5099983215332,55.720001220703125,7292900
2017-04-26,55.7400016784668,55.7400016784668,55.2400016784668,55.27000045776367,7930800
2017-04-27,55.349998474121094,55.380001068115234,55.11000061035156,55.20000076293945,5861400
2017-04-28,55.040000915527344,55.20000076293945,54.88999938964844,55.18000030517578,7034800
2017-05-01,55.2599983215332,55.2599983215332,54.91999816894531,54.970001220703125,8353900
2017-05-02,54.849998474121094,54.959999084472656,54.54999923706055,54.599998474121094,7672100
2017-05-03,54.650001525878906,54.7400016784668,54.47999954223633,54.650001525878906,10973800
2017-05-04,54.790000915527344,55.36000061035156,54.7400016784668,55.06999969482422,11587700
2017-05-05,55.220001220703125,55.279998779296875,55.04999923706055,55.220001220703125,8539500
2017-05-08,55.2599983215332,55.2599983215332,55.09000015258789,55.20000076293945,5323400
2017-05-09,55.18000030517578,55.279998779296875,54.90999984741211,55.0,7256900
2017-05-10,55.029998779296875,55.11000061035156,54.959999084472656,55.040000915527344,5232300
2017-05-11,54.970001220703125,55.119998931884766,54.880001068115234,55.119998931884766,5058900
2017-05-12,55.06999969482422,55.11000061035156,54.93000030517578,54.959999084472656,5478800
2017-05-15,54.93000030517578,55.20000076293945,54.93000030517578,55.13999938964844,7303700
2017-05-16,55.310001373291016,55.38999938964844,55.04999923706055,55.09000015258789,4797100
2017-05-17,55.0,55.20000076293945,54.86000061035156,55.0099983215332,14021700
2017-05-18,55.029998779296875,55.18000030517578,54.869998931884766,55.04999923706055,7906600
2017-05-19,55.06999969482422,55.45000076293945,54.9900016784668,55.349998474121094,6277600
2017-05-22,55.36000061035156,55.7400016784668,55.349998474121094,55.65999984741211,7101800
2017-05-23,55.7400016784668,55.97999954223633,55.689998626708984,55.720001220703125,7518500
2017-05-24,55.7599983215332,55.97999954223633,55.689998626708984,55.939998626708984,5136700
2017-05-25,56.02000045776367,56.439998626708984,56.0,56.290000915527344,6036600
2017-05-26,56.33000183105469,56.5099983215332,56.31999969482422,56.5,4207600
2017-05-30,56.380001068115234,56.529998779296875,56.290000915527344,56.47999954223633,4250900
2017-05-31,56.529998779296875,56.79999923706055,56.529998779296875,56.63999938964844,9780100
2017-06-01,56.709999084472656,57.099998474121094,56.529998779296875,57.099998474121094,23243900
2017-06-02,57.25,57.290000915527344,56.97999954223633,57.27000045776367,17247900
2017-06-05,57.20000076293945,57.36000061035156,57.029998779296875,57.33000183105469,17359600
2017-06-06,57.279998779296875,57.33000183105469,57.08000183105469,57.189998626708984,14846500
2017-06-07,57.06999969482422,57.25,57.04999923706055,57.16999816894531,10077700
2017-06-08,57.13999938964844,57.150001525878906,56.58000183105469,56.7400016784668,10593400
2017-06-09,56.70000076293945,56.83000183105469,56.52000045776367,56.66999816894531,13410200
2017-06-12,56.689998626708984,56.91999816894531,56.529998779296875,56.65999984741211,11442400
2017-06-13,56.65999984741211,56.79999923706055,56.439998626708984,56.75,9520600
2017-06-14,56.97999954223633,57.22999954223633,56.90999984741211,57.11000061035156,16040200
2017-06-15,56.83000183105469,57.06999969482422,56.630001068115234,56.97999954223633,10361100
2017-06-16,56.04999923706055,56.06999969482422,55.45000076293945,55.95000076293945,26268000
2017-06-19,56.08000183105469,56.220001220703125,55.709999084472656,56.220001220703125,7883100
2017-06-20,56.27000045776367,56.29999923706055,55.9900016784668,56.0,7231700
2017-06-21,56.0,56.119998931884766,55.779998779296875,55.84000015258789,12517800
2017-06-22,55.7599983215332,55.790000915527344,55.45000076293945,55.470001220703125,7227600
2017-06-23,55.459999084472656,55.65999984741211,55.41999816894531,55.4900016784668,10146400
2017-06-26,55.65999984741211,55.88999938964844,55.61000061035156,55.709999084472656,6590500
2017-06-27,55.599998474121094,55.7599983215332,55.220001220703125,55.22999954223633,10585500
2017-06-28,55.560001373291016,55.66999816894531,55.40999984741211,55.43000030517578,10734300
2017-06-29,55.36000061035156,55.5099983215332,54.63999938964844,54.84000015258789,19058600
2017-06-30,55.04999923706055,55.150001525878906,54.93000030517578,54.939998626708984,11222600
2017-07-03,54.97999954223633,55.209999084472656,54.869998931884766,54.88999938964844,5782600
2017-07-05,54.880001068115234,55.0,54.790000915527344,54.849998474121094,15837000
2017-07-06,54.65999984741211,54.83000183105469,54.529998779296875,54.540000915527344,7893700
2017-07-07,54.59000015258789,54.70000076293945,54.36000061035156,54.5099983215332,9841500
2017-07-10,54.560001373291016,54.560001373291016,54.060001373291016,54.130001068115234,9119200
2017-07-11,54.18000030517578,54.20000076293945,53.86000061035156,53.97999954223633,11256400
2017-07-12,54.31999969482422,54.470001220703125,54.2400016784668,54.279998779296875,8100800
2017-07-13,54.349998474121094,54.40999984741211,54.2400016784668,54.290000915527344,10008200
2017-07-14,54.540000915527344,54.79999923706055,54.52000045776367,54.720001220703125,6341100
2017-07-17,54.81999969482422,54.84000015258789,54.619998931884766,54.779998779296875,7902200
2017-07-18,54.7400016784668,54.869998931884766,54.61000061035156,54.779998779296875,5310800
2017-07-19,54.7599983215332,54.97999954223633,54.689998626708984,54.97999954223633,5592000
2017-07-20,54.939998626708984,55.15999984741211,54.84000015258789,54.9900016784668,9816700
2017-07-21,54.79999923706055,55.099998474121094,54.75,55.08000183105469,7738700
2017-07-24,55.060001373291016,55.09000015258789,54.86000061035156,54.900001525878906,9302400
2017-07-25,55.09000015258789,55.31999969482422,55.040000915527344,55.279998779296875,13799900
2017-07-26,55.290000915527344,55.40999984741211,55.099998474121094,55.27000045776367,7594000
2017-07-27,55.310001373291016,55.81999969482422,55.279998779296875,55.810001373291016,12859000
2017-07-28,55.63999938964844,55.869998931884766,54.56999969482422,55.34000015258789,18412200
2017-07-31,55.20000076293945,55.45000076293945,55.189998626708984,55.31999969482422,7279300
2017-08-01,55.380001068115234,55.529998779296875,55.22999954223633,55.2599983215332,19015300
2017-08-02,55.150001525878906,55.310001373291016,54.970001220703125,55.220001220703125,17133700
2017-08-03,55.209999084472656,55.5,55.099998474121094,55.16999816894531,17803400
2017-08-04,55.13999938964844,55.31999969482422,54.939998626708984,55.02000045776367,17063700
2017-08-07,55.029998779296875,55.470001220703125,55.029998779296875,55.43000030517578,16854000
2017-08-08,55.290000915527344,55.45000076293945,55.189998626708984,55.220001220703125,9813200
2017-08-09,55.18000030517578,55.349998474121094,55.119998931884766,55.310001373291016,7251800
2017-08-10,55.16999816894531,55.34000015258789,55.060001373291016,55.08000183105469,6662800
2017-08-11,54.97999954223633,55.349998474121094,54.97999954223633,55.119998931884766,4928400
2017-08-14,55.2400016784668,55.52000045776367,55.2400016784668,55.38999938964844,10657800
2017-08-15,55.40999984741211,55.75,55.40999984741211,55.66999816894531,11059000
2017-08-16,55.70000076293945,55.939998626708984,55.70000076293945,55.86000061035156,5682800
2017-08-17,55.65999984741211,55.93000030517578,55.349998474121094,55.349998474121094,6725600
2017-08-18,55.22999954223633,55.38999938964844,55.11000061035156,55.20000076293945,6810300
2017-08-21,55.15999984741211,55.5,55.0,55.400001525878906,6829300
2017-08-22,55.43000030517578,55.56999969482422,55.33000183105469,55.40999984741211,7129400
2017-08-23,55.349998474121094,55.40999984741211,55.189998626708984,55.25,5367100
2017-08-24,55.20000076293945,55.349998474121094,54.439998626708984,54.4900016784668,11807100
2017-08-25,54.70000076293945,54.88999938964844,54.63999938964844,54.66999816894531,7359200
2017-08-28,54.619998931884766,54.689998626708984,54.349998474121094,54.5099983215332,6204700
2017-08-29,54.439998626708984,54.75,54.38999938964844,54.70000076293945,6219500
2017-08-30,54.599998474121094,54.790000915527344,54.59000015258789,54.689998626708984,6497100
2017-08-31,54.72999954223633,54.810001373291016,54.650001525878906,54.709999084472656,10117300
2017-09-01,54.81999969482422,54.97999954223633,54.7599983215332,54.970001220703125,17904500
2017-09-05,54.810001373291016,55.09000015258789,54.7599983215332,55.04999923706055,20215900
2017-09-06,55.150001525878906,55.33000183105469,55.0099983215332,55.279998779296875,17462000
2017-09-07,55.31999969482422,55.439998626708984,55.18000030517578,55.36000061035156,16738100
2017-09-08,55.16999816894531,55.27000045776367,54.880001068115234,55.09000015258789,9158200
2017-09-11,55.189998626708984,55.5099983215332,55.18000030517578,55.43000030517578,9177800
2017-09-12,55.43000030517578,55.560001373291016,55.400001525878906,55.54999923706055,7453400
2017-09-13,55.5,55.779998779296875,55.5,55.58000183105469,7972300
2017-09-14,55.4900016784668,55.61000061035156,55.290000915527344,55.470001220703125,5817900
2017-09-15,55.2599983215332,55.2599983215332,55.0,55.220001220703125,12497700
2017-09-18,55.27000045776367,55.38999938964844,55.13999938964844,55.29999923706055,8299400
2017-09-19,55.33000183105469,55.36000061035156,55.0,55.130001068115234,6207700
2017-09-20,54.97999954223633,55.04999923706055,54.33000183105469,54.599998474121094,11029200
2017-09-21,54.529998779296875,54.58000183105469,54.029998779296875,54.08000183105469,10398700
2017-09-22,54.16999816894531,54.16999816894531,53.880001068115234,53.91999816894531,11318200
2017-09-25,54.0099983215332,54.36000061035156,53.970001220703125,54.310001373291016,9185400
2017-09-26,54.369998931884766,54.52000045776367,54.25,54.439998626708984,17321400
2017-09-27,54.33000183105469,54.380001068115234,53.720001220703125,54.02000045776367,11657800
2017-09-28,53.95000076293945,54.16999816894531,53.900001525878906,54.02000045776367,7768200
2017-09-29,54.02000045776367,54.150001525878906,53.93000030517578,53.97999954223633,14502800
2017-10-02,53.97999954223633,54.20000076293945,53.84000015258789,53.880001068115234,17850000
2017-10-03,53.970001220703125,54.040000915527344,53.79999923706055,53.939998626708984,20409200
2017-10-04,53.86000061035156,54.31999969482422,53.709999084472656,54.11000061035156,21389200
2017-10-05,54.290000915527344,54.4900016784668,54.209999084472656,54.349998474121094,19005000
2017-10-06,54.08000183105469,54.16999816894531,53.7400016784668,53.810001373291016,7605500
2017-10-09,53.880001068115234,53.959999084472656,53.560001373291016,53.65999984741211,12580300
2017-10-10,53.880001068115234,54.27000045776367,53.81999969482422,54.130001068115234,10646500
2017-10-11,54.099998474121094,54.38999938964844,54.099998474121094,54.2400016784668,10316300
2017-10-12,54.20000076293945,54.52000045776367,54.150001525878906,54.470001220703125,8096300
2017-10-13,54.68000030517578,54.709999084472656,54.529998779296875,54.56999969482422,8315600
2017-10-16,54.5099983215332,54.619998931884766,54.4900016784668,54.59000015258789,4349600
2017-10-17,54.45000076293945,54.5,54.220001220703125,54.38999938964844,10375500
2017-10-18,54.33000183105469,54.40999984741211,54.15999984741211,54.31999969482422,4668500
2017-10-19,54.06999969482422,54.119998931884766,53.849998474121094,54.029998779296875,8544500
2017-10-20,53.93000030517578,53.959999084472656,53.72999954223633,53.900001525878906,11702600
2017-10-23,53.86000061035156,54.130001068115234,53.790000915527344,53.86000061035156,7326400
2017-10-24,53.81999969482422,53.88999938964844,53.599998474121094,53.66999816894531,10682300
2017-10-25,53.65999984741211,53.75,53.20000076293945,53.52000045776367,12213400
2017-10-26,53.709999084472656,53.939998626708984,53.54999923706055,53.560001373291016,14583700
2017-10-27,53.41999816894531,53.4900016784668,52.9900016784668,53.099998474121094,10230400
2017-10-30,53.41999816894531,53.41999816894531,52.61000061035156,52.650001525878906,9299800
2017-10-31,52.90999984741211,53.209999084472656,52.81999969482422,53.09000015258789,10824900
2017-11-01,53.2400016784668,53.400001525878906,53.09000015258789,53.2599983215332,7556300
2017-11-02,53.20000076293945,53.290000915527344,52.93000030517578,53.130001068115234,10661400
2017-11-03,53.15999984741211,53.310001373291016,53.08000183105469,53.13999938964844,5922400
2017-11-06,53.029998779296875,53.040000915527344,52.560001373291016,52.56999969482422,10731100
2017-11-07,52.599998474121094,53.15999984741211,52.43000030517578,53.15999984741211,9536300
2017-11-08,53.31999969482422,53.7400016784668,53.25,53.7400016784668,12860400
2017-11-09,53.5,53.90999984741211,53.459999084472656,53.72999954223633,10421300
2017-11-10,53.650001525878906,54.33000183105469,53.619998931884766,54.279998779296875,7993600
2017-11-13,54.310001373291016,54.810001373291016,54.279998779296875,54.59000015258789,7809300
2017-11-14,54.45000076293945,54.81999969482422,54.369998931884766,54.779998779296875,8903200
2017-11-15,54.61000061035156,54.65999984741211,54.15999984741211,54.20000076293945,10724800
2017-11-16,54.689998626708984,55.11000061035156,54.619998931884766,54.95000076293945,11134200
2017-11-17,54.79999923706055,54.95000076293945,54.650001525878906,54.7599983215332,7298900
2017-11-20,54.66999816894531,54.880001068115234,54.650001525878906,54.70000076293945,6946900
2017-11-21,54.79999923706055,55.11000061035156,54.7400016784668,54.880001068115234,10383900
2017-11-22,54.869998931884766,54.93000030517578,54.63999938964844,54.810001373291016,10470400
2017-11-24,54.900001525878906,54.959999084472656,54.7599983215332,54.77000045776367,2331000
2017-11-27,54.7400016784668,54.900001525878906,54.720001220703125,54.79999923706055,8108900
2017-11-28,54.88999938964844,55.25,54.77000045776367,55.25,6985900
2017-11-29,55.209999084472656,55.75,55.15999984741211,55.540000915527344,14739900
2017-11-30,55.75,56.20000076293945,55.61000061035156,56.04999923706055,14098300
2017-12-01,55.93000030517578,56.209999084472656,55.33000183105469,56.189998626708984,29328700
2017-12-04,56.58000183105469,56.77000045776367,56.08000183105469,56.720001220703125,22771300
2017-12-05,56.720001220703125,56.93000030517578,56.47999954223633,56.630001068115234,22930400
2017-12-06,56.619998931884766,56.9900016784668,56.619998931884766,56.9900016784668,16712200
2017-12-07,56.88999938964844,56.91999816894531,56.40999984741211,56.439998626708984,7557500
2017-12-08,56.45000076293945,56.59000015258789,56.20000076293945,56.59000015258789,8695500
2017-12-11,56.529998779296875,56.61000061035156,56.27000045776367,56.58000183105469,6737800
2017-12-12,56.61000061035156,56.810001373291016,56.400001525878906,56.59000015258789,6220100
2017-12-13,56.630001068115234,57.040000915527344,56.54999923706055,56.90999984741211,11589000
2017-12-14,56.9900016784668,56.9900016784668,56.650001525878906,56.65999984741211,9118200
2017-12-15,56.56999969482422,56.959999084472656,56.56999969482422,56.880001068115234,9090900
2017-12-18,57.0,57.310001373291016,56.81999969482422,56.849998474121094,8799600
2017-12-19,57.06999969482422,57.18000030517578,56.90999984741211,56.91999816894531,7889000
2017-12-20,56.970001220703125,57.02000045776367,56.47999954223633,56.81999969482422,13813800
2017-12-21,56.93000030517578,57.02000045776367,56.720001220703125,56.779998779296875,5553100
2017-12-22,56.86000061035156,56.959999084472656,56.79999923706055,56.869998931884766,4218600
2017-12-26,56.83000183105469,57.119998931884766,56.790000915527344,57.0,8506300
2017-12-27,57.08000183105469,57.20000076293945,56.90999984741211,56.9900016784668,5992600
2017-12-28,57.06999969482422,57.13999938964844,56.7599983215332,56.900001525878906,7291200
2017-12-29,56.900001525878906,57.189998626708984,56.880001068115234,56.88999938964844,5085300
2018-01-02,56.95000076293945,57.02000045776367,56.529998779296875,56.540000915527344,20146800
2018-01-03,56.630001068115234,56.720001220703125,56.470001220703125,56.52000045776367,17950400
2018-01-04,56.66999816894531,56.95000076293945,56.529998779296875,56.68000030517578,15455100
2018-01-05,56.77000045776367,56.970001220703125,56.63999938964844,56.93000030517578,15555100
2018-01-08,56.849998474121094,57.119998931884766,56.81999969482422,57.06999969482422,12891000
2018-01-09,57.13999938964844,57.27000045776367,56.97999954223633,56.9900016784668,8357600
2018-01-10,56.849998474121094,56.86000061035156,56.33000183105469,56.709999084472656,9663500
2018-01-11,56.81999969482422,56.81999969482422,56.529998779296875,56.630001068115234,11500800
2018-01-12,56.720001220703125,56.91999816894531,56.529998779296875,56.650001525878906,7308900
2018-01-16,56.7599983215332,57.11000061035156,56.72999954223633,56.90999984741211,13806700
2018-01-17,57.099998474121094,57.77000045776367,57.04999923706055,57.560001373291016,12549700
2018-01-18,57.54999923706055,57.650001525878906,57.290000915527344,57.38999938964844,12423300
2018-01-19,57.599998474121094,58.09000015258789,57.540000915527344,58.029998779296875,9962800
2018-01-22,58.0,58.470001220703125,57.970001220703125,58.470001220703125,7871600
2018-01-23,58.20000076293945,58.439998626708984,58.0099983215332,58.279998779296875,10908900
2018-01-24,58.43000030517578,58.470001220703125,58.119998931884766,58.400001525878906,16603500
2018-01-25,58.5,58.7400016784668,58.130001068115234,58.43000030517578,12144600
2018-01-26,58.31999969482422,58.72999954223633,58.2400016784668,58.709999084472656,6342700
2018-01-29,58.810001373291016,58.95000076293945,58.439998626708984,58.47999954223633,10760800
2018-01-30,58.08000183105469,58.58000183105469,57.939998626708984,58.09000015258789,10898100
2018-01-31,58.13999938964844,58.290000915527344,57.59000015258789,57.81999969482422,13757000
2018-02-01,57.599998474121094,57.900001525878906,57.43000030517578,57.56999969482422,14094500
2018-02-02,57.290000915527344,57.439998626708984,56.43000030517578,56.470001220703125,15569100
2018-02-05,56.22999954223633,56.56999969482422,54.38999938964844,54.41999816894531,39487500
2018-02-06,53.529998779296875,55.130001068115234,53.2400016784668,55.02000045776367,38881700
2018-02-07,54.900001525878906,55.79999923706055,54.720001220703125,54.779998779296875,17526900
2018-02-08,54.90999984741211,55.02000045776367,53.58000183105469,53.599998474121094,32928400
2018-02-09,54.0099983215332,54.099998474121094,52.65999984741211,53.709999084472656,34912000
2018-02-12,54.02000045776367,54.52000045776367,53.88999938964844,54.2599983215332,21013600
2018-02-13,54.060001373291016,54.650001525878906,54.04999923706055,54.5099983215332,11994500
2018-02-14,54.220001220703125,54.65999984741211,53.939998626708984,54.47999954223633,20370500
2018-02-15,54.68000030517578,55.380001068115234,54.45000076293945,55.380001068115234,14788900
2018-02-16,55.400001525878906,55.84000015258789,55.099998474121094,55.599998474121094,11591600
2018-02-20,55.0,55.0,54.279998779296875,54.34000015258789,16069800
2018-02-21,54.41999816894531,54.58000183105469,53.66999816894531,53.689998626708984,15207400
2018-02-22,53.79999923706055,54.22999954223633,53.72999954223633,53.83000183105469,10239200
2018-02-23,53.939998626708984,54.36000061035156,53.75,54.349998474121094,10321100
2018-02-26,54.439998626708984,54.72999954223633,54.290000915527344,54.689998626708984,10100400
2018-02-27,54.720001220703125,54.849998474121094,53.959999084472656,53.970001220703125,9832600
2018-02-28,54.290000915527344,54.31999969482422,53.40999984741211,53.40999984741211,13726400
2018-03-01,53.279998779296875,53.790000915527344,52.81999969482422,53.290000915527344,27808600
2018-03-02,53.09000015258789,53.83000183105469,52.970001220703125,53.7400016784668,25965400
2018-03-05,53.45000076293945,54.27000045776367,53.45000076293945,54.209999084472656,18859700
2018-03-06,54.22999954223633,54.29999923706055,53.81999969482422,54.25,20784300
2018-03-07,53.7400016784668,53.970001220703125,53.470001220703125,53.7599983215332,12592900
2018-03-08,53.790000915527344,54.27000045776367,53.70000076293945,54.25,10725100
2018-03-09,54.400001525878906,54.61000061035156,54.20000076293945,54.599998474121094,11486800
2018-03-12,54.619998931884766,54.90999984741211,54.400001525878906,54.5,10915700
2018-03-13,54.66999816894531,54.77000045776367,54.369998931884766,54.459999084472656,12406100
2018-03-14,54.59000015258789,54.599998474121094,53.79999923706055,53.90999984741211,13519000
2018-03-15,53.84000015258789,54.08000183105469,53.380001068115234,53.529998779296875,9280100
2018-03-16,53.22999954223633,53.560001373291016,53.20000076293945,53.25,9629100
2018-03-19,53.209999084472656,53.310001373291016,52.540000915527344,52.72999954223633,10714700
2018-03-20,52.810001373291016,53.02000045776367,52.40999984741211,52.58000183105469,9888200
2018-03-21,52.290000915527344,52.5,51.81999969482422,51.93000030517578,17028500
2018-03-22,51.779998779296875,52.189998626708984,51.459999084472656,51.5,15584100
2018-03-23,51.68000030517578,51.88999938964844,50.810001373291016,50.86000061035156,15936400
2018-03-26,51.2400016784668,51.63999938964844,51.08000183105469,51.59000015258789,12374700
2018-03-27,51.68000030517578,52.099998474121094,51.33000183105469,51.560001373291016,17326800
2018-03-28,51.72999954223633,52.529998779296875,51.709999084472656,52.27000045776367,32397500
2018-03-29,52.47999954223633,52.95000076293945,52.47999954223633,52.630001068115234,13272800
2018-04-02,52.470001220703125,52.56999969482422,51.11000061035156,51.34000015258789,28604800
2018-04-03,51.56999969482422,52.150001525878906,51.40999984741211,52.02000045776367,24860600
2018-04-04,51.689998626708984,53.02000045776367,51.630001068115234,52.83000183105469,28012500
2018-04-05,52.91999816894531,53.16999816894531,52.63999938964844,52.959999084472656,18235800
2018-04-06,52.79999923706055,53.22999954223633,52.15999984741211,52.41999816894531,13113400
2018-04-09,52.58000183105469,52.91999816894531,52.2400016784668,52.38999938964844,14686700
2018-04-10,52.689998626708984,52.779998779296875,52.22999954223633,52.5099983215332,13041900
2018-04-11,52.36000061035156,52.68000030517578,52.29999923706055,52.40999984741211,9025200
2018-04-12,52.630001068115234,52.790000915527344,52.29999923706055,52.33000183105469,9843700
2018-04-13,52.54999923706055,52.689998626708984,52.33000183105469,52.59000015258789,8836700
2018-04-16,52.72999954223633,53.459999084472656,52.65999984741211,53.15999984741211,7804700
2018-04-17,53.29999923706055,53.40999984741211,52.9900016784668,53.279998779296875,8131300
2018-04-18,53.2400016784668,53.36000061035156,52.779998779296875,52.880001068115234,14496600
2018-04-19,52.15999984741211,52.20000076293945,51.08000183105469,51.349998474121094,23643100
2018-04-20,51.22999954223633,51.400001525878906,50.34000015258789,50.4900016784668,19102700
2018-04-23,50.529998779296875,50.58000183105469,50.20000076293945,50.43000030517578,12344900
2018-04-24,50.52000045776367,50.58000183105469,49.7599983215332,50.11000061035156,18771500
2018-04-25,50.09000015258789,50.40999984741211,49.88999938964844,50.20000076293945,19012500
2018-04-26,50.310001373291016,50.70000076293945,50.150001525878906,50.5,11009900
2018-04-27,50.38999938964844,50.939998626708984,50.34000015258789,50.77000045776367,11096100
2018-04-30,50.86000061035156,51.09000015258789,50.36000061035156,50.45000076293945,13892700
2018-05-01,50.2599983215332,50.290000915527344,49.65999984741211,50.0099983215332,10927100
2018-05-02,49.869998931884766,49.91999816894531,48.91999816894531,49.029998779296875,18818900
2018-05-03,49.150001525878906,49.2599983215332,48.7599983215332,48.97999954223633,16634400
2018-05-04,48.939998626708984,49.939998626708984,48.88999938964844,49.689998626708984,13132400
2018-05-07,49.79999923706055,49.88999938964844,49.27000045776367,49.380001068115234,9665300
2018-05-08,49.27000045776367,49.31999969482422,48.959999084472656,49.18000030517578,8290800
2018-05-09,49.09000015258789,49.369998931884766,48.9900016784668,49.25,9228200
2018-05-10,49.47999954223633,49.790000915527344,49.40999984741211,49.540000915527344,10242700
2018-05-11,49.630001068115234,49.880001068115234,49.38999938964844,49.540000915527344,10065200
2018-05-14,49.61000061035156,49.70000076293945,49.439998626708984,49.52000045776367,6708100
2018-05-15,49.279998779296875,49.459999084472656,49.060001373291016,49.33000183105469,22686900
2018-05-16,49.47999954223633,49.79999923706055,49.40999984741211,49.68000030517578,12151300
2018-05-17,49.83000183105469,49.970001220703125,49.68000030517578,49.849998474121094,19572900
2018-05-18,49.72999954223633,49.810001373291016,49.349998474121094,49.540000915527344,15664700
2018-05-21,49.72999954223633,49.91999816894531,49.599998474121094,49.75,7928400
2018-05-22,49.84000015258789,50.09000015258789,49.56999969482422,49.65999984741211,9383800
2018-05-23,49.54999923706055,49.88999938964844,49.47999954223633,49.84000015258789,18136200
2018-05-24,49.84000015258789,49.93000030517578,49.54999923706055,49.79999923706055,9843800
2018-05-25,49.810001373291016,50.20000076293945,49.7400016784668,49.880001068115234,12913500
2018-05-29,49.70000076293945,49.9900016784668,49.54999923706055,49.77000045776367,14959300
2018-05-30,49.959999084472656,50.560001373291016,49.79999923706055,50.470001220703125,17628100
2018-05-31,50.380001068115234,50.43000030517578,49.470001220703125,49.65999984741211,18603000
2018-06-01,49.79999923706055,49.88999938964844,49.529998779296875,49.65999984741211,10944600
2018-06-04,49.7599983215332,50.130001068115234,49.7599983215332,50.06999969482422,11665200
2018-06-05,50.11000061035156,50.13999938964844,49.68000030517578,49.84000015258789,8980900
2018-06-06,49.86000061035156,49.900001525878906,49.54999923706055,49.900001525878906,12071000
2018-06-07,49.77000045776367,50.470001220703125,49.70000076293945,50.209999084472656,16618500
2018-06-08,50.22999954223633,50.86000061035156,50.22999954223633,50.83000183105469,17081500
2018-06-11,50.869998931884766,51.349998474121094,50.869998931884766,51.25,13199600
2018-06-12,51.279998779296875,51.380001068115234,51.0099983215332,51.349998474121094,11362200
2018-06-13,51.34000015258789,51.41999816894531,51.029998779296875,51.189998626708984,15696000
2018-06-14,51.25,51.31999969482422,51.060001373291016,51.279998779296875,9751300
2018-06-15,50.84000015258789,51.56999969482422,50.7400016784668,51.540000915527344,17217800
2018-06-18,51.369998931884766,51.38999938964844,50.560001373291016,50.790000915527344,21627300
2018-06-19,50.599998474121094,51.150001525878906,50.56999969482422,51.060001373291016,12639200
2018-06-20,51.209999084472656,51.220001220703125,50.88999938964844,51.11000061035156,9562500
2018-06-21,51.18000030517578,51.380001068115234,51.06999969482422,51.209999084472656,13272700
2018-06-22,51.33000183105469,51.720001220703125,51.31999969482422,51.630001068115234,9938300
2018-06-25,51.5099983215332,51.970001220703125,51.5,51.88999938964844,22124200
2018-06-26,51.900001525878906,52.0,51.43000030517578,51.66999816894531,14047300
2018-06-27,51.599998474121094,52.040000915527344,51.349998474121094,51.560001373291016,19862400
2018-06-28,51.439998626708984,51.68000030517578,51.36000061035156,51.560001373291016,13177400
2018-06-29,51.59000015258789,51.810001373291016,51.29999923706055,51.529998779296875,13018300
2018-07-02,51.29999923706055,51.529998779296875,50.900001525878906,51.22999954223633,13255500
2018-07-03,51.43000030517578,51.619998931884766,51.27000045776367,51.349998474121094,7736300
2018-07-05,51.56999969482422,52.09000015258789,51.470001220703125,52.060001373291016,11699800
2018-07-06,52.119998931884766,52.43000030517578,52.0,52.220001220703125,12335100
2018-07-09,52.2599983215332,52.34000015258789,51.959999084472656,52.02000045776367,15117900
2018-07-10,52.150001525878906,52.66999816894531,52.040000915527344,52.63999938964844,15280300
2018-07-11,52.58000183105469,52.630001068115234,52.290000915527344,52.470001220703125,11484600
2018-07-12,52.619998931884766,52.709999084472656,52.22999954223633,52.400001525878906,11002300
2018-07-13,52.43000030517578,52.79999923706055,52.40999984741211,52.7400016784668,14053500
2018-07-16,52.70000076293945,52.72999954223633,52.34000015258789,52.4900016784668,10347400
2018-07-17,52.459999084472656,53.0,52.459999084472656,52.939998626708984,14759300
2018-07-18,52.880001068115234,52.93000030517578,52.470001220703125,52.5099983215332,10474200
2018-07-19,52.16999816894531,52.77000045776367,52.06999969482422,52.540000915527344,15092800
2018-07-20,52.439998626708984,52.88999938964844,52.349998474121094,52.86000061035156,17895700
2018-07-23,52.7599983215332,52.88999938964844,52.369998931884766,52.529998779296875,13337200
2018-07-24,52.40999984741211,52.72999954223633,52.31999969482422,52.630001068115234,15987700
2018-07-25,52.70000076293945,53.06999969482422,52.59000015258789,53.029998779296875,15258400
2018-07-26,53.2400016784668,53.7599983215332,53.16999816894531,53.310001373291016,15129400
2018-07-27,53.279998779296875,53.63999938964844,53.189998626708984,53.380001068115234,13414400
2018-07-30,53.2400016784668,53.45000076293945,53.0,53.31999969482422,12143900
2018-07-31,53.4900016784668,53.7599983215332,53.18000030517578,53.56999969482422,17898400
2018-08-01,53.40999984741211,53.5,53.029998779296875,53.119998931884766,14917600
2018-08-02,53.029998779296875,53.72999954223633,53.0,53.65999984741211,15902900
2018-08-03,53.790000915527344,54.54999923706055,53.75,54.290000915527344,20418500
2018-08-06,54.31999969482422,54.5099983215332,54.220001220703125,54.34000015258789,13412100
2018-08-07,54.290000915527344,54.36000061035156,53.81999969482422,54.0099983215332,13766100
2018-08-08,53.97999954223633,54.02000045776367,53.58000183105469,53.599998474121094,12591800
2018-08-09,53.61000061035156,53.70000076293945,53.369998931884766,53.439998626708984,8047000
2018-08-10,53.279998779296875,53.459999084472656,53.130001068115234,53.2400016784668,13459200
2018-08-13,53.33000183105469,53.439998626708984,53.0,53.2400016784668,8696600
2018-08-14,53.310001373291016,53.65999984741211,53.279998779296875,53.61000061035156,8882500
2018-08-15,53.45000076293945,53.869998931884766,53.150001525878906,53.83000183105469,15592600
2018-08-16,54.380001068115234,54.7599983215332,54.29999923706055,54.599998474121094,15526100
2018-08-17,54.54999923706055,55.08000183105469,54.439998626708984,55.02000045776367,13037600
2018-08-20,55.09000015258789,55.310001373291016,54.93000030517578,54.9900016784668,10189600
2018-08-21,54.970001220703125,55.04999923706055,54.38999938964844,54.599998474121094,13806200
2018-08-22,54.54999923706055,54.65999984741211,54.189998626708984,54.2599983215332,13573900
2018-08-23,54.099998474121094,54.2599983215332,53.970001220703125,54.130001068115234,10714300
2018-08-24,54.099998474121094,54.209999084472656,53.900001525878906,54.060001373291016,9570500
2018-08-27,54.150001525878906,54.31999969482422,53.880001068115234,54.09000015258789,10631600
2018-08-28,54.08000183105469,54.2400016784668,53.83000183105469,53.90999984741211,12621500
2018-08-29,53.9900016784668,54.06999969482422,53.849998474121094,53.970001220703125,8681000
2018-08-30,53.88999938964844,54.06999969482422,53.689998626708984,53.79999923706055,11092500
2018-08-31,53.79999923706055,53.970001220703125,53.560001373291016,53.779998779296875,10472900
2018-09-04,53.709999084472656,53.939998626708984,53.560001373291016,53.709999084472656,9571100
2018-09-05,53.54999923706055,54.33000183105469,53.4900016784668,54.33000183105469,14723800
2018-09-06,54.310001373291016,54.5099983215332,54.130001068115234,54.47999954223633,12333800
2018-09-07,54.310001373291016,54.40999984741211,53.9900016784668,54.369998931884766,9247300
2018-09-10,54.5,54.880001068115234,54.5,54.560001373291016,8361600
2018-09-11,54.4900016784668,54.54999923706055,54.2400016784668,54.36000061035156,8121600
2018-09-12,54.36000061035156,55.11000061035156,54.33000183105469,54.9900016784668,15220000
2018-09-13,55.0099983215332,55.029998779296875,54.599998474121094,54.90999984741211,9746500
2018-09-14,54.86000061035156,54.869998931884766,54.47999954223633,54.7599983215332,8925200
2018-09-17,54.720001220703125,54.97999954223633,54.599998474121094,54.959999084472656,10279600
2018-09-18,54.90999984741211,54.93000030517578,54.5099983215332,54.72999954223633,15638500
2018-09-19,54.68000030517578,54.90999984741211,54.54999923706055,54.630001068115234,7791600
2018-09-20,54.779998779296875,55.33000183105469,54.779998779296875,55.31999969482422,11817800
2018-09-21,55.02000045776367,55.11000061035156,54.90999984741211,55.02000045776367,10307900
2018-09-24,54.83000183105469,54.95000076293945,54.13999938964844,54.18000030517578,10648700
2018-09-25,54.34000015258789,54.459999084472656,53.83000183105469,53.86000061035156,8348300
2018-09-26,54.02000045776367,54.33000183105469,53.849998474121094,53.91999816894531,10369900
2018-09-27,53.7400016784668,54.20000076293945,53.59000015258789,53.849998474121094,8892800
2018-09-28,53.790000915527344,54.0,53.7400016784668,53.93000030517578,9249700
2018-10-01,54.0099983215332,54.09000015258789,53.83000183105469,53.88999938964844,8725500
2018-10-02,53.86000061035156,54.31999969482422,53.72999954223633,54.20000076293945,9592400
2018-10-03,54.31999969482422,54.380001068115234,53.54999923706055,53.619998931884766,15192700
2018-10-04,53.470001220703125,53.56999969482422,53.09000015258789,53.4900016784668,19964000
2018-10-05,53.380001068115234,53.650001525878906,53.36000061035156,53.439998626708984,13903100
2018-10-08,53.38999938964844,54.25,53.38999938964844,54.18000030517578,14908300
2018-10-09,54.20000076293945,54.31999969482422,53.93000030517578,54.060001373291016,13477200
2018-10-10,53.880001068115234,54.290000915527344,53.31999969482422,53.40999984741211,26121600
2018-10-11,53.2599983215332,53.540000915527344,51.91999816894531,52.09000015258789,44523200
2018-10-12,52.310001373291016,52.560001373291016,51.91999816894531,52.380001068115234,26263000
2018-10-15,52.22999954223633,53.08000183105469,52.22999954223633,52.70000076293945,15892000
2018-10-16,52.83000183105469,53.369998931884766,52.63999938964844,53.290000915527344,15468600
2018-10-17,53.2400016784668,53.65999984741211,53.04999923706055,53.540000915527344,15837800
2018-10-18,53.599998474121094,54.08000183105469,53.29999923706055,53.470001220703125,19370300
2018-10-19,54.08000183105469,54.849998474121094,54.08000183105469,54.689998626708984,28312300
2018-10-22,54.790000915527344,54.86000061035156,54.130001068115234,54.279998779296875,16645700
2018-10-23,53.959999084472656,54.65999984741211,53.650001525878906,54.52000045776367,30466600
2018-10-24,54.560001373291016,55.52000045776367,54.400001525878906,54.75,36761900
2018-10-25,54.619998931884766,55.08000183105469,54.150001525878906,54.880001068115234,30018200
2018-10-26,54.5,54.650001525878906,53.59000015258789,53.83000183105469,39310600
2018-10-29,54.20000076293945,54.83000183105469,53.95000076293945,54.45000076293945,31687500
2018-10-30,54.81999969482422,55.58000183105469,54.68000030517578,55.529998779296875,33148100
2018-10-31,55.52000045776367,55.52000045776367,54.56999969482422,55.0099983215332,30135100
2018-11-01,55.130001068115234,55.56999969482422,54.849998474121094,55.400001525878906,22589800
2018-11-02,55.400001525878906,55.470001220703125,54.630001068115234,55.11000061035156,28704100
2018-11-05,55.20000076293945,55.95000076293945,55.119998931884766,55.79999923706055,19972200
2018-11-06,55.790000915527344,56.15999984741211,55.599998474121094,56.13999938964844,15626500
2018-11-07,56.369998931884766,56.47999954223633,55.869998931884766,56.459999084472656,15067100
2018-11-08,56.18000030517578,56.58000183105469,56.16999816894531,56.4900016784668,12890200
2018-11-09,56.470001220703125,57.0,56.470001220703125,56.81999969482422,18510900
2018-11-12,56.65999984741211,56.97999954223633,56.40999984741211,56.52000045776367,15950700
2018-11-13,56.54999923706055,56.7599983215332,56.119998931884766,56.38999938964844,23146500
2018-11-14,56.4900016784668,56.4900016784668,55.7400016784668,56.0099983215332,17577600
2018-11-15,55.81999969482422,55.91999816894531,55.38999938964844,55.91999816894531,25604700
2018-11-16,55.88999938964844,56.279998779296875,55.689998626708984,56.060001373291016,15212800
2018-11-19,56.08000183105469,56.38999938964844,55.7400016784668,55.970001220703125,16727200
2018-11-20,55.79999923706055,56.08000183105469,54.88999938964844,55.040000915527344,33023200
2018-11-21,55.0099983215332,55.13999938964844,54.47999954223633,54.599998474121094,16604400
2018-11-23,54.54999923706055,55.029998779296875,54.41999816894531,54.790000915527344,8700800
2018-11-26,54.869998931884766,55.13999938964844,54.59000015258789,54.86000061035156,13125400
2018-11-27,54.77000045776367,55.369998931884766,54.7400016784668,55.349998474121094,15954400
2018-11-28,55.2599983215332,55.81999969482422,55.09000015258789,55.810001373291016,21973700
2018-11-29,55.720001220703125,56.06999969482422,55.650001525878906,55.900001525878906,13285000
2018-11-30,55.88999938964844,56.400001525878906,55.75,56.2599983215332,16551900
2018-12-03,56.459999084472656,56.459999084472656,55.72999954223633,56.310001373291016,20855900
2018-12-04,56.40999984741211,56.619998931884766,55.33000183105469,55.36000061035156,27634900
2018-12-06,55.18000030517578,55.439998626708984,54.25,55.41999816894531,32514000
2018-12-07,55.369998931884766,55.56999969482422,54.47999954223633,54.720001220703125,23139500
2018-12-10,55.029998779296875,55.029998779296875,53.880001068115234,54.720001220703125,44469000
2018-12-11,55.099998474121094,55.56999969482422,54.869998931884766,55.16999816894531,25677400
2018-12-12,55.5099983215332,55.68000030517578,55.06999969482422,55.099998474121094,18735200
2018-12-13,55.16999816894531,55.619998931884766,55.099998474121094,55.439998626708984,16987800
2018-12-14,55.09000015258789,55.15999984741211,54.369998931884766,54.5,20262700
2018-12-17,54.369998931884766,54.5,52.91999816894531,53.2400016784668,27324100
2018-12-18,53.380001068115234,53.4900016784668,52.310001373291016,52.61000061035156,27349700
2018-12-19,52.86000061035156,53.279998779296875,51.86000061035156,52.099998474121094,46289600
2018-12-20,51.869998931884766,51.88999938964844,50.68000030517578,51.16999816894531,43415000
2018-12-21,50.720001220703125,51.83000183105469,50.18000030517578,50.18000030517578,38484500
2018-12-24,50.04999923706055,50.220001220703125,48.689998626708984,48.72999954223633,23086800
2018-12-26,48.83000183105469,50.09000015258789,48.33000183105469,50.09000015258789,26670600
2018-12-27,49.779998779296875,50.61000061035156,49.040000915527344,50.56999969482422,35926900
2018-12-28,50.939998626708984,51.150001525878906,50.369998931884766,50.56999969482422,24436600
2018-12-31,50.70000076293945,50.81999969482422,50.310001373291016,50.779998779296875,14959600
2019-01-02,50.2400016784668,50.63999938964844,49.95000076293945,50.47999954223633,20459000
2019-01-03,50.38999938964844,50.90999984741211,50.11000061035156,50.189998626708984,22074800
2019-01-04,50.52000045776367,51.2599983215332,50.40999984741211,51.2599983215332,19003300
2019-01-07,51.130001068115234,51.529998779296875,50.72999954223633,51.189998626708984,15143300
2019-01-08,51.4900016784668,51.790000915527344,51.2400016784668,51.65999984741211,28273800
2019-01-09,51.650001525878906,51.70000076293945,51.060001373291016,51.18000030517578,15684500
2019-01-10,51.08000183105469,51.56999969482422,50.939998626708984,51.47999954223633,32431700
2019-01-11,51.59000015258789,51.65999984741211,51.349998474121094,51.630001068115234,11732400
2019-01-14,51.5,51.61000061035156,51.29999923706055,51.380001068115234,7811500
2019-01-15,51.369998931884766,51.939998626708984,51.34000015258789,51.88999938964844,11447700
2019-01-16,51.869998931884766,51.869998931884766,51.41999816894531,51.61000061035156,13484700
2019-01-17,51.529998779296875,51.939998626708984,51.470001220703125,51.83000183105469,10196400
2019-01-18,52.130001068115234,52.61000061035156,52.06999969482422,52.45000076293945,11957600
2019-01-22,52.310001373291016,52.40999984741211,51.54999923706055,51.970001220703125,20877700
2019-01-23,52.369998931884766,52.7400016784668,52.119998931884766,52.59000015258789,23804700
2019-01-24,52.310001373291016,52.31999969482422,51.59000015258789,51.939998626708984,17727200
2019-01-25,52.099998474121094,52.310001373291016,51.65999984741211,51.72999954223633,12920300
2019-01-28,51.619998931884766,51.970001220703125,51.45000076293945,51.95000076293945,10996700
2019-01-29,52.04999923706055,52.18000030517578,51.84000015258789,52.06999969482422,11500400
2019-01-30,52.119998931884766,52.540000915527344,52.0,52.41999816894531,13934600
2019-01-31,52.43000030517578,53.529998779296875,52.310001373291016,53.38999938964844,17886500
2019-02-01,53.54999923706055,53.54999923706055,53.0,53.220001220703125,14423400
2019-02-04,53.209999084472656,53.560001373291016,53.11000061035156,53.560001373291016,13367500
2019-02-05,53.599998474121094,53.709999084472656,53.41999816894531,53.56999969482422,11296100
2019-02-06,53.41999816894531,53.66999816894531,53.41999816894531,53.58000183105469,19006100
2019-02-07,53.349998474121094,53.58000183105469,53.16999816894531,53.540000915527344,14519000
2019-02-08,53.43000030517578,53.790000915527344,53.22999954223633,53.790000915527344,11100100
2019-02-11,53.84000015258789,53.97999954223633,53.689998626708984,53.93000030517578,6876200
2019-02-12,54.040000915527344,54.5099983215332,53.959999084472656,54.349998474121094,11694100
2019-02-13,54.45000076293945,54.619998931884766,54.33000183105469,54.45000076293945,10809600
2019-02-14,53.880001068115234,54.08000183105469,53.54999923706055,53.84000015258789,11388500
2019-02-15,54.099998474121094,54.45000076293945,53.84000015258789,54.349998474121094,12635400
2019-02-19,54.47999954223633,54.84000015258789,54.36000061035156,54.630001068115234,19831700
2019-02-20,54.58000183105469,54.72999954223633,54.36000061035156,54.529998779296875,14478600
2019-02-21,54.439998626708984,54.810001373291016,54.279998779296875,54.689998626708984,11711800
2019-02-22,54.18000030517578,54.43000030517578,54.040000915527344,54.43000030517578,24758700
2019-02-25,54.540000915527344,54.70000076293945,54.060001373291016,54.130001068115234,15162600
2019-02-26,54.15999984741211,54.38999938964844,54.040000915527344,54.15999984741211,15114400
2019-02-27,54.040000915527344,54.15999984741211,53.86000061035156,54.08000183105469,10811600
2019-02-28,54.209999084472656,54.54999923706055,54.08000183105469,54.34000015258789,8469400
2019-03-01,54.5,54.52000045776367,53.849998474121094,54.2400016784668,10812200
2019-03-04,54.34000015258789,54.439998626708984,53.72999954223633,54.150001525878906,10113600
2019-03-05,54.13999938964844,54.290000915527344,54.0099983215332,54.11000061035156,10132400
2019-03-06,54.099998474121094,54.25,53.79999923706055,54.029998779296875,12001100
2019-03-07,53.939998626708984,54.029998779296875,53.56999969482422,53.68000030517578,14336100
2019-03-08,53.72999954223633,53.970001220703125,53.45000076293945,53.709999084472656,11909300
2019-03-11,53.79999923706055,54.45000076293945,53.79999923706055,54.40999984741211,10519200
2019-03-12,54.41999816894531,54.619998931884766,54.29999923706055,54.43000030517578,10841800
2019-03-13,54.470001220703125,54.95000076293945,54.43000030517578,54.7400016784668,11135300
2019-03-14,54.7599983215332,54.849998474121094,54.599998474121094,54.689998626708984,8449600
2019-03-15,54.58000183105469,54.849998474121094,54.470001220703125,54.70000076293945,21846900
2019-03-18,54.709999084472656,54.88999938964844,54.63999938964844,54.779998779296875,8103700
2019-03-19,54.900001525878906,55.02000045776367,54.540000915527344,54.7400016784668,13359400
2019-03-20,54.709999084472656,54.81999969482422,54.33000183105469,54.5099983215332,19832700
2019-03-21,54.40999984741211,55.22999954223633,54.40999984741211,55.150001525878906,12699200
2019-03-22,55.06999969482422,55.439998626708984,55.0,55.08000183105469,21007300
2019-03-25,54.97999954223633,55.33000183105469,54.849998474121094,55.189998626708984,12538000
2019-03-26,55.380001068115234,55.86000061035156,55.34000015258789,55.65999984741211,12808700
2019-03-27,55.65999984741211,55.81999969482422,55.189998626708984,55.470001220703125,12740400
2019-03-28,55.599998474121094,55.88999938964844,55.58000183105469,55.7400016784668,11920900
2019-03-29,55.84000015258789,56.16999816894531,55.689998626708984,56.11000061035156,13888800
2019-04-01,56.220001220703125,56.22999954223633,55.83000183105469,55.91999816894531,13799400
2019-04-02,55.75,55.75,55.459999084472656,55.459999084472656,13964800
2019-04-03,55.36000061035156,55.47999954223633,55.04999923706055,55.189998626708984,18616500
2019-04-04,55.22999954223633,55.4900016784668,55.18000030517578,55.400001525878906,10671300
2019-04-05,55.47999954223633,55.61000061035156,55.33000183105469,55.59000015258789,9045200
2019-04-08,55.560001373291016,55.83000183105469,55.4900016784668,55.81999969482422,6136900
2019-04-09,55.689998626708984,55.779998779296875,55.5099983215332,55.75,12062300
2019-04-10,55.79999923706055,55.97999954223633,55.75,55.90999984741211,7060800
2019-04-11,56.0,56.130001068115234,55.81999969482422,56.02000045776367,6444900
2019-04-12,56.060001373291016,56.2400016784668,55.88999938964844,56.20000076293945,7635700
2019-04-15,56.18000030517578,56.58000183105469,56.16999816894531,56.529998779296875,6505000
2019-04-16,56.630001068115234,56.72999954223633,56.31999969482422,56.540000915527344,9345100
2019-04-17,56.84000015258789,56.90999984741211,56.560001373291016,56.81999969482422,12720200
2019-04-18,57.04999923706055,57.150001525878906,56.619998931884766,56.869998931884766,10622200
2019-04-22,56.86000061035156,57.20000076293945,56.75,56.88999938964844,12432100
2019-04-23,56.86000061035156,56.93000030517578,56.599998474121094,56.709999084472656,20408400
2019-04-24,56.7400016784668,57.040000915527344,56.70000076293945,56.83000183105469,8221900
2019-04-25,56.52000045776367,56.56999969482422,56.27000045776367,56.470001220703125,9992100
2019-04-26,56.529998779296875,56.9900016784668,56.5,56.97999954223633,8405700
2019-04-29,56.95000076293945,57.08000183105469,56.869998931884766,57.04999923706055,7210800
2019-04-30,57.08000183105469,57.77000045776367,57.02000045776367,57.709999084472656,15965900
2019-05-01,57.779998779296875,57.81999969482422,57.0,57.0,11992700
2019-05-02,56.95000076293945,57.209999084472656,56.689998626708984,56.97999954223633,13925900
2019-05-03,57.25,57.540000915527344,57.15999984741211,57.40999984741211,13801300
2019-05-06,56.9900016784668,57.41999816894531,56.91999816894531,57.31999969482422,10100300
2019-05-07,57.060001373291016,57.16999816894531,56.45000076293945,56.75,20115500
2019-05-08,56.709999084472656,57.060001373291016,56.459999084472656,56.7400016784668,11940200
2019-05-09,56.5,56.779998779296875,56.189998626708984,56.619998931884766,23531600
2019-05-10,56.47999954223633,57.38999938964844,56.2400016784668,57.310001373291016,14029600
2019-05-13,56.720001220703125,56.90999984741211,56.560001373291016,56.77000045776367,13081800
2019-05-14,56.93000030517578,57.43000030517578,56.84000015258789,57.040000915527344,16497800
2019-05-15,56.959999084472656,57.61000061035156,56.849998474121094,57.4900016784668,9681800
2019-05-16,57.790000915527344,58.27000045776367,57.630001068115234,57.939998626708984,12859800
2019-05-17,57.619998931884766,58.08000183105469,57.61000061035156,57.75,15458700
2019-05-20,57.619998931884766,57.939998626708984,57.56999969482422,57.61000061035156,9496800
2019-05-21,57.81999969482422,57.84000015258789,57.400001525878906,57.4900016784668,8124100
2019-05-22,57.5099983215332,57.880001068115234,57.38999938964844,57.75,11102000
2019-05-23,57.529998779296875,57.75,57.40999984741211,57.72999954223633,17398000
2019-05-24,57.83000183105469,57.880001068115234,57.349998474121094,57.52000045776367,9530800
2019-05-28,57.529998779296875,57.66999816894531,56.540000915527344,56.58000183105469,14043000
2019-05-29,56.36000061035156,56.369998931884766,55.880001068115234,56.16999816894531,11455100
2019-05-30,56.279998779296875,56.529998779296875,56.150001525878906,56.40999984741211,9770200
2019-05-31,55.970001220703125,56.04999923706055,55.52000045776367,55.61000061035156,13450800
2019-06-03,55.689998626708984,56.41999816894531,55.68000030517578,56.310001373291016,17060600
2019-06-04,56.65999984741211,56.83000183105469,56.47999954223633,56.81999969482422,16546800
2019-06-05,57.08000183105469,57.58000183105469,56.86000061035156,57.470001220703125,15069700
2019-06-06,57.59000015258789,58.189998626708984,57.4900016784668,58.06999969482422,20769600
2019-06-07,58.27000045776367,58.86000061035156,58.27000045776367,58.630001068115234,18860800
2019-06-10,58.709999084472656,58.779998779296875,58.470001220703125,58.650001525878906,15341800
2019-06-11,58.81999969482422,58.9900016784668,58.689998626708984,58.84000015258789,18109700
2019-06-12,58.95000076293945,59.27000045776367,58.84000015258789,58.93000030517578,10921200
2019-06-13,59.06999969482422,59.2400016784668,58.720001220703125,59.060001373291016,11564400
2019-06-14,59.029998779296875,59.25,58.970001220703125,59.09000015258789,9726100
2019-06-17,59.11000061035156,59.16999816894531,58.650001525878906,58.91999816894531,8796600
2019-06-18,59.25,59.290000915527344,58.52000045776367,58.599998474121094,18120600
2019-06-19,58.560001373291016,58.959999084472656,58.27000045776367,58.84000015258789,13457200
2019-06-20,59.09000015258789,59.43000030517578,58.959999084472656,59.36000061035156,13566200
2019-06-21,58.84000015258789,59.0099983215332,58.630001068115234,58.720001220703125,15416200
2019-06-24,58.810001373291016,59.099998474121094,58.77000045776367,58.869998931884766,17796300
2019-06-25,58.880001068115234,58.959999084472656,58.66999816894531,58.84000015258789,11861700
2019-06-26,58.56999969482422,58.56999969482422,57.97999954223633,58.0,11672600
2019-06-27,58.08000183105469,58.15999984741211,57.779998779296875,58.11000061035156,11524900
2019-06-28,58.38999938964844,58.459999084472656,57.95000076293945,58.06999969482422,12409300
2019-07-01,58.369998931884766,58.560001373291016,58.08000183105469,58.41999816894531,12628100
2019-07-02,58.439998626708984,58.93000030517578,58.400001525878906,58.93000030517578,11913500
2019-07-03,59.0099983215332,59.720001220703125,58.959999084472656,59.65999984741211,11995800
2019-07-05,59.310001373291016,59.439998626708984,58.869998931884766,59.400001525878906,11008200
2019-07-08,59.400001525878906,59.59000015258789,59.310001373291016,59.47999954223633,9257100
2019-07-09,59.36000061035156,59.459999084472656,58.90999984741211,59.130001068115234,12499500
2019-07-10,59.34000015258789,59.65999984741211,59.290000915527344,59.5099983215332,16804800
2019-07-11,59.630001068115234,59.709999084472656,59.34000015258789,59.65999984741211,12575300
2019-07-12,59.63999938964844,59.970001220703125,59.63999938964844,59.83000183105469,8732000
2019-07-15,59.93000030517578,60.06999969482422,59.77000045776367,59.970001220703125,7212600
2019-07-16,59.97999954223633,60.22999954223633,59.779998779296875,59.9900016784668,13579000
2019-07-17,59.9900016784668,60.08000183105469,59.779998779296875,59.91999816894531,9049900
2019-07-18,59.9900016784668,60.5,59.779998779296875,60.31999969482422,9444300
2019-07-19,60.470001220703125,60.560001373291016,59.900001525878906,59.939998626708984,7460400
2019-07-22,60.04999923706055,60.04999923706055,59.529998779296875,59.59000015258789,7135100
2019-07-23,60.130001068115234,60.2400016784668,59.83000183105469,60.02000045776367,10058100
2019-07-24,59.93000030517578,59.97999954223633,59.54999923706055,59.619998931884766,7975900
2019-07-25,59.5,59.79999923706055,59.36000061035156,59.70000076293945,9469200
2019-07-26,59.79999923706055,60.38999938964844,59.630001068115234,60.369998931884766,14727900
2019-07-29,60.369998931884766,60.61000061035156,60.33000183105469,60.47999954223633,6121300
2019-07-30,60.720001220703125,61.02000045776367,60.52000045776367,60.65999984741211,14123800
2019-07-31,60.470001220703125,60.560001373291016,58.849998474121094,59.43000030517578,16826700
2019-08-01,59.599998474121094,60.29999923706055,59.18000030517578,59.220001220703125,30148200
2019-08-02,59.130001068115234,59.59000015258789,59.0,59.22999954223633,24368700
2019-08-05,58.849998474121094,59.099998474121094,57.369998931884766,57.689998626708984,26364800
2019-08-06,57.88999938964844,58.47999954223633,57.66999816894531,58.209999084472656,20126400
2019-08-07,57.959999084472656,59.11000061035156,57.349998474121094,58.88999938964844,17550800
2019-08-08,58.849998474121094,59.709999084472656,58.56999969482422,59.650001525878906,24011300
2019-08-09,59.619998931884766,59.77000045776367,58.900001525878906,59.31999969482422,10590200
2019-08-12,59.15999984741211,59.349998474121094,58.720001220703125,58.91999816894531,11774000
2019-08-13,58.880001068115234,59.86000061035156,58.779998779296875,59.59000015258789,13199500
2019-08-14,59.060001373291016,59.540000915527344,58.61000061035156,58.650001525878906,17281300
2019-08-15,59.290000915527344,59.7400016784668,59.0,59.529998779296875,14431100
2019-08-16,59.790000915527344,60.45000076293945,59.790000915527344,60.209999084472656,18294300
2019-08-19,60.689998626708984,60.93000030517578,60.560001373291016,60.810001373291016,13180800
2019-08-20,60.779998779296875,60.849998474121094,60.099998474121094,60.150001525878906,8959300
2019-08-21,60.54999923706055,60.599998474121094,60.15999984741211,60.310001373291016,8735900
2019-08-22,60.36000061035156,60.7599983215332,60.20000076293945,60.630001068115234,7127600
2019-08-23,60.459999084472656,60.709999084472656,59.279998779296875,59.619998931884766,25296100
2019-08-26,60.02000045776367,60.40999984741211,59.779998779296875,60.36000061035156,13629800
2019-08-27,60.61000061035156,60.77000045776367,60.0,60.189998626708984,13389300
2019-08-28,60.16999816894531,60.77000045776367,60.060001373291016,60.77000045776367,12435500
2019-08-29,61.130001068115234,61.13999938964844,60.43000030517578,60.79999923706055,9657600
2019-08-30,61.0,61.150001525878906,60.529998779296875,60.720001220703125,8567000
2019-09-03,60.459999084472656,61.08000183105469,60.349998474121094,61.06999969482422,15551600
2019-09-04,61.31999969482422,61.619998931884766,61.08000183105469,61.619998931884766,12200500
2019-09-05,61.779998779296875,61.91999816894531,61.150001525878906,61.2400016784668,15719800
2019-09-06,61.400001525878906,61.540000915527344,61.25,61.439998626708984,13904200
2019-09-09,61.40999984741211,61.470001220703125,61.130001068115234,61.29999923706055,27082400
2019-09-10,61.029998779296875,61.029998779296875,60.59000015258789,60.91999816894531,31985000
2019-09-11,60.900001525878906,61.189998626708984,60.58000183105469,61.13999938964844,17422200
2019-09-12,61.5,61.689998626708984,61.27000045776367,61.38999938964844,18296200
2019-09-13,61.11000061035156,61.459999084472656,60.90999984741211,61.040000915527344,17830400
2019-09-16,60.75,60.810001373291016,60.31999969482422,60.45000076293945,16741200
2019-09-17,60.41999816894531,61.11000061035156,60.41999816894531,60.779998779296875,11681500
2019-09-18,60.84000015258789,60.95000076293945,60.36000061035156,60.880001068115234,10968900
2019-09-19,60.83000183105469,60.97999954223633,60.75,60.869998931884766,10664100
2019-09-20,60.63999938964844,60.779998779296875,60.31999969482422,60.31999969482422,13951100
2019-09-23,60.369998931884766,60.810001373291016,60.31999969482422,60.560001373291016,8767800
2019-09-24,60.79999923706055,61.209999084472656,60.59000015258789,60.810001373291016,17305900
2019-09-25,61.06999969482422,61.150001525878906,60.66999816894531,60.849998474121094,17626600
2019-09-26,60.91999816894531,61.369998931884766,60.88999938964844,61.189998626708984,15527300
2019-09-27,61.34000015258789,61.36000061035156,60.7599983215332,61.119998931884766,14293900
2019-09-30,61.15999984741211,61.689998626708984,61.15999984741211,61.41999816894531,11078800
2019-10-01,61.45000076293945,61.619998931884766,61.0099983215332,61.2599983215332,16827400
2019-10-02,60.959999084472656,61.02000045776367,59.79999923706055,60.029998779296875,18668200
2019-10-03,60.33000183105469,60.65999984741211,59.790000915527344,60.45000076293945,20998100
2019-10-04,60.54999923706055,61.40999984741211,60.4900016784668,61.400001525878906,11938600
2019-10-07,61.2599983215332,61.34000015258789,60.84000015258789,60.900001525878906,9378900
2019-10-08,60.720001220703125,60.88999938964844,60.310001373291016,60.31999969482422,14924100
2019-10-09,60.619998931884766,60.93000030517578,60.4900016784668,60.779998779296875,8504600
2019-10-10,60.650001525878906,61.08000183105469,60.47999954223633,60.900001525878906,8648000
2019-10-11,61.130001068115234,61.209999084472656,60.720001220703125,60.84000015258789,18172100
2019-10-14,60.91999816894531,60.97999954223633,60.5099983215332,60.540000915527344,7569500
2019-10-15,60.689998626708984,60.72999954223633,60.189998626708984,60.279998779296875,12217700
2019-10-16,60.33000183105469,60.40999984741211,60.130001068115234,60.34000015258789,10397700
2019-10-17,60.540000915527344,60.790000915527344,60.45000076293945,60.619998931884766,13209800
2019-10-18,60.5099983215332,60.970001220703125,60.5099983215332,60.7400016784668,9301200
2019-10-21,60.75,60.970001220703125,60.66999816894531,60.939998626708984,9924100
2019-10-22,61.380001068115234,61.41999816894531,60.93000030517578,60.959999084472656,12492500
2019-10-23,60.93000030517578,61.279998779296875,60.90999984741211,61.2400016784668,7499400
2019-10-24,61.36000061035156,61.54999923706055,61.119998931884766,61.45000076293945,9089300
2019-10-25,61.38999938964844,61.400001525878906,61.040000915527344,61.09000015258789,7518600
2019-10-28,61.09000015258789,61.310001373291016,60.83000183105469,60.970001220703125,11154200
2019-10-29,60.86000061035156,61.2599983215332,60.75,60.970001220703125,10072400
2019-10-30,61.02000045776367,61.36000061035156,60.849998474121094,61.25,7216400
2019-10-31,61.27000045776367,61.4900016784668,60.77000045776367,61.15999984741211,12628100
2019-11-01,61.27000045776367,61.380001068115234,61.02000045776367,61.150001525878906,10232000
2019-11-04,61.220001220703125,61.25,60.369998931884766,60.560001373291016,17081600
2019-11-05,60.47999954223633,60.88999938964844,60.290000915527344,60.7599983215332,17192200
2019-11-06,60.86000061035156,61.15999984741211,60.689998626708984,61.0099983215332,8284500
2019-11-07,61.08000183105469,61.09000015258789,60.689998626708984,60.79999923706055,9437800
2019-11-08,60.77000045776367,60.95000076293945,60.560001373291016,60.7599983215332,7574200
2019-11-11,60.790000915527344,60.88999938964844,60.56999969482422,60.66999816894531,5632200
2019-11-12,60.7599983215332,60.869998931884766,60.59000015258789,60.869998931884766,7085100
2019-11-13,60.959999084472656,61.45000076293945,60.880001068115234,61.33000183105469,9500900
2019-11-14,61.599998474121094,61.619998931884766,61.060001373291016,61.310001373291016,8442100
2019-11-15,61.400001525878906,61.459999084472656,61.11000061035156,61.33000183105469,7221400
2019-11-18,61.27000045776367,61.9900016784668,61.27000045776367,61.650001525878906,8615500
2019-11-19,61.7400016784668,61.84000015258789,61.439998626708984,61.56999969482422,8560900
2019-11-20,61.56999969482422,61.86000061035156,61.439998626708984,61.709999084472656,11935900
2019-11-21,61.599998474121094,61.75,61.2599983215332,61.400001525878906,7611100
2019-11-22,61.45000076293945,61.4900016784668,61.060001373291016,61.29999923706055,5517100
2019-11-25,61.41999816894531,61.529998779296875,61.06999969482422,61.369998931884766,10396500
2019-11-26,61.45000076293945,61.93000030517578,61.34000015258789,61.869998931884766,7354800
2019-11-27,61.97999954223633,62.09000015258789,61.810001373291016,62.02000045776367,5483300
2019-11-29,62.040000915527344,62.13999938964844,61.880001068115234,62.0,3008500
2019-12-02,61.880001068115234,62.16999816894531,61.59000015258789,62.13999938964844,17920100
2019-12-03,62.02000045776367,62.09000015258789,61.619998931884766,62.040000915527344,20537000
2019-12-04,61.970001220703125,62.4900016784668,61.900001525878906,62.45000076293945,17369100
2019-12-05,62.470001220703125,62.47999954223633,62.060001373291016,62.43000030517578,13445200
2019-12-06,62.560001373291016,62.90999984741211,62.52000045776367,62.66999816894531,10746700
2019-12-09,62.630001068115234,62.880001068115234,62.619998931884766,62.720001220703125,6643000
2019-12-10,62.720001220703125,62.790000915527344,62.459999084472656,62.52000045776367,7194300
2019-12-11,62.65999984741211,62.7599983215332,62.43000030517578,62.61000061035156,6201700
2019-12-12,62.619998931884766,63.02000045776367,62.43000030517578,62.560001373291016,11843600
2019-12-13,62.400001525878906,62.880001068115234,62.290000915527344,62.779998779296875,10158300
2019-12-16,62.959999084472656,63.150001525878906,62.880001068115234,63.0,10004600
2019-12-17,62.91999816894531,63.040000915527344,62.81999969482422,62.900001525878906,8005500
2019-12-18,63.0099983215332,63.220001220703125,62.70000076293945,62.79999923706055,5464100
2019-12-19,62.88999938964844,63.279998779296875,62.880001068115234,63.13999938964844,9068100
2019-12-20,62.81999969482422,63.36000061035156,62.779998779296875,63.099998474121094,15270600
2019-12-23,63.220001220703125,63.220001220703125,62.810001373291016,62.83000183105469,6006500
2019-12-24,62.900001525878906,62.9900016784668,62.810001373291016,62.90999984741211,1700100
2019-12-26,62.97999954223633,63.09000015258789,62.79999923706055,62.970001220703125,8638600
2019-12-27,63.099998474121094,63.27000045776367,63.040000915527344,63.25,10314100
2019-12-30,63.13999938964844,63.2400016784668,62.83000183105469,62.91999816894531,6238600
2019-12-31,62.790000915527344,63.02000045776367,62.65999984741211,62.97999954223633,4985400
2020-01-02,63.099998474121094,63.099998474121094,62.310001373291016,62.47999954223633,14460700
2020-01-03,62.25,62.650001525878906,62.09000015258789,62.380001068115234,26388900
2020-01-06,62.290000915527344,62.59000015258789,62.18000030517578,62.5099983215332,22541700
2020-01-07,62.31999969482422,62.380001068115234,61.97999954223633,62.029998779296875,15607600
2020-01-08,62.08000183105469,62.52000045776367,61.959999084472656,62.2599983215332,11451400
2020-01-09,62.45000076293945,62.709999084472656,62.29999923706055,62.70000076293945,6854500
2020-01-10,62.7599983215332,62.849998474121094,62.58000183105469,62.65999984741211,7410800
2020-01-13,62.68000030517578,63.08000183105469,62.650001525878906,63.06999969482422,9625700
2020-01-14,62.9900016784668,63.119998931884766,62.90999984741211,63.09000015258789,7512300
2020-01-15,63.040000915527344,63.66999816894531,63.0099983215332,63.540000915527344,12454300
2020-01-16,63.619998931884766,63.7599983215332,63.54999923706055,63.709999084472656,8048600
2020-01-17,63.70000076293945,63.959999084472656,63.619998931884766,63.81999969482422,14902700
2020-01-21,63.72999954223633,64.06999969482422,63.5099983215332,64.04000091552734,11300300
2020-01-22,64.05999755859375,64.23999786376953,64.04000091552734,64.08999633789062,8046500
2020-01-23,63.880001068115234,64.19999694824219,63.63999938964844,64.02999877929688,14563100
2020-01-24,64.08000183105469,64.16000366210938,63.38999938964844,63.59000015258789,11935100
2020-01-27,63.04999923706055,63.689998626708984,63.0099983215332,63.38999938964844,8748400
2020-01-28,63.43000030517578,63.65999984741211,63.369998931884766,63.470001220703125,7899500
2020-01-29,63.52000045776367,63.56999969482422,63.150001525878906,63.150001525878906,8300800
2020-01-30,63.18000030517578,63.95000076293945,63.13999938964844,63.900001525878906,13824800
2020-01-31,63.93000030517578,64.20999908447266,63.0,63.18000030517578,15280000
2020-02-03,63.40999984741211,63.650001525878906,63.130001068115234,63.18000030517578,21797600
2020-02-04,63.68000030517578,63.9900016784668,63.43000030517578,63.560001373291016,14290900
2020-02-05,63.77000045776367,64.0999984741211,63.689998626708984,64.06999969482422,20911400
2020-02-06,64.13999938964844,64.5199966430664,64.01000213623047,64.18000030517578,9628500
2020-02-07,64.18000030517578,64.38999938964844,63.9900016784668,64.26000213623047,14849000
2020-02-10,64.29000091552734,64.6500015258789,64.2699966430664,64.52999877929688,7394100
2020-02-11,64.62999725341797,64.62999725341797,64.23999786376953,64.29000091552734,8375700
2020-02-12,64.37000274658203,64.38999938964844,64.12999725341797,64.26000213623047,8479000
2020-02-13,64.12000274658203,64.75,64.02999877929688,64.63999938964844,7950900
2020-02-14,64.70999908447266,64.80999755859375,64.58000183105469,64.79000091552734,5421200
2020-02-18,64.69999694824219,64.83999633789062,64.43000030517578,64.55999755859375,6902300
2020-02-19,64.56999969482422,64.73999786376953,64.45999908447266,64.48999786376953,4971300
2020-02-20,64.37999725341797,64.58999633789062,63.939998626708984,64.54000091552734,13397700
2020-02-21,64.36000061035156,64.79000091552734,64.33999633789062,64.6500015258789,10027800
2020-02-24,63.77000045776367,64.26000213623047,63.09000015258789,63.15999984741211,19892700
2020-02-25,63.20000076293945,63.5099983215332,61.810001373291016,62.02000045776367,25721400
2020-02-26,62.209999084472656,62.779998779296875,61.63999938964844,61.66999816894531,26066400
2020-02-27,61.119998931884766,61.66999816894531,59.150001525878906,59.15999984741211,39092300
2020-02-28,57.810001373291016,58.0,56.040000915527344,57.9900016784668,50978800
2020-03-02,58.11000061035156,61.13999938964844,58.11000061035156,61.09000015258789,27103100
2020-03-03,61.18000030517578,62.20000076293945,59.81999969482422,60.2599983215332,35237500
2020-03-04,61.11000061035156,63.25,61.029998779296875,63.220001220703125,26214300
2020-03-05,61.83000183105469,62.86000061035156,61.400001525878906,62.029998779296875,16556300
2020-03-06,60.38999938964844,61.88999938964844,59.939998626708984,61.540000915527344,24800200
2020-03-09,58.13999938964844,60.5,58.0,58.86000061035156,19126300
2020-03-10,60.099998474121094,60.650001525878906,57.88999938964844,60.54999923706055,28174800
2020-03-11,59.04999923706055,59.36000061035156,56.869998931884766,57.58000183105469,17759800
2020-03-12,53.88999938964844,56.709999084472656,51.90999984741211,52.16999816894531,26713800
2020-03-13,54.77000045776367,56.630001068115234,52.7599983215332,56.61000061035156,24835800
2020-03-16,51.349998474121094,55.56999969482422,50.779998779296875,52.77000045776367,27436800
2020-03-17,53.790000915527344,57.45000076293945,53.66999816894531,57.220001220703125,32318100
2020-03-18,54.75,57.0,53.29999923706055,55.75,35524900
2020-03-19,55.15999984741211,55.439998626708984,53.38999938964844,53.88999938964844,26807900
2020-03-20,54.040000915527344,54.060001373291016,49.959999084472656,50.400001525878906,26903700
2020-03-23,50.0099983215332,50.599998474121094,47.65999984741211,48.630001068115234,31822200
2020-03-24,50.75,51.400001525878906,49.79999923706055,51.11000061035156,28041800
2020-03-25,51.0,52.61000061035156,50.08000183105469,50.970001220703125,25526400
2020-03-26,51.59000015258789,54.119998931884766,51.380001068115234,53.7599983215332,25754100
2020-03-27,52.59000015258789,54.9900016784668,52.5,53.5099983215332,26004700
2020-03-30,54.029998779296875,55.7599983215332,54.029998779296875,55.599998474121094,15892600
2020-03-31,55.400001525878906,55.66999816894531,54.34000015258789,54.470001220703125,15203200
2020-04-01,52.9900016784668,54.380001068115234,52.86000061035156,53.54999923706055,11979800
2020-04-02,52.810001373291016,55.22999954223633,52.68000030517578,54.91999816894531,14748100
2020-04-03,54.70000076293945,55.52000045776367,54.470001220703125,55.349998474121094,15374100
2020-04-06,56.72999954223633,57.810001373291016,55.91999816894531,57.40999984741211,14835200
2020-04-07,58.29999923706055,58.7599983215332,56.7400016784668,56.75,22985400
2020-04-08,57.16999816894531,57.90999984741211,56.529998779296875,57.59000015258789,13877400
2020-04-09,57.75,59.02000045776367,57.61000061035156,58.130001068115234,20376000
2020-04-13,57.939998626708984,58.2400016784668,57.13999938964844,57.70000076293945,10679500
2020-04-14,58.689998626708984,60.220001220703125,58.459999084472656,60.150001525878906,17745300
2020-04-15,59.349998474121094,59.720001220703125,58.7599983215332,59.20000076293945,12553400
2020-04-16,59.5099983215332,59.810001373291016,58.75,59.59000015258789,14486100
2020-04-17,60.31999969482422,60.70000076293945,59.5099983215332,60.5,12083100
2020-04-20,59.900001525878906,60.31999969482422,59.2599983215332,59.310001373291016,9263900
2020-04-21,58.470001220703125,58.810001373291016,57.84000015258789,58.04999923706055,13021900
2020-04-22,58.75,58.939998626708984,58.13999938964844,58.61000061035156,15086800
2020-04-23,58.470001220703125,58.849998474121094,57.9900016784668,58.09000015258789,21074200
2020-04-24,58.43000030517578,58.900001525878906,58.22999954223633,58.709999084472656,9638300
2020-04-27,59.06999969482422,59.150001525878906,58.650001525878906,58.880001068115234,11024000
2020-04-28,59.560001373291016,59.63999938964844,58.959999084472656,59.209999084472656,13608800
2020-04-29,59.5099983215332,59.5099983215332,58.400001525878906,58.959999084472656,16038500
2020-04-30,58.790000915527344,58.81999969482422,57.91999816894531,58.2599983215332,16397100
2020-05-01,57.939998626708984,58.43000030517578,57.380001068115234,57.619998931884766,13023600
2020-05-04,57.5099983215332,57.720001220703125,57.02000045776367,57.59000015258789,11314200
2020-05-05,57.81999969482422,58.2599983215332,57.56999969482422,57.63999938964844,9705200
2020-05-06,57.7400016784668,57.900001525878906,56.959999084472656,57.0099983215332,10700100
2020-05-07,57.45000076293945,57.529998779296875,56.72999954223633,56.849998474121094,11203600
2020-05-08,57.41999816894531,58.2400016784668,57.38999938964844,58.119998931884766,13405000
2020-05-11,57.86000061035156,58.4900016784668,57.79999923706055,58.040000915527344,8807200
2020-05-12,58.22999954223633,58.54999923706055,57.54999923706055,57.54999923706055,20587300
2020-05-13,57.5,57.81999969482422,56.689998626708984,57.029998779296875,12186800
2020-05-14,56.75,57.040000915527344,55.9900016784668,56.88999938964844,11793500
2020-05-15,56.880001068115234,57.560001373291016,56.68000030517578,57.38999938964844,20847900
2020-05-18,58.29999923706055,58.599998474121094,57.880001068115234,58.29999923706055,15213600
2020-05-19,58.380001068115234,58.40999984741211,57.22999954223633,57.22999954223633,15313100
2020-05-20,57.709999084472656,57.939998626708984,57.36000061035156,57.90999984741211,8519600
2020-05-21,57.81999969482422,57.83000183105469,57.150001525878906,57.27000045776367,13913900
2020-05-22,57.290000915527344,57.52000045776367,57.15999984741211,57.470001220703125,7216300
2020-05-26,58.279998779296875,58.380001068115234,57.66999816894531,57.779998779296875,10487200
2020-05-27,58.2400016784668,58.70000076293945,57.90999984741211,58.650001525878906,10937800
2020-05-28,59.099998474121094,59.5,58.849998474121094,59.16999816894531,10184300
2020-05-29,58.9900016784668,59.41999816894531,58.459999084472656,59.22999954223633,12890900
2020-06-01,59.2599983215332,59.86000061035156,59.22999954223633,59.63999938964844,9101400
2020-06-02,59.7400016784668,59.83000183105469,59.34000015258789,59.79999923706055,9837900
2020-06-03,60.060001373291016,60.15999984741211,59.86000061035156,59.880001068115234,10155300
2020-06-04,59.7599983215332,60.06999969482422,59.27000045776367,59.59000015258789,8973800
2020-06-05,60.029998779296875,60.72999954223633,59.86000061035156,60.41999816894531,11502200
2020-06-08,60.43000030517578,61.099998474121094,60.220001220703125,61.06999969482422,13094200
2020-06-09,60.84000015258789,60.93000030517578,60.20000076293945,60.56999969482422,13735400
2020-06-10,60.709999084472656,60.880001068115234,60.279998779296875,60.400001525878906,9877800
2020-06-11,59.75,60.119998931884766,58.040000915527344,58.11000061035156,14738500
2020-06-12,58.90999984741211,58.91999816894531,57.619998931884766,58.119998931884766,17837500
2020-06-15,57.58000183105469,58.869998931884766,57.189998626708984,58.790000915527344,11366700
2020-06-16,59.95000076293945,60.02000045776367,58.939998626708984,59.709999084472656,10840300
2020-06-17,59.81999969482422,60.06999969482422,59.439998626708984,59.619998931884766,8388400
2020-06-18,59.349998474121094,59.9900016784668,59.27000045776367,59.93000030517578,6022600
2020-06-19,60.47999954223633,60.66999816894531,59.529998779296875,59.619998931884766,10777200
2020-06-22,59.099998474121094,59.220001220703125,58.779998779296875,58.9900016784668,9039600
2020-06-23,59.380001068115234,59.59000015258789,58.84000015258789,58.900001525878906,7951000
2020-06-24,58.599998474121094,58.599998474121094,57.70000076293945,57.90999984741211,14343200
2020-06-25,57.880001068115234,58.38999938964844,57.52000045776367,58.31999969482422,12128900
2020-06-26,58.29999923706055,58.459999084472656,57.08000183105469,57.130001068115234,14476500
2020-06-29,57.5,58.31999969482422,57.45000076293945,58.209999084472656,9654200
2020-06-30,58.220001220703125,58.86000061035156,58.130001068115234,58.63999938964844,7379800
2020-07-01,58.75,59.060001373291016,58.65999984741211,58.689998626708984,7261600
2020-07-02,59.18000030517578,59.56999969482422,58.869998931884766,58.9900016784668,6857200
2020-07-06,59.439998626708984,59.58000183105469,58.95000076293945,59.279998779296875,10091300
2020-07-07,58.959999084472656,60.150001525878906,58.91999816894531,59.81999969482422,8161000
2020-07-08,59.95000076293945,59.9900016784668,59.41999816894531,59.66999816894531,9328000
2020-07-09,59.59000015258789,59.75,58.86000061035156,59.20000076293945,7672500
2020-07-10,59.27000045776367,60.40999984741211,59.2599983215332,60.290000915527344,14142800
2020-07-13,60.58000183105469,61.0,59.970001220703125,60.20000076293945,10906200
2020-07-14,60.029998779296875,61.22999954223633,59.90999984741211,61.08000183105469,14270100
2020-07-15,61.38999938964844,61.86000061035156,60.939998626708984,61.130001068115234,14952700
2020-07-16,61.099998474121094,61.380001068115234,60.97999954223633,61.2599983215332,7770200
2020-07-17,61.540000915527344,61.689998626708984,61.33000183105469,61.59000015258789,6321700
2020-07-20,61.459999084472656,61.4900016784668,60.779998779296875,60.970001220703125,6818600
2020-07-21,61.400001525878906,62.15999984741211,61.33000183105469,61.5,7847300
2020-07-22,61.689998626708984,62.08000183105469,61.060001373291016,61.9900016784668,7022700
2020-07-23,62.20000076293945,62.459999084472656,62.0,62.209999084472656,9468000
2020-07-24,62.310001373291016,62.83000183105469,61.83000183105469,62.130001068115234,6809200
2020-07-27,62.06999969482422,62.45000076293945,61.939998626708984,62.439998626708984,6801900
2020-07-28,62.41999816894531,62.97999954223633,62.38999938964844,62.66999816894531,6699300
2020-07-29,62.650001525878906,62.959999084472656,62.4900016784668,62.7599983215332,7486400
2020-07-30,62.61000061035156,62.97999954223633,62.31999969482422,62.7599983215332,10901300
2020-07-31,62.5099983215332,62.709999084472656,61.91999816894531,62.70000076293945,10277200
2020-08-03,62.72999954223633,62.7599983215332,62.220001220703125,62.529998779296875,8614400
2020-08-04,62.439998626708984,63.33000183105469,62.33000183105469,63.310001373291016,7417400
2020-08-05,63.40999984741211,63.540000915527344,63.0,63.18000030517578,7143600
2020-08-06,63.029998779296875,63.290000915527344,62.91999816894531,63.16999816894531,11983700
2020-08-07,63.06999969482422,63.56999969482422,63.0,63.5099983215332,9175700
2020-08-10,63.58000183105469,63.970001220703125,63.439998626708984,63.84000015258789,4345600
2020-08-11,64.13999938964844,64.30000305175781,63.220001220703125,63.400001525878906,8633500
2020-08-12,63.65999984741211,64.5,63.65999984741211,64.22000122070312,8021600
2020-08-13,64.08000183105469,64.36000061035156,63.9900016784668,64.16999816894531,5857100
2020-08-14,64.0999984741211,64.37000274658203,63.91999816894531,64.16000366210938,3776300
2020-08-17,64.30999755859375,64.7300033569336,64.19000244140625,64.5199966430664,5172900
2020-08-18,64.62000274658203,64.95999908447266,64.33000183105469,64.77999877929688,4927300
2020-08-19,64.69000244140625,64.77999877929688,64.16000366210938,64.2699966430664,5871600
2020-08-20,63.900001525878906,64.22000122070312,63.790000915527344,64.13999938964844,10178600
2020-08-21,64.05999755859375,64.38999938964844,63.869998931884766,64.30000305175781,5713900
2020-08-24,64.41000366210938,64.8499984741211,64.20999908447266,64.8499984741211,6978500
2020-08-25,65.0,65.05000305175781,64.43000030517578,64.70999908447266,4517100
2020-08-26,64.58000183105469,64.87999725341797,64.27999877929688,64.79000091552734,5375300
2020-08-27,64.91000366210938,65.5,64.9000015258789,65.19000244140625,8711200
2020-08-28,65.5,65.80999755859375,64.87999725341797,65.7699966430664,6868200
2020-08-31,65.52999877929688,65.7699966430664,65.31999969482422,65.58000183105469,7661200
2020-09-01,65.56999969482422,65.68000030517578,65.12999725341797,65.6500015258789,9723000
2020-09-02,65.94999694824219,67.11000061035156,65.8499984741211,66.83999633789062,11174600
2020-09-03,67.0,67.61000061035156,65.20999908447266,65.69000244140625,26304400
2020-09-04,65.87999725341797,66.1500015258789,64.7300033569336,65.54000091552734,15604800
2020-09-08,65.37999725341797,65.51000213623047,63.88999938964844,64.16000366210938,16316600
2020-09-09,64.52999877929688,65.72000122070312,64.41000366210938,65.08999633789062,12848500
2020-09-10,65.08999633789062,65.2699966430664,64.1500015258789,64.29000091552734,11060600
2020-09-11,64.48999786376953,64.95999908447266,64.19000244140625,64.6500015258789,10212500
2020-09-14,64.97000122070312,65.37000274658203,64.77999877929688,65.06999969482422,6397000
2020-09-15,65.2300033569336,65.45999908447266,64.88999938964844,64.9800033569336,5672900
2020-09-16,65.26000213623047,65.43000030517578,64.62999725341797,64.69000244140625,7270700
2020-09-17,64.1500015258789,64.62000274658203,63.81999969482422,64.27999877929688,10108700
2020-09-18,64.37999725341797,64.47000122070312,63.25,63.689998626708984,9988900
2020-09-21,62.880001068115234,63.06999969482422,62.11000061035156,62.83000183105469,11326200
2020-09-22,62.869998931884766,63.5099983215332,62.810001373291016,63.20000076293945,7148600
2020-09-23,63.400001525878906,63.560001373291016,62.18000030517578,62.25,7015900
2020-09-24,62.25,63.040000915527344,61.83000183105469,62.709999084472656,9141700
2020-09-25,62.38999938964844,63.11000061035156,62.25,63.040000915527344,7432100
2020-09-28,63.560001373291016,64.11000061035156,63.529998779296875,63.75,6077600
2020-09-29,63.779998779296875,63.93000030517578,63.209999084472656,63.33000183105469,8150400
2020-09-30,63.59000015258789,64.5,63.560001373291016,64.0999984741211,8284100
2020-10-01,64.47000122070312,64.61000061035156,63.90999984741211,64.45999908447266,9262900
2020-10-02,63.81999969482422,64.38999938964844,63.61000061035156,64.0999984741211,7463000
2020-10-05,64.25,64.61000061035156,64.1500015258789,64.52999877929688,4501200
2020-10-06,64.68000030517578,64.93000030517578,63.91999816894531,64.11000061035156,6552800
2020-10-07,64.4800033569336,65.06999969482422,64.3499984741211,64.80000305175781,8073100
2020-10-08,65.08999633789062,65.29000091552734,64.81999969482422,65.2300033569336,6659000
2020-10-09,65.48999786376953,66.02999877929688,65.41000366210938,65.73999786376953,7894700
2020-10-12,66.0199966430664,66.8499984741211,65.9800033569336,66.5,8685600
2020-10-13,66.30000305175781,66.6500015258789,66.13999938964844,66.44999694824219,7505700
2020-10-14,66.44000244140625,66.70999908447266,65.83999633789062,66.11000061035156,6566200
2020-10-15,65.62999725341797,66.33000183105469,65.56999969482422,66.1500015258789,6650000
2020-10-16,66.3499984741211,66.70999908447266,66.1500015258789,66.16999816894531,6701200
2020-10-19,66.16999816894531,66.44999694824219,65.12999725341797,65.30999755859375,7733900
2020-10-20,65.94999694824219,66.08000183105469,65.11000061035156,65.23999786376953,7660200
2020-10-21,65.16999816894531,65.66999816894531,65.13999938964844,65.30000305175781,7013900
2020-10-22,65.30999755859375,65.48999786376953,64.95999908447266,65.2699966430664,7779700
2020-10-23,65.5,65.6500015258789,65.19000244140625,65.38999938964844,5094100
2020-10-26,64.88999938964844,65.0199966430664,63.97999954223633,64.55000305175781,9352300
2020-10-27,64.58999633789062,64.94000244140625,64.3499984741211,64.37999725341797,5331400
2020-10-28,63.459999084472656,63.790000915527344,62.43000030517578,62.5,10980600
2020-10-29,62.34000015258789,63.099998474121094,61.720001220703125,62.47999954223633,8942700
2020-10-30,62.2400016784668,62.540000915527344,61.4900016784668,62.2599983215332,10093200
2020-11-02,63.150001525878906,63.540000915527344,62.7599983215332,63.25,10935100
2020-11-03,63.88999938964844,64.87999725341797,63.810001373291016,64.29000091552734,20578800
2020-11-04,64.6500015258789,65.41000366210938,64.23999786376953,64.31999969482422,25605800
2020-11-05,65.06999969482422,65.4000015258789,64.61000061035156,64.79000091552734,13919500
2020-11-06,64.88999938964844,65.41999816894531,64.80999755859375,65.08999633789062,12703600
2020-11-09,66.63999938964844,67.27999877929688,64.8499984741211,64.94000244140625,15142600
2020-11-10,64.93000030517578,66.4000015258789,64.87999725341797,66.22000122070312,15134300
2020-11-11,66.5999984741211,67.08000183105469,66.1500015258789,66.79000091552734,10382100
2020-11-12,66.61000061035156,66.79000091552734,66.05000305175781,66.61000061035156,8945500
2020-11-13,66.86000061035156,67.62000274658203,66.66000366210938,67.52999877929688,6167300
2020-11-16,68.1500015258789,68.18000030517578,67.62999725341797,68.1500015258789,12955900
2020-11-17,67.63999938964844,68.06999969482422,67.47000122070312,67.66999816894531,8147900
2020-11-18,67.7699966430664,68.01000213623047,66.7300033569336,66.73999786376953,7607700
2020-11-19,66.55999755859375,67.0199966430664,66.4000015258789,66.91999816894531,8830200
2020-11-20,66.81999969482422,67.11000061035156,66.44000244140625,66.5,4663400
2020-11-23,66.62000274658203,66.72000122070312,66.11000061035156,66.5199966430664,5825300
2020-11-24,66.91999816894531,67.19999694824219,66.7699966430664,66.97000122070312,6064900
2020-11-25,66.94000244140625,67.19999694824219,66.83999633789062,66.93000030517578,5245400
2020-11-27,67.0999984741211,67.0999984741211,66.72000122070312,66.91999816894531,3228600
2020-11-30,66.75,66.9800033569336,66.2300033569336,66.91000366210938,11581900
2020-12-01,67.20999908447266,67.56999969482422,67.08000183105469,67.5,12126200
2020-12-02,67.2699966430664,67.58999633789062,66.72000122070312,66.94000244140625,11392100
2020-12-03,66.7699966430664,67.2300033569336,66.76000213623047,67.11000061035156,10951400
2020-12-04,67.16999816894531,67.63999938964844,67.08999633789062,67.62999725341797,11055800
2020-12-07,67.5,67.61000061035156,67.05000305175781,67.37000274658203,9466300
2020-12-08,67.12999725341797,67.87999725341797,66.98999786376953,67.73999786376953,7090900
2020-12-09,67.83999633789062,67.87000274658203,67.29000091552734,67.47000122070312,10420100
2020-12-10,67.44999694824219,67.62000274658203,67.0,67.16999816894531,5723400
2020-12-11,66.91000366210938,67.51000213623047,66.88999938964844,67.31999969482422,5000800
2020-12-14,67.6500015258789,67.91000366210938,67.04000091552734,67.05999755859375,6663200
2020-12-15,67.3499984741211,67.55000305175781,67.13999938964844,67.22000122070312,6121300
2020-12-16,67.2699966430664,67.66999816894531,67.11000061035156,67.3499984741211,10505500
2020-12-17,67.58999633789062,67.86000061035156,67.56999969482422,67.77999877929688,4673300
2020-12-18,67.87999725341797,68.08000183105469,67.41000366210938,67.93000030517578,6980500
2020-12-21,66.62000274658203,66.7699966430664,65.94000244140625,66.63999938964844,8255600
2020-12-22,66.61000061035156,66.61000061035156,66.05999755859375,66.16999816894531,9107900
2020-12-23,66.37000274658203,66.6500015258789,66.23999786376953,66.38999938964844,4302600
2020-12-24,66.44000244140625,66.76000213623047,66.27999877929688,66.72000122070312,1954900
2020-12-28,66.97000122070312,67.44999694824219,66.9000015258789,67.25,6315400
2020-12-29,67.41999816894531,67.61000061035156,66.87999725341797,67.05000305175781,4993600
2020-12-30,67.12999725341797,67.20999908447266,66.9000015258789,66.9800033569336,7359900
2020-12-31,67.05000305175781,67.55000305175781,66.72000122070312,67.44999694824219,6062200
2021-01-04,67.41999816894531,67.44000244140625,65.91999816894531,66.72000122070312,12992600
2021-01-05,66.62000274658203,66.86000061035156,66.0999984741211,66.72000122070312,10871900
2021-01-06,66.58999633789062,67.0999984741211,66.4800033569336,66.7699966430664,14206600
2021-01-07,66.81999969482422,66.9800033569336,66.30000305175781,66.56999969482422,13963500
2021-01-08,66.62000274658203,66.95999908447266,66.25,66.9000015258789,17960800
2021-01-11,66.52999877929688,66.97000122070312,66.22000122070312,66.33000183105469,9648700
2021-01-12,66.33000183105469,66.4800033569336,65.83000183105469,66.11000061035156,11089500
2021-01-13,66.04000091552734,66.45999908447266,66.01000213623047,66.20999908447266,8337500
2021-01-14,66.2699966430664,66.30000305175781,65.77999877929688,65.86000061035156,11549000
2021-01-15,65.62000274658203,65.91999816894531,65.36000061035156,65.62999725341797,13260300
2021-01-19,65.8499984741211,65.9800033569336,65.29000091552734,65.33999633789062,8130800
2021-01-20,65.31999969482422,65.62000274658203,64.87999725341797,65.45999908447266,10700600
2021-01-21,65.36000061035156,65.41000366210938,65.12999725341797,65.23999786376953,8461200
2021-01-22,65.19000244140625,65.47000122070312,64.91999816894531,65.06999969482422,8329300
2021-01-25,64.87000274658203,65.94000244140625,64.83999633789062,65.72000122070312,17486100
2021-01-26,65.80000305175781,66.44000244140625,65.5,66.30999755859375,9304200
2021-01-27,65.94000244140625,66.83000183105469,65.02999877929688,65.19000244140625,17826800
2021-01-28,65.31999969482422,66.16999816894531,65.12999725341797,65.44000244140625,19925900
2021-01-29,65.19000244140625,65.20999908447266,64.05999755859375,64.08999633789062,19374700
2021-02-01,64.36000061035156,64.5,63.939998626708984,64.1500015258789,13283300
2021-02-02,64.4000015258789,65.0999984741211,64.20999908447266,64.58000183105469,13278400
2021-02-03,64.43000030517578,64.83000183105469,64.25,64.68000030517578,9542000
2021-02-04,64.73999786376953,65.16999816894531,64.5999984741211,65.1500015258789,7292400
2021-02-05,65.55000305175781,65.95999908447266,65.5199966430664,65.76000213623047,8889300
2021-02-08,65.97000122070312,66.16000366210938,65.58000183105469,66.01000213623047,9412200
2021-02-09,66.0199966430664,66.19000244140625,65.7699966430664,65.94999694824219,12345400
2021-02-10,66.26000213623047,66.41000366210938,65.7300033569336,65.87999725341797,6957200
2021-02-11,65.94999694824219,65.97000122070312,65.48999786376953,65.58999633789062,7478500
2021-02-12,65.52999877929688,65.7699966430664,65.36000061035156,65.69000244140625,7131800
2021-02-16,65.80999755859375,65.86000061035156,65.33999633789062,65.56999969482422,9246600
2021-02-17,65.31999969482422,65.94000244140625,65.23999786376953,65.80999755859375,8871000
2021-02-18,65.22000122070312,65.94000244140625,65.16999816894531,65.7699966430664,7464900
2021-02-19,65.81999969482422,65.83000183105469,64.87999725341797,64.94000244140625,10246100
2021-02-22,64.7699966430664,65.16999816894531,64.63999938964844,65.0,8649600
2021-02-23,65.20999908447266,65.63999938964844,64.86000061035156,65.08999633789062,12743400
2021-02-24,64.91999816894531,65.26000213623047,64.7300033569336,65.05000305175781,9103700
2021-02-25,64.94999694824219,65.31999969482422,64.19999694824219,64.33999633789062,17558500
2021-02-26,64.47000122070312,64.47000122070312,63.279998779296875,63.29999923706055,17718400
2021-03-01,63.75,64.45999908447266,63.72999954223633,63.939998626708984,11263900
2021-03-02,63.869998931884766,64.31999969482422,63.79999923706055,63.83000183105469,12942700
2021-03-03,63.65999984741211,64.02999877929688,63.4900016784668,63.529998779296875,13450900
2021-03-04,63.65999984741211,64.43000030517578,62.9900016784668,63.29999923706055,25968700
2021-03-05,63.56999969482422,64.88999938964844,63.33000183105469,64.69999694824219,21719300
2021-03-08,64.72000122070312,65.66999816894531,64.61000061035156,64.9800033569336,18947000
2021-03-09,65.19999694824219,65.51000213623047,64.87000274658203,64.91999816894531,17259600
2021-03-10,64.97000122070312,66.05999755859375,64.76000213623047,65.7699966430664,15827600
2021-03-11,65.83999633789062,66.04000091552734,65.54000091552734,65.61000061035156,12386500
2021-03-12,65.8499984741211,66.23999786376953,65.80000305175781,66.1500015258789,10518200
2021-03-15,66.38999938964844,66.5,66.04000091552734,66.44000244140625,8383700
2021-03-16,66.36000061035156,66.7300033569336,66.36000061035156,66.5199966430664,13550200
2021-03-17,66.55000305175781,66.81999969482422,66.19000244140625,66.41999816894531,12254200
2021-03-18,66.25,66.5199966430664,65.83000183105469,66.1500015258789,14497600
2021-03-19,66.22000122070312,66.55999755859375,66.05999755859375,66.37999725341797,20807100
2021-03-22,65.91000366210938,66.76000213623047,65.86000061035156,66.72000122070312,14499400
2021-03-23,66.70999908447266,67.30999755859375,66.52999877929688,67.0,13216300
2021-03-24,66.83999633789062,67.16999816894531,66.58000183105469,66.73999786376953,15831000
2021-03-25,66.83000183105469,67.47000122070312,66.5,67.38999938964844,14764000
2021-03-26,67.47000122070312,68.62000274658203,67.27999877929688,68.58000183105469,15098600
2021-03-29,68.37999725341797,69.33000183105469,68.3499984741211,69.2699966430664,11857300
2021-03-30,69.13999938964844,69.20999908447266,68.4000015258789,68.52999877929688,14042700
2021-03-31,68.5,68.77999877929688,68.16000366210938,68.30999755859375,18241100
2021-04-01,68.04000091552734,68.33000183105469,67.52999877929688,67.9800033569336,21191800
2021-04-05,68.2699966430664,69.22000122070312,68.1500015258789,68.8499984741211,20093000
2021-04-06,68.7300033569336,69.4000015258789,68.68000030517578,69.13999938964844,19302100
2021-04-07,69.26000213623047,69.3499984741211,68.87999725341797,68.97000122070312,20763900
2021-04-08,68.94000244140625,69.18000030517578,68.86000061035156,69.04000091552734,10244700
2021-04-09,69.05000305175781,69.20999908447266,68.5,68.91999816894531,7020400
2021-04-12,69.01000213623047,69.30000305175781,68.91999816894531,69.29000091552734,10117800
2021-04-13,68.98999786376953,69.18000030517578,68.83000183105469,68.91999816894531,11982600
2021-04-14,68.87999725341797,68.95999908447266,68.56999969482422,68.86000061035156,12087500
2021-04-15,69.0199966430664,69.5199966430664,69.0199966430664,69.41000366210938,7714900
2021-04-16,69.69999694824219,69.94999694824219,69.43000030517578,69.80999755859375,7810000
2021-04-19,69.81999969482422,69.95999908447266,69.31999969482422,69.54000091552734,10867400
2021-04-20,69.05000305175781,70.13999938964844,68.94999694824219,69.91999816894531,13168800
2021-04-21,70.0,70.47000122070312,70.0,70.2699966430664,10794900
2021-04-22,70.1500015258789,70.19000244140625,69.5999984741211,69.75,10762900
2021-04-23,69.61000061035156,69.79000091552734,69.29000091552734,69.56999969482422,9133800
2021-04-26,69.52999877929688,69.52999877929688,68.69000244140625,68.79000091552734,8750100
2021-04-27,68.75,68.88999938964844,68.44000244140625,68.73999786376953,10078900
2021-04-28,69.0199966430664,69.18000030517578,68.70999908447266,68.79000091552734,7925300
2021-04-29,68.76000213623047,69.62999725341797,68.76000213623047,69.5199966430664,9202600
2021-04-30,69.5199966430664,69.61000061035156,69.23999786376953,69.58000183105469,10784800
2021-05-03,69.7300033569336,70.41000366210938,69.66000366210938,70.1500015258789,12671500
2021-05-04,70.0,70.2699966430664,69.56999969482422,69.79000091552734,11147300
2021-05-05,69.7699966430664,69.87000274658203,69.5,69.73999786376953,8726200
2021-05-06,69.87000274658203,70.66000366210938,69.87000274658203,70.63999938964844,10192000
2021-05-07,70.52999877929688,70.86000061035156,70.36000061035156,70.63999938964844,9841800
2021-05-10,70.94000244140625,71.63999938964844,70.87999725341797,71.18000030517578,10558400
2021-05-11,71.20999908447266,71.36000061035156,70.23999786376953,70.55999755859375,14385700
2021-05-12,70.4000015258789,70.4800033569336,69.61000061035156,69.62000274658203,13223100
2021-05-13,69.61000061035156,70.91999816894531,69.52999877929688,70.5999984741211,18490900
2021-05-14,70.87000274658203,71.33000183105469,70.83000183105469,70.91000366210938,9672600
2021-05-17,70.94999694824219,71.26000213623047,70.66000366210938,70.80999755859375,10705800
2021-05-18,70.88999938964844,71.16999816894531,70.55000305175781,70.58999633789062,11168900
2021-05-19,70.25,70.45999908447266,69.86000061035156,70.36000061035156,13709500
2021-05-20,70.37000274658203,71.26000213623047,70.33000183105469,71.01000213623047,11336300
2021-05-21,71.19000244140625,71.4800033569336,70.88999938964844,71.0199966430664,7779600
2021-05-24,71.11000061035156,71.4800033569336,70.97000122070312,71.2300033569336,6535900
2021-05-25,71.27999877929688,71.30999755859375,70.81999969482422,71.25,8271800
2021-05-26,71.29000091552734,71.36000061035156,70.97000122070312,71.0999984741211,10622500
2021-05-27,71.22000122070312,71.44999694824219,70.58999633789062,70.66000366210938,12693900
2021-05-28,70.7699966430664,71.11000061035156,70.76000213623047,70.80999755859375,8476400
2021-06-01,71.08000183105469,71.26000213623047,70.33000183105469,70.56999969482422,8893800
2021-06-02,70.66999816894531,70.95999908447266,70.5,70.83000183105469,6411300
2021-06-03,70.62000274658203,71.33000183105469,70.62000274658203,71.2699966430664,9410000
2021-06-04,71.4800033569336,71.69000244140625,71.29000091552734,71.5199966430664,6078200
2021-06-07,71.52999877929688,71.62000274658203,71.08000183105469,71.4000015258789,7306900
2021-06-08,71.41999816894531,71.51000213623047,70.79000091552734,70.80000305175781,8545200
2021-06-09,70.66999816894531,71.0199966430664,70.44000244140625,70.45999908447266,8273800
2021-06-10,70.58999633789062,71.08000183105469,70.55999755859375,70.9000015258789,8213000
2021-06-11,71.04000091552734,71.06999969482422,70.5999984741211,70.94000244140625,6232300
2021-06-14,70.87999725341797,70.91999816894531,70.47000122070312,70.9000015258789,10449400
2021-06-15,70.95999908447266,71.12000274658203,70.66000366210938,70.7300033569336,5151600
2021-06-16,70.75,70.83000183105469,69.7699966430664,69.79000091552734,10507100
2021-06-17,69.80000305175781,70.19000244140625,69.61000061035156,70.04000091552734,9239700
2021-06-18,69.55999755859375,69.6500015258789,68.77999877929688,68.80000305175781,16882500
2021-06-21,68.76000213623047,69.20999908447266,68.72000122070312,69.13999938964844,14278400
2021-06-22,69.1500015258789,69.52999877929688,69.04000091552734,69.23999786376953,8351000
2021-06-23,69.18000030517578,69.19000244140625,68.80999755859375,68.80999755859375,7072900
2021-06-24,68.83000183105469,69.2300033569336,68.7699966430664,69.1500015258789,6343700
2021-06-25,69.19000244140625,69.76000213623047,69.06999969482422,69.68000030517578,9241300
2021-06-28,69.7300033569336,69.93000030517578,69.58000183105469,69.73999786376953,7570600
2021-06-29,69.77999877929688,69.9000015258789,69.31999969482422,69.43000030517578,13155400
2021-06-30,69.58000183105469,70.05999755859375,69.55000305175781,69.97000122070312,8815100
2021-07-01,70.0,70.16999816894531,69.6500015258789,69.76000213623047,11633100
2021-07-02,69.91999816894531,70.13999938964844,69.83000183105469,69.93000030517578,20733300
2021-07-06,69.7699966430664,69.80000305175781,69.30999755859375,69.63999938964844,7595700
2021-07-07,69.62000274658203,70.27999877929688,69.61000061035156,70.01000213623047,7880500
2021-07-08,69.68000030517578,70.05999755859375,69.4800033569336,69.75,9212900
2021-07-09,70.0199966430664,70.27999877929688,69.87999725341797,70.1500015258789,6286900
2021-07-12,70.02999877929688,70.13999938964844,69.7699966430664,70.04000091552734,7384200
2021-07-13,70.0199966430664,70.44999694824219,69.87999725341797,70.0199966430664,12057600
2021-07-14,70.11000061035156,70.73999786376953,70.01000213623047,70.63999938964844,7616100
2021-07-15,70.52999877929688,70.94000244140625,70.33000183105469,70.93000030517578,8662500
2021-07-16,71.05000305175781,71.30999755859375,70.94999694824219,71.04000091552734,8634300
2021-07-19,70.80000305175781,71.2699966430664,70.19999694824219,70.83000183105469,20734400
2021-07-20,70.81999969482422,71.54000091552734,70.66000366210938,70.8499984741211,20404900
2021-07-21,71.18000030517578,71.23999786376953,70.6500015258789,70.66999816894531,9366300
2021-07-22,70.48999786376953,70.73999786376953,70.0999984741211,70.55000305175781,9632100
2021-07-23,70.56999969482422,71.48999786376953,70.47000122070312,71.4000015258789,9732400
2021-07-26,71.29000091552734,71.62999725341797,71.11000061035156,71.5199966430664,5952200
2021-07-27,71.5,71.9800033569336,71.2699966430664,71.66999816894531,14720700
2021-07-28,71.5,71.58999633789062,70.88999938964844,71.04000091552734,9114100
2021-07-29,71.30000305175781,71.58999633789062,71.2300033569336,71.38999938964844,8811100
2021-07-30,71.5,71.87999725341797,71.4000015258789,71.51000213623047,10403700
2021-08-02,71.51000213623047,71.58000183105469,71.12999725341797,71.20999908447266,12049800
2021-08-03,71.2300033569336,71.66000366210938,71.05999755859375,71.52999877929688,8647700
2021-08-04,71.27999877929688,71.45999908447266,70.55000305175781,70.5999984741211,8886500
2021-08-05,70.97000122070312,71.08999633789062,70.7699966430664,70.94000244140625,7063000
2021-08-06,71.0999984741211,71.2300033569336,70.80999755859375,70.94000244140625,13492100
2021-08-09,71.16999816894531,71.31999969482422,71.01000213623047,71.19999694824219,9054900
2021-08-10,71.33999633789062,71.73999786376953,71.22000122070312,71.70999908447266,11291700
2021-08-11,71.88999938964844,72.23999786376953,71.83000183105469,71.94999694824219,14992700
2021-08-12,71.98999786376953,72.04000091552734,71.77999877929688,71.91000366210938,6432100
2021-08-13,72.0,72.58000183105469,71.88999938964844,72.51000213623047,8808500
2021-08-16,72.51000213623047,72.94999694824219,72.37999725341797,72.93000030517578,7903100
2021-08-17,72.80000305175781,73.25,72.62999725341797,72.97000122070312,15666000
2021-08-18,72.83000183105469,72.94000244140625,72.01000213623047,72.05999755859375,10669200
2021-08-19,71.73999786376953,72.79000091552734,71.69999694824219,72.63999938964844,13035600
2021-08-20,72.62999725341797,73.05000305175781,72.36000061035156,72.76000213623047,10454500
2021-08-23,72.7699966430664,72.9000015258789,72.5,72.52999877929688,8794500
2021-08-24,72.48999786376953,72.51000213623047,71.87999725341797,71.9800033569336,8494200
2021-08-25,71.93000030517578,72.02999877929688,71.61000061035156,71.86000061035156,8007400
2021-08-26,71.76000213623047,71.80999755859375,71.29000091552734,71.52999877929688,13078000
2021-08-27,71.5999984741211,71.91000366210938,71.36000061035156,71.77999877929688,9126200
2021-08-30,71.80000305175781,72.16999816894531,71.7300033569336,72.0999984741211,5645800
2021-08-31,72.16000366210938,72.33999633789062,71.9800033569336,72.26000213623047,8037000
2021-09-01,72.31999969482422,72.70999908447266,72.19000244140625,72.63999938964844,8399100
2021-09-02,72.79000091552734,73.04000091552734,72.66000366210938,72.91999816894531,6623300
2021-09-03,72.69999694824219,72.94000244140625,72.48999786376953,72.83000183105469,6010700
2021-09-07,72.70999908447266,72.70999908447266,71.94000244140625,71.98999786376953,9206300
2021-09-08,71.9000015258789,72.69000244140625,71.86000061035156,72.61000061035156,10662900
2021-09-09,72.54000091552734,72.55999755859375,72.12000274658203,72.19000244140625,7741500
2021-09-10,72.33000183105469,72.36000061035156,71.73999786376953,71.87999725341797,10269900
2021-09-13,72.16000366210938,72.68000030517578,71.88999938964844,72.05999755859375,13798000
2021-09-14,72.23999786376953,72.29000091552734,71.61000061035156,71.7300033569336,9145500
2021-09-15,71.7300033569336,72.11000061035156,71.55999755859375,71.98999786376953,8824700
2021-09-16,71.9000015258789,72.12000274658203,71.1500015258789,71.75,9789900
2021-09-17,71.55999755859375,71.81999969482422,71.3499984741211,71.36000061035156,13150000
2021-09-20,70.43000030517578,70.83999633789062,69.66999816894531,70.20999908447266,17880700
2021-09-21,70.41000366210938,70.97000122070312,70.0,70.12999725341797,11140400
2021-09-22,70.58999633789062,70.7699966430664,70.19000244140625,70.33000183105469,10025900
2021-09-23,70.43000030517578,70.91000366210938,70.36000061035156,70.58999633789062,8440500
2021-09-24,70.48999786376953,70.93000030517578,70.48999786376953,70.62000274658203,6717300
2021-09-27,70.51000213623047,70.83999633789062,70.23999786376953,70.30000305175781,8467100
2021-09-28,70.11000061035156,70.19000244140625,69.22000122070312,69.47000122070312,14982900
2021-09-29,69.61000061035156,70.45999908447266,69.45999908447266,70.0999984741211,13329500
2021-09-30,70.2699966430664,70.33000183105469,68.80999755859375,68.83999633789062,16259900
2021-10-01,69.05000305175781,69.3499984741211,68.37000274658203,69.0199966430664,15889200
2021-10-04,69.0,69.48999786376953,68.31999969482422,68.80000305175781,20351600
2021-10-05,68.97000122070312,69.45999908447266,68.81999969482422,69.1500015258789,16186100
2021-10-06,68.79000091552734,69.88999938964844,68.70999908447266,69.81999969482422,14909900
2021-10-07,70.16999816894531,70.75,70.08000183105469,70.12999725341797,8396800
2021-10-08,70.18000030517578,70.33999633789062,69.91999816894531,70.05000305175781,7285700
2021-10-11,70.16000366210938,70.41000366210938,69.97000122070312,70.02999877929688,8218300
2021-10-12,70.08999633789062,70.5999984741211,69.91000366210938,70.05999755859375,12401200
2021-10-13,70.12999725341797,70.37999725341797,69.58000183105469,70.19000244140625,9548300
2021-10-14,70.44999694824219,71.08999633789062,70.4000015258789,70.9800033569336,9975100
2021-10-15,71.22000122070312,71.25,70.61000061035156,70.80999755859375,11575200
2021-10-18,70.5,70.72000122070312,70.0199966430664,70.38999938964844,10043300
2021-10-19,70.2699966430664,70.43000030517578,69.93000030517578,70.41999816894531,10203100
2021-10-20,70.48999786376953,71.06999969482422,70.43000030517578,70.83000183105469,8829700
2021-10-21,70.93000030517578,70.98999786376953,70.66000366210938,70.73999786376953,7976400
2021-10-22,70.87999725341797,71.4000015258789,70.81999969482422,71.29000091552734,9575700
2021-10-25,71.23999786376953,71.4000015258789,70.73999786376953,71.23999786376953,6844600
2021-10-26,71.25,71.66999816894531,71.19999694824219,71.48999786376953,8805500
2021-10-27,71.86000061035156,71.91000366210938,71.04000091552734,71.06999969482422,10334900
2021-10-28,71.08999633789062,71.3499984741211,70.97000122070312,71.31999969482422,8614800
2021-10-29,71.13999938964844,71.52999877929688,71.06999969482422,71.25,8105300
2021-11-01,71.4000015258789,71.5199966430664,71.11000061035156,71.36000061035156,7033700
2021-11-02,71.4000015258789,72.0,71.19000244140625,71.83999633789062,9942700
2021-11-03,71.8499984741211,72.51000213623047,71.80000305175781,72.51000213623047,10471100
2021-11-04,72.25,72.63999938964844,72.05999755859375,72.58000183105469,11701700
2021-11-05,72.86000061035156,73.12000274658203,72.72000122070312,73.0,9929100
2021-11-08,73.02999877929688,73.08000183105469,72.08000183105469,72.41999816894531,12813600
2021-11-09,72.44000244140625,72.73999786376953,72.19999694824219,72.66999816894531,13527600
2021-11-10,72.73999786376953,73.08000183105469,72.61000061035156,72.88999938964844,11350400
2021-11-11,72.94000244140625,72.9800033569336,72.66999816894531,72.83999633789062,6319100
2021-11-12,72.98999786376953,73.18000030517578,72.72000122070312,72.83999633789062,7469800
2021-11-15,72.97000122070312,73.2699966430664,72.83000183105469,73.19000244140625,6381300
2021-11-16,73.13999938964844,73.37999725341797,72.69999694824219,72.7300033569336,6562200
2021-11-17,72.66000366210938,72.80000305175781,72.44000244140625,72.56999969482422,10444900
2021-11-18,72.37999725341797,72.4800033569336,71.95999908447266,72.30999755859375,11269500
2021-11-19,72.47000122070312,72.48999786376953,72.01000213623047,72.05000305175781,11924000
2021-11-22,72.13999938964844,73.12000274658203,72.05999755859375,72.62000274658203,13425400
2021-11-23,72.62999725341797,73.22000122070312,72.51000213623047,73.0999984741211,13405700
2021-11-24,73.0,73.11000061035156,72.55000305175781,72.87999725341797,9556400
2021-11-26,72.38999938964844,72.72000122070312,71.69999694824219,71.95999908447266,11715600
2021-11-29,72.04000091552734,72.41999816894531,71.68000030517578,72.13999938964844,13646600
2021-11-30,71.69000244140625,71.75,70.13999938964844,70.29000091552734,23715100
2021-12-01,70.7699966430664,71.36000061035156,69.91999816894531,69.94999694824219,22897400
2021-12-02,70.19000244140625,71.13999938964844,70.19000244140625,70.69000244140625,18704000
2021-12-03,71.08000183105469,71.68000030517578,70.87000274658203,71.56999969482422,22867600
2021-12-06,72.08000183105469,73.0999984741211,72.06999969482422,72.83000183105469,18524400
2021-12-07,72.94999694824219,73.3499984741211,72.80999755859375,72.98999786376953,13169300
2021-12-08,72.87000274658203,73.19000244140625,72.13999938964844,72.76000213623047,14489800
2021-12-09,72.75,73.22000122070312,72.44000244140625,72.95999908447266,8613900
2021-12-10,73.38999938964844,74.23999786376953,73.26000213623047,74.19000244140625,10890000
2021-12-13,74.16999816894531,75.38999938964844,74.05999755859375,75.16000366210938,16518100
2021-12-14,75.01000213623047,75.33000183105469,74.72000122070312,75.20999908447266,16048300
2021-12-15,75.22000122070312,76.05999755859375,75.19000244140625,75.97000122070312,21277000
2021-12-16,75.91000366210938,76.77999877929688,75.9000015258789,76.51000213623047,14499000
2021-12-17,76.23999786376953,76.62000274658203,75.16000366210938,75.19999694824219,23809700
2021-12-20,74.12000274658203,74.75,74.02999877929688,74.70999908447266,14116700
2021-12-21,74.70999908447266,74.76000213623047,74.16999816894531,74.61000061035156,11872100
2021-12-22,74.58000183105469,75.11000061035156,74.29000091552734,75.08000183105469,7650200
2021-12-23,75.26000213623047,75.51000213623047,75.13999938964844,75.25,8089000
2021-12-27,75.30000305175781,76.05000305175781,75.30000305175781,76.05000305175781,7343200
2021-12-28,75.95999908447266,76.55999755859375,75.95999908447266,76.4800033569336,7285200
2021-12-29,76.55999755859375,77.0199966430664,76.43000030517578,76.83000183105469,7891600
2021-12-30,77.0199966430664,77.0999984741211,76.54000091552734,76.58999633789062,6802800
2021-12-31,76.54000091552734,77.2300033569336,76.5,77.11000061035156,11289000
2022-01-03,76.66000366210938,77.13999938964844,76.0199966430664,77.0999984741211,22320300
2022-01-04,77.08000183105469,77.86000061035156,77.05000305175781,77.62000274658203,23066000
2022-01-05,77.5199966430664,78.18000030517578,77.48999786376953,77.55000305175781,29748500
2022-01-06,77.5,77.9800033569336,77.2300033569336,77.33999633789062,25023900
2022-01-07,77.22000122070312,77.72000122070312,77.01000213623047,77.41999816894531,12650300
2022-01-10,77.30000305175781,77.45999908447266,76.55999755859375,76.80999755859375,18578300
2022-01-11,76.7300033569336,76.79000091552734,75.87999725341797,76.72000122070312,19571600
2022-01-12,76.66999816894531,76.80999755859375,76.38999938964844,76.75,11155200
2022-01-13,76.83000183105469,77.05000305175781,76.58000183105469,76.88999938964844,14287300
2022-01-14,76.69999694824219,77.12999725341797,76.3499984741211,77.02999877929688,21391700
2022-01-18,76.45999908447266,76.4800033569336,75.68000030517578,75.91999816894531,16683800
2022-01-19,76.05999755859375,76.93000030517578,76.04000091552734,76.4000015258789,18518500
2022-01-20,76.33000183105469,76.9800033569336,75.83000183105469,75.9000015258789,15677800
2022-01-21,76.27999877929688,76.93000030517578,75.83999633789062,75.95999908447266,25270600
2022-01-24,75.66000366210938,76.16000366210938,74.11000061035156,75.70999908447266,35518900
2022-01-25,75.05000305175781,75.30999755859375,73.97000122070312,74.87000274658203,28638500
2022-01-26,74.63999938964844,75.30999755859375,73.86000061035156,74.30000305175781,33222000
2022-01-27,74.88999938964844,75.9800033569336,74.51000213623047,74.80000305175781,23816500
2022-01-28,74.41000366210938,75.72000122070312,73.76000213623047,75.68000030517578,25111500
2022-01-31,75.22000122070312,76.04000091552734,75.05000305175781,75.97000122070312,15453000
2022-02-01,75.97000122070312,76.13999938964844,75.12000274658203,75.9000015258789,15620900
2022-02-02,75.9800033569336,76.93000030517578,75.91000366210938,76.80999755859375,13630400
2022-02-03,76.45999908447266,77.20999908447266,76.3499984741211,76.83000183105469,14414700
2022-02-04,76.30999755859375,76.66999816894531,75.45999908447266,75.88999938964844,17939500
2022-02-07,76.19000244140625,76.4000015258789,75.58999633789062,76.02999877929688,10949400
2022-02-08,76.20999908447266,76.52999877929688,75.91000366210938,76.31999969482422,11472900
2022-02-09,76.69000244140625,76.86000061035156,76.20999908447266,76.33999633789062,14899300
2022-02-10,75.91999816894531,76.2699966430664,75.25,75.5199966430664,19828500
2022-02-11,75.73999786376953,76.0199966430664,75.02999877929688,75.25,18498300
2022-02-14,75.25,75.52999877929688,74.04000091552734,75.04000091552734,23550800
2022-02-15,75.48999786376953,75.97000122070312,74.81999969482422,75.16999816894531,12300400
2022-02-16,75.12999725341797,75.58000183105469,74.58000183105469,75.30999755859375,13507700
2022-02-17,75.12000274658203,76.0999984741211,74.9000015258789,75.88999938964844,12873300
2022-02-18,75.83000183105469,76.31999969482422,75.58000183105469,76.02999877929688,16470100
2022-02-22,76.08999633789062,76.1500015258789,74.95999908447266,75.44000244140625,21545800
2022-02-23,75.69000244140625,75.7300033569336,74.7300033569336,74.83000183105469,15134300
2022-02-24,73.83999633789062,74.0,72.19000244140625,73.54000091552734,30125500
2022-02-25,73.97000122070312,76.0199966430664,73.94000244140625,75.91000366210938,21141600
2022-02-28,74.77999877929688,75.20999908447266,74.08999633789062,74.9000015258789,20975100
2022-03-01,74.69999694824219,75.30999755859375,74.05999755859375,74.45999908447266,18750300
2022-03-02,74.4800033569336,75.58999633789062,74.37999725341797,75.25,18935000
2022-03-03,75.58000183105469,76.30999755859375,75.5199966430664,75.86000061035156,19576500
2022-03-04,75.0,76.02999877929688,74.70999908447266,75.87000274658203,22078900
2022-03-07,75.45999908447266,75.79000091552734,74.4000015258789,74.48999786376953,20057300
2022-03-08,74.56999969482422,74.76000213623047,72.43000030517578,72.4800033569336,29710400
2022-03-09,73.61000061035156,73.62999725341797,72.66000366210938,72.97000122070312,18254000
2022-03-10,72.44999694824219,72.7300033569336,71.5999984741211,72.27999877929688,21892400
2022-03-11,72.54000091552734,72.94000244140625,71.33999633789062,71.44000244140625,14276500
2022-03-14,71.88999938964844,72.54000091552734,71.43000030517578,71.81999969482422,18438900
2022-03-15,72.47000122070312,73.5199966430664,72.30000305175781,73.43000030517578,17078100
2022-03-16,73.61000061035156,73.88999938964844,72.45999908447266,73.51000213623047,18783200
2022-03-17,73.45999908447266,74.1500015258789,73.29000091552734,74.0199966430664,14484600
2022-03-18,74.08999633789062,74.26000213623047,73.52999877929688,74.19000244140625,20278600
2022-03-21,74.04000091552734,74.61000061035156,73.54000091552734,73.94999694824219,17659100
2022-03-22,74.5,74.6500015258789,73.87000274658203,74.5,11667300
2022-03-23,74.58999633789062,74.77999877929688,73.83000183105469,73.9000015258789,14027800
2022-03-24,74.19999694824219,74.44999694824219,73.94999694824219,74.41999816894531,9458800
2022-03-25,74.5999984741211,75.19000244140625,74.52999877929688,75.04000091552734,12508400
2022-03-28,75.06999969482422,75.3499984741211,74.62999725341797,75.3499984741211,11602600
2022-03-29,75.94000244140625,76.16000366210938,75.33999633789062,76.0199966430664,16595100
2022-03-30,75.72000122070312,76.08000183105469,75.4000015258789,76.06999969482422,13367500
2022-03-31,75.9800033569336,76.3499984741211,75.76000213623047,75.88999938964844,12388500
2022-04-01,76.02999877929688,76.73999786376953,75.73999786376953,76.6500015258789,12644000
2022-04-04,76.5199966430664,76.5199966430664,75.54000091552734,76.41000366210938,9618400
2022-04-05,76.05999755859375,77.2699966430664,76.05999755859375,76.4800033569336,12717200
2022-04-06,76.4800033569336,77.55000305175781,76.1500015258789,77.44999694824219,23849600
2022-04-07,77.70999908447266,78.55999755859375,77.48999786376953,78.38999938964844,18311500
2022-04-08,78.5999984741211,78.95999908447266,78.25,78.72000122070312,13879400
2022-04-11,78.86000061035156,79.12000274658203,78.25,78.4000015258789,18229900
2022-04-12,78.41000366210938,78.95999908447266,78.13999938964844,78.41999816894531,19804800
2022-04-13,78.36000061035156,78.97000122070312,78.3499984741211,78.86000061035156,11715500
2022-04-14,78.98999786376953,79.38999938964844,78.79000091552734,78.83999633789062,12195600
2022-04-18,78.66000366210938,78.94999694824219,77.97000122070312,78.19000244140625,11426700
2022-04-19,78.22000122070312,79.48999786376953,78.1500015258789,79.37999725341797,12814100
2022-04-20,79.81999969482422,80.75,79.7699966430664,80.56999969482422,21659600
2022-04-21,80.7300033569336,81.33999633789062,80.44000244140625,80.5,18501800
2022-04-22,80.69000244140625,80.79000091552734,79.16999816894531,79.23999786376953,19747900
2022-04-25,79.48999786376953,79.83000183105469,78.18000030517578,79.58999633789062,30868200
2022-04-26,79.47000122070312,79.8499984741211,78.33999633789062,78.36000061035156,26864500
2022-04-27,78.52999877929688,79.47000122070312,78.31999969482422,78.6500015258789,29441700
2022-04-28,78.76000213623047,79.9000015258789,78.3499984741211,79.80999755859375,22128500
2022-04-29,79.41000366210938,79.52999877929688,77.54000091552734,77.63999938964844,27802900
2022-05-02,78.18000030517578,78.29000091552734,75.48999786376953,76.62000274658203,55145100
2022-05-03,76.48999786376953,77.12000274658203,75.9000015258789,76.4000015258789,47646900
2022-05-04,76.43000030517578,78.2300033569336,76.19999694824219,78.12000274658203,37161600
2022-05-05,77.69999694824219,77.87999725341797,76.06999969482422,76.63999938964844,32186100
2022-05-06,76.36000061035156,77.11000061035156,75.97000122070312,76.72000122070312,34046900
2022-05-09,76.12999725341797,77.37000274658203,75.7699966430664,76.69000244140625,33323800
2022-05-10,77.08000183105469,77.33000183105469,75.8499984741211,76.16000366210938,32510900
2022-05-11,76.25,77.11000061035156,75.7699966430664,75.83000183105469,30110100
2022-05-12,75.9800033569336,76.36000061035156,75.0,75.80999755859375,29049700
2022-05-13,76.19000244140625,77.01000213623047,75.7300033569336,76.94999694824219,15405300
2022-05-16,76.9000015258789,77.6500015258789,76.56999969482422,77.30000305175781,14613700
2022-05-17,77.02999877929688,77.2300033569336,75.98999786376953,76.7699966430664,20637000
2022-05-18,75.93000030517578,75.95999908447266,71.5999984741211,71.83000183105469,40188900
2022-05-19,71.43000030517578,71.44999694824219,70.08000183105469,70.55000305175781,38772000
2022-05-20,70.94999694824219,70.97000122070312,69.58000183105469,70.69999694824219,26185000
2022-05-23,71.4800033569336,72.41999816894531,71.2699966430664,72.16000366210938,17710900
2022-05-24,71.98999786376953,73.44999694824219,71.87000274658203,73.33999633789062,23272400
2022-05-25,73.19999694824219,73.56999969482422,72.73999786376953,73.36000061035156,16647300
2022-05-26,73.69999694824219,74.5199966430664,73.58000183105469,74.13999938964844,16580500
2022-05-27,74.25,75.0,74.12000274658203,75.0,16921300
2022-05-31,74.5999984741211,74.95999908447266,73.69000244140625,74.47000122070312,19212200
2022-06-01,74.56999969482422,74.62999725341797,73.01000213623047,73.5,17552000
2022-06-02,73.66999816894531,74.56999969482422,72.45999908447266,74.56999969482422,17618500
2022-06-03,74.26000213623047,74.55000305175781,73.62999725341797,73.81999969482422,9750300
2022-06-06,74.33000183105469,74.55999755859375,73.5999984741211,73.8499984741211,10924200
2022-06-07,72.88999938964844,74.33999633789062,72.88999938964844,74.23999786376953,9070200
2022-06-08,73.81999969482422,73.98999786376953,73.27999877929688,73.33000183105469,7896600
2022-06-09,73.26000213623047,73.97000122070312,72.20999908447266,72.2300033569336,9442200
2022-06-10,71.33999633789062,72.48999786376953,70.97000122070312,71.91999816894531,17720500
2022-06-13,70.8499984741211,71.33999633789062,70.08000183105469,70.37000274658203,22813000
2022-06-14,70.3499984741211,70.66999816894531,69.04000091552734,69.54000091552734,19864600
2022-06-15,70.02999877929688,70.58999633789062,68.83000183105469,69.61000061035156,20069400
2022-06-16,68.66000366210938,69.61000061035156,68.22000122070312,69.08000183105469,19017100
2022-06-17,69.19999694824219,69.58000183105469,68.5199966430664,68.83000183105469,24825300
2022-06-21,69.12999725341797,70.33000183105469,68.80000305175781,70.13999938964844,16147200
2022-06-22,69.79000091552734,70.56999969482422,69.5199966430664,70.08999633789062,15207200
2022-06-23,70.56999969482422,71.5199966430664,70.5,71.44999694824219,16570700
2022-06-24,72.08000183105469,72.87999725341797,71.81999969482422,72.8499984741211,13437000
2022-06-27,72.91999816894531,73.04000091552734,72.44000244140625,72.6500015258789,10936500
2022-06-28,72.86000061035156,73.31999969482422,71.62000274658203,71.68000030517578,11004000
2022-06-29,71.95999908447266,72.43000030517578,71.79000091552734,72.12999725341797,9230600
2022-06-30,71.76000213623047,72.5,71.33000183105469,72.18000030517578,12670700
2022-07-01,72.19999694824219,73.2699966430664,72.08000183105469,73.22000122070312,11664100
2022-07-05,72.7300033569336,72.9800033569336,71.58000183105469,72.75,12828700
2022-07-06,73.0199966430664,73.47000122070312,72.7300033569336,72.95999908447266,11768100
2022-07-07,72.9000015258789,73.1500015258789,72.5999984741211,73.02999877929688,8476300
2022-07-08,73.05999755859375,73.4800033569336,72.66999816894531,72.9000015258789,10732500
2022-07-11,72.80999755859375,73.30000305175781,72.55000305175781,72.80000305175781,7172500
2022-07-12,72.9000015258789,73.55000305175781,72.33000183105469,72.58999633789062,11032200
2022-07-13,72.16999816894531,73.29000091552734,71.98999786376953,72.63999938964844,13851600
2022-07-14,71.70999908447266,72.80999755859375,71.69000244140625,72.69999694824219,10801700
2022-07-15,73.18000030517578,73.41000366210938,72.6500015258789,72.94000244140625,9300100
2022-07-18,73.06999969482422,73.19000244140625,72.0999984741211,72.2300033569336,8473600
2022-07-19,72.83000183105469,73.12999725341797,72.62999725341797,72.98999786376953,8729100
2022-07-20,73.06999969482422,73.13999938964844,72.12000274658203,72.5,10232000
2022-07-21,72.36000061035156,72.88999938964844,72.1500015258789,72.72000122070312,11944800
2022-07-22,72.87999725341797,73.41000366210938,72.7699966430664,73.19999694824219,9369800
2022-07-25,73.29000091552734,73.7300033569336,73.13999938964844,73.55999755859375,8157500
2022-07-26,72.88999938964844,73.5,72.6500015258789,73.38999938964844,9764200
2022-07-27,73.25,74.0999984741211,72.69000244140625,73.88999938964844,10995600
2022-07-28,73.94000244140625,75.22000122070312,73.80999755859375,75.06999969482422,9372000
2022-07-29,74.20999908447266,74.61000061035156,74.01000213623047,74.48999786376953,13198900
2022-08-01,74.38999938964844,75.66000366210938,74.36000061035156,75.41999816894531,13150400
2022-08-02,75.37000274658203,75.51000213623047,74.70999908447266,74.81999969482422,10632700
2022-08-03,74.83999633789062,75.45999908447266,74.52999877929688,75.30999755859375,12808400
2022-08-04,75.13999938964844,75.3499984741211,74.51000213623047,74.80999755859375,11983600
2022-08-05,74.44000244140625,74.69000244140625,73.94000244140625,74.63999938964844,7125700
2022-08-08,74.93000030517578,75.16000366210938,74.41999816894531,74.5999984741211,6966100
2022-08-09,74.70999908447266,74.81999969482422,74.3499984741211,74.48999786376953,8086200
2022-08-10,75.19999694824219,75.2699966430664,74.77999877929688,75.04000091552734,11262300
2022-08-11,75.36000061035156,75.5999984741211,74.69000244140625,74.86000061035156,8959500
2022-08-12,75.08999633789062,75.51000213623047,74.80000305175781,75.51000213623047,11094400
2022-08-15,75.47000122070312,76.33999633789062,75.3499984741211,76.26000213623047,10207200
2022-08-16,76.54000091552734,77.4000015258789,76.4800033569336,77.12000274658203,12312600
2022-08-17,76.80000305175781,77.19999694824219,76.70999908447266,76.9000015258789,9667600
2022-08-18,76.77999877929688,77.2699966430664,76.69000244140625,77.16000366210938,5777700
2022-08-19,76.91999816894531,77.27999877929688,76.7699966430664,76.91000366210938,6456500
2022-08-22,76.68000030517578,76.69999694824219,76.0,76.12999725341797,7113700
2022-08-23,75.8499984741211,75.91000366210938,75.47000122070312,75.80000305175781,10183400
2022-08-24,75.93000030517578,76.1500015258789,75.66999816894531,75.98999786376953,8061900
2022-08-25,76.0199966430664,76.33999633789062,75.66000366210938,76.33999633789062,6105000
2022-08-26,76.37999725341797,76.47000122070312,74.36000061035156,74.44999694824219,11212500
2022-08-29,74.01000213623047,74.75,73.81999969482422,74.33000183105469,13214300
2022-08-30,74.47000122070312,74.47000122070312,73.37000274658203,73.55999755859375,10316700
2022-08-31,73.79000091552734,73.91999816894531,73.11000061035156,73.11000061035156,10397800
2022-09-01,72.86000061035156,73.68000030517578,72.58000183105469,73.5199966430664,15968200
2022-09-02,74.08000183105469,74.37000274658203,72.33000183105469,72.55999755859375,15846700
2022-09-06,72.5999984741211,73.18000030517578,72.05000305175781,72.1500015258789,21871800
2022-09-07,72.37999725341797,73.54000091552734,72.31999969482422,73.44999694824219,19632300
2022-09-08,73.08999633789062,73.54000091552734,72.4000015258789,73.26000213623047,14843900
2022-09-09,73.44999694824219,74.47000122070312,73.18000030517578,73.9800033569336,18139000
2022-09-12,74.04000091552734,74.5199966430664,73.94000244140625,74.2699966430664,8680000
2022-09-13,73.6500015258789,73.75,71.58999633789062,71.79000091552734,12940800
2022-09-14,72.01000213623047,72.0999984741211,71.33999633789062,71.76000213623047,12291500
2022-09-15,71.72000122070312,71.79000091552734,70.97000122070312,71.16000366210938,11234700
2022-09-16,70.91000366210938,71.41000366210938,70.9000015258789,71.33000183105469,13452600
2022-09-19,70.5999984741211,71.38999938964844,70.5999984741211,71.33999633789062,9370400
2022-09-20,70.87000274658203,71.11000061035156,70.4000015258789,70.94999694824219,9169900
2022-09-21,71.37999725341797,72.08000183105469,70.63999938964844,70.68000030517578,14189700
2022-09-22,70.73999786376953,71.05999755859375,70.44999694824219,70.58000183105469,10428400
2022-09-23,70.19000244140625,70.19000244140625,68.66000366210938,69.37999725341797,15909500
2022-09-26,69.2300033569336,70.02999877929688,69.0999984741211,69.43000030517578,11638000
2022-09-27,69.7699966430664,70.1500015258789,68.0999984741211,68.2300033569336,17159300
2022-09-28,68.54000091552734,69.38999938964844,67.94000244140625,69.05000305175781,14259200
2022-09-29,68.88999938964844,69.02999877929688,67.48999786376953,67.91000366210938,13508200
2022-09-30,68.08000183105469,68.19000244140625,66.68000030517578,66.7300033569336,13427400
2022-10-03,67.20999908447266,68.05000305175781,66.83999633789062,67.87999725341797,12703300
2022-10-04,68.29000091552734,69.2699966430664,68.27999877929688,68.91000366210938,13366400
2022-10-05,68.55000305175781,68.87999725341797,67.79000091552734,68.51000213623047,10596100
2022-10-06,68.48999786376953,68.61000061035156,67.36000061035156,67.51000213623047,10607000
2022-10-07,67.37999725341797,67.45999908447266,66.23999786376953,66.5,13741600
2022-10-10,66.62000274658203,67.0199966430664,66.18000030517578,66.73999786376953,11799000
2022-10-11,66.77999877929688,67.9000015258789,66.66999816894531,67.29000091552734,10783400
2022-10-12,67.94999694824219,68.41999816894531,67.63999938964844,67.6500015258789,10963200
2022-10-13,67.0,69.02999877929688,66.69000244140625,68.7699966430664,18475600
2022-10-14,69.18000030517578,69.26000213623047,67.41999816894531,67.52999877929688,11611200
2022-10-17,68.23999786376953,68.5999984741211,68.0999984741211,68.26000213623047,9105200
2022-10-18,69.27999877929688,69.62000274658203,68.73999786376953,69.1500015258789,11000700
2022-10-19,69.25,69.62000274658203,68.55000305175781,68.83000183105469,8985300
2022-10-20,68.86000061035156,69.0199966430664,67.80999755859375,67.87000274658203,10023200
2022-10-21,67.83000183105469,69.08000183105469,67.61000061035156,68.91000366210938,9613300
2022-10-24,69.4000015258789,70.29000091552734,69.25,70.1500015258789,11076000
2022-10-25,70.30999755859375,71.16000366210938,69.91000366210938,71.06999969482422,10619600
2022-10-26,71.2300033569336,72.05000305175781,71.01000213623047,71.54000091552734,9483700
2022-10-27,71.61000061035156,72.06999969482422,71.48999786376953,71.5999984741211,9988200
2022-10-28,71.7300033569336,73.30000305175781,71.69999694824219,73.16999816894531,9545400
2022-10-31,72.95999908447266,73.19000244140625,72.55000305175781,72.73999786376953,9201000
2022-11-01,72.91999816894531,73.2699966430664,72.25,72.51000213623047,9535200
2022-11-02,72.36000061035156,73.08000183105469,71.20999908447266,71.25,16291600
2022-11-03,70.6500015258789,71.33000183105469,70.48999786376953,71.01000213623047,10624500
2022-11-04,71.86000061035156,72.25,70.91000366210938,71.8499984741211,11938600
2022-11-07,72.0,72.62000274658203,71.86000061035156,72.48999786376953,7133600
2022-11-08,72.70999908447266,73.1500015258789,71.94999694824219,72.69999694824219,9091700
2022-11-09,72.5199966430664,72.97000122070312,71.8499984741211,71.91000366210938,9465200
2022-11-10,73.44999694824219,73.79000091552734,72.37999725341797,73.5999984741211,19286100
2022-11-11,73.80000305175781,73.87999725341797,72.37000274658203,73.5199966430664,14289300
2022-11-14,73.44999694824219,74.11000061035156,72.9000015258789,72.94000244140625,14803000
2022-11-15,73.86000061035156,74.0999984741211,72.94999694824219,73.55000305175781,15064200
2022-11-16,73.6500015258789,74.27999877929688,73.61000061035156,73.91000366210938,9748600
2022-11-17,73.26000213623047,73.93000030517578,73.26000213623047,73.88999938964844,7827000
2022-11-18,74.48999786376953,74.7699966430664,74.18000030517578,74.68000030517578,9070800
2022-11-21,74.81999969482422,75.5,74.66999816894531,75.38999938964844,8054900
2022-11-22,75.94999694824219,76.01000213623047,75.66000366210938,75.94000244140625,6307100
2022-11-23,76.0,76.3499984741211,75.9000015258789,76.19999694824219,6286400
2022-11-25,76.30000305175781,76.30999755859375,76.0999984741211,76.25,2978000
2022-11-28,75.97000122070312,76.37999725341797,75.8499984741211,75.95999908447266,8698300
2022-11-29,75.76000213623047,75.91999816894531,75.27999877929688,75.66999816894531,7755100
2022-11-30,75.62000274658203,77.20999908447266,75.22000122070312,77.19000244140625,11704200
2022-12-01,77.05000305175781,77.13999938964844,76.5199966430664,76.83999633789062,10215700
2022-12-02,76.27999877929688,77.29000091552734,76.19000244140625,77.19000244140625,6087200
2022-12-05,76.36000061035156,76.44999694824219,76.0,76.22000122070312,8632900
2022-12-06,76.30000305175781,76.58999633789062,75.37999725341797,75.75,8136300
2022-12-07,75.88999938964844,76.2300033569336,75.75,76.06999969482422,7298700
2022-12-08,75.94999694824219,76.48999786376953,75.8499984741211,76.4800033569336,7803400
2022-12-09,76.11000061035156,76.44000244140625,75.87999725341797,75.88999938964844,9761700
2022-12-12,76.02999877929688,76.69999694824219,75.79000091552734,76.69000244140625,6996800
2022-12-13,77.44999694824219,77.62000274658203,76.0999984741211,76.58000183105469,11349000
2022-12-14,76.69999694824219,77.2699966430664,76.08000183105469,76.52999877929688,13820200
2022-12-15,75.88999938964844,76.04000091552734,74.66999816894531,75.2300033569336,11281000
2022-12-16,74.83999633789062,75.0999984741211,74.20999908447266,74.86000061035156,14561500
2022-12-19,74.30999755859375,74.94000244140625,73.83999633789062,74.27999877929688,8093900
2022-12-20,74.1500015258789,74.51000213623047,73.80999755859375,74.22000122070312,7368900
2022-12-21,74.58000183105469,75.25,74.52999877929688,74.95999908447266,7953100
2022-12-22,74.69000244140625,74.83000183105469,73.95999908447266,74.79000091552734,6888300
2022-12-23,74.83000183105469,75.2300033569336,74.58000183105469,75.18000030517578,4874700
2022-12-27,75.27999877929688,75.69000244140625,75.12000274658203,75.54000091552734,4839700
2022-12-28,75.76000213623047,75.86000061035156,74.5999984741211,74.5999984741211,5028900
2022-12-29,74.9000015258789,75.19000244140625,74.77999877929688,74.91999816894531,5574800
2022-12-30,74.7699966430664,74.83000183105469,74.01000213623047,74.55000305175781,6249900
2023-01-03,74.58999633789062,74.62000274658203,73.5199966430664,74.2699966430664,14433300
2023-01-04,74.4800033569336,75.0199966430664,74.08999633789062,74.55999755859375,12197300
2023-01-05,74.41999816894531,74.48999786376953,73.66000366210938,73.80999755859375,9848200
2023-01-06,74.76000213623047,76.08000183105469,74.69999694824219,75.77999877929688,9982400
2023-01-09,75.7300033569336,76.25,75.04000091552734,75.04000091552734,11081800
2023-01-10,75.12999725341797,75.25,74.69000244140625,74.94000244140625,8427900
2023-01-11,75.19000244140625,75.41000366210938,74.31999969482422,74.9800033569336,9848300
2023-01-12,75.13999938964844,75.1500015258789,74.20999908447266,74.38999938964844,9841300
2023-01-13,74.19000244140625,74.76000213623047,74.13999938964844,74.73999786376953,9274200
2023-01-17,74.86000061035156,75.41999816894531,74.68000030517578,74.79000091552734,9006800
2023-01-18,74.61000061035156,74.66000366210938,72.63999938964844,72.75,16069900
2023-01-19,72.45999908447266,72.79000091552734,72.04000091552734,72.05999755859375,12421500
2023-01-20,72.11000061035156,72.6500015258789,71.5999984741211,72.62000274658203,12349600
2023-01-23,72.76000213623047,73.22000122070312,72.55000305175781,72.8499984741211,12000200
2023-01-24,72.83000183105469,73.3499984741211,72.4000015258789,73.1500015258789,13465600
2023-01-25,72.70999908447266,73.33000183105469,72.3499984741211,73.33000183105469,11606800
2023-01-26,73.25,73.30999755859375,72.83000183105469,73.06999969482422,8081500
2023-01-27,73.0199966430664,73.19000244140625,72.51000213623047,72.86000061035156,10341700
2023-01-30,72.70999908447266,73.5,72.70999908447266,72.94999694824219,10463100
2023-01-31,73.08999633789062,73.75,72.87000274658203,73.73999786376953,8002700
2023-02-01,73.68000030517578,74.66000366210938,73.36000061035156,74.33000183105469,15447600
2023-02-02,73.83000183105469,74.16999816894531,73.36000061035156,73.69000244140625,12238800
2023-02-03,73.91000366210938,73.93000030517578,72.86000061035156,73.4000015258789,12874800
2023-02-06,73.27999877929688,73.62999725341797,73.2300033569336,73.48999786376953,7208900
2023-02-07,72.95999908447266,73.31999969482422,72.44999694824219,73.18000030517578,9268200
2023-02-08,72.77999877929688,72.91000366210938,72.48999786376953,72.62000274658203,8933500
2023-02-09,73.0,73.26000213623047,72.20999908447266,72.30000305175781,8341500
2023-02-10,72.30000305175781,73.02999877929688,72.1500015258789,72.97000122070312,8197200
2023-02-13,73.19000244140625,73.83000183105469,73.1500015258789,73.80000305175781,7440500
2023-02-14,73.75,73.77999877929688,72.87999725341797,73.12999725341797,9344700
2023-02-15,72.9800033569336,73.29000091552734,72.68000030517578,73.2699966430664,9006000
2023-02-16,72.62000274658203,73.18000030517578,72.30999755859375,72.73999786376953,8355100
2023-02-17,72.52999877929688,73.70999908447266,72.52999877929688,73.68000030517578,11116000
2023-02-21,73.37999725341797,73.79000091552734,73.01000213623047,73.4000015258789,8974700
2023-02-22,73.5,74.01000213623047,73.11000061035156,73.29000091552734,8851000
2023-02-23,73.36000061035156,73.55999755859375,72.75,73.19999694824219,12700000
2023-02-24,72.66000366210938,72.83000183105469,72.2699966430664,72.70999908447266,11340600
2023-02-27,73.05999755859375,73.26000213623047,72.47000122070312,72.62999725341797,10162300
2023-02-28,72.33000183105469,72.45999908447266,72.0,72.02999877929688,9757300
2023-03-01,71.80999755859375,71.88999938964844,70.93000030517578,71.5,10475000
2023-03-02,71.51000213623047,72.62000274658203,71.44000244140625,72.4800033569336,9876000
2023-03-03,72.4800033569336,72.61000061035156,71.87000274658203,72.54000091552734,12384300
2023-03-06,72.33999633789062,72.83999633789062,72.30999755859375,72.7300033569336,8356000
2023-03-07,72.73999786376953,72.9800033569336,71.88999938964844,72.01000213623047,10059400
2023-03-08,71.94000244140625,72.20999908447266,71.69000244140625,72.12999725341797,11170800
2023-03-09,72.41000366210938,72.52999877929688,71.25,71.45999908447266,15612700
2023-03-10,71.5999984741211,71.87999725341797,70.8499984741211,71.11000061035156,19026300
2023-03-13,71.04000091552734,72.58000183105469,71.0,71.47000122070312,29831400
2023-03-14,71.68000030517578,72.16000366210938,71.43000030517578,72.12000274658203,19139200
2023-03-15,71.6500015258789,72.68000030517578,71.48999786376953,72.58999633789062,21438000
2023-03-16,72.54000091552734,72.70999908447266,72.12999725341797,72.63999938964844,15712500
2023-03-17,72.54000091552734,72.66000366210938,71.79000091552734,72.11000061035156,13283900
2023-03-20,72.04000091552734,72.83000183105469,72.01000213623047,72.76000213623047,14130900
2023-03-21,72.87000274658203,73.02999877929688,72.19000244140625,72.69999694824219,12499700
2023-03-22,72.83000183105469,73.13999938964844,72.0199966430664,72.02999877929688,11942200
2023-03-23,72.22000122070312,72.4800033569336,71.4800033569336,71.75,12160300
2023-03-24,71.94000244140625,73.04000091552734,71.86000061035156,72.97000122070312,12352500
2023-03-27,73.22000122070312,73.69000244140625,73.20999908447266,73.36000061035156,10865500
2023-03-28,73.47000122070312,73.88999938964844,73.38999938964844,73.48999786376953,11593400
2023-03-29,73.9000015258789,73.9800033569336,73.70999908447266,73.9000015258789,9483400
2023-03-30,74.08999633789062,74.30000305175781,73.87999725341797,74.11000061035156,10737800
2023-03-31,74.48999786376953,74.73999786376953,74.36000061035156,74.70999908447266,10338700
2023-04-03,74.76000213623047,75.26000213623047,74.4800033569336,75.0999984741211,9607700
2023-04-04,75.06999969482422,75.38999938964844,74.79000091552734,74.94999694824219,7272900
2023-04-05,75.16000366210938,75.62999725341797,75.16000366210938,75.30000305175781,12409900
2023-04-06,75.2300033569336,75.48999786376953,74.91000366210938,75.36000061035156,8616800
2023-04-10,75.0999984741211,75.37999725341797,74.63999938964844,75.36000061035156,9423400
2023-04-11,75.5,75.79000091552734,75.44000244140625,75.58000183105469,12944300
2023-04-12,75.56999969482422,75.81999969482422,75.13999938964844,75.23999786376953,10386400
2023-04-13,75.2699966430664,75.69999694824219,74.91999816894531,75.66000366210938,12919000
2023-04-14,75.45999908447266,75.79000091552734,74.97000122070312,75.18000030517578,8789700
2023-04-17,75.33000183105469,75.66999816894531,75.23999786376953,75.66000366210938,9683400
2023-04-18,75.6500015258789,75.95999908447266,75.41000366210938,75.88999938964844,7233100
2023-04-19,75.9800033569336,76.05999755859375,75.61000061035156,75.83999633789062,6283600
2023-04-20,75.56999969482422,76.26000213623047,75.52999877929688,76.0199966430664,7329500
2023-04-21,76.52999877929688,76.97000122070312,76.41000366210938,76.56999969482422,10431000
2023-04-24,76.56999969482422,76.93000030517578,76.56999969482422,76.87999725341797,8723100
2023-04-25,76.86000061035156,77.37000274658203,76.69000244140625,76.77999877929688,12179700
2023-04-26,76.41999816894531,76.72000122070312,76.13999938964844,76.18000030517578,8778800
2023-04-27,76.22000122070312,77.11000061035156,76.16999816894531,77.02999877929688,11287800
2023-04-28,77.2300033569336,77.58000183105469,77.04000091552734,77.44000244140625,9757600
2023-05-01,77.30999755859375,77.81999969482422,77.29000091552734,77.5,10860800
2023-05-02,77.43000030517578,77.47000122070312,76.51000213623047,77.29000091552734,19136000
2023-05-03,77.05999755859375,77.37999725341797,76.63999938964844,76.66000366210938,11656600
2023-05-04,76.73999786376953,76.86000061035156,76.22000122070312,76.47000122070312,11682600
2023-05-05,76.58999633789062,77.23999786376953,76.5,77.18000030517578,10479400
2023-05-08,76.91000366210938,77.05000305175781,76.69000244140625,76.94999694824219,8069200
2023-05-09,76.95999908447266,76.95999908447266,76.56999969482422,76.70999908447266,6939500
2023-05-10,76.7300033569336,77.05999755859375,76.05999755859375,76.58999633789062,12259100
2023-05-11,76.56999969482422,76.87000274658203,76.1500015258789,76.81999969482422,11790600
2023-05-12,76.9000015258789,77.1500015258789,76.73999786376953,77.12000274658203,7012000
2023-05-15,77.23999786376953,77.33999633789062,76.58999633789062,76.93000030517578,8652200
2023-05-16,76.81999969482422,76.81999969482422,76.16999816894531,76.27999877929688,11310700
2023-05-17,76.4800033569336,76.48999786376953,75.7699966430664,76.23999786376953,10891300
2023-05-18,75.95999908447266,76.05999755859375,75.41000366210938,75.87000274658203,10765300
2023-05-19,76.02999877929688,76.12000274658203,75.58000183105469,75.91999816894531,10457600
2023-05-22,75.72000122070312,75.8499984741211,74.7300033569336,74.7699966430664,14575700
2023-05-23,74.56999969482422,74.62999725341797,74.12000274658203,74.22000122070312,13700400
2023-05-24,74.25,74.30000305175781,73.68000030517578,73.73999786376953,11901800
2023-05-25,73.08999633789062,73.44000244140625,72.62999725341797,73.18000030517578,17725000
2023-05-26,73.11000061035156,73.55000305175781,72.86000061035156,73.43000030517578,15531000
2023-05-30,73.0,73.18000030517578,72.3499984741211,72.58999633789062,22766900
2023-05-31,72.68000030517578,73.06999969482422,72.30999755859375,72.66999816894531,22328600
2023-06-01,72.6500015258789,72.7300033569336,72.23999786376953,72.61000061035156,13836100
2023-06-02,72.63999938964844,73.66000366210938,72.62000274658203,73.61000061035156,14719800
2023-06-05,73.5,74.02999877929688,73.20999908447266,73.33999633789062,9629600
2023-06-06,73.41000366210938,73.55000305175781,72.55000305175781,72.97000122070312,10796900
2023-06-07,72.5,72.93000030517578,72.27999877929688,72.7300033569336,13595100
2023-06-08,72.80999755859375,73.25,72.63999938964844,73.2300033569336,8881300
2023-06-09,72.9800033569336,73.33999633789062,72.83000183105469,73.11000061035156,8756200
2023-06-12,73.19999694824219,73.2699966430664,72.72000122070312,73.08999633789062,11357600
2023-06-13,72.98999786376953,73.5,72.88999938964844,73.38999938964844,8401800
2023-06-14,73.7300033569336,74.08999633789062,73.51000213623047,73.83999633789062,13849900
2023-06-15,74.0999984741211,74.76000213623047,73.95999908447266,74.58000183105469,16251200
2023-06-16,74.80999755859375,75.05000305175781,74.5999984741211,74.66999816894531,12672900
2023-06-20,74.05000305175781,74.27999877929688,73.55999755859375,73.58000183105469,9731800
2023-06-21,73.54000091552734,74.08000183105469,73.26000213623047,73.83999633789062,13633500
2023-06-22,74.22000122070312,74.37999725341797,73.9800033569336,74.2699966430664,17247600
2023-06-23,74.38999938964844,74.38999938964844,73.73999786376953,73.77999877929688,9706900
2023-06-26,73.77999877929688,73.91000366210938,73.26000213623047,73.87999725341797,8955400
2023-06-27,73.68000030517578,74.16999816894531,73.66000366210938,74.0999984741211,8965400
2023-06-28,73.76000213623047,73.80999755859375,73.19999694824219,73.5999984741211,12800400
2023-06-29,73.23999786376953,73.6500015258789,73.0,73.52999877929688,10018000
2023-06-30,73.69999694824219,74.27999877929688,73.63999938964844,74.16999816894531,14266200
2023-07-03,74.05999755859375,74.75,73.86000061035156,74.75,12817100
2023-07-05,74.44000244140625,74.69000244140625,74.3499984741211,74.62000274658203,17579200
2023-07-06,74.27999877929688,74.47000122070312,74.05000305175781,74.43000030517578,14881300
2023-07-07,74.25,74.25,73.41000366210938,73.45999908447266,16405400
2023-07-10,73.56999969482422,74.16000366210938,73.3499984741211,73.44000244140625,11953600
2023-07-11,73.5,73.66000366210938,73.11000061035156,73.55000305175781,9812500
2023-07-12,73.68000030517578,73.91999816894531,73.55999755859375,73.72000122070312,12680900
2023-07-13,73.8499984741211,74.16000366210938,73.55000305175781,74.02999877929688,10581500
2023-07-14,74.05000305175781,74.41000366210938,73.83000183105469,74.27999877929688,12475600
2023-07-17,74.0,74.30999755859375,73.79000091552734,74.05999755859375,9496300
2023-07-18,73.98999786376953,74.61000061035156,73.75,73.9800033569336,10124100
2023-07-19,74.22000122070312,74.80999755859375,74.16999816894531,74.7300033569336,14718700
2023-07-20,74.80000305175781,75.47000122070312,74.63999938964844,75.37000274658203,16106300
2023-07-21,75.48999786376953,75.83999633789062,75.4000015258789,75.62999725341797,13836800
2023-07-24,75.61000061035156,76.02999877929688,75.54000091552734,75.91999816894531,10692500
2023-07-25,75.83000183105469,75.91999816894531,75.51000213623047,75.9000015258789,8576600
2023-07-26,75.69999694824219,76.20999908447266,75.58000183105469,75.98999786376953,10506500
2023-07-27,76.12999725341797,76.30999755859375,75.31999969482422,75.31999969482422,10008500
2023-07-28,75.9800033569336,76.4000015258789,75.77999877929688,76.0999984741211,9672400
2023-07-31,76.0,76.2300033569336,75.45999908447266,75.75,10057100
2023-08-01,75.6500015258789,75.97000122070312,75.27999877929688,75.33999633789062,9376700
2023-08-02,75.04000091552734,76.08000183105469,75.04000091552734,75.61000061035156,11509700
2023-08-03,75.56999969482422,75.76000213623047,75.36000061035156,75.4000015258789,8774900
2023-08-04,75.5,75.68000030517578,74.58000183105469,74.6500015258789,10022800
2023-08-07,74.79000091552734,75.33999633789062,74.7699966430664,75.26000213623047,8875600
2023-08-08,75.20999908447266,75.29000091552734,74.5199966430664,74.72000122070312,11413600
2023-08-09,74.76000213623047,75.22000122070312,74.63999938964844,74.83000183105469,11912200
2023-08-10,75.06999969482422,75.52999877929688,74.58000183105469,74.68000030517578,10357700
2023-08-11,74.70999908447266,74.98999786376953,74.52999877929688,74.80000305175781,7472500
2023-08-14,74.9000015258789,75.0999984741211,74.30000305175781,74.43000030517578,11483800
2023-08-15,74.22000122070312,74.33999633789062,73.5999984741211,73.62999725341797,13257500
2023-08-16,73.93000030517578,74.13999938964844,73.37000274658203,73.45999908447266,14814900
2023-08-17,73.4800033569336,73.66999816894531,72.63999938964844,72.75,11798000
2023-08-18,72.62999725341797,73.16999816894531,72.55999755859375,73.0199966430664,12334500
2023-08-21,72.83000183105469,72.97000122070312,72.22000122070312,72.52999877929688,12005400
2023-08-22,72.30000305175781,72.37999725341797,72.0199966430664,72.12000274658203,11496100
2023-08-23,72.37000274658203,72.5999984741211,72.25,72.5999984741211,10796800
2023-08-24,72.3499984741211,73.0,72.0,72.0199966430664,13797500
2023-08-25,72.31999969482422,72.5999984741211,71.97000122070312,72.41999816894531,13088500
2023-08-28,72.66000366210938,72.87999725341797,72.5,72.75,6914800
2023-08-29,72.79000091552734,73.05000305175781,72.37999725341797,73.01000213623047,9502800
2023-08-30,73.0999984741211,73.36000061035156,72.93000030517578,73.12999725341797,9679300
2023-08-31,72.86000061035156,73.12000274658203,72.75,72.76000213623047,7731300
2023-09-01,73.0,73.04000091552734,71.9000015258789,72.13999938964844,8346400
2023-09-05,72.01000213623047,72.27999877929688,71.5199966430664,71.5199966430664,8634200
2023-09-06,71.44000244140625,71.5999984741211,71.20999908447266,71.44000244140625,9050100
2023-09-07,71.56999969482422,71.87000274658203,71.31999969482422,71.61000061035156,10149000
2023-09-08,71.63999938964844,71.70999908447266,71.41999816894531,71.69999694824219,8323000
2023-09-11,71.80000305175781,72.37999725341797,71.80000305175781,72.31999969482422,8450700
2023-09-12,72.36000061035156,72.37999725341797,71.63999938964844,71.69999694824219,13300200
2023-09-13,71.81999969482422,72.0999984741211,71.66999816894531,71.91999816894531,7863700
2023-09-14,72.12000274658203,72.69999694824219,72.08999633789062,72.6500015258789,9356000
2023-09-15,72.5,72.76000213623047,71.98999786376953,72.05000305175781,10891600
2023-09-18,71.80000305175781,71.83000183105469,71.23999786376953,71.54000091552734,6841200
2023-09-19,71.41999816894531,71.5,71.01000213623047,71.37000274658203,7733500
2023-09-20,71.56999969482422,71.91999816894531,71.2300033569336,71.44000244140625,10841700
2023-09-21,71.37999725341797,71.45999908447266,70.51000213623047,70.5199966430664,11869900
2023-09-22,70.54000091552734,70.72000122070312,70.0999984741211,70.13999938964844,12243000
2023-09-25,69.91999816894531,70.06999969482422,69.56999969482422,69.88999938964844,9137600
2023-09-26,69.58999633789062,69.79000091552734,69.30000305175781,69.37000274658203,11541000
2023-09-27,69.2699966430664,69.48999786376953,68.44000244140625,68.80000305175781,14182700
2023-09-28,68.9000015258789,69.19000244140625,68.72000122070312,69.01000213623047,12094400
2023-09-29,69.2300033569336,69.33999633789062,68.44000244140625,68.80999755859375,11797500
2023-10-02,68.6500015258789,68.73999786376953,67.88999938964844,68.33999633789062,12642500
2023-10-03,68.13999938964844,68.48999786376953,67.80000305175781,67.8499984741211,15396200
2023-10-04,68.0199966430664,68.44000244140625,67.62999725341797,68.38999938964844,15125900
2023-10-05,68.26000213623047,68.33999633789062,67.01000213623047,67.04000091552734,15757300
2023-10-06,66.75,66.9000015258789,65.18000030517578,66.66999816894531,28723400
2023-10-09,66.41999816894531,66.76000213623047,65.94999694824219,66.7300033569336,15662900
2023-10-10,67.27999877929688,67.73999786376953,67.06999969482422,67.41000366210938,18809600
2023-10-11,67.70999908447266,67.83000183105469,66.6500015258789,66.94999694824219,18293200
2023-10-12,67.1500015258789,67.18000030517578,65.98999786376953,66.22000122070312,15185000
2023-10-13,66.33999633789062,66.9000015258789,66.22000122070312,66.80000305175781,15641000
2023-10-16,67.19000244140625,67.69999694824219,66.91000366210938,67.48999786376953,16172800
2023-10-17,67.22000122070312,67.91000366210938,67.22000122070312,67.77999877929688,13192200
2023-10-18,68.05999755859375,68.55000305175781,67.91999816894531,68.02999877929688,16617700
2023-10-19,67.9800033569336,68.25,67.51000213623047,67.52999877929688,18237000
2023-10-20,67.68000030517578,67.9800033569336,67.2699966430664,67.2699966430664,14730500
2023-10-23,67.19000244140625,67.62999725341797,66.94999694824219,67.13999938964844,13777300
2023-10-24,67.23999786376953,67.83000183105469,67.22000122070312,67.70999908447266,12055600
2023-10-25,67.5999984741211,68.23999786376953,67.41999816894531,67.94000244140625,11351100
2023-10-26,67.97000122070312,68.22000122070312,67.4800033569336,67.5,13662200
2023-10-27,67.37999725341797,67.6500015258789,66.37999725341797,66.58000183105469,17587700
2023-10-30,66.83000183105469,67.73999786376953,66.83000183105469,67.62000274658203,12224000
2023-10-31,67.68000030517578,67.93000030517578,67.33999633789062,67.86000061035156,8586400
2023-11-01,67.91000366210938,68.05000305175781,67.41000366210938,67.79000091552734,18709400
2023-11-02,68.02999877929688,68.7699966430664,67.7699966430664,68.66999816894531,21175900
2023-11-03,69.06999969482422,69.33999633789062,68.75,68.75,17201100
2023-11-06,68.7699966430664,69.16000366210938,68.72000122070312,68.86000061035156,14663200
2023-11-07,68.87999725341797,69.31999969482422,68.80000305175781,69.02999877929688,12567700
2023-11-08,69.16000366210938,69.26000213623047,68.56999969482422,68.76000213623047,10481700
2023-11-09,68.83999633789062,68.9000015258789,68.31999969482422,68.4800033569336,10336900
2023-11-10,68.63999938964844,69.02999877929688,68.2699966430664,68.95999908447266,9266200
2023-11-13,68.9000015258789,69.37999725341797,68.83999633789062,69.18000030517578,8540800
2023-11-14,69.52999877929688,70.12000274658203,69.5,69.88999938964844,13606200
2023-11-15,70.4000015258789,70.58999633789062,70.22000122070312,70.44999694824219,10618900
2023-11-16,69.72000122070312,70.0199966430664,69.44000244140625,69.58000183105469,16536300
2023-11-17,69.66999816894531,69.72000122070312,69.23999786376953,69.48999786376953,10761100
2023-11-20,69.19999694824219,69.55999755859375,69.1500015258789,69.44000244140625,11651300
2023-11-21,69.43000030517578,69.69999694824219,69.12999725341797,69.6500015258789,11681400
2023-11-22,69.80000305175781,70.19000244140625,69.80000305175781,70.1500015258789,8862100
2023-11-24,70.16000366210938,70.47000122070312,70.16000366210938,70.41000366210938,4500800
2023-11-27,70.33999633789062,70.47000122070312,70.16999816894531,70.20999908447266,11746800
2023-11-28,70.19000244140625,70.70999908447266,70.18000030517578,70.52999877929688,8562300
2023-11-29,70.5999984741211,70.5999984741211,69.87000274658203,69.95999908447266,9873800
2023-11-30,70.02999877929688,70.69999694824219,69.56999969482422,70.66000366210938,11803600
2023-12-01,70.61000061035156,70.9800033569336,70.4000015258789,70.94999694824219,13490300
2023-12-04,70.55999755859375,71.27999877929688,70.55999755859375,71.04000091552734,11386300
2023-12-05,70.93000030517578,71.0999984741211,70.38999938964844,70.4800033569336,11565900
2023-12-06,70.31999969482422,70.47000122070312,70.01000213623047,70.30000305175781,11008700
2023-12-07,70.5,70.83000183105469,70.25,70.5999984741211,8460000
2023-12-08,70.47000122070312,70.52999877929688,70.01000213623047,70.11000061035156,8191300
2023-12-11,70.5,70.80999755859375,70.38999938964844,70.77999877929688,16192800
2023-12-12,70.93000030517578,71.01000213623047,70.61000061035156,71.01000213623047,8764500
2023-12-13,71.0,72.31999969482422,70.81999969482422,72.30000305175781,14052700
2023-12-14,72.36000061035156,72.47000122070312,71.19000244140625,71.23999786376953,16056700
2023-12-15,71.13999938964844,71.44000244140625,70.95999908447266,71.23999786376953,17434600
2023-12-18,71.01000213623047,71.69999694824219,70.86000061035156,71.44000244140625,11816000
2023-12-19,71.30999755859375,71.66000366210938,71.27999877929688,71.58000183105469,8283200
2023-12-20,71.11000061035156,71.2699966430664,70.19000244140625,70.19000244140625,16705400
2023-12-21,70.56999969482422,70.75,70.12000274658203,70.68000030517578,10971900
2023-12-22,70.86000061035156,71.3499984741211,70.79000091552734,71.22000122070312,7831800
2023-12-26,71.06999969482422,71.69999694824219,71.06999969482422,71.5199966430664,6915800
2023-12-27,71.54000091552734,71.8499984741211,71.44000244140625,71.8499984741211,7566700
2023-12-28,71.75,71.97000122070312,71.6500015258789,71.87999725341797,6466000
2023-12-29,71.77999877929688,72.06999969482422,71.70999908447266,72.02999877929688,10412700
2024-01-02,71.7699966430664,72.95999908447266,71.7699966430664,72.83999633789062,12912000
2024-01-03,72.97000122070312,73.08999633789062,72.16000366210938,72.2699966430664,13979700
2024-01-04,72.22000122070312,72.66000366210938,72.0199966430664,72.16999816894531,10865000
2024-01-05,72.20999908447266,72.4800033569336,71.58999633789062,72.01000213623047,12802800
2024-01-08,72.0199966430664,72.56999969482422,71.9800033569336,72.54000091552734,9409000
2024-01-09,72.2699966430664,72.7300033569336,72.01000213623047,72.7300033569336,7838600
2024-01-10,72.66999816894531,73.0,72.36000061035156,72.58000183105469,11113300
2024-01-11,72.5,72.61000061035156,72.08000183105469,72.56999969482422,9507800
2024-01-12,72.81999969482422,72.9800033569336,72.55000305175781,72.80000305175781,7712800
2024-01-16,72.80999755859375,72.8499984741211,72.11000061035156,72.4000015258789,11566900
2024-01-17,72.2300033569336,72.5999984741211,72.08000183105469,72.3499984741211,9641400
2024-01-18,72.16999816894531,72.30999755859375,71.70999908447266,72.26000213623047,10548800
2024-01-19,72.31999969482422,72.33999633789062,71.68000030517578,72.05000305175781,11309600
2024-01-22,71.73999786376953,72.0,71.55999755859375,71.69999694824219,15078600
2024-01-23,72.08000183105469,72.58999633789062,72.05999755859375,72.4800033569336,13859600
2024-01-24,72.41999816894531,72.45999908447266,71.56999969482422,71.58999633789062,12290500
2024-01-25,71.88999938964844,72.27999877929688,71.58999633789062,72.27999877929688,12160900
2024-01-26,72.41999816894531,72.73999786376953,72.41999816894531,72.62999725341797,7432800
2024-01-29,72.83000183105469,73.08000183105469,72.56999969482422,73.05000305175781,9321900
2024-01-30,72.94000244140625,73.5,72.68000030517578,73.45999908447266,11058900
2024-01-31,73.44000244140625,73.6500015258789,72.83000183105469,72.91999816894531,17220600
2024-02-01,72.94999694824219,74.41000366210938,72.72000122070312,74.41000366210938,20588700
2024-02-02,74.19000244140625,74.4800033569336,73.80999755859375,74.16999816894531,23158000
2024-02-05,74.19000244140625,74.23999786376953,73.69000244140625,73.70999908447266,14564700
2024-02-06,73.70999908447266,73.91999816894531,73.47000122070312,73.87999725341797,11224200
2024-02-07,74.19000244140625,74.2300033569336,73.73999786376953,73.80999755859375,7544100
2024-02-08,73.69000244140625,74.08000183105469,73.47000122070312,73.79000091552734,16287600
2024-02-09,73.5999984741211,73.5999984741211,73.0,73.11000061035156,20698800
2024-02-12,73.19000244140625,73.63999938964844,72.80000305175781,73.62999725341797,13422900
2024-02-13,73.58000183105469,73.79000091552734,72.4000015258789,72.83999633789062,21640600
2024-02-14,72.77999877929688,72.81999969482422,72.36000061035156,72.69999694824219,15191300
2024-02-15,72.98999786376953,73.2699966430664,72.91000366210938,73.16999816894531,14235700
2024-02-16,73.0999984741211,73.62000274658203,72.79000091552734,73.27999877929688,15568300
2024-02-20,73.80000305175781,74.47000122070312,73.68000030517578,74.05000305175781,15388700
2024-02-21,74.19000244140625,74.44000244140625,73.97000122070312,74.31999969482422,13776600
2024-02-22,73.98999786376953,74.62999725341797,73.69000244140625,74.55000305175781,11744900
2024-02-23,74.58999633789062,75.16000366210938,74.45999908447266,74.77999877929688,12548300
2024-02-26,74.80000305175781,74.81999969482422,74.37000274658203,74.4800033569336,11806000
2024-02-27,74.41000366210938,74.52999877929688,74.27999877929688,74.48999786376953,8294300
2024-02-28,74.44000244140625,74.63999938964844,74.25,74.56999969482422,6768700
2024-02-29,74.80000305175781,74.91000366210938,74.30999755859375,74.44999694824219,14083400
2024-03-01,74.25,74.54000091552734,73.94000244140625,74.45999908447266,15512500
2024-03-04,74.16999816894531,74.58000183105469,74.1500015258789,74.5199966430664,15912700
2024-03-05,74.83999633789062,75.22000122070312,74.55000305175781,74.69999694824219,15708400
2024-03-06,75.05000305175781,75.45999908447266,74.9800033569336,75.33000183105469,11816200
2024-03-07,75.63999938964844,75.83000183105469,75.45999908447266,75.76000213623047,9174900
2024-03-08,75.25,75.38999938964844,74.88999938964844,75.16000366210938,13301600
2024-03-11,75.33000183105469,75.68000030517578,75.11000061035156,75.56999969482422,9316500
2024-03-12,75.73999786376953,76.19000244140625,75.63999938964844,75.95999908447266,10454900
2024-03-13,75.94999694824219,76.19999694824219,75.83000183105469,76.1500015258789,9739500
2024-03-14,76.0999984741211,76.27999877929688,75.30999755859375,75.55999755859375,14086100
2024-03-15,75.19999694824219,75.61000061035156,75.08000183105469,75.52999877929688,14248300
2024-03-18,74.88999938964844,75.68000030517578,74.88999938964844,75.45999908447266,10229000
2024-03-19,75.55999755859375,75.77999877929688,75.5199966430664,75.73999786376953,10245900
2024-03-20,75.8499984741211,76.0,75.56999969482422,75.97000122070312,10986100
2024-03-21,76.01000213623047,76.2699966430664,75.69000244140625,76.01000213623047,8936100
2024-03-22,76.01000213623047,76.12999725341797,75.62000274658203,75.63999938964844,10942300
2024-03-25,75.63999938964844,75.81999969482422,75.2699966430664,75.43000030517578,11003700
2024-03-26,75.5199966430664,75.69000244140625,75.41000366210938,75.47000122070312,7964400
2024-03-27,75.8499984741211,76.26000213623047,75.8499984741211,76.26000213623047,9848100
2024-03-28,76.48999786376953,76.61000061035156,76.26000213623047,76.36000061035156,9172700
2024-04-01,76.3499984741211,76.45999908447266,75.75,75.75,13205200
2024-04-02,75.75,75.86000061035156,75.23999786376953,75.36000061035156,16269200
2024-04-03,75.33000183105469,75.33000183105469,74.41000366210938,74.52999877929688,16094700
2024-04-04,74.86000061035156,74.98999786376953,74.11000061035156,74.20999908447266,18289500
2024-04-05,74.1500015258789,74.55999755859375,73.98999786376953,74.33000183105469,11148900
2024-04-08,74.19999694824219,74.48999786376953,74.1500015258789,74.22000122070312,10040700
2024-04-09,74.44000244140625,74.5999984741211,74.0199966430664,74.58000183105469,12629600
2024-04-10,74.0,74.43000030517578,73.7699966430664,74.30999755859375,15018400
2024-04-11,74.66999816894531,74.69000244140625,73.9000015258789,74.12999725341797,10551900
2024-04-12,73.83000183105469,74.0199966430664,73.30000305175781,73.37999725341797,14605900
2024-04-15,73.83000183105469,74.0199966430664,72.97000122070312,73.08000183105469,12119600
2024-04-16,73.2300033569336,73.33000183105469,72.93000030517578,73.11000061035156,12737600
2024-04-17,73.54000091552734,73.63999938964844,73.02999877929688,73.37999725341797,12731500
2024-04-18,73.62000274658203,73.88999938964844,73.47000122070312,73.72000122070312,11964200
2024-04-19,73.69000244140625,74.4800033569336,73.55999755859375,74.44000244140625,15843100
2024-04-22,74.58999633789062,75.3499984741211,74.26000213623047,75.1500015258789,12181600
2024-04-23,75.2699966430664,75.43000030517578,75.0199966430664,75.36000061035156,12821100
2024-04-24,74.83999633789062,76.0199966430664,74.48999786376953,75.93000030517578,15011000
2024-04-25,76.08999633789062,76.47000122070312,75.47000122070312,75.75,14352600
2024-04-26,75.4800033569336,76.0,75.43000030517578,75.58999633789062,13488200
2024-04-29,75.61000061035156,75.86000061035156,75.37999725341797,75.83000183105469,9244000
2024-04-30,75.75,75.7699966430664,75.31999969482422,75.5,12517400
2024-05-01,75.27999877929688,75.56999969482422,74.70999908447266,75.0199966430664,24867400
2024-05-02,75.2699966430664,75.91999816894531,74.9800033569336,75.6500015258789,22820400
2024-05-03,75.68000030517578,76.02999877929688,75.25,75.87999725341797,18088200
2024-05-06,76.05000305175781,76.13999938964844,75.43000030517578,75.91999816894531,12508400
2024-05-07,76.23999786376953,76.79000091552734,76.23999786376953,76.75,14641800
2024-05-08,76.73999786376953,76.88999938964844,76.41999816894531,76.5199966430664,12686000
2024-05-09,76.58999633789062,77.18000030517578,76.54000091552734,77.18000030517578,12851900
2024-05-10,77.16999816894531,77.70999908447266,77.0999984741211,77.62000274658203,10774900
2024-05-13,77.7699966430664,78.0,77.2699966430664,77.4000015258789,11755400
2024-05-14,77.47000122070312,77.5999984741211,76.87000274658203,77.25,10117600
2024-05-15,77.05000305175781,77.41999816894531,77.05000305175781,77.30000305175781,18143000
2024-05-16,78.0,78.61000061035156,77.83000183105469,78.4000015258789,17360400
2024-05-17,78.30999755859375,78.37999725341797,78.01000213623047,78.20999908447266,11265700
2024-05-20,78.19000244140625,78.19000244140625,77.58000183105469,77.66999816894531,9226400
2024-05-21,77.87999725341797,78.16000366210938,77.72000122070312,78.12999725341797,6595200
2024-05-22,77.5999984741211,78.08000183105469,77.45999908447266,77.81999969482422,9395100
2024-05-23,77.58000183105469,77.70999908447266,76.86000061035156,76.9000015258789,10751300
2024-05-24,77.16999816894531,77.4000015258789,77.05999755859375,77.0999984741211,6943200
2024-05-28,76.8499984741211,77.05999755859375,76.22000122070312,76.5,8840700
2024-05-29,76.08999633789062,76.36000061035156,75.91999816894531,75.94999694824219,10402400
2024-05-30,76.16999816894531,76.36000061035156,75.97000122070312,76.1500015258789,7404400
2024-05-31,76.08000183105469,77.37999725341797,75.7300033569336,77.33999633789062,11873900
2024-06-03,77.08999633789062,77.68000030517578,76.86000061035156,77.30999755859375,12223400
2024-06-04,77.31999969482422,78.11000061035156,77.19000244140625,77.9800033569336,9097500
2024-06-05,77.87999725341797,77.98999786376953,77.19000244140625,77.80999755859375,9095100
2024-06-06,77.76000213623047,78.33000183105469,77.5999984741211,78.05000305175781,9759400
2024-06-07,78.02999877929688,78.25,77.58000183105469,77.66000366210938,7490500
2024-06-10,77.77999877929688,77.80000305175781,77.0999984741211,77.5999984741211,10033800
2024-06-11,77.48999786376953,77.55999755859375,76.91999816894531,77.55999755859375,8583700
2024-06-12,77.70999908447266,77.75,76.5199966430664,76.70999908447266,14172800
2024-06-13,76.68000030517578,76.87999725341797,76.36000061035156,76.80999755859375,8723500
2024-06-14,76.58999633789062,76.94999694824219,76.38999938964844,76.94999694824219,7246400
2024-06-17,76.66000366210938,77.81999969482422,76.5,77.68000030517578,8762000
2024-06-18,77.55999755859375,77.87999725341797,77.44999694824219,77.77999877929688,6567100
2024-06-20,77.63999938964844,78.01000213623047,77.41000366210938,77.61000061035156,9316300
2024-06-21,77.7699966430664,78.16999816894531,77.61000061035156,77.66999816894531,11594000
2024-06-24,77.2699966430664,78.01000213623047,77.11000061035156,77.91000366210938,9722600
2024-06-25,77.62000274658203,77.7300033569336,77.11000061035156,77.41000366210938,10705700
2024-06-26,76.87000274658203,77.44000244140625,76.70999908447266,77.25,8405200
2024-06-27,77.2300033569336,77.30000305175781,76.5999984741211,76.91999816894531,4592300
2024-06-28,76.91000366210938,77.0,76.37999725341797,76.58000183105469,8396900
2024-07-01,76.9800033569336,77.2699966430664,75.9800033569336,76.04000091552734,9275300
2024-07-02,76.12999725341797,76.58000183105469,75.88999938964844,76.56999969482422,8233400
2024-07-03,76.44000244140625,76.70999908447266,76.23999786376953,76.44000244140625,5600600
2024-07-05,76.44000244140625,77.43000030517578,76.33000183105469,77.37999725341797,7202900
2024-07-08,77.44000244140625,77.52999877929688,77.05000305175781,77.26000213623047,4486800
2024-07-09,77.26000213623047,77.43000030517578,77.02999877929688,77.05999755859375,5635700
2024-07-10,77.19999694824219,77.43000030517578,77.01000213623047,77.4000015258789,7249100
2024-07-11,77.29000091552734,77.43000030517578,76.88999938964844,77.11000061035156,11414600
2024-07-12,77.5199966430664,77.86000061035156,77.19000244140625,77.44999694824219,10028200
2024-07-15,77.4000015258789,77.5999984741211,76.94000244140625,77.0,8481200
2024-07-16,77.02999877929688,77.75,76.91999816894531,77.73999786376953,7987300
2024-07-17,77.86000061035156,78.88999938964844,77.83999633789062,78.73999786376953,18297900
2024-07-18,78.44999694824219,79.1500015258789,78.33999633789062,78.3499984741211,14877200
2024-07-19,78.55000305175781,78.6500015258789,77.97000122070312,78.08999633789062,11816500
2024-07-22,78.2699966430664,78.33000183105469,77.7699966430664,78.13999938964844,9408200
2024-07-23,78.22000122070312,78.36000061035156,77.79000091552734,77.86000061035156,6937900
2024-07-24,77.58000183105469,77.93000030517578,77.27999877929688,77.79000091552734,10620400
2024-07-25,78.05999755859375,78.87999725341797,77.69999694824219,77.69999694824219,15686200
2024-07-26,78.01000213623047,78.58000183105469,77.81999969482422,78.48999786376953,10271900
2024-07-29,78.33999633789062,78.69000244140625,77.94000244140625,78.5199966430664,9115000
2024-07-30,77.58000183105469,78.12000274658203,77.23999786376953,77.98999786376953,11818400
2024-07-31,77.98999786376953,78.33999633789062,77.51000213623047,77.8499984741211,10474100
2024-08-01,78.0,78.73999786376953,77.76000213623047,78.56999969482422,16535000
2024-08-02,79.16999816894531,79.75,77.80000305175781,79.26000213623047,24086900
2024-08-05,79.12000274658203,79.3499984741211,77.44000244140625,77.69999694824219,29057400
2024-08-06,78.08000183105469,79.08999633789062,77.98999786376953,78.23999786376953,15801400
2024-08-07,78.56999969482422,79.4000015258789,78.2699966430664,78.31999969482422,14182300
2024-08-08,78.0999984741211,79.16000366210938,78.0199966430664,79.02999877929688,13889800
2024-08-09,78.87000274658203,79.29000091552734,78.52999877929688,79.1500015258789,10319800
2024-08-12,79.11000061035156,79.16999816894531,78.55000305175781,78.75,9735300
2024-08-13,78.75,79.12999725341797,78.3499984741211,79.11000061035156,7513900
2024-08-14,79.05000305175781,79.70999908447266,78.91999816894531,79.47000122070312,7264000
2024-08-15,80.58999633789062,80.80999755859375,80.05000305175781,80.29000091552734,7745200
2024-08-16,80.20999908447266,80.58000183105469,80.08000183105469,80.51000213623047,6976700
2024-08-19,80.5999984741211,80.97000122070312,80.56999969482422,80.77999877929688,7330000
2024-08-20,80.76000213623047,81.18000030517578,80.62999725341797,81.18000030517578,6931200
2024-08-21,81.86000061035156,82.29000091552734,81.5,81.7300033569336,7960700
2024-08-22,81.94999694824219,81.94999694824219,81.26000213623047,81.61000061035156,7632600
2024-08-23,81.75,81.86000061035156,81.33000183105469,81.83999633789062,6505100
2024-08-26,81.93000030517578,82.58999633789062,81.91999816894531,82.41999816894531,7270700
2024-08-27,82.54000091552734,82.7699966430664,82.30999755859375,82.62000274658203,5674600
2024-08-28,82.63999938964844,82.75,81.95999908447266,82.2699966430664,6666800
2024-08-29,82.16999816894531,82.16999816894531,81.69000244140625,81.86000061035156,6343700
2024-08-30,82.0199966430664,82.58000183105469,81.80000305175781,82.51000213623047,8884800
2024-09-03,82.52999877929688,83.37000274658203,82.43000030517578,83.08999633789062,15503700
2024-09-04,82.94000244140625,83.54000091552734,82.86000061035156,83.4800033569336,19276700
2024-09-05,83.5,83.62999725341797,82.73999786376953,83.16000366210938,12775800
2024-09-06,83.1500015258789,83.51000213623047,82.88999938964844,82.98999786376953,12616500
2024-09-09,83.0,83.79000091552734,82.86000061035156,83.62999725341797,10061000
2024-09-10,83.51000213623047,84.0,83.38999938964844,83.61000061035156,14002500
2024-09-11,83.30999755859375,83.37000274658203,82.08000183105469,82.83000183105469,14556400
2024-09-12,82.8499984741211,83.43000030517578,82.56999969482422,83.33999633789062,8659100
2024-09-13,83.4000015258789,84.0,83.22000122070312,83.93000030517578,5953700
2024-09-16,84.1500015258789,84.52999877929688,83.87000274658203,84.26000213623047,7794600
2024-09-17,83.97000122070312,84.20999908447266,83.36000061035156,83.45999908447266,8404900
2024-09-18,83.4000015258789,83.86000061035156,82.80000305175781,83.13999938964844,12935600
2024-09-19,83.36000061035156,83.37000274658203,82.5199966430664,82.6500015258789,14934200
2024-09-20,82.56999969482422,83.11000061035156,82.43000030517578,83.05000305175781,12719100
2024-09-23,82.44000244140625,83.36000061035156,82.37999725341797,83.08999633789062,11985900
2024-09-24,82.9800033569336,83.27999877929688,82.69000244140625,82.88999938964844,8985100
2024-09-25,83.18000030517578,83.26000213623047,82.55999755859375,82.68000030517578,6100900
2024-09-26,82.52999877929688,83.25,82.52999877929688,82.87000274658203,8565600
2024-09-27,82.9800033569336,83.5,82.87999725341797,83.0199966430664,6432600
2024-09-30,83.31999969482422,83.4800033569336,82.68000030517578,83.0,8468900
2024-10-01,83.02999877929688,83.13999938964844,82.47000122070312,82.72000122070312,15725800
2024-10-02,82.5,82.51000213623047,81.86000061035156,82.0199966430664,10788300
2024-10-03,81.69000244140625,81.80999755859375,81.05999755859375,81.19999694824219,11507900
2024-10-04,81.06999969482422,81.56999969482422,80.94999694824219,81.47000122070312,12463000
2024-10-07,81.5,81.5,80.55999755859375,80.66000366210938,9270800
2024-10-08,80.69000244140625,81.16000366210938,80.47000122070312,81.05999755859375,8218300
2024-10-09,81.12999725341797,81.66999816894531,81.0,81.55000305175781,9276300
2024-10-10,81.52999877929688,81.69999694824219,80.98999786376953,81.19000244140625,9122600
2024-10-11,81.47000122070312,81.72000122070312,81.11000061035156,81.63999938964844,8741500
2024-10-14,81.5999984741211,82.01000213623047,81.47000122070312,81.97000122070312,6263000
2024-10-15,82.08000183105469,83.19000244140625,82.08000183105469,82.48999786376953,11287700
2024-10-16,82.20999908447266,82.54000091552734,82.0199966430664,82.43000030517578,7720300
2024-10-17,82.54000091552734,82.6500015258789,81.83999633789062,82.05999755859375,7716400
2024-10-18,81.87999725341797,82.2699966430664,81.63999938964844,82.23999786376953,8314200
2024-10-21,82.20999908447266,82.38999938964844,81.47000122070312,81.55000305175781,8704600
2024-10-22,81.43000030517578,82.11000061035156,81.3499984741211,82.01000213623047,8912400
2024-10-23,81.5999984741211,81.97000122070312,81.44000244140625,81.8499984741211,6926500
2024-10-24,81.83000183105469,82.0,81.5,81.73999786376953,6211500
2024-10-25,81.73999786376953,81.87000274658203,80.98999786376953,81.05999755859375,6546900
2024-10-28,81.37999725341797,81.55999755859375,81.16999816894531,81.20999908447266,5714200
2024-10-29,80.83000183105469,81.04000091552734,80.36000061035156,80.41000366210938,9459900
2024-10-30,80.30000305175781,80.54000091552734,80.05000305175781,80.27999877929688,8504800
2024-10-31,80.08000183105469,80.58999633789062,79.95999908447266,80.12000274658203,10905300
2024-11-01,80.37999725341797,80.44000244140625,80.05000305175781,80.1500015258789,7916100
2024-11-04,80.2699966430664,80.61000061035156,80.1500015258789,80.37000274658203,6958900
2024-11-05,80.16999816894531,80.87999725341797,80.0199966430664,80.87999725341797,5304800
2024-11-06,81.08999633789062,81.20999908447266,79.36000061035156,79.55999755859375,18487700
2024-11-07,79.7300033569336,80.30999755859375,79.66999816894531,79.8499984741211,17598100
2024-11-08,79.86000061035156,81.0199966430664,79.8499984741211,80.81999969482422,11530300
2024-11-11,80.70999908447266,81.44999694824219,80.4800033569336,80.54000091552734,9273800
2024-11-12,80.83999633789062,80.94999694824219,80.48999786376953,80.62999725341797,13518000
2024-11-13,80.63999938964844,80.94999694824219,80.4000015258789,80.87000274658203,6781600
2024-11-14,80.66999816894531,81.13999938964844,80.61000061035156,80.66999816894531,7572200
2024-11-15,80.5999984741211,80.66000366210938,79.91999816894531,79.95999908447266,11359100
2024-11-18,80.13999938964844,80.66999816894531,80.05000305175781,80.5199966430664,8747600
2024-11-19,80.7300033569336,80.88999938964844,80.13999938964844,80.62999725341797,8020800
2024-11-20,79.9000015258789,80.22000122070312,79.52999877929688,80.22000122070312,7687200
2024-11-21,80.30999755859375,81.18000030517578,80.08999633789062,81.08999633789062,8185800
2024-11-22,81.54000091552734,81.91000366210938,81.44000244140625,81.83999633789062,7703800
2024-11-25,82.37999725341797,82.62999725341797,82.04000091552734,82.29000091552734,8243100
2024-11-26,82.23999786376953,82.70999908447266,82.13999938964844,82.62999725341797,6973600
2024-11-27,83.0,83.23999786376953,82.6500015258789,82.80000305175781,7067800
2024-11-29,82.77999877929688,83.30000305175781,82.66999816894531,83.22000122070312,4982600
2024-12-02,83.13999938964844,83.22000122070312,82.5199966430664,83.12000274658203,10750100
2024-12-03,83.05000305175781,83.11000061035156,82.54000091552734,82.69000244140625,11053200
2024-12-04,82.47000122070312,82.58000183105469,82.05000305175781,82.45999908447266,10100900
2024-12-05,82.55000305175781,82.94999694824219,82.33000183105469,82.79000091552734,12639000
2024-12-06,82.80999755859375,83.29000091552734,82.37999725341797,82.37999725341797,7180600
2024-12-09,82.5,82.87999725341797,82.02999877929688,82.25,11614000
2024-12-10,82.19000244140625,82.83999633789062,81.86000061035156,82.63999938964844,8497200
2024-12-11,82.7699966430664,83.11000061035156,81.97000122070312,82.01000213623047,9046100
2024-12-12,82.52999877929688,82.62000274658203,82.12000274658203,82.25,5410800
2024-12-13,82.08999633789062,82.5199966430664,81.62999725341797,82.04000091552734,8154300
2024-12-16,82.06999969482422,82.4800033569336,81.58999633789062,81.61000061035156,6495000
2024-12-17,81.44000244140625,81.88999938964844,81.33000183105469,81.47000122070312,8535900
2024-12-18,81.16000366210938,81.43000030517578,80.20999908447266,80.2300033569336,17223000
2024-12-19,80.16000366210938,80.55999755859375,79.66000366210938,79.66000366210938,15778400
2024-12-20,79.62000274658203,80.4000015258789,79.3499984741211,79.94000244140625,11035400
2024-12-23,79.05000305175781,79.2300033569336,78.16000366210938,78.91999816894531,11469000
2024-12-24,78.8499984741211,79.48999786376953,78.73999786376953,79.44000244140625,3932600
2024-12-26,79.29000091552734,79.73999786376953,79.22000122070312,79.69000244140625,4253700
2024-12-27,79.31999969482422,79.72000122070312,79.01000213623047,79.30000305175781,6601700
2024-12-30,78.95999908447266,79.01000213623047,78.12000274658203,78.37000274658203,7249300
2024-12-31,78.52999877929688,78.86000061035156,78.16000366210938,78.61000061035156,6125500
2025-01-02,78.77999877929688,79.13999938964844,78.11000061035156,78.37000274658203,9321800
2025-01-03,78.5199966430664,78.69999694824219,78.05000305175781,78.33000183105469,6991300
2025-01-06,78.41999816894531,78.44000244140625,77.41999816894531,77.51000213623047,9275700
2025-01-07,77.70999908447266,78.16000366210938,77.12999725341797,77.23999786376953,11112800
2025-01-08,77.16000366210938,77.45999908447266,76.66999816894531,77.37999725341797,9277400
2025-01-10,76.88999938964844,77.33000183105469,76.23999786376953,76.33999633789062,13943200
2025-01-13,76.4000015258789,76.66000366210938,76.05999755859375,76.47000122070312,9490900
2025-01-14,76.55999755859375,76.6500015258789,76.12999725341797,76.48999786376953,7763700
2025-01-15,76.91000366210938,77.1500015258789,76.11000061035156,76.2300033569336,11426800
2025-01-16,76.08000183105469,76.87999725341797,75.80999755859375,76.80000305175781,11223400
2025-01-17,76.94000244140625,77.4000015258789,76.8499984741211,77.23999786376953,10524800
2025-01-21,77.38999938964844,77.9000015258789,77.30999755859375,77.5999984741211,8849500
2025-01-22,77.94999694824219,77.94999694824219,77.1500015258789,77.22000122070312,8357500
2025-01-23,77.11000061035156,77.52999877929688,76.80000305175781,77.5,7562500
2025-01-24,77.47000122070312,77.93000030517578,77.43000030517578,77.9000015258789,6685300
2025-01-27,78.69000244140625,80.16000366210938,78.68000030517578,80.01000213623047,17519900
2025-01-28,79.76000213623047,80.0999984741211,78.5999984741211,78.76000213623047,11664900
2025-01-29,78.87999725341797,79.30000305175781,78.80999755859375,78.94999694824219,10195100
2025-01-30,79.33999633789062,79.9000015258789,79.18000030517578,79.7300033569336,8192000
2025-01-31,79.02999877929688,79.56999969482422,78.93000030517578,78.9800033569336,10269000
2025-02-03,78.41000366210938,79.44999694824219,78.2300033569336,79.29000091552734,13340800
2025-02-04,79.0199966430664,79.0999984741211,78.30000305175781,78.62000274658203,9307500
2025-02-05,78.61000061035156,79.12999725341797,78.19000244140625,79.11000061035156,8847800
2025-02-06,80.1500015258789,80.16999816894531,79.22000122070312,79.47000122070312,9846300
2025-02-07,79.48999786376953,79.68000030517578,79.12000274658203,79.3499984741211,8104000
2025-02-10,79.55999755859375,79.8499984741211,79.05999755859375,79.83999633789062,7949600
2025-02-11,79.95999908447266,80.62999725341797,79.66999816894531,80.61000061035156,9157100
2025-02-12,79.91999816894531,80.6500015258789,79.87000274658203,80.55000305175781,10564000
2025-02-13,80.76000213623047,81.48999786376953,80.54000091552734,81.41999816894531,10132300
2025-02-14,81.37999725341797,81.43000030517578,80.58999633789062,80.61000061035156,10470300
2025-02-18,80.3499984741211,80.91999816894531,79.9000015258789,80.9000015258789,10432400
2025-02-19,81.08999633789062,81.58000183105469,80.88999938964844,81.55000305175781,6450800
2025-02-20,80.55999755859375,81.2300033569336,80.43000030517578,81.2300033569336,14264000
2025-02-21,81.2300033569336,82.25,80.9800033569336,82.18000030517578,18203300
2025-02-24,81.8499984741211,82.80999755859375,81.80999755859375,82.43000030517578,14114200
2025-02-25,82.69000244140625,83.87999725341797,82.69000244140625,83.5999984741211,18198000
2025-02-26,83.27999877929688,83.36000061035156,81.8499984741211,82.0,19969500
2025-02-27,81.63999938964844,82.43000030517578,81.62000274658203,81.98999786376953,16613700
2025-02-28,82.69000244140625,83.12999725341797,82.13999938964844,83.08000183105469,15163900
2025-03-03,82.68000030517578,83.81999969482422,82.68000030517578,83.5199966430664,18918900
2025-03-04,83.36000061035156,84.13999938964844,82.05000305175781,82.0999984741211,21845600
2025-03-05,81.94000244140625,82.75,81.80999755859375,82.44000244140625,13772700
2025-03-06,82.12999725341797,82.80000305175781,81.94000244140625,82.58999633789062,13729400
2025-03-07,82.05999755859375,83.43000030517578,82.04000091552734,82.86000061035156,19631100
2025-03-10,82.98999786376953,84.3499984741211,82.36000061035156,82.68000030517578,27412700
2025-03-11,82.51000213623047,82.58000183105469,81.41000366210938,81.47000122070312,27913700
2025-03-12,80.68000030517578,80.9800033569336,79.62000274658203,79.69999694824219,22000500
2025-03-13,79.80000305175781,80.12000274658203,79.18000030517578,79.33000183105469,18077400
2025-03-14,79.1500015258789,79.58000183105469,78.87999725341797,79.51000213623047,10251300
2025-03-17,79.6500015258789,80.91000366210938,79.58000183105469,80.66999816894531,12470000
2025-03-18,80.61000061035156,80.70999908447266,79.69999694824219,79.75,9461100
2025-03-19,79.56999969482422,79.83000183105469,79.13999938964844,79.75,12042700
2025-03-20,79.62999725341797,79.91999816894531,79.23999786376953,79.36000061035156,10954500
2025-03-21,79.30000305175781,79.52999877929688,78.98999786376953,79.33000183105469,11926200
2025-03-24,79.02999877929688,79.4800033569336,78.95999908447266,79.4000015258789,9586600
2025-03-25,79.26000213623047,79.36000061035156,78.43000030517578,78.68000030517578,12703200
2025-03-26,78.8499984741211,80.08000183105469,78.8499984741211,79.9000015258789,11491900
2025-03-27,80.12999725341797,80.97000122070312,80.06999969482422,80.80999755859375,9253000
2025-03-28,80.91999816894531,81.0999984741211,80.11000061035156,80.41000366210938,12493200
2025-03-31,80.52999877929688,81.91999816894531,80.52999877929688,81.66999816894531,14299100
2025-04-01,81.86000061035156,82.01000213623047,81.31999969482422,81.79000091552734,11201000
2025-04-02,81.83000183105469,82.05999755859375,81.18000030517578,81.55000305175781,9219000
2025-04-03,81.75,82.81999969482422,81.3499984741211,82.0199966430664,20746100
2025-04-04,81.58000183105469,82.04000091552734,78.45999908447266,78.45999908447266,35619500
2025-04-07,76.5999984741211,79.37999725341797,76.16000366210938,77.55000305175781,45133500
2025-04-08,78.70999908447266,78.97000122070312,75.61000061035156,76.3499984741211,26842500
2025-04-09,75.97000122070312,79.94000244140625,75.83000183105469,79.30999755859375,39358900
2025-04-10,79.30000305175781,80.1500015258789,77.97000122070312,79.3499984741211,25968000
2025-04-11,79.6500015258789,80.86000061035156,78.91000366210938,80.3499984741211,19009500
2025-04-14,80.69000244140625,82.05000305175781,80.33000183105469,81.72000122070312,12388100
2025-04-15,81.83999633789062,81.94000244140625,80.9800033569336,81.02999877929688,8920200
2025-04-16,81.37000274658203,81.48999786376953,79.81999969482422,80.16000366210938,13657300
2025-04-17,80.51000213623047,82.26000213623047,80.38999938964844,81.87000274658203,13663600
2025-04-21,81.94000244140625,82.02999877929688,80.19999694824219,81.08999633789062,13804400
2025-04-22,81.4000015258789,82.70999908447266,81.26000213623047,82.23999786376953,11258800
2025-04-23,82.37999725341797,82.70999908447266,81.12999725341797,81.7699966430664,17717300
2025-04-24,81.22000122070312,81.33000183105469,80.68000030517578,81.05000305175781,12480700
2025-04-25,81.19999694824219,81.44000244140625,80.0,80.83999633789062,14378000
2025-04-28,80.91000366210938,81.22000122070312,80.13999938964844,80.56999969482422,12088900
2025-04-29,80.2300033569336,81.30000305175781,79.79000091552734,81.23999786376953,10065700
2025-04-30,81.69000244140625,82.1500015258789,80.66999816894531,81.83000183105469,10565800
2025-05-01,81.29000091552734,81.55000305175781,80.83000183105469,81.12000274658203,13203000
2025-05-02,81.58000183105469,81.86000061035156,81.20999908447266,81.55999755859375,14859700
2025-05-05,81.58000183105469,81.68000030517578,81.0,81.48999786376953,10236300
2025-05-06,81.33000183105469,81.62999725341797,80.97000122070312,81.3499984741211,10506300
2025-05-07,81.43000030517578,81.8499984741211,81.16000366210938,81.4800033569336,10474900
2025-05-08,81.56999969482422,81.94999694824219,81.06999969482422,81.37999725341797,11018500
2025-05-09,81.02999877929688,81.33999633789062,80.81999969482422,80.91000366210938,9231500
2025-05-12,80.97000122070312,81.2300033569336,80.33000183105469,81.02999877929688,18914800
