timestamp_utc,open,high,low,close,volume
2015-01-02,68.70999908447266,69.3499984741211,68.3499984741211,68.62999725341797,7516800
2015-01-05,68.31999969482422,68.87999725341797,68.1500015258789,68.27999877929688,10784800
2015-01-06,68.51000213623047,69.08999633789062,67.62999725341797,68.05000305175781,13344500
2015-01-07,68.51000213623047,69.66999816894531,68.36000061035156,69.6500015258789,14146400
2015-01-08,70.33999633789062,70.91999816894531,70.22000122070312,70.83999633789062,22138400
2015-01-09,70.9000015258789,70.9800033569336,69.97000122070312,70.20999908447266,9724300
2015-01-12,70.75,71.0,70.05000305175781,70.23999786376953,11972100
2015-01-13,70.9000015258789,71.29000091552734,69.33999633789062,69.93000030517578,14219800
2015-01-14,69.26000213623047,70.0,69.06999969482422,69.81999969482422,12548000
2015-01-15,70.08000183105469,70.20999908447266,69.02999877929688,69.06999969482422,16382800
2015-01-16,68.95999908447266,70.5,68.94000244140625,70.37000274658203,13759300
2015-01-20,70.4800033569336,70.66000366210938,69.55000305175781,70.37000274658203,10387200
2015-01-21,70.30000305175781,70.77999877929688,69.94999694824219,70.51000213623047,8391000
2015-01-22,70.81999969482422,71.36000061035156,69.83999633789062,71.3499984741211,11497400
2015-01-23,71.25,71.31999969482422,70.91000366210938,70.94000244140625,6815600
2015-01-26,71.01000213623047,71.3499984741211,70.58000183105469,71.30999755859375,7871700
2015-01-27,70.66999816894531,71.30000305175781,70.5,70.80000305175781,10040100
2015-01-28,70.93000030517578,71.19000244140625,69.66999816894531,69.77999877929688,11005400
2015-01-29,69.77999877929688,70.43000030517578,69.22000122070312,70.37000274658203,12120000
2015-01-30,70.06999969482422,70.52999877929688,69.16999816894531,69.2699966430664,13886500
2015-02-02,69.4000015258789,69.69000244140625,68.44000244140625,69.66000366210938,18042300
2015-02-03,70.0,70.16000366210938,69.06999969482422,70.12999725341797,17432800
2015-02-04,69.29000091552734,69.62999725341797,68.87000274658203,69.25,15184800
2015-02-05,69.69000244140625,70.4800033569336,69.69000244140625,70.41999816894531,10801400
2015-02-06,70.41999816894531,70.70999908447266,69.58999633789062,69.77999877929688,11886100
2015-02-09,69.45999908447266,69.66000366210938,68.80000305175781,68.95999908447266,8139000
2015-02-10,69.5199966430664,70.19000244140625,69.36000061035156,70.12000274658203,8629000
2015-02-11,70.18000030517578,70.56999969482422,69.79000091552734,70.19000244140625,8088100
2015-02-12,70.5199966430664,70.63999938964844,69.8499984741211,70.44000244140625,10124100
2015-02-13,70.48999786376953,70.77999877929688,70.16999816894531,70.72000122070312,8592300
2015-02-17,70.79000091552734,71.26000213623047,70.72000122070312,71.2300033569336,8381700
2015-02-18,71.22000122070312,71.3499984741211,70.87000274658203,71.30999755859375,7780900
2015-02-19,71.2300033569336,71.55000305175781,71.11000061035156,71.43000030517578,5383600
2015-02-20,71.33000183105469,72.20999908447266,71.19999694824219,72.18000030517578,8213700
2015-02-23,72.29000091552734,72.73999786376953,72.16000366210938,72.51000213623047,8577500
2015-02-24,72.61000061035156,72.6500015258789,72.1500015258789,72.41999816894531,8052200
2015-02-25,72.36000061035156,72.61000061035156,72.0999984741211,72.38999938964844,9629700
2015-02-26,72.38999938964844,72.62000274658203,72.05000305175781,72.58999633789062,4424900
2015-02-27,72.55999755859375,72.6500015258789,72.19999694824219,72.23999786376953,6745300
2015-03-02,72.47000122070312,72.91000366210938,72.33999633789062,72.88999938964844,6769900
2015-03-03,72.8499984741211,72.86000061035156,71.87000274658203,72.2300033569336,10144000
2015-03-04,72.0199966430664,72.68000030517578,71.5999984741211,72.58000183105469,9153500
2015-03-05,72.66999816894531,73.16999816894531,72.58000183105469,72.83999633789062,6252100
2015-03-06,72.5,72.66000366210938,71.31999969482422,71.41000366210938,12314900
2015-03-09,71.62999725341797,71.91999816894531,71.22000122070312,71.8499984741211,10306300
2015-03-10,71.22000122070312,71.54000091552734,71.0,71.05000305175781,12323900
2015-03-11,71.43000030517578,71.51000213623047,70.95999908447266,71.01000213623047,7525100
2015-03-12,71.33999633789062,71.94999694824219,71.2699966430664,71.94999694824219,7574200
2015-03-13,71.8499984741211,72.27999877929688,71.33000183105469,71.80999755859375,6480400
2015-03-16,72.43000030517578,73.41000366210938,72.16999816894531,73.4000015258789,13635100
2015-03-17,73.13999938964844,73.33999633789062,72.73999786376953,73.19000244140625,10142500
2015-03-18,73.02999877929688,74.44999694824219,72.75,74.13999938964844,12886900
2015-03-19,74.13999938964844,74.66999816894531,74.01000213623047,74.56999969482422,9403900
2015-03-20,75.4000015258789,76.01000213623047,74.4800033569336,74.9000015258789,9544300
2015-03-23,74.66999816894531,75.08999633789062,74.4000015258789,74.69000244140625,4667800
2015-03-24,74.77999877929688,74.9800033569336,74.02999877929688,74.04000091552734,8467700
2015-03-25,74.25,74.62000274658203,72.66999816894531,72.69000244140625,15039100
2015-03-26,72.27999877929688,73.12000274658203,71.91999816894531,72.5199966430664,18253800
2015-03-27,72.72000122070312,73.31999969482422,72.5999984741211,73.04000091552734,8841600
2015-03-30,73.62999725341797,73.88999938964844,73.54000091552734,73.77999877929688,8008200
2015-03-31,73.48999786376953,74.16999816894531,72.5,72.5,8442900
2015-04-01,72.52999877929688,72.80999755859375,71.30999755859375,71.7699966430664,21829300
2015-04-02,71.83999633789062,72.31999969482422,71.63999938964844,71.98999786376953,7560100
2015-04-06,71.58999633789062,72.48999786376953,71.5,72.0999984741211,5746200
2015-04-07,72.27999877929688,72.80999755859375,72.20999908447266,72.2699966430664,5599300
2015-04-08,72.43000030517578,73.19999694824219,72.33999633789062,72.87999725341797,12577100
2015-04-09,72.9000015258789,73.55000305175781,72.80000305175781,73.43000030517578,8181400
2015-04-10,73.5,74.16000366210938,73.20999908447266,74.05999755859375,5084300
2015-04-13,74.11000061035156,74.44000244140625,73.62999725341797,73.66000366210938,6814800
2015-04-14,73.73999786376953,73.86000061035156,73.18000030517578,73.77999877929688,5878700
2015-04-15,74.19000244140625,74.33000183105469,73.83000183105469,73.97000122070312,6254600
2015-04-16,74.05000305175781,74.2300033569336,73.81999969482422,73.93000030517578,4439500
2015-04-17,73.45999908447266,73.6500015258789,72.81999969482422,73.29000091552734,12115400
2015-04-20,73.66000366210938,73.94000244140625,73.55000305175781,73.73999786376953,6659500
2015-04-21,74.11000061035156,74.44999694824219,74.08000183105469,74.2300033569336,6577200
2015-04-22,74.4000015258789,74.51000213623047,73.97000122070312,74.3499984741211,6078200
2015-04-23,74.23999786376953,74.81999969482422,73.88999938964844,74.62999725341797,10532500
2015-04-24,74.4800033569336,74.7300033569336,74.06999969482422,74.38999938964844,10397200
2015-04-27,74.56999969482422,74.63999938964844,72.94000244140625,73.04000091552734,17847700
2015-04-28,73.25,73.52999877929688,72.19999694824219,73.4000015258789,15798400
2015-04-29,72.88999938964844,73.41000366210938,72.25,72.7300033569336,13661300
2015-04-30,72.41999816894531,72.77999877929688,71.33000183105469,71.70999908447266,14554400
2015-05-01,72.19999694824219,72.72000122070312,72.19000244140625,72.68000030517578,11508300
2015-05-04,72.95999908447266,73.43000030517578,72.79000091552734,73.13999938964844,8561700
2015-05-05,72.98999786376953,73.0,72.1500015258789,72.22000122070312,11373800
2015-05-06,72.41000366210938,72.44999694824219,71.41999816894531,71.94000244140625,10152200
2015-05-07,71.83999633789062,72.52999877929688,71.7300033569336,72.27999877929688,9019700
2015-05-08,73.0199966430664,73.6500015258789,72.95999908447266,73.44999694824219,11222400
2015-05-11,73.70999908447266,73.83999633789062,73.41999816894531,73.48999786376953,7980700
2015-05-12,72.95999908447266,73.31999969482422,72.68000030517578,73.0199966430664,7019800
2015-05-13,73.26000213623047,73.63999938964844,72.97000122070312,73.0999984741211,6005800
2015-05-14,73.48999786376953,74.13999938964844,73.19000244140625,74.11000061035156,6894400
2015-05-15,74.23999786376953,74.3499984741211,74.02999877929688,74.26000213623047,3872300
2015-05-18,74.20999908447266,74.79000091552734,74.16999816894531,74.69999694824219,6792200
2015-05-19,74.80000305175781,75.23999786376953,74.61000061035156,75.05000305175781,5869200
2015-05-20,75.18000030517578,75.47000122070312,74.8499984741211,75.1500015258789,10577000
2015-05-21,75.12999725341797,75.23999786376953,74.87999725341797,75.16000366210938,4537900
2015-05-22,75.02999877929688,75.33999633789062,74.91999816894531,74.9800033569336,4612300
2015-05-26,74.75,74.83000183105469,74.06999969482422,74.22000122070312,9533800
2015-05-27,74.4800033569336,75.16000366210938,74.27999877929688,75.08000183105469,13043700
2015-05-28,75.06999969482422,75.33999633789062,74.7699966430664,75.12999725341797,5766400
2015-05-29,75.01000213623047,75.62000274658203,74.70999908447266,74.94000244140625,9839200
2015-06-01,75.37000274658203,75.52999877929688,74.73999786376953,75.23999786376953,7466700
2015-06-02,75.0,75.08999633789062,74.45999908447266,74.75,5722400
2015-06-03,75.0,75.06999969482422,74.68000030517578,74.88999938964844,5357600
2015-06-04,74.61000061035156,74.91000366210938,74.11000061035156,74.37000274658203,6479500
2015-06-05,74.2699966430664,74.38999938964844,73.73999786376953,74.33999633789062,7772200
2015-06-08,74.36000061035156,74.5199966430664,73.97000122070312,73.97000122070312,6736600
2015-06-09,74.20999908447266,74.20999908447266,73.66000366210938,73.94999694824219,8297500
2015-06-10,74.12000274658203,74.94999694824219,73.9800033569336,74.86000061035156,7728800
2015-06-11,75.44000244140625,75.48999786376953,74.97000122070312,75.37000274658203,4912000
2015-06-12,75.0,75.11000061035156,74.33999633789062,74.44000244140625,6330600
2015-06-15,73.97000122070312,74.68000030517578,73.58999633789062,74.52999877929688,7150200
2015-06-16,74.48999786376953,74.94000244140625,74.33000183105469,74.9000015258789,6041400
2015-06-17,74.98999786376953,75.16000366210938,74.5,74.97000122070312,5132100
2015-06-18,75.11000061035156,76.27999877929688,75.08000183105469,76.02999877929688,9511200
2015-06-19,75.83999633789062,76.01000213623047,75.66000366210938,75.70999908447266,10327400
2015-06-22,76.2699966430664,76.66000366210938,76.20999908447266,76.30000305175781,6635000
2015-06-23,76.41000366210938,76.6500015258789,76.18000030517578,76.44999694824219,4631600
2015-06-24,76.3499984741211,76.41999816894531,75.68000030517578,75.68000030517578,7294400
2015-06-25,75.91000366210938,76.45999908447266,75.70999908447266,76.0999984741211,9232500
2015-06-26,76.20999908447266,76.5,75.72000122070312,75.98999786376953,6147500
2015-06-29,75.33000183105469,75.72000122070312,74.08999633789062,74.12999725341797,13675900
2015-06-30,74.93000030517578,74.94999694824219,74.1500015258789,74.38999938964844,8722200
2015-07-01,75.16000366210938,75.26000213623047,74.75,75.19000244140625,7756500
2015-07-02,75.36000061035156,75.41000366210938,74.69000244140625,74.83999633789062,5678800
2015-07-06,74.13999938964844,75.27999877929688,74.13999938964844,74.80999755859375,9352600
2015-07-07,74.91000366210938,75.16999816894531,73.88999938964844,75.16999816894531,10653300
2015-07-08,74.56999969482422,74.80000305175781,73.86000061035156,73.87999725341797,13074900
2015-07-09,74.68000030517578,74.87000274658203,74.23999786376953,74.27999877929688,6654600
2015-07-10,75.20999908447266,75.37000274658203,74.77999877929688,75.27999877929688,8059500
2015-07-13,75.81999969482422,76.08000183105469,75.61000061035156,75.91999816894531,7815100
2015-07-14,75.95999908447266,76.77999877929688,75.79000091552734,76.68000030517578,5831800
2015-07-15,76.91999816894531,77.26000213623047,76.55999755859375,76.77999877929688,6994900
2015-07-16,77.05999755859375,77.25,76.83999633789062,77.13999938964844,5109200
2015-07-17,77.05000305175781,77.06999969482422,76.66000366210938,76.97000122070312,3877900
2015-07-20,77.06999969482422,77.4000015258789,76.98999786376953,77.22000122070312,3874800
2015-07-21,77.19000244140625,77.38999938964844,76.52999877929688,76.87999725341797,8140200
2015-07-22,76.66999816894531,77.12000274658203,76.55000305175781,77.05000305175781,5765400
2015-07-23,77.19000244140625,77.3499984741211,76.62999725341797,76.7699966430664,5677400
2015-07-24,76.0,76.05000305175781,74.70999908447266,74.8499984741211,13229700
2015-07-27,74.66999816894531,74.93000030517578,74.38999938964844,74.77999877929688,11037000
2015-07-28,75.19999694824219,76.1500015258789,74.81999969482422,76.12999725341797,11445100
2015-07-29,76.45999908447266,76.61000061035156,75.94000244140625,76.26000213623047,9367000
2015-07-30,76.19000244140625,76.33000183105469,75.55999755859375,76.1500015258789,5381100
2015-07-31,76.44000244140625,76.93000030517578,76.38999938964844,76.58999633789062,7910300
2015-08-03,76.66999816894531,76.9000015258789,76.01000213623047,76.52999877929688,8447800
2015-08-04,76.91000366210938,76.94999694824219,76.25,76.48999786376953,10778700
2015-08-05,76.95999908447266,77.26000213623047,76.83000183105469,77.12999725341797,5391200
2015-08-06,77.19999694824219,77.2699966430664,75.37999725341797,75.44999694824219,13360200
2015-08-07,75.43000030517578,75.56999969482422,74.52999877929688,75.31999969482422,10863600
2015-08-10,75.56999969482422,76.26000213623047,75.56999969482422,75.93000030517578,7951100
2015-08-11,75.41000366210938,75.69000244140625,74.91000366210938,75.29000091552734,7914900
2015-08-12,74.72000122070312,75.41999816894531,73.9000015258789,75.33999633789062,9665900
2015-08-13,75.4000015258789,75.68000030517578,74.98999786376953,75.16999816894531,6329300
2015-08-14,74.95999908447266,75.41999816894531,74.80000305175781,75.37999725341797,5504000
2015-08-17,75.12999725341797,76.16000366210938,74.83000183105469,76.13999938964844,5796000
2015-08-18,76.05999755859375,76.44000244140625,75.91000366210938,76.02999877929688,5465900
2015-08-19,75.62000274658203,76.23999786376953,75.18000030517578,75.72000122070312,10070300
2015-08-20,75.16000366210938,75.44999694824219,73.95999908447266,73.95999908447266,12992900
2015-08-21,73.22000122070312,73.8499984741211,71.69000244140625,71.69999694824219,24008300
2015-08-24,67.38999938964844,71.06999969482422,56.630001068115234,68.6500015258789,33675700
2015-08-25,70.80000305175781,71.33999633789062,67.86000061035156,67.95999908447266,17883700
2015-08-26,69.83999633789062,70.9000015258789,68.16999816894531,70.83000183105469,26115600
2015-08-27,71.75,72.30999755859375,70.69000244140625,72.20999908447266,18689700
2015-08-28,71.8499984741211,72.23999786376953,71.2300033569336,71.80000305175781,10045600
2015-08-31,71.4800033569336,72.0999984741211,70.30999755859375,70.48999786376953,15143100
2015-09-01,68.63999938964844,69.76000213623047,68.31999969482422,68.63999938964844,21723600
2015-09-02,69.77999877929688,70.05000305175781,68.91000366210938,70.05000305175781,12491700
2015-09-03,70.44999694824219,70.83999633789062,69.38999938964844,69.55000305175781,14080100
2015-09-04,68.48999786376953,69.2699966430664,68.18000030517578,68.68000030517578,16587900
2015-09-08,69.94000244140625,70.69999694824219,69.5199966430664,70.5999984741211,11697400
2015-09-09,71.41999816894531,71.47000122070312,69.33000183105469,69.51000213623047,12424000
2015-09-10,69.54000091552734,70.70999908447266,69.31999969482422,70.18000030517578,17313700
2015-09-11,69.88999938964844,70.66000366210938,69.69000244140625,70.62999725341797,7633000
2015-09-14,70.6500015258789,70.77999877929688,70.08999633789062,70.41000366210938,6232200
2015-09-15,70.76000213623047,71.58999633789062,70.5,71.41999816894531,8414600
2015-09-16,71.44999694824219,71.75,70.91000366210938,71.62000274658203,12003400
2015-09-17,71.55000305175781,73.26000213623047,71.55000305175781,72.2699966430664,19149000
2015-09-18,71.0199966430664,71.66999816894531,70.80999755859375,70.91000366210938,23716000
2015-09-21,71.4000015258789,71.56999969482422,69.5,69.97000122070312,23860100
2015-09-22,69.01000213623047,69.66000366210938,68.76000213623047,69.54000091552734,29234000
2015-09-23,69.5999984741211,70.12000274658203,69.11000061035156,69.47000122070312,9578700
2015-09-24,68.9000015258789,69.16999816894531,67.98999786376953,68.76000213623047,20064500
2015-09-25,69.30999755859375,69.5199966430664,66.3499984741211,66.87999725341797,30973700
2015-09-28,66.45999908447266,66.5999984741211,63.72999954223633,64.29000091552734,66470200
2015-09-29,64.45999908447266,65.9800033569336,64.08000183105469,64.87999725341797,31776000
2015-09-30,65.83999633789062,66.41999816894531,65.37999725341797,66.2300033569336,26565600
2015-10-01,66.38999938964844,66.94999694824219,65.75,66.9000015258789,19853100
2015-10-02,66.02999877929688,68.30000305175781,65.72000122070312,68.29000091552734,23741800
2015-10-05,68.87999725341797,69.0199966430664,67.80000305175781,68.47000122070312,18389800
2015-10-06,68.25,68.44999694824219,65.91000366210938,66.86000061035156,30431600
2015-10-07,67.3499984741211,68.26000213623047,66.52999877929688,67.93000030517578,27466100
2015-10-08,67.54000091552734,68.3499984741211,66.87000274658203,68.12999725341797,23182700
2015-10-09,68.23999786376953,68.7300033569336,67.94000244140625,68.44000244140625,13890000
2015-10-12,68.13999938964844,68.83999633789062,68.05000305175781,68.62000274658203,11074500
2015-10-13,68.30999755859375,69.19000244140625,67.69000244140625,67.76000213623047,17273300
2015-10-14,68.12000274658203,68.68000030517578,67.44000244140625,67.62999725341797,21786200
2015-10-15,67.26000213623047,69.13999938964844,67.19000244140625,69.13999938964844,22133300
2015-10-16,69.33000183105469,69.86000061035156,69.16000366210938,69.76000213623047,17657000
2015-10-19,69.52999877929688,70.19999694824219,69.1500015258789,70.01000213623047,15694700
2015-10-20,69.79000091552734,70.01000213623047,68.61000061035156,68.91000366210938,14802000
2015-10-21,69.30000305175781,69.56999969482422,67.16000366210938,68.29000091552734,36068300
2015-10-22,68.38999938964844,68.5,67.02999877929688,67.87999725341797,35524500
2015-10-23,68.58000183105469,69.69000244140625,68.30000305175781,69.33000183105469,26524200
2015-10-26,69.16000366210938,70.06999969482422,68.93000030517578,69.5999984741211,17831900
2015-10-27,69.79000091552734,70.87999725341797,69.77999877929688,70.87999725341797,25160900
2015-10-28,70.7699966430664,71.51000213623047,70.13999938964844,71.47000122070312,18158000
2015-10-29,71.87999725341797,73.0,71.48999786376953,71.79000091552734,22780700
2015-10-30,72.01000213623047,72.20999908447266,71.33999633789062,71.33999633789062,12427200
2015-11-02,71.75,72.91000366210938,71.33999633789062,72.86000061035156,18646600
2015-11-03,72.66999816894531,72.83000183105469,72.08999633789062,72.5999984741211,10428700
2015-11-04,72.86000061035156,72.87999725341797,71.83999633789062,72.27999877929688,11533000
2015-11-05,72.33000183105469,72.3499984741211,71.37000274658203,72.05000305175781,9172000
2015-11-06,71.61000061035156,71.81999969482422,70.91999816894531,71.75,12661100
2015-11-09,71.62000274658203,71.62000274658203,70.79000091552734,71.19999694824219,15625000
2015-11-10,71.22000122070312,71.83999633789062,71.08000183105469,71.68000030517578,9737400
2015-11-11,71.94999694824219,71.94999694824219,70.95999908447266,70.97000122070312,10580900
2015-11-12,70.77999877929688,70.88999938964844,69.73999786376953,69.73999786376953,10870800
2015-11-13,69.5999984741211,70.27999877929688,69.4800033569336,69.56999969482422,18196800
2015-11-16,69.41999816894531,70.44000244140625,69.41000366210938,70.44000244140625,12959800
2015-11-17,70.58000183105469,71.20999908447266,70.22000122070312,70.73999786376953,7882300
2015-11-18,70.77999877929688,72.19999694824219,70.77999877929688,72.12000274658203,12816300
2015-11-19,71.66000366210938,71.75,70.8499984741211,70.91000366210938,11128000
2015-11-20,71.27999877929688,71.87000274658203,71.27999877929688,71.5199966430664,9224500
2015-11-23,71.37999725341797,71.77999877929688,71.12999725341797,71.33999633789062,10362700
2015-11-24,70.9000015258789,71.62999725341797,70.86000061035156,71.55999755859375,7174700
2015-11-25,71.75,72.05000305175781,71.5999984741211,71.94999694824219,4594400
2015-11-27,72.13999938964844,72.22000122070312,71.9000015258789,72.08999633789062,2658000
2015-11-30,72.19999694824219,72.20999908447266,71.11000061035156,71.11000061035156,8846100
2015-12-01,71.4800033569336,72.37000274658203,71.31999969482422,72.30999755859375,10659200
2015-12-02,72.38999938964844,72.61000061035156,71.58999633789062,71.69999694824219,9875100
2015-12-03,71.76000213623047,71.8499984741211,69.81999969482422,70.12999725341797,13191400
2015-12-04,70.44000244140625,71.88999938964844,70.2699966430664,71.77999877929688,14929800
2015-12-07,71.62999725341797,72.0,71.01000213623047,71.37999725341797,8511000
2015-12-08,70.83999633789062,71.73999786376953,70.83999633789062,71.54000091552734,7483600
2015-12-09,71.20999908447266,71.9000015258789,70.54000091552734,70.81999969482422,17593600
2015-12-10,70.81999969482422,71.83999633789062,70.75,71.3499984741211,9778500
2015-12-11,70.58999633789062,70.87999725341797,70.20999908447266,70.30000305175781,15178300
2015-12-14,70.56999969482422,70.8499984741211,69.66999816894531,70.76000213623047,21091500
2015-12-15,71.52999877929688,72.0199966430664,71.30000305175781,71.68000030517578,14006300
2015-12-16,72.27999877929688,72.72000122070312,71.2699966430664,72.61000061035156,15273700
2015-12-17,72.80999755859375,72.80999755859375,71.7699966430664,71.83000183105469,11469100
2015-12-18,71.33999633789062,71.43000030517578,70.4800033569336,70.48999786376953,15159800
2015-12-21,70.91000366210938,71.12999725341797,70.55000305175781,71.12999725341797,6707200
2015-12-22,71.37999725341797,71.70999908447266,70.97000122070312,71.61000061035156,7495800
2015-12-23,72.05999755859375,72.54000091552734,71.98999786376953,72.37999725341797,8091000
2015-12-24,72.13999938964844,72.68000030517578,72.11000061035156,72.44999694824219,2568300
2015-12-28,72.23999786376953,72.30000305175781,71.91000366210938,72.11000061035156,6534700
2015-12-29,72.58999633789062,73.16000366210938,72.44000244140625,72.98999786376953,7243100
2015-12-30,72.91000366210938,73.0999984741211,72.61000061035156,72.68000030517578,8496500
2015-12-31,72.41999816894531,72.75,72.02999877929688,72.02999877929688,6591700
2016-01-04,70.7699966430664,71.0,70.01000213623047,70.7300033569336,19666300
2016-01-05,70.93000030517578,71.37999725341797,70.76000213623047,71.06999969482422,14540000
2016-01-06,70.05999755859375,70.9800033569336,70.0,70.48999786376953,14651700
2016-01-07,69.12999725341797,70.01000213623047,68.87000274658203,69.05999755859375,17850400
2016-01-08,69.47000122070312,69.6500015258789,67.9000015258789,68.0199966430664,17022800
2016-01-11,68.31999969482422,68.3499984741211,66.26000213623047,67.20999908447266,28563800
2016-01-12,67.75,68.45999908447266,66.95999908447266,68.06999969482422,13727000
2016-01-13,68.19999694824219,68.5199966430664,65.9800033569336,66.05000305175781,16202500
2016-01-14,66.22000122070312,68.26000213623047,65.80999755859375,67.81999969482422,23342300
2016-01-15,66.0999984741211,67.18000030517578,65.91999816894531,66.87000274658203,17882300
2016-01-19,67.5999984741211,67.8499984741211,66.12999725341797,66.86000061035156,13495200
2016-01-20,65.68000030517578,67.63999938964844,64.86000061035156,66.98999786376953,24665600
2016-01-21,67.16000366210938,67.5,66.16000366210938,66.79000091552734,17102800
2016-01-22,67.7300033569336,68.02999877929688,67.41000366210938,67.8499984741211,11343800
2016-01-25,67.6500015258789,68.0999984741211,67.12999725341797,67.22000122070312,10131900
2016-01-26,67.26000213623047,67.86000061035156,66.73999786376953,67.7300033569336,12449700
2016-01-27,67.61000061035156,68.31999969482422,66.48999786376953,66.95999908447266,15924700
2016-01-28,67.27999877929688,67.31999969482422,65.05000305175781,65.4000015258789,26127300
2016-01-29,65.26000213623047,66.5,65.06999969482422,66.47000122070312,17578200
2016-02-01,66.0199966430664,66.91000366210938,65.66999816894531,66.56999969482422,16705700
2016-02-02,66.0999984741211,66.27999877929688,65.41000366210938,65.61000061035156,12968700
2016-02-03,65.80000305175781,66.11000061035156,64.56999969482422,66.04000091552734,19453100
2016-02-04,65.83999633789062,66.41999816894531,65.08999633789062,65.68000030517578,18958100
2016-02-05,65.31999969482422,65.5,64.06999969482422,64.4000015258789,16744000
2016-02-08,63.68000030517578,63.95000076293945,62.7599983215332,63.52000045776367,24652800
2016-02-09,62.75,64.62999725341797,62.68000030517578,63.9900016784668,20741700
2016-02-10,64.41000366210938,65.55999755859375,64.36000061035156,64.55999755859375,14728500
2016-02-11,63.400001525878906,64.02999877929688,63.040000915527344,63.52000045776367,22801100
2016-02-12,63.869998931884766,64.4000015258789,63.33000183105469,64.37000274658203,10316000
2016-02-16,65.05999755859375,65.61000061035156,64.83999633789062,65.58000183105469,17303000
2016-02-17,66.08999633789062,66.48999786376953,65.58999633789062,66.41000366210938,12140000
2016-02-18,66.48999786376953,66.76000213623047,65.83999633789062,66.0,9722100
2016-02-19,65.68000030517578,66.12000274658203,65.5199966430664,65.93000030517578,8875100
2016-02-22,66.47000122070312,66.87999725341797,66.36000061035156,66.87000274658203,7515700
2016-02-23,66.69000244140625,67.04000091552734,66.30000305175781,66.37000274658203,8211900
2016-02-24,65.98999786376953,66.68000030517578,65.29000091552734,66.58999633789062,11118600
2016-02-25,66.88999938964844,67.45999908447266,66.55999755859375,67.41999816894531,9496400
2016-02-26,67.7300033569336,68.0,67.23999786376953,67.30000305175781,10365700
2016-02-29,67.0999984741211,67.2699966430664,66.19999694824219,66.2300033569336,11091700
2016-03-01,66.5999984741211,67.66999816894531,66.16000366210938,67.6500015258789,14549100
2016-03-02,67.48999786376953,67.77999877929688,67.3499984741211,67.76000213623047,10923700
2016-03-03,67.58999633789062,67.6500015258789,66.94999694824219,67.56999969482422,10815000
2016-03-04,67.56999969482422,67.83999633789062,67.0999984741211,67.41000366210938,9855700
2016-03-07,66.97000122070312,68.18000030517578,66.95999908447266,67.94999694824219,11082400
2016-03-08,67.55000305175781,67.7699966430664,67.02999877929688,67.12000274658203,8204200
2016-03-09,67.30000305175781,67.52999877929688,66.77999877929688,67.23999786376953,13032500
2016-03-10,67.56999969482422,68.02999877929688,66.76000213623047,67.27999877929688,11287700
2016-03-11,67.70999908447266,68.5999984741211,67.66000366210938,68.58999633789062,10618300
2016-03-14,68.33999633789062,68.56999969482422,68.12999725341797,68.30000305175781,6140900
2016-03-15,67.8499984741211,67.98999786376953,67.04000091552734,67.23999786376953,15226500
2016-03-16,67.11000061035156,67.47000122070312,66.55000305175781,67.08000183105469,16881300
2016-03-17,67.0199966430664,67.02999877929688,65.66000366210938,66.30000305175781,20920400
2016-03-18,66.18000030517578,67.08000183105469,66.05999755859375,66.83999633789062,19524800
2016-03-21,66.9000015258789,67.37000274658203,66.79000091552734,67.2300033569336,12183600
2016-03-22,67.01000213623047,68.11000061035156,67.01000213623047,67.9000015258789,13200200
2016-03-23,67.8499984741211,67.97000122070312,67.36000061035156,67.41999816894531,9105100
2016-03-24,67.12000274658203,67.63999938964844,66.87000274658203,67.38999938964844,8492800
2016-03-28,67.56999969482422,67.63999938964844,67.0999984741211,67.19999694824219,7156300
2016-03-29,67.08000183105469,68.04000091552734,66.8499984741211,67.9800033569336,10455600
2016-03-30,68.31999969482422,68.5,67.87000274658203,67.98999786376953,7607700
2016-03-31,67.88999938964844,68.29000091552734,67.75,67.77999877929688,8602700
2016-04-01,67.5,68.80000305175781,67.37000274658203,68.55000305175781,9120200
2016-04-04,68.70999908447266,69.62000274658203,68.69999694824219,69.37000274658203,17381200
2016-04-05,68.55999755859375,68.87999725341797,68.30999755859375,68.47000122070312,16555000
2016-04-06,68.48999786376953,70.33999633789062,68.48999786376953,70.30999755859375,24546600
2016-04-07,69.80999755859375,70.27999877929688,69.18000030517578,69.54000091552734,19216700
2016-04-08,69.97000122070312,70.0,68.94000244140625,69.3499984741211,12883800
2016-04-11,69.31999969482422,69.5199966430664,68.66999816894531,68.81999969482422,8695500
2016-04-12,68.80999755859375,69.52999877929688,68.80000305175781,69.37999725341797,13510500
2016-04-13,69.69999694824219,70.06999969482422,69.33000183105469,70.02999877929688,9706200
2016-04-14,70.01000213623047,70.30000305175781,69.80999755859375,70.06999969482422,6655200
2016-04-15,70.23999786376953,70.23999786376953,69.55000305175781,70.0199966430664,7945300
2016-04-18,69.81999969482422,70.75,69.70999908447266,70.66999816894531,11505400
2016-04-19,70.79000091552734,71.30000305175781,70.52999877929688,70.91999816894531,6655000
2016-04-20,70.94000244140625,71.63999938964844,70.87999725341797,71.30000305175781,10763400
2016-04-21,71.33999633789062,71.87999725341797,71.25,71.72000122070312,12463100
2016-04-22,71.76000213623047,72.11000061035156,71.44000244140625,71.87000274658203,12052800
2016-04-25,71.5999984741211,71.81999969482422,71.36000061035156,71.58999633789062,8937500
2016-04-26,71.7300033569336,71.7300033569336,71.11000061035156,71.31999969482422,7433500
2016-04-27,71.37000274658203,71.54000091552734,70.94000244140625,71.23999786376953,9121200
2016-04-28,70.83000183105469,71.58999633789062,70.51000213623047,70.9000015258789,19512000
2016-04-29,70.26000213623047,70.4000015258789,69.37000274658203,69.79000091552734,13577900
2016-05-02,69.91999816894531,70.22000122070312,69.62999725341797,70.19000244140625,9074800
2016-05-03,69.94000244140625,70.4000015258789,69.69999694824219,69.97000122070312,9436800
2016-05-04,69.52999877929688,69.6500015258789,69.11000061035156,69.30000305175781,11802000
2016-05-05,69.30999755859375,69.69000244140625,69.16000366210938,69.58999633789062,10145200
2016-05-06,69.33999633789062,69.54000091552734,68.61000061035156,69.18000030517578,14164300
2016-05-09,69.18000030517578,70.19000244140625,69.1500015258789,69.97000122070312,13606600
2016-05-10,70.25,70.56999969482422,70.05999755859375,70.55999755859375,11073000
2016-05-11,70.44999694824219,70.62999725341797,69.69999694824219,69.70999908447266,8452500
2016-05-12,69.86000061035156,70.06999969482422,68.9000015258789,69.30000305175781,11322900
2016-05-13,69.22000122070312,69.66999816894531,69.08000183105469,69.13999938964844,11947300
2016-05-16,69.1500015258789,70.2300033569336,69.12000274658203,70.08000183105469,8338100
2016-05-17,69.94999694824219,70.12999725341797,69.0999984741211,69.3499984741211,14920000
2016-05-18,69.23999786376953,69.98999786376953,69.16999816894531,69.63999938964844,11515200
2016-05-19,69.23999786376953,69.55999755859375,68.61000061035156,69.05000305175781,8765700
2016-05-20,69.30999755859375,69.93000030517578,69.27999877929688,69.69000244140625,7925700
2016-05-23,69.58999633789062,69.72000122070312,69.3499984741211,69.41000366210938,5061400
2016-05-24,69.76000213623047,70.5199966430664,69.66999816894531,70.41000366210938,11936400
2016-05-25,70.5999984741211,70.98999786376953,70.58999633789062,70.8499984741211,8949200
2016-05-26,70.87999725341797,71.0,70.62999725341797,70.86000061035156,5257700
2016-05-27,70.80999755859375,71.33999633789062,70.80999755859375,71.18000030517578,9641300
2016-05-31,71.4000015258789,71.5199966430664,71.04000091552734,71.3499984741211,7669800
2016-06-01,71.12999725341797,71.7699966430664,71.06999969482422,71.61000061035156,9301700
2016-06-02,71.55000305175781,72.52999877929688,71.45999908447266,72.52999877929688,12473100
2016-06-03,72.30999755859375,72.55000305175781,71.70999908447266,72.29000091552734,13896000
2016-06-06,72.30000305175781,72.80999755859375,72.12000274658203,72.68000030517578,9117600
2016-06-07,72.37999725341797,72.44999694824219,72.05000305175781,72.2300033569336,6439100
2016-06-08,72.16999816894531,72.61000061035156,72.01000213623047,72.4800033569336,4621300
2016-06-09,72.31999969482422,72.83000183105469,72.1500015258789,72.36000061035156,9608500
2016-06-10,71.94000244140625,71.9800033569336,71.44999694824219,71.77999877929688,10270900
2016-06-13,71.5199966430664,72.05999755859375,71.19000244140625,71.20999908447266,8538400
2016-06-14,71.04000091552734,71.3499984741211,70.73999786376953,71.31999969482422,8000500
2016-06-15,71.51000213623047,71.66000366210938,70.7699966430664,70.83000183105469,7861100
2016-06-16,70.62000274658203,71.19999694824219,70.2699966430664,71.08000183105469,9341200
2016-06-17,70.9000015258789,70.93000030517578,69.80000305175781,70.05999755859375,10799100
2016-06-20,70.66000366210938,71.0,70.41000366210938,70.5,7983700
2016-06-21,70.73999786376953,70.80999755859375,70.0999984741211,70.26000213623047,7014900
2016-06-22,70.26000213623047,71.25,70.19999694824219,70.45999908447266,11207600
2016-06-23,71.08000183105469,71.38999938964844,70.75,71.37999725341797,7626900
2016-06-24,69.3499984741211,70.4000015258789,69.05000305175781,69.30999755859375,22576500
2016-06-27,68.83999633789062,69.08000183105469,68.08999633789062,68.37999725341797,18241500
2016-06-28,68.86000061035156,69.7699966430664,68.8499984741211,69.70999908447266,13652400
2016-06-29,70.19999694824219,71.23999786376953,70.19999694824219,71.04000091552734,8968400
2016-06-30,71.18000030517578,71.75,70.83000183105469,71.70999908447266,9535200
2016-07-01,71.87000274658203,72.33000183105469,71.63999938964844,72.16000366210938,6793100
2016-07-05,71.7300033569336,72.37999725341797,71.7300033569336,72.08999633789062,8359800
2016-07-06,71.9800033569336,73.05000305175781,71.9000015258789,72.9000015258789,18791500
2016-07-07,73.33999633789062,73.3499984741211,72.45999908447266,72.79000091552734,8022400
2016-07-08,73.1500015258789,73.70999908447266,72.76000213623047,73.69000244140625,11013200
2016-07-11,73.91000366210938,74.0999984741211,73.41999816894531,73.48999786376953,7375100
2016-07-12,73.6500015258789,73.95999908447266,73.58999633789062,73.8499984741211,10237200
2016-07-13,74.08000183105469,74.18000030517578,73.75,73.81999969482422,6401900
2016-07-14,74.30999755859375,74.66000366210938,73.87000274658203,74.13999938964844,4813200
2016-07-15,74.41999816894531,74.62999725341797,73.98999786376953,74.08000183105469,7131300
2016-07-18,74.0999984741211,74.25,73.83999633789062,74.11000061035156,3954300
2016-07-19,74.19999694824219,74.37999725341797,73.7300033569336,73.94999694824219,6634700
2016-07-20,74.29000091552734,74.75,74.19000244140625,74.62000274658203,6855000
2016-07-21,74.62000274658203,74.98999786376953,74.55000305175781,74.83999633789062,9230800
2016-07-22,74.83000183105469,75.08000183105469,74.61000061035156,74.98999786376953,5446500
2016-07-25,75.01000213623047,75.06999969482422,74.44999694824219,74.91000366210938,5868400
2016-07-26,74.62000274658203,74.88999938964844,74.4800033569336,74.77999877929688,6904200
2016-07-27,74.62999725341797,75.23999786376953,74.48999786376953,75.12000274658203,7983100
2016-07-28,75.0,75.23999786376953,74.68000030517578,75.05000305175781,5470100
2016-07-29,74.91000366210938,75.33999633789062,74.7300033569336,75.19999694824219,4889200
2016-08-01,75.2699966430664,76.0,75.2699966430664,75.68000030517578,9255100
2016-08-02,75.73999786376953,75.73999786376953,74.93000030517578,75.38999938964844,12149300
2016-08-03,75.33999633789062,75.38999938964844,75.02999877929688,75.18000030517578,9761200
2016-08-04,75.2300033569336,75.3499984741211,74.97000122070312,75.06999969482422,8415500
2016-08-05,75.4000015258789,75.4000015258789,74.83000183105469,75.25,8244400
2016-08-08,75.19000244140625,75.19000244140625,74.3499984741211,74.61000061035156,6655500
2016-08-09,75.01000213623047,75.05000305175781,74.58000183105469,74.79000091552734,11261100
2016-08-10,74.76000213623047,74.76000213623047,74.33999633789062,74.54000091552734,7031600
2016-08-11,74.73999786376953,75.05000305175781,74.5999984741211,74.97000122070312,6599800
2016-08-12,74.83000183105469,74.86000061035156,74.51000213623047,74.77999877929688,6211900
2016-08-15,74.77999877929688,75.08000183105469,74.77999877929688,74.91000366210938,4122500
2016-08-16,74.80000305175781,74.80999755859375,74.23999786376953,74.23999786376953,6042300
2016-08-17,74.08000183105469,74.44999694824219,73.93000030517578,74.38999938964844,7296300
2016-08-18,74.37999725341797,74.58000183105469,74.19000244140625,74.41999816894531,4180100
2016-08-19,74.2699966430664,74.41000366210938,74.04000091552734,74.36000061035156,4323500
2016-08-22,74.38999938964844,74.79000091552734,74.30999755859375,74.51000213623047,4090200
2016-08-23,74.7699966430664,75.0,74.54000091552734,74.58000183105469,8557900
2016-08-24,74.55000305175781,74.70999908447266,73.2300033569336,73.41000366210938,8670400
2016-08-25,73.20999908447266,73.51000213623047,72.47000122070312,72.79000091552734,8766500
2016-08-26,72.87000274658203,73.44999694824219,72.62999725341797,73.06999969482422,9974300
2016-08-29,73.0999984741211,73.41000366210938,72.91999816894531,73.2300033569336,7372100
2016-08-30,73.31999969482422,73.31999969482422,72.80000305175781,72.9800033569336,5497900
2016-08-31,72.87999725341797,72.97000122070312,72.4800033569336,72.76000213623047,4756800
2016-09-01,72.76000213623047,72.8499984741211,72.23999786376953,72.56999969482422,9501400
2016-09-02,72.72000122070312,72.87000274658203,72.44999694824219,72.6500015258789,8052300
2016-09-06,72.7699966430664,73.06999969482422,72.66000366210938,72.91000366210938,8735800
2016-09-07,72.8499984741211,73.16999816894531,72.69999694824219,72.91000366210938,7561600
2016-09-08,72.68000030517578,73.02999877929688,72.61000061035156,72.97000122070312,4822200
2016-09-09,72.55999755859375,72.55999755859375,71.48999786376953,71.51000213623047,14135500
2016-09-12,71.11000061035156,72.76000213623047,71.08999633789062,72.56999969482422,13023400
2016-09-13,72.12000274658203,72.12000274658203,71.22000122070312,71.5999984741211,12194200
2016-09-14,71.56999969482422,72.06999969482422,71.30999755859375,71.5999984741211,13108500
2016-09-15,71.47000122070312,72.54000091552734,71.30000305175781,72.33999633789062,9613600
2016-09-16,71.98999786376953,72.20999908447266,71.83000183105469,72.11000061035156,8691000
2016-09-19,72.29000091552734,72.44000244140625,71.76000213623047,71.8499984741211,9919700
2016-09-20,72.16000366210938,72.33999633789062,72.04000091552734,72.06999969482422,5286600
2016-09-21,72.30999755859375,72.93000030517578,71.87000274658203,72.79000091552734,8485900
2016-09-22,73.08999633789062,73.47000122070312,73.05000305175781,73.33999633789062,6501900
2016-09-23,73.2300033569336,73.41000366210938,73.0999984741211,73.11000061035156,5420400
2016-09-26,72.83999633789062,72.9000015258789,72.08999633789062,72.26000213623047,5534100
2016-09-27,72.16999816894531,72.77999877929688,72.01000213623047,72.7699966430664,7839000
2016-09-28,72.83999633789062,72.8499984741211,72.27999877929688,72.66000366210938,6522600
2016-09-29,72.56999969482422,72.66000366210938,71.16999816894531,71.37999725341797,8857900
2016-09-30,71.52999877929688,72.30999755859375,71.48999786376953,72.11000061035156,7453500
2016-10-03,71.79000091552734,72.05000305175781,71.48999786376953,72.05000305175781,9187900
2016-10-04,71.97000122070312,72.2699966430664,71.55000305175781,71.91000366210938,10594600
2016-10-05,72.0999984741211,72.3499984741211,71.98999786376953,72.19000244140625,12842100
2016-10-06,71.94999694824219,72.0199966430664,71.48999786376953,71.91999816894531,9308900
2016-10-07,71.8499984741211,72.20999908447266,71.44999694824219,71.87000274658203,9920400
2016-10-10,72.0,72.41999816894531,72.0,72.19999694824219,11039500
2016-10-11,71.8499984741211,71.8499984741211,70.08000183105469,70.38999938964844,12499700
2016-10-12,70.43000030517578,70.70999908447266,69.98999786376953,70.05999755859375,11746400
2016-10-13,69.6500015258789,70.3499984741211,69.41999816894531,70.08999633789062,13623100
2016-10-14,70.25,70.44000244140625,69.5999984741211,69.62000274658203,8382400
2016-10-17,69.51000213623047,69.6500015258789,69.23999786376953,69.38999938964844,8463000
2016-10-18,70.02999877929688,70.37000274658203,69.86000061035156,70.22000122070312,5495800
2016-10-19,70.30999755859375,70.37000274658203,69.94000244140625,69.95999908447266,5296700
2016-10-20,70.05000305175781,70.51000213623047,69.91999816894531,70.29000091552734,6876000
2016-10-21,69.93000030517578,69.93000030517578,69.52999877929688,69.70999908447266,5511600
2016-10-24,70.0199966430664,70.08999633789062,69.58000183105469,69.58000183105469,7384700
2016-10-25,69.5,69.70999908447266,69.29000091552734,69.37999725341797,7922100
2016-10-26,69.2699966430664,69.37999725341797,68.68000030517578,68.95999908447266,8073700
2016-10-27,69.48999786376953,69.76000213623047,69.0999984741211,69.27999877929688,6974700
2016-10-28,68.44999694824219,68.63999938964844,67.4800033569336,67.77999877929688,18469300
2016-10-31,67.76000213623047,67.7699966430664,67.33000183105469,67.36000061035156,12689000
2016-11-01,67.4000015258789,67.58999633789062,66.4800033569336,67.0,14908700
2016-11-02,66.87000274658203,67.38999938964844,66.6500015258789,66.6500015258789,17942900
2016-11-03,66.87000274658203,67.1500015258789,65.95999908447266,66.0199966430664,22074200
2016-11-04,66.19999694824219,67.02999877929688,66.12999725341797,66.4800033569336,21382600
2016-11-07,67.19999694824219,68.36000061035156,67.16000366210938,68.18000030517578,17367800
2016-11-08,67.73999786376953,68.83000183105469,67.6500015258789,68.37000274658203,15943900
2016-11-09,68.37000274658203,71.56999969482422,68.37000274658203,70.77999877929688,49750100
2016-11-10,71.94000244140625,72.08000183105469,71.05999755859375,71.55999755859375,28378900
2016-11-11,71.36000061035156,71.36000061035156,70.18000030517578,70.48999786376953,15866100
2016-11-14,70.80000305175781,70.87999725341797,70.12999725341797,70.2699966430664,17406200
2016-11-15,70.54000091552734,70.54000091552734,69.81999969482422,70.47000122070312,10371600
2016-11-16,70.29000091552734,70.62999725341797,70.08000183105469,70.16999816894531,7585000
2016-11-17,70.19000244140625,70.47000122070312,70.0199966430664,70.44999694824219,12856200
2016-11-18,70.51000213623047,70.69999694824219,69.66000366210938,69.69999694824219,12185000
2016-11-21,69.8499984741211,70.0199966430664,69.7699966430664,69.94999694824219,6791800
2016-11-22,69.91999816894531,69.91999816894531,68.47000122070312,68.94000244140625,14522100
2016-11-23,67.79000091552734,69.22000122070312,67.79000091552734,69.20999908447266,13676000
2016-11-25,69.41000366210938,69.54000091552734,69.20999908447266,69.4800033569336,4009300
2016-11-28,69.3499984741211,69.36000061035156,68.8499984741211,68.95999908447266,6507200
2016-11-29,69.12000274658203,69.61000061035156,69.11000061035156,69.41000366210938,7093900
2016-11-30,69.45999908447266,69.4800033569336,68.72000122070312,68.75,8640700
2016-12-01,68.83000183105469,69.0,68.05000305175781,68.25,11360700
2016-12-02,68.37000274658203,68.68000030517578,68.13999938964844,68.41000366210938,7964500
2016-12-05,68.69000244140625,68.79000091552734,68.06999969482422,68.29000091552734,5832100
2016-12-06,68.48999786376953,68.5,68.08999633789062,68.4800033569336,5490800
2016-12-07,67.94000244140625,67.94000244140625,66.97000122070312,67.88999938964844,12758900
2016-12-08,67.68000030517578,68.08999633789062,67.29000091552734,68.0199966430664,7586600
2016-12-09,68.26000213623047,68.9800033569336,68.26000213623047,68.8499984741211,12100200
2016-12-12,68.8499984741211,69.27999877929688,68.72000122070312,69.18000030517578,15018100
2016-12-13,69.43000030517578,69.83999633789062,69.2300033569336,69.73999786376953,11041400
2016-12-14,69.7300033569336,70.0999984741211,69.13999938964844,69.37999725341797,11682200
2016-12-15,69.66000366210938,69.9000015258789,69.41000366210938,69.83000183105469,8210100
2016-12-16,69.68000030517578,69.87000274658203,69.37999725341797,69.58000183105469,8257100
2016-12-19,69.62999725341797,69.94000244140625,69.19999694824219,69.29000091552734,9318300
2016-12-20,69.31999969482422,69.4800033569336,69.08000183105469,69.23999786376953,4885000
2016-12-21,69.27999877929688,69.30999755859375,68.7300033569336,68.8499984741211,5432300
2016-12-22,68.76000213623047,68.95999908447266,68.4800033569336,68.94000244140625,4458400
2016-12-23,68.95999908447266,69.5,68.95999908447266,69.45999908447266,4188700
2016-12-27,69.55000305175781,70.0,69.52999877929688,69.5999984741211,5141200
2016-12-28,69.66999816894531,69.75,69.05999755859375,69.06999969482422,4558800
2016-12-29,69.11000061035156,69.41000366210938,69.08000183105469,69.19000244140625,5539200
2016-12-30,69.19999694824219,69.2699966430664,68.72000122070312,68.94000244140625,6649000
2017-01-03,69.30999755859375,69.86000061035156,69.22000122070312,69.83999633789062,11792900
2017-01-04,69.94999694824219,70.58000183105469,69.94999694824219,70.38999938964844,9174500
2017-01-05,70.33000183105469,70.7699966430664,70.2699966430664,70.75,5979300
2017-01-06,70.7699966430664,71.1500015258789,70.5199966430664,70.94999694824219,5769300
2017-01-09,70.94999694824219,71.37000274658203,70.81999969482422,71.25,5751900
2017-01-10,71.37000274658203,71.91000366210938,71.20999908447266,71.5,10320500
2017-01-11,71.58999633789062,71.83999633789062,70.05000305175781,70.77999877929688,23742000
2017-01-12,70.43000030517578,70.88999938964844,70.26000213623047,70.8499984741211,9358900
2017-01-13,70.91000366210938,71.16000366210938,70.75,70.91999816894531,5279000
2017-01-17,70.4800033569336,70.68000030517578,69.9800033569336,70.55999755859375,6038200
2017-01-18,70.69999694824219,70.86000061035156,70.33000183105469,70.47000122070312,6174200
2017-01-19,70.44999694824219,70.61000061035156,69.91000366210938,70.0199966430664,6470700
2017-01-20,70.0199966430664,70.37000274658203,69.77999877929688,69.83999633789062,7006900
2017-01-23,69.75,69.94000244140625,69.29000091552734,69.55000305175781,10003700
2017-01-24,69.4800033569336,69.52999877929688,68.75,69.06999969482422,8703500
2017-01-25,69.12999725341797,69.75,69.08999633789062,69.72000122070312,6553800
2017-01-26,69.56999969482422,69.69000244140625,69.16999816894531,69.18000030517578,6612500
2017-01-27,69.33999633789062,69.80000305175781,69.31999969482422,69.75,7264900
2017-01-30,69.58000183105469,69.72000122070312,69.12000274658203,69.41000366210938,7281900
2017-01-31,69.04000091552734,70.5199966430664,68.98999786376953,70.5199966430664,14342500
2017-02-01,70.5199966430664,71.12999725341797,70.37999725341797,71.12999725341797,19490500
2017-02-02,70.77999877929688,71.1500015258789,70.55999755859375,71.11000061035156,14539400
2017-02-03,71.33999633789062,71.48999786376953,71.0,71.41999816894531,15104800
2017-02-06,71.29000091552734,71.5,71.1500015258789,71.5,11561600
2017-02-07,71.55000305175781,71.83000183105469,71.33000183105469,71.56999969482422,11278000
2017-02-08,71.19000244140625,71.54000091552734,70.98999786376953,71.45999908447266,6812900
2017-02-09,71.44999694824219,71.93000030517578,71.38999938964844,71.72000122070312,7869200
2017-02-10,71.83000183105469,72.0199966430664,71.66000366210938,71.86000061035156,4440300
2017-02-13,71.93000030517578,72.33999633789062,71.93000030517578,72.30000305175781,6465200
2017-02-14,72.22000122070312,72.87000274658203,72.16999816894531,72.87000274658203,10403000
2017-02-15,72.70999908447266,73.80000305175781,72.63999938964844,73.66000366210938,10091700
2017-02-16,73.68000030517578,73.75,73.05999755859375,73.55999755859375,11332600
2017-02-17,73.27999877929688,73.69999694824219,73.27999877929688,73.66000366210938,12118400
2017-02-21,73.6500015258789,74.2300033569336,73.6500015258789,73.98999786376953,10651800
2017-02-22,73.9000015258789,74.13999938964844,73.81999969482422,73.87999725341797,6634300
2017-02-23,73.95999908447266,74.55000305175781,73.87000274658203,74.41999816894531,8685600
2017-02-24,74.30000305175781,74.81999969482422,74.2699966430664,74.77999877929688,9103000
2017-02-27,74.83000183105469,75.18000030517578,74.66999816894531,75.13999938964844,8178200
2017-02-28,74.93000030517578,75.2300033569336,74.7699966430664,74.98999786376953,10258600
2017-03-01,75.44000244140625,75.93000030517578,75.22000122070312,75.73999786376953,15196600
2017-03-02,75.62000274658203,75.88999938964844,75.48999786376953,75.5,7889300
2017-03-03,75.38999938964844,75.86000061035156,75.36000061035156,75.80000305175781,6635300
2017-03-06,75.69000244140625,75.75,75.23999786376953,75.51000213623047,5886900
2017-03-07,74.88999938964844,75.36000061035156,74.73999786376953,74.9800033569336,12330600
2017-03-08,74.97000122070312,75.54000091552734,74.91999816894531,75.27999877929688,8130000
2017-03-09,75.2699966430664,75.79000091552734,75.22000122070312,75.69000244140625,8451400
2017-03-10,76.01000213623047,76.08999633789062,75.69999694824219,75.9800033569336,10455800
2017-03-13,76.05000305175781,76.05000305175781,75.62000274658203,75.91999816894531,6898500
2017-03-14,75.70999908447266,75.95999908447266,75.55999755859375,75.63999938964844,7296300
2017-03-15,75.75,76.75,75.75,76.58999633789062,11044900
2017-03-16,76.4000015258789,76.4000015258789,75.55999755859375,75.8499984741211,12129400
2017-03-17,75.38999938964844,75.52999877929688,75.12000274658203,75.16000366210938,10401000
2017-03-20,75.18000030517578,75.29000091552734,74.9000015258789,75.05000305175781,4728300
2017-03-21,75.12999725341797,75.38999938964844,72.33000183105469,74.45999908447266,16650400
2017-03-22,74.56999969482422,74.66999816894531,74.11000061035156,74.4800033569336,9954300
2017-03-23,74.38999938964844,74.7699966430664,74.11000061035156,74.25,13250500
2017-03-24,74.29000091552734,74.62000274658203,73.9800033569336,74.29000091552734,9229500
2017-03-27,73.76000213623047,74.62000274658203,73.62000274658203,74.48999786376953,6946300
2017-03-28,74.33999633789062,74.63999938964844,74.11000061035156,74.54000091552734,7392300
2017-03-29,74.56999969482422,74.73999786376953,74.38999938964844,74.55999755859375,4357800
2017-03-30,74.47000122070312,74.72000122070312,74.2699966430664,74.56999969482422,7137400
2017-03-31,74.38999938964844,74.55999755859375,74.27999877929688,74.36000061035156,5895400
2017-04-03,74.44000244140625,74.79000091552734,74.12999725341797,74.41999816894531,12354800
2017-04-04,74.4000015258789,74.4800033569336,74.16999816894531,74.37999725341797,5228600
2017-04-05,74.4800033569336,74.91999816894531,74.0999984741211,74.1500015258789,6470100
2017-04-06,74.16999816894531,74.41999816894531,73.94999694824219,74.27999877929688,5253300
2017-04-07,74.33000183105469,74.5999984741211,74.12999725341797,74.41000366210938,5638200
2017-04-10,74.38999938964844,74.63999938964844,74.19999694824219,74.2699966430664,4530000
2017-04-11,74.1500015258789,74.33999633789062,73.76000213623047,74.16999816894531,5472600
2017-04-12,74.08999633789062,74.29000091552734,73.87000274658203,74.16999816894531,3782200
2017-04-13,74.08000183105469,74.33000183105469,73.9800033569336,73.9800033569336,6671100
2017-04-17,73.88999938964844,74.2699966430664,73.83000183105469,74.25,6149900
2017-04-18,73.83999633789062,73.83999633789062,73.16000366210938,73.44000244140625,7519500
2017-04-19,73.68000030517578,73.87000274658203,73.52999877929688,73.66000366210938,5023100
2017-04-20,73.80999755859375,74.2699966430664,73.47000122070312,74.12000274658203,7307300
2017-04-21,73.98999786376953,74.05999755859375,73.51000213623047,73.68000030517578,6763000
2017-04-24,74.38999938964844,74.58999633789062,74.30999755859375,74.41000366210938,5450000
2017-04-25,74.70999908447266,74.94000244140625,74.5,74.7300033569336,9035700
2017-04-26,75.0,75.44000244140625,74.94000244140625,75.13999938964844,6240400
2017-04-27,75.16000366210938,75.6500015258789,75.01000213623047,75.30000305175781,6962800
2017-04-28,75.36000061035156,75.54000091552734,75.23999786376953,75.5,5781100
2017-05-01,75.62999725341797,75.81999969482422,75.5,75.66999816894531,7182000
2017-05-02,75.73999786376953,75.9000015258789,75.30000305175781,75.87999725341797,5243800
2017-05-03,75.6500015258789,75.70999908447266,75.33999633789062,75.51000213623047,8094100
2017-05-04,75.7699966430664,76.01000213623047,75.66000366210938,76.01000213623047,4275400
2017-05-05,76.18000030517578,76.19999694824219,75.66000366210938,75.97000122070312,5720100
2017-05-08,75.91000366210938,75.97000122070312,75.38999938964844,75.5,6558500
2017-05-09,75.54000091552734,75.7300033569336,75.44999694824219,75.58999633789062,3830200
2017-05-10,75.47000122070312,75.4800033569336,75.05999755859375,75.37000274658203,4314900
2017-05-11,75.25,75.44000244140625,75.02999877929688,75.41000366210938,6791600
2017-05-12,75.37999725341797,75.48999786376953,75.2300033569336,75.27999877929688,2638000
2017-05-15,75.31999969482422,75.80999755859375,75.25,75.7699966430664,7320800
2017-05-16,75.69000244140625,75.76000213623047,75.2699966430664,75.4800033569336,5471700
2017-05-17,74.87000274658203,75.08000183105469,74.48999786376953,74.48999786376953,11434000
2017-05-18,74.44999694824219,75.25,74.44999694824219,74.81999969482422,10690500
2017-05-19,74.94999694824219,75.2699966430664,74.8499984741211,75.02999877929688,9209800
2017-05-22,74.95999908447266,75.31999969482422,74.80000305175781,75.2300033569336,4999100
2017-05-23,75.33000183105469,75.63999938964844,75.2699966430664,75.4800033569336,4216100
2017-05-24,75.5199966430664,75.7300033569336,75.33999633789062,75.66999816894531,5186400
2017-05-25,75.83999633789062,76.18000030517578,75.66000366210938,76.02999877929688,4479400
2017-05-26,75.97000122070312,76.19000244140625,75.80999755859375,75.88999938964844,4507400
2017-05-30,75.6500015258789,75.97000122070312,75.6500015258789,75.77999877929688,4651200
2017-05-31,75.93000030517578,76.25,75.86000061035156,76.08000183105469,5884400
2017-06-01,76.20999908447266,76.9800033569336,76.12999725341797,76.91999816894531,9149900
2017-06-02,77.13999938964844,77.5199966430664,77.06999969482422,77.41999816894531,4833000
2017-06-05,77.41999816894531,77.5,77.0199966430664,77.19999694824219,5558900
2017-06-06,77.05000305175781,77.29000091552734,76.87999725341797,77.01000213623047,4316500
2017-06-07,77.11000061035156,77.30000305175781,76.97000122070312,77.22000122070312,4415700
2017-06-08,77.16999816894531,77.36000061035156,76.80000305175781,77.0,6304400
2017-06-09,77.0999984741211,77.76000213623047,77.0,77.5199966430664,13419000
2017-06-12,77.45999908447266,77.73999786376953,77.05000305175781,77.41999816894531,7700600
2017-06-13,77.48999786376953,77.68000030517578,77.30999755859375,77.58000183105469,5592500
2017-06-14,77.70999908447266,78.16999816894531,77.68000030517578,77.94999694824219,6782300
2017-06-15,77.6500015258789,77.93000030517578,77.44000244140625,77.87000274658203,8186000
2017-06-16,77.66000366210938,77.8499984741211,77.27999877929688,77.69000244140625,14165200
2017-06-19,77.80000305175781,78.56999969482422,77.76000213623047,78.5,8294400
2017-06-20,78.48999786376953,79.19000244140625,78.45999908447266,78.76000213623047,7697200
2017-06-21,78.91999816894531,79.79000091552734,78.87000274658203,79.76000213623047,9481200
2017-06-22,79.88999938964844,81.08000183105469,79.86000061035156,80.58999633789062,12341100
2017-06-23,80.48999786376953,80.63999938964844,80.16999816894531,80.47000122070312,8779600
2017-06-26,80.69999694824219,80.69999694824219,80.2699966430664,80.38999938964844,7434400
2017-06-27,80.38999938964844,80.48999786376953,79.63999938964844,79.66000366210938,8428000
2017-06-28,79.91999816894531,80.27999877929688,79.87999725341797,80.08000183105469,8674200
2017-06-29,79.98999786376953,80.05999755859375,78.86000061035156,79.3499984741211,8445800
2017-06-30,79.66000366210938,79.66000366210938,79.23999786376953,79.23999786376953,7817400
2017-07-03,79.51000213623047,79.75,79.37000274658203,79.37999725341797,5904200
2017-07-05,79.48999786376953,79.94999694824219,79.20999908447266,79.8499984741211,8955500
2017-07-06,79.51000213623047,79.66000366210938,78.70999908447266,78.81999969482422,6367700
2017-07-07,79.0999984741211,79.30999755859375,78.9000015258789,79.22000122070312,4371400
2017-07-10,79.25,79.27999877929688,78.87000274658203,79.06999969482422,3580000
2017-07-11,79.0199966430664,79.19000244140625,78.58000183105469,78.9800033569336,4117500
2017-07-12,79.37000274658203,79.77999877929688,79.3499984741211,79.5199966430664,8808200
2017-07-13,79.58999633789062,79.83999633789062,79.05000305175781,79.58999633789062,9437700
2017-07-14,79.76000213623047,80.30000305175781,79.5999984741211,80.12999725341797,5750000
2017-07-17,80.2300033569336,80.29000091552734,79.81999969482422,79.83999633789062,5743700
2017-07-18,79.73999786376953,79.9800033569336,79.36000061035156,79.9000015258789,8042700
2017-07-19,80.23999786376953,80.55000305175781,80.23999786376953,80.55000305175781,8177900
2017-07-20,80.73999786376953,81.20999908447266,80.61000061035156,81.08000183105469,8276800
2017-07-21,80.91000366210938,81.11000061035156,80.8499984741211,80.98999786376953,4043600
2017-07-24,80.91999816894531,81.04000091552734,80.61000061035156,80.95999908447266,4476800
2017-07-25,81.1500015258789,81.20999908447266,80.26000213623047,80.37999725341797,8486000
2017-07-26,80.19999694824219,80.27999877929688,79.88999938964844,80.11000061035156,4964100
2017-07-27,80.19000244140625,80.19000244140625,79.2300033569336,79.55999755859375,12536800
2017-07-28,79.58999633789062,80.05999755859375,79.25,79.95999908447266,6426100
2017-07-31,80.05999755859375,80.22000122070312,79.87999725341797,79.88999938964844,5516800
2017-08-01,80.18000030517578,80.18000030517578,79.61000061035156,79.70999908447266,8678800
2017-08-02,79.69999694824219,79.69999694824219,79.25,79.52999877929688,7718500
2017-08-03,79.56999969482422,79.81999969482422,79.30999755859375,79.66000366210938,8003600
2017-08-04,80.02999877929688,80.02999877929688,79.37999725341797,79.4800033569336,3930100
2017-08-07,79.4000015258789,79.66000366210938,79.33000183105469,79.6500015258789,4583300
2017-08-08,79.55000305175781,79.69000244140625,79.12000274658203,79.27999877929688,4423300
2017-08-09,79.08999633789062,79.44999694824219,78.94999694824219,79.37000274658203,4886500
2017-08-10,79.12999725341797,79.19999694824219,78.37000274658203,78.37999725341797,7054700
2017-08-11,78.41999816894531,78.98999786376953,78.41999816894531,78.5999984741211,8318600
2017-08-14,78.94000244140625,79.26000213623047,78.94000244140625,79.12999725341797,3955800
2017-08-15,79.2300033569336,79.38999938964844,79.11000061035156,79.12999725341797,4653800
2017-08-16,79.26000213623047,79.5,79.16999816894531,79.3499984741211,3756900
2017-08-17,79.0999984741211,79.44000244140625,78.33000183105469,78.36000061035156,7133400
2017-08-18,78.06999969482422,78.52999877929688,77.94999694824219,78.0,8434600
2017-08-21,77.93000030517578,78.44999694824219,77.81999969482422,78.3499984741211,10269000
2017-08-22,78.37000274658203,79.38999938964844,78.31999969482422,79.30000305175781,5455500
2017-08-23,79.02999877929688,79.05000305175781,78.66999816894531,78.69999694824219,5662500
2017-08-24,78.77999877929688,79.04000091552734,78.62999725341797,78.93000030517578,5502800
2017-08-25,79.0999984741211,79.4000015258789,78.88999938964844,78.94999694824219,5476500
2017-08-28,79.16999816894531,79.5,79.1500015258789,79.37000274658203,7432800
2017-08-29,79.04000091552734,79.5999984741211,78.97000122070312,79.5199966430664,4243500
2017-08-30,79.43000030517578,80.12999725341797,79.41000366210938,79.93000030517578,3667900
2017-08-31,80.12999725341797,81.37000274658203,80.12999725341797,81.29000091552734,6987200
2017-09-01,81.41000366210938,81.58000183105469,80.91999816894531,81.2300033569336,6471600
2017-09-05,80.88999938964844,81.37000274658203,80.51000213623047,80.87999725341797,8076900
2017-09-06,81.16000366210938,81.3499984741211,80.80000305175781,81.2699966430664,8791000
2017-09-07,81.26000213623047,82.3499984741211,81.23999786376953,82.16999816894531,7251000
2017-09-08,82.05000305175781,82.68000030517578,81.91000366210938,82.54000091552734,4302600
2017-09-11,82.91000366210938,83.19999694824219,82.7300033569336,83.18000030517578,6286200
2017-09-12,83.19999694824219,83.37000274658203,83.04000091552734,83.36000061035156,6984800
2017-09-13,83.26000213623047,83.41000366210938,82.88999938964844,83.05000305175781,5873800
2017-09-14,82.81999969482422,83.29000091552734,82.72000122070312,83.16000366210938,6373800
2017-09-15,83.05999755859375,83.05999755859375,82.5,82.58999633789062,7091300
2017-09-18,82.68000030517578,82.9000015258789,82.44000244140625,82.56999969482422,7783100
2017-09-19,82.61000061035156,82.70999908447266,81.83000183105469,81.91999816894531,7329200
2017-09-20,81.94999694824219,82.08999633789062,81.41000366210938,82.0,5101800
2017-09-21,81.94999694824219,82.04000091552734,81.54000091552734,81.58000183105469,4527900
2017-09-22,81.47000122070312,81.69000244140625,81.16000366210938,81.58000183105469,6473300
2017-09-25,81.47000122070312,81.83999633789062,81.22000122070312,81.33999633789062,12439300
2017-09-26,81.56999969482422,81.80000305175781,81.18000030517578,81.20999908447266,4579400
2017-09-27,81.41999816894531,81.41999816894531,80.83000183105469,81.18000030517578,5384700
2017-09-28,81.11000061035156,81.5199966430664,80.98999786376953,81.25,4229000
2017-09-29,81.26000213623047,81.7699966430664,81.05999755859375,81.7300033569336,6902700
2017-10-02,81.97000122070312,82.56999969482422,81.87999725341797,82.55999755859375,8764900
2017-10-03,82.68000030517578,82.80000305175781,82.22000122070312,82.54000091552734,5141700
2017-10-04,82.66000366210938,82.97000122070312,82.58000183105469,82.94000244140625,3291100
2017-10-05,82.94000244140625,83.01000213623047,82.62000274658203,83.0,7709600
2017-10-06,82.8499984741211,83.20999908447266,82.76000213623047,82.88999938964844,4035900
2017-10-09,82.87999725341797,82.9000015258789,82.23999786376953,82.37000274658203,4558800
2017-10-10,82.4000015258789,82.55999755859375,82.11000061035156,82.55999755859375,4037700
2017-10-11,82.51000213623047,82.80999755859375,82.48999786376953,82.72000122070312,4031600
2017-10-12,82.69000244140625,82.81999969482422,82.52999877929688,82.62999725341797,4731600
2017-10-13,82.36000061035156,82.52999877929688,82.22000122070312,82.41999816894531,5909600
2017-10-16,82.36000061035156,82.68000030517578,81.91000366210938,82.05999755859375,10219700
2017-10-17,82.2300033569336,83.37999725341797,82.2300033569336,83.16000366210938,8437800
2017-10-18,83.37000274658203,83.7300033569336,83.18000030517578,83.27999877929688,6938700
2017-10-19,83.18000030517578,83.80999755859375,83.05999755859375,83.79000091552734,6410400
2017-10-20,83.81999969482422,83.94999694824219,83.58999633789062,83.87999725341797,6343800
2017-10-23,83.98999786376953,84.30999755859375,83.62999725341797,83.66999816894531,7159600
2017-10-24,83.68000030517578,83.69000244140625,82.62999725341797,83.11000061035156,7145500
2017-10-25,83.02999877929688,83.2300033569336,82.66999816894531,82.98999786376953,6819100
2017-10-26,82.4000015258789,82.63999938964844,81.66000366210938,82.16000366210938,13466900
2017-10-27,81.87000274658203,82.2300033569336,81.83000183105469,82.13999938964844,6122000
2017-10-30,81.87000274658203,81.91999816894531,81.08000183105469,81.26000213623047,5884000
2017-10-31,81.20999908447266,81.45999908447266,80.97000122070312,81.11000061035156,6548600
2017-11-01,81.25,81.6500015258789,81.08999633789062,81.30999755859375,7427800
2017-11-02,81.45999908447266,81.4800033569336,80.76000213623047,80.94000244140625,10200300
2017-11-03,80.8499984741211,81.66000366210938,80.8499984741211,81.61000061035156,6862700
2017-11-06,81.4800033569336,81.56999969482422,81.30000305175781,81.36000061035156,4853200
2017-11-07,81.5,81.6500015258789,81.23999786376953,81.52999877929688,4439800
2017-11-08,81.44000244140625,81.80999755859375,81.33999633789062,81.72000122070312,6186200
2017-11-09,81.5199966430664,81.80999755859375,81.2300033569336,81.7300033569336,7086400
2017-11-10,81.52999877929688,81.52999877929688,80.69000244140625,81.19999694824219,4826300
2017-11-13,80.93000030517578,81.44000244140625,80.69999694824219,81.27999877929688,4704000
2017-11-14,81.01000213623047,81.0999984741211,80.58000183105469,80.94999694824219,7430100
2017-11-15,80.6500015258789,80.97000122070312,80.44000244140625,80.72000122070312,4952300
2017-11-16,80.83999633789062,81.66000366210938,80.83999633789062,81.55999755859375,4780500
2017-11-17,81.19000244140625,81.5,81.11000061035156,81.23999786376953,6129800
2017-11-20,81.2300033569336,81.30000305175781,80.7699966430664,80.9000015258789,4898500
2017-11-21,81.33999633789062,81.80000305175781,81.30999755859375,81.61000061035156,7974500
2017-11-22,81.61000061035156,81.91999816894531,81.44999694824219,81.58000183105469,4853100
2017-11-24,81.69000244140625,81.80000305175781,81.51000213623047,81.7699966430664,1650600
2017-11-27,81.7699966430664,81.9800033569336,81.69999694824219,81.83999633789062,4241400
2017-11-28,82.04000091552734,82.51000213623047,81.81999969482422,82.44000244140625,8290400
2017-11-29,82.51000213623047,83.1500015258789,82.51000213623047,82.8499984741211,8144600
2017-11-30,83.11000061035156,83.72000122070312,82.86000061035156,83.47000122070312,10639600
2017-12-01,83.43000030517578,83.6500015258789,82.16999816894531,83.30000305175781,15315400
2017-12-04,83.77999877929688,83.80000305175781,82.27999877929688,82.27999877929688,9770300
2017-12-05,82.33000183105469,82.73999786376953,82.06999969482422,82.13999938964844,13240800
2017-12-06,82.19000244140625,82.45999908447266,81.70999908447266,82.06999969482422,8533000
2017-12-07,82.0199966430664,82.25,81.7699966430664,82.08999633789062,3979200
2017-12-08,82.33000183105469,83.0199966430664,82.2699966430664,83.01000213623047,8444100
2017-12-11,83.08000183105469,83.41000366210938,82.94999694824219,83.36000061035156,6588600
2017-12-12,83.38999938964844,83.81999969482422,83.38999938964844,83.69000244140625,6068600
2017-12-13,83.68000030517578,84.22000122070312,83.6500015258789,83.9800033569336,8459800
2017-12-14,84.05000305175781,84.16000366210938,83.05000305175781,83.12999725341797,6772100
2017-12-15,83.11000061035156,83.73999786376953,83.11000061035156,83.70999908447266,8012200
2017-12-18,83.9800033569336,84.19999694824219,83.69000244140625,83.73999786376953,5655400
2017-12-19,83.87000274658203,84.16000366210938,83.5999984741211,83.63999938964844,4777100
2017-12-20,83.81999969482422,83.94999694824219,83.36000061035156,83.37000274658203,4686700
2017-12-21,83.62999725341797,83.68000030517578,83.12000274658203,83.18000030517578,4304200
2017-12-22,83.05999755859375,83.16000366210938,82.70999908447266,82.91000366210938,7023600
2017-12-26,82.83999633789062,83.04000091552734,82.75,82.93000030517578,2504100
2017-12-27,82.98999786376953,83.29000091552734,82.9800033569336,83.06999969482422,4053300
2017-12-28,83.22000122070312,83.33999633789062,82.93000030517578,83.19000244140625,5380600
2017-12-29,83.33000183105469,83.45999908447266,82.58999633789062,82.68000030517578,4877200
2018-01-02,82.98999786376953,83.6500015258789,82.87000274658203,83.61000061035156,6708900
2018-01-03,83.5999984741211,84.47000122070312,83.36000061035156,84.41000366210938,7606500
2018-01-04,84.68000030517578,84.83999633789062,84.31999969482422,84.52999877929688,7762500
2018-01-05,84.80000305175781,85.33000183105469,84.63999938964844,85.25,7579300
2018-01-08,85.1500015258789,85.26000213623047,84.51000213623047,84.94000244140625,5167300
2018-01-09,85.19999694824219,86.12000274658203,85.12000274658203,85.94000244140625,6962900
2018-01-10,85.6500015258789,85.80999755859375,85.1500015258789,85.79000091552734,10835800
2018-01-11,85.94000244140625,86.18000030517578,85.69999694824219,86.16000366210938,4247800
2018-01-12,86.31999969482422,86.91999816894531,86.25,86.81999969482422,5391700
2018-01-16,87.36000061035156,87.94999694824219,87.11000061035156,87.25,8920000
2018-01-17,87.6500015258789,88.27999877929688,87.43000030517578,88.08999633789062,7214600
2018-01-18,88.0999984741211,88.19999694824219,87.5999984741211,88.11000061035156,7954800
2018-01-19,88.44999694824219,88.47000122070312,88.0,88.44000244140625,4802400
2018-01-22,88.41000366210938,89.06999969482422,88.25,89.0199966430664,11152500
2018-01-23,89.01000213623047,89.18000030517578,88.51000213623047,88.58999633789062,7637600
2018-01-24,89.02999877929688,89.18000030517578,88.54000091552734,88.8499984741211,8291100
2018-01-25,89.27999877929688,89.69999694824219,88.94000244140625,89.61000061035156,6339300
2018-01-26,90.0199966430664,91.55999755859375,90.0,91.54000091552734,9784400
2018-01-29,91.30000305175781,91.79000091552734,91.27999877929688,91.29000091552734,12643800
2018-01-30,89.48999786376953,90.11000061035156,89.22000122070312,89.37000274658203,14270600
2018-01-31,89.83000183105469,90.08999633789062,87.79000091552734,88.0999984741211,15858400
2018-02-01,87.76000213623047,88.52999877929688,87.54000091552734,88.12999725341797,12848700
2018-02-02,87.41000366210938,88.18000030517578,86.87000274658203,86.88999938964844,10539200
2018-02-05,86.45999908447266,86.98999786376953,82.37000274658203,83.04000091552734,34979800
2018-02-06,81.44000244140625,84.31999969482422,81.4000015258789,83.95999908447266,33313400
2018-02-07,83.72000122070312,85.04000091552734,83.43000030517578,83.86000061035156,17338000
2018-02-08,83.83999633789062,84.11000061035156,80.87999725341797,80.94999694824219,20252500
2018-02-09,81.69000244140625,82.80000305175781,79.55999755859375,82.0999984741211,35535700
2018-02-12,82.62999725341797,83.51000213623047,81.88999938964844,82.87000274658203,13389200
2018-02-13,82.38999938964844,83.12000274658203,81.87999725341797,82.93000030517578,8415200
2018-02-14,82.4000015258789,84.0199966430664,82.31999969482422,83.87000274658203,10110800
2018-02-15,84.44000244140625,84.83000183105469,83.58999633789062,84.80000305175781,9519100
2018-02-16,84.37999725341797,86.01000213623047,84.37999725341797,85.41000366210938,9323000
2018-02-20,85.0,85.27999877929688,84.2300033569336,84.47000122070312,8872100
2018-02-21,84.45999908447266,85.58999633789062,84.11000061035156,84.12000274658203,9417400
2018-02-22,84.38999938964844,84.98999786376953,83.79000091552734,83.98999786376953,6316100
2018-02-23,84.48999786376953,85.36000061035156,84.12000274658203,85.33000183105469,5498500
2018-02-26,85.4800033569336,86.51000213623047,85.4800033569336,86.41000366210938,6266100
2018-02-27,86.41000366210938,86.69999694824219,85.51000213623047,85.51000213623047,7460700
2018-02-28,85.79000091552734,85.9000015258789,84.12000274658203,84.13999938964844,6279000
2018-03-01,83.98999786376953,84.41999816894531,82.16999816894531,82.80000305175781,12720300
2018-03-02,82.3499984741211,83.81999969482422,82.33999633789062,83.63999938964844,11206000
2018-03-05,83.26000213623047,84.6500015258789,83.08000183105469,84.4000015258789,11028800
2018-03-06,84.58999633789062,84.7300033569336,83.86000061035156,84.27999877929688,9573300
2018-03-07,83.55999755859375,84.80000305175781,83.52999877929688,84.70999908447266,6868200
2018-03-08,84.94000244140625,85.3499984741211,84.80000305175781,85.27999877929688,6403000
2018-03-09,85.80000305175781,86.54000091552734,85.4800033569336,86.51000213623047,8253100
2018-03-12,86.54000091552734,86.66999816894531,86.04000091552734,86.13999938964844,5760200
2018-03-13,86.47000122070312,86.8499984741211,86.05999755859375,86.25,6400700
2018-03-14,86.55000305175781,86.75,85.55000305175781,85.83000183105469,9416400
2018-03-15,86.12999725341797,86.37999725341797,85.58000183105469,85.69000244140625,5883100
2018-03-16,85.37999725341797,85.8499984741211,85.37999725341797,85.38999938964844,7067700
2018-03-19,85.2300033569336,85.33999633789062,83.33000183105469,84.01000213623047,7190200
2018-03-20,84.19999694824219,84.43000030517578,83.6500015258789,84.12999725341797,5534400
2018-03-21,84.2699966430664,84.7300033569336,83.69999694824219,83.7699966430664,5498700
2018-03-22,82.95999908447266,83.0199966430664,81.22000122070312,81.36000061035156,14648500
2018-03-23,81.44000244140625,81.61000061035156,79.61000061035156,79.66999816894531,11049000
2018-03-26,80.56999969482422,81.43000030517578,79.6500015258789,81.31999969482422,9183500
2018-03-27,81.61000061035156,81.8499984741211,79.9000015258789,80.36000061035156,10948400
2018-03-28,80.58999633789062,81.56999969482422,80.4800033569336,80.79000091552734,10146800
2018-03-29,81.22000122070312,81.98999786376953,80.66999816894531,81.4000015258789,6914900
2018-04-02,81.05999755859375,81.4800033569336,78.73999786376953,79.55000305175781,11364900
2018-04-03,79.9800033569336,80.91000366210938,79.48999786376953,80.76000213623047,8590700
2018-04-04,79.79000091552734,82.13999938964844,79.79000091552734,81.91000366210938,9085800
2018-04-05,82.19999694824219,82.2699966430664,81.54000091552734,81.8499984741211,8031300
2018-04-06,81.16999816894531,81.56999969482422,79.16000366210938,79.87999725341797,12171800
2018-04-09,80.30999755859375,81.79000091552734,80.08000183105469,80.66999816894531,6952600
2018-04-10,81.47000122070312,82.3499984741211,81.19000244140625,82.02999877929688,8097800
2018-04-11,81.41999816894531,81.91000366210938,81.25,81.36000061035156,6205800
2018-04-12,81.80000305175781,82.30000305175781,81.73999786376953,81.91000366210938,5096900
2018-04-13,82.30000305175781,82.37000274658203,81.43000030517578,81.87000274658203,7837000
2018-04-16,82.47000122070312,82.81999969482422,82.27999877929688,82.5199966430664,7217200
2018-04-17,83.1500015258789,83.33999633789062,82.72000122070312,83.16000366210938,6500900
2018-04-18,83.37000274658203,83.5199966430664,82.83000183105469,83.2300033569336,4704500
2018-04-19,83.08000183105469,83.16000366210938,82.2300033569336,82.52999877929688,5833600
2018-04-20,82.5999984741211,82.72000122070312,81.81999969482422,82.08999633789062,5250500
2018-04-23,82.30999755859375,82.66999816894531,82.0999984741211,82.41000366210938,9257300
2018-04-24,82.66999816894531,82.7300033569336,81.16999816894531,81.79000091552734,8904800
2018-04-25,81.69000244140625,82.19999694824219,81.12000274658203,82.16000366210938,8068800
2018-04-26,82.4000015258789,83.5199966430664,82.4000015258789,83.19999694824219,9463300
2018-04-27,83.13999938964844,83.66999816894531,82.95999908447266,83.54000091552734,6663300
2018-04-30,83.9000015258789,83.94999694824219,82.25,82.26000213623047,7241000
2018-05-01,82.16000366210938,82.44999694824219,81.52999877929688,82.22000122070312,8498000
2018-05-02,81.79000091552734,81.8499984741211,80.91000366210938,81.08999633789062,11594300
2018-05-03,80.72000122070312,80.7300033569336,79.30999755859375,80.36000061035156,13524100
2018-05-04,80.12000274658203,81.2699966430664,79.80999755859375,81.0,7889500
2018-05-07,81.26000213623047,81.58000183105469,80.66999816894531,80.87999725341797,5886700
2018-05-08,80.68000030517578,80.75,79.79000091552734,80.2699966430664,9522300
2018-05-09,80.41999816894531,81.08000183105469,79.9800033569336,80.7300033569336,11340200
2018-05-10,81.06999969482422,82.16999816894531,81.02999877929688,81.80999755859375,7845500
2018-05-11,81.87999725341797,83.19000244140625,81.7300033569336,83.02999877929688,10434000
2018-05-14,83.18000030517578,83.93000030517578,83.01000213623047,83.58000183105469,11837600
2018-05-15,83.02999877929688,83.12999725341797,82.2300033569336,82.5,8806800
2018-05-16,82.45999908447266,83.25,82.44999694824219,82.95999908447266,7013600
2018-05-17,82.87999725341797,83.12999725341797,82.5199966430664,82.98999786376953,6610400
2018-05-18,83.05000305175781,83.37000274658203,82.7699966430664,83.19999694824219,5838900
2018-05-21,83.58999633789062,83.75,83.16000366210938,83.27999877929688,6406500
2018-05-22,83.44999694824219,83.55000305175781,82.98999786376953,83.12000274658203,5770200
2018-05-23,82.7699966430664,83.41999816894531,82.66999816894531,83.38999938964844,8360500
2018-05-24,83.33999633789062,83.4800033569336,82.69000244140625,83.05999755859375,7166500
2018-05-25,83.08999633789062,83.45999908447266,82.80000305175781,82.94000244140625,6853300
2018-05-29,82.4000015258789,82.55000305175781,81.56999969482422,82.08999633789062,18236800
2018-05-30,82.6500015258789,83.51000213623047,82.55999755859375,83.31999969482422,13167700
2018-05-31,83.16000366210938,83.2300033569336,82.37999725341797,82.41000366210938,11543500
2018-06-01,82.73999786376953,83.38999938964844,82.6500015258789,83.36000061035156,8037800
2018-06-04,83.45999908447266,83.79000091552734,83.19000244140625,83.66999816894531,7230800
2018-06-05,83.69999694824219,83.87999725341797,83.0999984741211,83.5,5444400
2018-06-06,83.79000091552734,84.52999877929688,83.44999694824219,84.44000244140625,7218900
2018-06-07,84.69000244140625,84.7699966430664,84.13999938964844,84.55000305175781,7405600
2018-06-08,84.5199966430664,85.0999984741211,84.37999725341797,85.04000091552734,6247100
2018-06-11,85.05000305175781,85.61000061035156,84.8499984741211,85.19999694824219,7074400
2018-06-12,85.29000091552734,85.29000091552734,84.7699966430664,85.1500015258789,6829200
2018-06-13,85.30000305175781,85.72000122070312,85.05999755859375,85.16999816894531,10379200
2018-06-14,85.33999633789062,85.66000366210938,85.0999984741211,85.61000061035156,9379800
2018-06-15,85.19000244140625,85.5,84.80000305175781,85.45999908447266,9349300
2018-06-18,84.94000244140625,84.94000244140625,84.29000091552734,84.63999938964844,7342600
2018-06-19,84.05999755859375,84.88999938964844,83.93000030517578,84.86000061035156,6431700
2018-06-20,84.97000122070312,85.23999786376953,84.79000091552734,85.04000091552734,5900800
2018-06-21,84.95999908447266,84.97000122070312,84.3499984741211,84.55000305175781,7423400
2018-06-22,84.86000061035156,85.26000213623047,84.63999938964844,84.93000030517578,9829800
2018-06-25,84.61000061035156,84.94000244140625,83.51000213623047,84.1500015258789,9925100
2018-06-26,84.22000122070312,84.27999877929688,83.77999877929688,83.88999938964844,5560100
2018-06-27,83.88999938964844,84.31999969482422,83.12000274658203,83.18000030517578,7420500
2018-06-28,82.87000274658203,83.5,82.29000091552734,83.29000091552734,9026900
2018-06-29,83.55000305175781,84.19999694824219,83.4000015258789,83.45999908447266,6479300
2018-07-02,83.0,83.7699966430664,82.72000122070312,83.72000122070312,9364700
2018-07-03,84.0199966430664,84.30999755859375,83.69999694824219,83.91999816894531,3023100
2018-07-05,84.30999755859375,84.87999725341797,84.11000061035156,84.79000091552734,7458600
2018-07-06,85.19999694824219,86.16000366210938,85.0999984741211,86.01000213623047,9822500
2018-07-09,86.3499984741211,86.80999755859375,86.31999969482422,86.63999938964844,7874400
2018-07-10,86.80999755859375,87.01000213623047,86.58000183105469,86.97000122070312,6122900
2018-07-11,86.5,86.58999633789062,86.22000122070312,86.27999877929688,6434500
2018-07-12,86.70999908447266,87.30000305175781,86.66000366210938,87.23999786376953,4461600
2018-07-13,87.05000305175781,87.58999633789062,87.0,87.4000015258789,6048700
2018-07-16,87.47000122070312,87.47000122070312,86.75,86.87000274658203,5388500
2018-07-17,86.83999633789062,87.4800033569336,86.80000305175781,87.3499984741211,5849300
2018-07-18,87.37000274658203,87.44000244140625,87.11000061035156,87.41999816894531,7575700
2018-07-19,87.20999908447266,87.38999938964844,86.55000305175781,86.93000030517578,5204000
2018-07-20,86.69000244140625,86.88999938964844,86.51000213623047,86.76000213623047,4822600
2018-07-23,86.70999908447266,87.05000305175781,86.61000061035156,86.94000244140625,3824600
2018-07-24,87.4000015258789,87.87999725341797,87.33999633789062,87.7300033569336,6467100
2018-07-25,87.68000030517578,88.87000274658203,87.58999633789062,88.8499984741211,9285900
2018-07-26,88.69999694824219,88.91000366210938,88.41000366210938,88.5999984741211,5763000
2018-07-27,88.63999938964844,88.63999938964844,87.63999938964844,87.95999908447266,5742900
2018-07-30,87.88999938964844,88.18000030517578,87.75,88.01000213623047,5531200
2018-07-31,88.33000183105469,89.05000305175781,88.19999694824219,88.93000030517578,6719100
2018-08-01,88.87999725341797,89.27999877929688,88.87999725341797,88.94999694824219,5733000
2018-08-02,88.56999969482422,89.47000122070312,88.52999877929688,89.27999877929688,5666200
2018-08-03,89.3499984741211,89.87999725341797,89.2300033569336,89.80999755859375,5884800
2018-08-06,89.76000213623047,90.16999816894531,89.44000244140625,89.97000122070312,4751100
2018-08-07,89.9800033569336,90.27999877929688,89.86000061035156,89.9800033569336,5170300
2018-08-08,89.98999786376953,90.25,89.79000091552734,90.12000274658203,5020400
2018-08-09,90.12999725341797,90.37999725341797,89.93000030517578,90.0199966430664,5680300
2018-08-10,89.69000244140625,90.16000366210938,89.31999969482422,89.62999725341797,5389500
2018-08-13,89.7300033569336,90.08999633789062,89.43000030517578,89.66000366210938,6563900
2018-08-14,89.79000091552734,90.23999786376953,89.69999694824219,90.08000183105469,5497700
2018-08-15,89.80000305175781,90.04000091552734,89.36000061035156,89.93000030517578,6840600
2018-08-16,90.19000244140625,90.93000030517578,90.08000183105469,90.80999755859375,6916700
2018-08-17,90.73999786376953,91.37000274658203,90.52999877929688,91.08999633789062,5455300
2018-08-20,91.30000305175781,91.55999755859375,91.25,91.38999938964844,8144900
2018-08-21,91.62000274658203,91.66000366210938,91.19999694824219,91.38999938964844,6395900
2018-08-22,91.18000030517578,91.68000030517578,91.06999969482422,91.4800033569336,3954300
2018-08-23,91.43000030517578,91.66999816894531,91.2300033569336,91.44999694824219,6058300
2018-08-24,91.66000366210938,91.88999938964844,91.48999786376953,91.88999938964844,4028900
2018-08-27,92.22000122070312,92.29000091552734,91.83000183105469,92.22000122070312,4671300
2018-08-28,92.36000061035156,92.38999938964844,92.06999969482422,92.2699966430664,4954100
2018-08-29,92.29000091552734,92.97000122070312,92.19000244140625,92.87000274658203,5338500
2018-08-30,92.80000305175781,93.11000061035156,92.5999984741211,92.80000305175781,5266100
2018-08-31,92.58000183105469,92.86000061035156,92.4000015258789,92.77999877929688,5808100
2018-09-04,92.69999694824219,92.76000213623047,91.81999969482422,92.04000091552734,6875500
2018-09-05,91.97000122070312,92.41000366210938,91.80000305175781,92.41000366210938,10218900
2018-09-06,92.4000015258789,92.5999984741211,91.8499984741211,92.41000366210938,5940300
2018-09-07,92.19000244140625,92.63999938964844,92.05000305175781,92.55000305175781,5591100
2018-09-10,92.77999877929688,92.94999694824219,92.22000122070312,92.30999755859375,4234000
2018-09-11,92.1500015258789,92.41000366210938,91.83999633789062,92.2300033569336,5683900
2018-09-12,92.29000091552734,92.86000061035156,92.11000061035156,92.69000244140625,11056600
2018-09-13,93.08999633789062,93.83999633789062,93.0,93.83999633789062,10603800
2018-09-14,93.91999816894531,93.91999816894531,93.36000061035156,93.52999877929688,5929000
2018-09-17,93.52999877929688,93.54000091552734,93.08000183105469,93.19000244140625,5543000
2018-09-18,93.19000244140625,93.97000122070312,93.05000305175781,93.7300033569336,5422900
2018-09-19,93.66999816894531,93.87000274658203,93.5,93.5999984741211,4186600
2018-09-20,93.87000274658203,94.56999969482422,93.80999755859375,94.51000213623047,5083000
2018-09-21,94.38999938964844,94.4800033569336,94.06999969482422,94.2699966430664,8579100
2018-09-24,94.20999908447266,94.6500015258789,94.08000183105469,94.45999908447266,5392600
2018-09-25,94.58999633789062,94.7300033569336,94.06999969482422,94.16999816894531,5215900
2018-09-26,94.3499984741211,95.12000274658203,94.18000030517578,94.37999725341797,10880500
2018-09-27,94.51000213623047,95.12000274658203,94.4000015258789,94.86000061035156,7168800
2018-09-28,94.66999816894531,95.20999908447266,94.62999725341797,95.1500015258789,5995800
2018-10-01,95.51000213623047,96.05999755859375,95.33999633789062,95.62000274658203,7307100
2018-10-02,95.62000274658203,95.69999694824219,95.33000183105469,95.51000213623047,5572700
2018-10-03,95.83000183105469,96.0,95.18000030517578,95.33000183105469,6367500
2018-10-04,95.26000213623047,95.30000305175781,93.91000366210938,94.4000015258789,10976400
2018-10-05,94.4800033569336,94.97000122070312,93.69999694824219,94.29000091552734,12291000
2018-10-08,94.16999816894531,94.5199966430664,93.45999908447266,94.25,11924000
2018-10-09,94.0,94.73999786376953,93.70999908447266,94.41000366210938,7463900
2018-10-10,94.4000015258789,94.51000213623047,92.12000274658203,92.18000030517578,22549300
2018-10-11,91.93000030517578,92.13999938964844,89.04000091552734,89.69000244140625,46581800
2018-10-12,90.7699966430664,91.41000366210938,90.0199966430664,91.06999969482422,20797300
2018-10-15,90.91999816894531,91.31999969482422,90.37000274658203,90.44000244140625,13909700
2018-10-16,91.13999938964844,93.08000183105469,91.12999725341797,92.91999816894531,13505900
2018-10-17,92.86000061035156,93.63999938964844,92.38999938964844,93.41000366210938,14232300
2018-10-18,93.36000061035156,93.37000274658203,91.61000061035156,92.3499984741211,14455600
2018-10-19,92.51000213623047,92.83000183105469,91.38999938964844,91.51000213623047,11318600
2018-10-22,91.5,91.66999816894531,90.33999633789062,90.76000213623047,8288300
2018-10-23,89.5999984741211,90.70999908447266,88.87999725341797,90.2699966430664,15424500
2018-10-24,90.2300033569336,90.75,87.18000030517578,87.29000091552734,17431900
2018-10-25,87.27999877929688,89.02999877929688,86.2699966430664,88.41999816894531,15725100
2018-10-26,87.5999984741211,88.22000122070312,86.3499984741211,87.41999816894531,25507900
2018-10-29,88.43000030517578,89.08000183105469,86.41000366210938,87.63999938964844,14024300
2018-10-30,87.6500015258789,88.72000122070312,87.19999694824219,88.58000183105469,15432000
2018-10-31,89.29000091552734,89.6500015258789,88.62999725341797,88.69999694824219,13460700
2018-11-01,89.0,89.97000122070312,88.97000122070312,89.81999969482422,9668500
2018-11-02,90.69000244140625,90.83999633789062,88.66999816894531,89.26000213623047,12953000
2018-11-05,89.37999725341797,90.44999694824219,89.37999725341797,90.05000305175781,7783500
2018-11-06,89.93000030517578,90.61000061035156,89.80000305175781,90.51000213623047,7980500
2018-11-07,91.3499984741211,93.25,91.29000091552734,93.16999816894531,13310600
2018-11-08,93.0,93.55999755859375,92.87000274658203,93.22000122070312,7345600
2018-11-09,93.11000061035156,93.26000213623047,92.5,92.94999694824219,8486500
2018-11-12,92.80999755859375,92.94999694824219,91.4800033569336,91.69000244140625,8423200
2018-11-13,92.0,92.37000274658203,90.77999877929688,91.05000305175781,14227000
2018-11-14,91.61000061035156,91.62000274658203,89.88999938964844,90.31999969482422,11664000
2018-11-15,89.68000030517578,91.2300033569336,88.83000183105469,91.12000274658203,15563900
2018-11-16,90.95999908447266,92.4800033569336,90.91000366210938,92.04000091552734,11323200
2018-11-19,92.12999725341797,92.19000244140625,90.47000122070312,90.87000274658203,8821000
2018-11-20,90.30000305175781,90.97000122070312,89.80999755859375,90.0199966430664,11604300
2018-11-21,90.30999755859375,90.31999969482422,89.48999786376953,89.51000213623047,9345100
2018-11-23,89.02999877929688,90.18000030517578,88.9800033569336,89.63999938964844,3939500
2018-11-26,90.36000061035156,90.75,89.9800033569336,90.51000213623047,7141200
2018-11-27,90.20999908447266,91.44999694824219,89.87999725341797,91.44999694824219,9262000
2018-11-28,91.72000122070312,93.68000030517578,91.69999694824219,93.6500015258789,11870400
2018-11-29,93.43000030517578,94.51000213623047,93.30000305175781,93.95999908447266,8796000
2018-11-30,93.9000015258789,95.87000274658203,93.80000305175781,95.87000274658203,15875900
2018-12-03,95.80999755859375,95.80999755859375,94.86000061035156,95.41000366210938,12158200
2018-12-04,95.38999938964844,95.91999816894531,93.11000061035156,93.27999877929688,15011300
2018-12-06,92.12000274658203,92.93000030517578,90.13999938964844,92.93000030517578,18492900
2018-12-07,92.66999816894531,92.80000305175781,90.11000061035156,90.55999755859375,14930800
2018-12-10,90.61000061035156,91.25,88.6500015258789,90.91000366210938,15372000
2018-12-11,91.66999816894531,92.27999877929688,90.54000091552734,91.19000244140625,13632300
2018-12-12,92.19999694824219,93.16999816894531,91.91000366210938,91.97000122070312,12581000
2018-12-13,92.22000122070312,92.7300033569336,91.44000244140625,92.05999755859375,11567100
2018-12-14,91.16000366210938,91.23999786376953,88.69000244140625,88.95999908447266,19422700
2018-12-17,88.04000091552734,88.77999877929688,86.58999633789062,87.19000244140625,22089500
2018-12-18,87.94000244140625,88.0999984741211,85.5999984741211,86.43000030517578,24712500
2018-12-19,86.5999984741211,87.63999938964844,84.52999877929688,85.30000305175781,23075600
2018-12-20,84.91000366210938,85.26000213623047,83.5,84.0999984741211,25321600
2018-12-21,83.8499984741211,85.2699966430664,82.51000213623047,82.68000030517578,28909200
2018-12-24,82.12999725341797,82.44000244140625,80.6500015258789,80.69999694824219,14235500
2018-12-26,81.0,84.30000305175781,80.61000061035156,84.22000122070312,20575100
2018-12-27,83.2300033569336,85.19999694824219,82.0999984741211,85.1500015258789,14045700
2018-12-28,85.69999694824219,86.44000244140625,84.9000015258789,85.25,15770600
2018-12-31,85.7300033569336,86.58999633789062,85.66999816894531,86.51000213623047,10163100
2019-01-02,85.18000030517578,85.83000183105469,84.2699966430664,85.19999694824219,14179900
2019-01-03,85.31999969482422,85.5,83.25,83.47000122070312,17668000
2019-01-04,84.44999694824219,86.43000030517578,84.41000366210938,85.95999908447266,16262600
2019-01-07,85.98999786376953,87.0999984741211,85.7300033569336,86.29000091552734,12387200
2019-01-08,86.9800033569336,87.25,86.0,86.95999908447266,13371000
2019-01-09,87.33999633789062,87.86000061035156,87.08999633789062,87.3499984741211,11259700
2019-01-10,86.95999908447266,87.58000183105469,86.5199966430664,87.5199966430664,10396800
2019-01-11,87.11000061035156,87.83999633789062,86.94999694824219,87.80999755859375,7187900
2019-01-14,87.27999877929688,87.31999969482422,86.83000183105469,86.83999633789062,5449000
2019-01-15,86.95999908447266,88.41999816894531,86.94000244140625,88.4000015258789,10540600
2019-01-16,88.5199966430664,88.9000015258789,88.18000030517578,88.23999786376953,8288900
2019-01-17,88.0,89.38999938964844,87.93000030517578,89.0199966430664,8731600
2019-01-18,89.68000030517578,90.12999725341797,89.01000213623047,90.08000183105469,13367500
2019-01-22,89.44999694824219,89.62000274658203,88.83999633789062,89.45999908447266,12244500
2019-01-23,89.62999725341797,90.05000305175781,88.58999633789062,89.55999755859375,7722800
2019-01-24,89.47000122070312,89.55000305175781,88.38999938964844,88.80999755859375,11307000
2019-01-25,89.25,89.25,88.66000366210938,88.91999816894531,7241900
2019-01-28,88.30999755859375,88.4000015258789,87.48999786376953,87.91000366210938,7113800
2019-01-29,87.91000366210938,88.41000366210938,87.66000366210938,88.33999633789062,11099200
2019-01-30,88.66999816894531,89.80000305175781,88.44999694824219,89.55000305175781,11706500
2019-01-31,89.44999694824219,90.87999725341797,89.36000061035156,90.66999816894531,13409900
2019-02-01,90.77999877929688,90.95999908447266,90.12999725341797,90.75,9386500
2019-02-04,90.76000213623047,90.76000213623047,89.72000122070312,90.48999786376953,9308600
2019-02-05,90.63999938964844,91.1500015258789,90.33999633789062,90.36000061035156,8921400
2019-02-06,90.19999694824219,90.80999755859375,90.08999633789062,90.7699966430664,6135900
2019-02-07,90.18000030517578,90.33000183105469,89.29000091552734,89.7699966430664,9511700
2019-02-08,89.41999816894531,89.94999694824219,89.29000091552734,89.94000244140625,7284200
2019-02-11,90.13999938964844,90.19999694824219,89.58000183105469,89.83000183105469,5017400
2019-02-12,90.22000122070312,91.11000061035156,90.05999755859375,91.05999755859375,9093200
2019-02-13,91.23999786376953,91.52999877929688,90.8499984741211,91.26000213623047,6435600
2019-02-14,91.02999877929688,91.87999725341797,90.9000015258789,91.47000122070312,6938600
2019-02-15,92.16000366210938,92.9000015258789,91.47000122070312,92.8499984741211,8234200
2019-02-19,92.5999984741211,92.98999786376953,92.58999633789062,92.62999725341797,6284100
2019-02-20,92.4000015258789,92.63999938964844,92.05999755859375,92.5199966430664,6959900
2019-02-21,92.19000244140625,92.25,91.30000305175781,91.70999908447266,8368500
2019-02-22,91.88999938964844,92.62999725341797,91.77999877929688,92.55000305175781,6488100
2019-02-25,93.0199966430664,93.23999786376953,92.61000061035156,92.68000030517578,7652600
2019-02-26,92.47000122070312,92.72000122070312,92.23999786376953,92.3499984741211,7288000
2019-02-27,92.04000091552734,92.36000061035156,91.61000061035156,91.91999816894531,9827600
2019-02-28,91.75,92.25,91.55000305175781,91.6500015258789,9464100
2019-03-01,92.22000122070312,93.08000183105469,92.13999938964844,92.94999694824219,10795200
2019-03-04,93.27999877929688,93.44999694824219,91.05999755859375,91.69000244140625,15208400
2019-03-05,91.7300033569336,91.97000122070312,91.16999816894531,91.63999938964844,13591700
2019-03-06,91.6500015258789,91.7699966430664,90.05000305175781,90.30000305175781,11662400
2019-03-07,90.16999816894531,90.36000061035156,89.27999877929688,89.58999633789062,14430700
2019-03-08,89.11000061035156,89.44999694824219,88.62999725341797,89.4000015258789,11531200
2019-03-11,89.63999938964844,90.5,89.37999725341797,90.41999816894531,9694300
2019-03-12,90.6500015258789,91.29000091552734,90.5199966430664,91.08000183105469,8981600
2019-03-13,91.3499984741211,92.30999755859375,91.29000091552734,92.05999755859375,10098300
2019-03-14,92.02999877929688,92.1500015258789,91.58000183105469,91.91000366210938,9283800
2019-03-15,91.7300033569336,92.13999938964844,91.41000366210938,91.98999786376953,10219400
2019-03-18,92.08000183105469,92.16999816894531,91.5199966430664,91.8499984741211,7183500
2019-03-19,92.16999816894531,92.83999633789062,91.83999633789062,92.58000183105469,11308700
2019-03-20,92.47000122070312,92.58000183105469,91.58000183105469,91.94000244140625,11123700
2019-03-21,91.16999816894531,92.44000244140625,91.04000091552734,92.30000305175781,7398200
2019-03-22,91.9000015258789,92.23999786376953,90.5999984741211,90.62000274658203,12162600
2019-03-25,90.77999877929688,90.86000061035156,89.91999816894531,90.56999969482422,9893300
2019-03-26,91.0999984741211,91.7699966430664,90.55000305175781,91.19000244140625,8107200
2019-03-27,91.08000183105469,91.29000091552734,89.80000305175781,90.43000030517578,10817400
2019-03-28,90.69999694824219,90.91000366210938,90.19000244140625,90.66000366210938,6726800
2019-03-29,91.19999694824219,91.83000183105469,91.0,91.75,10120900
2019-04-01,92.30999755859375,92.44999694824219,91.68000030517578,91.88999938964844,9082000
2019-04-02,91.91000366210938,92.05000305175781,91.51000213623047,91.68000030517578,7002200
2019-04-03,92.08999633789062,92.13999938964844,91.29000091552734,91.55999755859375,7398700
2019-04-04,91.63999938964844,91.75,90.83999633789062,91.37000274658203,9212400
2019-04-05,91.58999633789062,92.16000366210938,91.52999877929688,92.0,6262000
2019-04-08,91.93000030517578,92.06999969482422,91.33000183105469,91.9800033569336,5961200
2019-04-09,91.66000366210938,91.94000244140625,91.41000366210938,91.73999786376953,7207600
2019-04-10,91.8499984741211,92.0199966430664,91.61000061035156,91.7699966430664,5433400
2019-04-11,91.97000122070312,92.0199966430664,90.23999786376953,90.63999938964844,8534200
2019-04-12,90.98999786376953,91.0199966430664,89.66000366210938,89.80999755859375,11659000
2019-04-15,89.91999816894531,90.23999786376953,89.75,90.16999816894531,7921900
2019-04-16,90.91999816894531,91.02999877929688,88.16999816894531,88.31999969482422,14857100
2019-04-17,88.62000274658203,88.63999938964844,85.33000183105469,85.77999877929688,34381800
2019-04-18,86.04000091552734,86.44999694824219,84.6500015258789,85.91999816894531,35300900
2019-04-22,85.77999877929688,86.47000122070312,85.51000213623047,85.97000122070312,18717700
2019-04-23,85.94000244140625,87.79000091552734,85.79000091552734,87.33000183105469,30503400
2019-04-24,87.36000061035156,87.54000091552734,86.83999633789062,87.2300033569336,14612800
2019-04-25,87.04000091552734,88.38999938964844,86.68000030517578,88.12999725341797,16166400
2019-04-26,88.25,89.04000091552734,88.05999755859375,89.01000213623047,11321700
2019-04-29,89.04000091552734,89.19999694824219,88.47000122070312,88.8499984741211,13264400
2019-04-30,89.11000061035156,89.43000030517578,88.4800033569336,89.26000213623047,11750900
2019-05-01,89.37999725341797,89.7300033569336,88.5999984741211,89.0999984741211,25596400
2019-05-02,89.01000213623047,89.56999969482422,88.5,89.4800033569336,18927500
2019-05-03,89.7300033569336,90.19000244140625,89.58000183105469,90.16000366210938,13624000
2019-05-06,88.8499984741211,90.8499984741211,88.69999694824219,90.62000274658203,25168300
2019-05-07,89.91999816894531,90.36000061035156,88.36000061035156,88.87999725341797,18011600
2019-05-08,88.83999633789062,89.4800033569336,88.33999633789062,89.06999969482422,13783300
2019-05-09,88.27999877929688,89.16999816894531,87.86000061035156,88.87999725341797,15692300
2019-05-10,88.58999633789062,89.13999938964844,87.01000213623047,88.91000366210938,17771800
2019-05-13,87.4000015258789,88.86000061035156,86.9000015258789,87.23999786376953,17436000
2019-05-14,87.63999938964844,88.29000091552734,87.47000122070312,87.68000030517578,13147000
2019-05-15,87.22000122070312,88.23999786376953,86.83000183105469,87.94000244140625,10587700
2019-05-16,88.12999725341797,89.38999938964844,88.06999969482422,88.62999725341797,15124000
2019-05-17,87.9000015258789,89.13999938964844,87.9000015258789,88.44000244140625,13354100
2019-05-20,88.05999755859375,88.68000030517578,87.75,88.4000015258789,10757400
2019-05-21,88.9000015258789,89.61000061035156,88.83999633789062,89.2300033569336,11690600
2019-05-22,88.97000122070312,89.94000244140625,88.88999938964844,89.73999786376953,9021800
2019-05-23,89.29000091552734,89.43000030517578,88.68000030517578,89.43000030517578,13545300
2019-05-24,89.73999786376953,90.0999984741211,89.33999633789062,89.55999755859375,9986400
2019-05-28,89.63999938964844,90.18000030517578,88.2699966430664,88.27999877929688,20796000
2019-05-29,87.8499984741211,87.86000061035156,86.81999969482422,87.43000030517578,16302700
2019-05-30,87.5999984741211,88.05000305175781,87.51000213623047,87.91000366210938,12457600
2019-05-31,87.33999633789062,87.69000244140625,86.7699966430664,87.27999877929688,10712900
2019-06-03,87.36000061035156,88.23999786376953,87.30999755859375,87.48999786376953,19371000
2019-06-04,88.22000122070312,89.08999633789062,88.11000061035156,88.94000244140625,15837200
2019-06-05,89.58999633789062,89.81999969482422,88.97000122070312,89.61000061035156,24291700
2019-06-06,89.75,90.43000030517578,89.54000091552734,90.06999969482422,18840900
2019-06-07,90.36000061035156,91.2300033569336,90.33000183105469,91.01000213623047,9302700
2019-06-10,91.29000091552734,91.58000183105469,90.94999694824219,91.27999877929688,8552800
2019-06-11,91.7300033569336,91.95999908447266,90.9000015258789,91.12999725341797,8317900
2019-06-12,91.1500015258789,91.5999984741211,91.05999755859375,91.56999969482422,5799200
2019-06-13,91.7300033569336,91.7300033569336,91.0999984741211,91.45999908447266,9031800
2019-06-14,91.5,91.7699966430664,91.18000030517578,91.25,5056300
2019-06-17,91.33999633789062,91.72000122070312,91.20999908447266,91.66000366210938,4861500
2019-06-18,92.12000274658203,92.76000213623047,91.94000244140625,92.44000244140625,7979600
2019-06-19,92.45999908447266,93.4800033569336,92.4000015258789,93.2699966430664,6988100
2019-06-20,94.04000091552734,94.33000183105469,93.13999938964844,93.68000030517578,9241200
2019-06-21,93.19000244140625,93.91000366210938,92.66000366210938,93.7300033569336,9026100
2019-06-24,93.61000061035156,93.66999816894531,93.06999969482422,93.23999786376953,6493600
2019-06-25,93.30999755859375,93.73999786376953,92.7699966430664,92.86000061035156,14930600
2019-06-26,92.98999786376953,93.0,91.5,91.69000244140625,10498400
2019-06-27,92.01000213623047,92.51000213623047,91.83000183105469,92.33000183105469,7416200
2019-06-28,92.37000274658203,92.72000122070312,91.83999633789062,92.63999938964844,9390600
2019-07-01,93.37000274658203,93.41000366210938,92.72000122070312,93.0999984741211,7797200
2019-07-02,93.18000030517578,93.5999984741211,92.6500015258789,93.5999984741211,7952500
2019-07-03,93.80999755859375,94.41999816894531,93.80000305175781,94.4000015258789,4066000
2019-07-05,94.0,94.2300033569336,93.54000091552734,93.75,5934300
2019-07-08,93.38999938964844,93.41999816894531,92.62000274658203,93.05000305175781,15202000
2019-07-09,92.70999908447266,93.23999786376953,92.69999694824219,93.13999938964844,5537300
2019-07-10,93.3499984741211,93.70999908447266,93.06999969482422,93.45999908447266,5347300
2019-07-11,94.11000061035156,94.1500015258789,92.8499984741211,93.4800033569336,13691700
2019-07-12,93.16999816894531,93.19000244140625,91.80000305175781,92.44000244140625,11508200
2019-07-15,92.48999786376953,92.86000061035156,92.18000030517578,92.63999938964844,5811100
2019-07-16,92.56999969482422,92.69999694824219,92.12000274658203,92.18000030517578,9092300
2019-07-17,92.37000274658203,92.68000030517578,92.19000244140625,92.19999694824219,9566700
2019-07-18,92.19000244140625,92.87000274658203,91.73999786376953,92.72000122070312,6559500
2019-07-19,92.93000030517578,92.97000122070312,91.68000030517578,91.76000213623047,8105900
2019-07-22,91.86000061035156,91.91999816894531,91.48999786376953,91.56999969482422,5192500
2019-07-23,91.69999694824219,92.27999877929688,91.31999969482422,92.13999938964844,6688600
2019-07-24,92.0,92.19999694824219,91.16999816894531,92.19000244140625,5430400
2019-07-25,91.94000244140625,92.29000091552734,91.54000091552734,91.73999786376953,6618700
2019-07-26,92.05999755859375,92.23999786376953,91.72000122070312,92.06999969482422,3812400
2019-07-29,92.12000274658203,92.5199966430664,91.97000122070312,92.44999694824219,5887500
2019-07-30,91.73999786376953,92.08999633789062,91.36000061035156,92.05000305175781,7959200
2019-07-31,91.94999694824219,92.33000183105469,90.58000183105469,91.13999938964844,8557400
2019-08-01,91.1500015258789,92.23999786376953,90.70999908447266,91.26000213623047,16422500
2019-08-02,91.12999725341797,91.41000366210938,90.45999908447266,91.05000305175781,15956600
2019-08-05,90.0199966430664,90.37999725341797,88.19000244140625,88.91000366210938,17626200
2019-08-06,89.36000061035156,90.08000183105469,88.87000274658203,90.05999755859375,10135900
2019-08-07,89.33000183105469,90.33999633789062,88.19999694824219,90.08999633789062,12452500
2019-08-08,90.37000274658203,91.37999725341797,90.25,91.29000091552734,12034800
2019-08-09,91.12999725341797,91.9800033569336,90.61000061035156,91.4000015258789,7253100
2019-08-12,91.05999755859375,91.4000015258789,90.16000366210938,90.51000213623047,7097100
2019-08-13,90.4800033569336,92.16999816894531,90.4000015258789,91.69000244140625,12232500
2019-08-14,90.75,90.97000122070312,89.08999633789062,89.13999938964844,16426100
2019-08-15,89.5199966430664,89.79000091552734,88.87000274658203,89.44999694824219,12315200
2019-08-16,90.05999755859375,90.79000091552734,90.0,90.55000305175781,10239300
2019-08-19,91.26000213623047,91.6500015258789,91.11000061035156,91.41999816894531,6427200
2019-08-20,91.44999694824219,91.63999938964844,90.56999969482422,90.63999938964844,4708800
2019-08-21,91.2699966430664,91.52999877929688,91.04000091552734,91.30999755859375,5687100
2019-08-22,91.4800033569336,91.69000244140625,90.5,90.86000061035156,6486900
2019-08-23,90.69999694824219,91.04000091552734,88.31999969482422,88.76000213623047,9822700
2019-08-26,89.47000122070312,89.76000213623047,89.0999984741211,89.69000244140625,8913900
2019-08-27,90.23999786376953,90.55000305175781,89.0999984741211,89.16000366210938,8252000
2019-08-28,88.8499984741211,90.0,88.72000122070312,89.80999755859375,5691500
2019-08-29,90.48999786376953,90.75,89.91000366210938,90.48999786376953,4360300
2019-08-30,90.91000366210938,91.08999633789062,90.20999908447266,90.5999984741211,4784100
2019-09-03,90.06999969482422,90.5,89.75,90.06999969482422,6437800
2019-09-04,90.66000366210938,90.70999908447266,89.70999908447266,90.12999725341797,9318700
2019-09-05,90.9000015258789,91.22000122070312,90.41999816894531,91.0199966430664,7897400
2019-09-06,91.20999908447266,91.52999877929688,91.08000183105469,91.2699966430664,13166400
2019-09-09,91.3499984741211,91.37999725341797,90.0999984741211,90.43000030517578,10675900
2019-09-10,89.97000122070312,90.69999694824219,89.0199966430664,90.69000244140625,8770700
2019-09-11,90.83999633789062,91.62000274658203,90.62000274658203,91.58999633789062,8124300
2019-09-12,92.0,92.37999725341797,91.51000213623047,91.55999755859375,9344700
2019-09-13,91.66999816894531,92.25,91.31999969482422,91.51000213623047,6351000
2019-09-16,91.01000213623047,91.54000091552734,90.9000015258789,91.30999755859375,6668100
2019-09-17,91.26000213623047,91.69999694824219,91.12999725341797,91.44999694824219,3932900
2019-09-18,91.44999694824219,91.55999755859375,90.79000091552734,91.44000244140625,5369800
2019-09-19,91.55000305175781,92.27999877929688,91.37999725341797,91.87000274658203,5058600
2019-09-20,91.69999694824219,92.43000030517578,91.69000244140625,92.0,8935700
2019-09-23,91.7300033569336,92.05999755859375,91.4800033569336,91.51000213623047,4232900
2019-09-24,91.8499984741211,91.91000366210938,90.3499984741211,90.66999816894531,10542600
2019-09-25,90.68000030517578,90.76000213623047,90.0999984741211,90.2300033569336,7956800
2019-09-26,90.52999877929688,90.55999755859375,89.04000091552734,89.7300033569336,10004500
2019-09-27,90.02999877929688,90.16000366210938,89.0,89.33000183105469,10017300
2019-09-30,89.44999694824219,90.68000030517578,89.38999938964844,90.12999725341797,8031600
2019-10-01,90.37000274658203,90.56999969482422,89.06999969482422,89.25,13413900
2019-10-02,88.97000122070312,89.1500015258789,87.55999755859375,87.94999694824219,13385000
2019-10-03,87.83000183105469,88.7699966430664,87.19999694824219,88.73999786376953,11958800
2019-10-04,89.0,90.18000030517578,88.94999694824219,90.12999725341797,9146600
2019-10-07,89.76000213623047,90.41999816894531,89.62999725341797,89.83000183105469,8247200
2019-10-08,89.08000183105469,89.12000274658203,88.0999984741211,88.12000274658203,10649300
2019-10-09,88.66000366210938,89.0199966430664,88.36000061035156,88.76000213623047,7350200
2019-10-10,88.5,89.51000213623047,88.41999816894531,89.19999694824219,8232300
2019-10-11,90.05000305175781,91.0,89.9000015258789,89.94000244140625,10773200
2019-10-14,89.87999725341797,90.33999633789062,89.76000213623047,89.9000015258789,4915600
2019-10-15,90.88999938964844,91.86000061035156,90.83000183105469,91.54000091552734,12607900
2019-10-16,91.47000122070312,91.88999938964844,91.2699966430664,91.41999816894531,7851500
2019-10-17,91.72000122070312,92.36000061035156,91.68000030517578,92.0999984741211,7536100
2019-10-18,91.83999633789062,92.23999786376953,91.3499984741211,91.76000213623047,6784700
2019-10-21,92.13999938964844,92.27999877929688,91.4800033569336,91.66000366210938,4948400
2019-10-22,92.36000061035156,92.94999694824219,91.81999969482422,91.86000061035156,8702400
2019-10-23,92.0199966430664,92.69999694824219,91.83000183105469,92.43000030517578,5525000
2019-10-24,92.58999633789062,92.69000244140625,91.62999725341797,91.95999908447266,6892300
2019-10-25,91.72000122070312,92.30999755859375,91.4800033569336,92.05999755859375,5536900
2019-10-28,92.30000305175781,93.19999694824219,92.22000122070312,93.01000213623047,6937900
2019-10-29,93.2300033569336,94.4800033569336,93.0,94.33000183105469,13768400
2019-10-30,94.36000061035156,94.9000015258789,93.98999786376953,94.86000061035156,10179700
2019-10-31,94.68000030517578,94.80999755859375,94.13999938964844,94.75,9675200
2019-11-01,95.26000213623047,95.66999816894531,94.8499984741211,94.87000274658203,14670800
2019-11-04,95.30999755859375,95.36000061035156,94.54000091552734,94.58000183105469,9878200
2019-11-05,94.72000122070312,94.7300033569336,93.69999694824219,93.91000366210938,13273800
2019-11-06,94.0,94.41000366210938,93.70999908447266,94.2300033569336,13130200
2019-11-07,94.58999633789062,94.73999786376953,94.16000366210938,94.44000244140625,7827900
2019-11-08,94.37999725341797,95.1500015258789,94.2699966430664,95.12999725341797,7756900
2019-11-11,94.7699966430664,94.97000122070312,94.4800033569336,94.73999786376953,6092500
2019-11-12,94.88999938964844,95.6500015258789,94.76000213623047,95.30999755859375,13801500
2019-11-13,95.05000305175781,95.6500015258789,94.9000015258789,95.41999816894531,6507700
2019-11-14,95.4000015258789,95.56999969482422,94.8499984741211,95.43000030517578,6498800
2019-11-15,95.76000213623047,97.62999725341797,95.66999816894531,97.45999908447266,11337700
2019-11-18,97.37000274658203,97.93000030517578,97.01000213623047,97.12999725341797,11251400
2019-11-19,97.47000122070312,97.93000030517578,97.22000122070312,97.79000091552734,10025800
2019-11-20,97.62999725341797,97.97000122070312,97.08000183105469,97.66000366210938,12305600
2019-11-21,97.72000122070312,97.9800033569336,97.05000305175781,97.91000366210938,9122400
2019-11-22,98.08000183105469,98.4000015258789,97.87000274658203,98.26000213623047,6141800
2019-11-25,98.66000366210938,99.43000030517578,98.51000213623047,99.41000366210938,11726500
2019-11-26,99.4000015258789,99.55999755859375,99.0,99.33000183105469,11073300
2019-11-27,99.47000122070312,99.98999786376953,99.37999725341797,99.83999633789062,6333200
2019-11-29,99.58000183105469,99.80999755859375,99.29000091552734,99.48999786376953,2392000
2019-12-02,99.69000244140625,99.72000122070312,98.7300033569336,99.05000305175781,6682200
2019-12-03,98.30000305175781,98.91000366210938,98.02999877929688,98.83000183105469,7709700
2019-12-04,99.2300033569336,99.87999725341797,99.12999725341797,99.75,6237600
2019-12-05,99.80999755859375,99.9000015258789,98.91000366210938,99.75,7390400
2019-12-06,100.2699966430664,100.75,100.19999694824219,100.41000366210938,5658500
2019-12-09,100.44999694824219,100.47000122070312,99.70999908447266,99.70999908447266,5148900
2019-12-10,99.69000244140625,100.0199966430664,99.30000305175781,99.93000030517578,6027900
2019-12-11,100.01000213623047,100.2699966430664,99.81999969482422,100.0199966430664,6064300
2019-12-12,100.06999969482422,101.27999877929688,100.0199966430664,100.94999694824219,9769100
2019-12-13,100.8499984741211,101.47000122070312,100.47000122070312,100.87999725341797,6433200
2019-12-16,101.47000122070312,102.33999633789062,101.47000122070312,101.97000122070312,7730300
2019-12-17,102.0999984741211,102.25,101.72000122070312,101.86000061035156,4643600
2019-12-18,101.9000015258789,102.19999694824219,101.79000091552734,102.0,5202900
2019-12-19,102.20999908447266,102.51000213623047,102.05000305175781,102.4000015258789,6637200
2019-12-20,102.27999877929688,102.93000030517578,102.27999877929688,102.69999694824219,8586500
2019-12-23,102.94000244140625,103.22000122070312,102.68000030517578,103.11000061035156,4770900
2019-12-24,103.11000061035156,103.23999786376953,102.7300033569336,102.9800033569336,2071800
2019-12-26,103.11000061035156,103.2300033569336,102.58000183105469,102.91000366210938,2910100
2019-12-27,103.12999725341797,103.13999938964844,102.70999908447266,102.94000244140625,3605000
2019-12-30,102.2699966430664,102.48999786376953,101.51000213623047,101.66000366210938,5665100
2019-12-31,101.44000244140625,101.94999694824219,101.2699966430664,101.86000061035156,4746700
2020-01-02,102.16999816894531,102.29000091552734,101.4000015258789,102.12999725341797,6277400
2020-01-03,100.94999694824219,101.81999969482422,100.44999694824219,101.23999786376953,8247500
2020-01-06,100.77999877929688,101.9000015258789,100.75,101.87000274658203,6441800
2020-01-07,101.58999633789062,101.76000213623047,101.0999984741211,101.66999816894531,6335300
2020-01-08,101.72000122070312,102.79000091552734,101.68000030517578,102.33000183105469,7494700
2020-01-09,102.63999938964844,103.05000305175781,102.41999816894531,102.7699966430664,6660600
2020-01-10,103.16000366210938,103.33000183105469,102.62000274658203,102.80000305175781,9300300
2020-01-13,102.97000122070312,102.98999786376953,102.08999633789062,102.44000244140625,7621700
2020-01-14,102.12999725341797,103.08000183105469,101.94999694824219,103.05999755859375,7294900
2020-01-15,103.18000030517578,104.22000122070312,103.0999984741211,103.94999694824219,7521800
2020-01-16,104.37999725341797,104.55999755859375,103.97000122070312,104.48999786376953,5479900
2020-01-17,104.2300033569336,104.6500015258789,104.2300033569336,104.48999786376953,6533400
2020-01-21,104.25,104.83999633789062,104.20999908447266,104.5999984741211,6644800
2020-01-22,104.83000183105469,105.08000183105469,104.58999633789062,104.7300033569336,9431500
2020-01-23,104.55000305175781,104.69999694824219,103.4800033569336,104.19999694824219,8522600
2020-01-24,104.31999969482422,104.37000274658203,102.19999694824219,102.45999908447266,15962700
2020-01-27,101.22000122070312,102.06999969482422,101.08000183105469,101.68000030517578,11762300
2020-01-28,101.9800033569336,102.58000183105469,101.69999694824219,102.18000030517578,8079900
2020-01-29,102.27999877929688,102.63999938964844,101.87999725341797,101.9000015258789,6435700
2020-01-30,101.1500015258789,101.22000122070312,100.29000091552734,101.16000366210938,10989400
2020-01-31,100.76000213623047,100.83999633789062,98.80999755859375,99.13999938964844,14476700
2020-02-03,99.83000183105469,100.76000213623047,99.83000183105469,100.04000091552734,11850600
2020-02-04,101.29000091552734,102.20999908447266,101.2699966430664,101.80000305175781,9575100
2020-02-05,102.27999877929688,104.12000274658203,102.2699966430664,103.76000213623047,14131000
2020-02-06,104.23999786376953,104.23999786376953,103.4000015258789,103.8499984741211,6166500
2020-02-07,103.86000061035156,103.94999694824219,102.87999725341797,103.04000091552734,6057200
2020-02-10,102.66000366210938,103.58999633789062,102.58000183105469,103.58999633789062,4010100
2020-02-11,103.94999694824219,104.30000305175781,103.73999786376953,104.20999908447266,10277100
2020-02-12,104.5999984741211,104.83999633789062,103.91999816894531,104.33999633789062,4705700
2020-02-13,103.95999908447266,104.27999877929688,103.63999938964844,103.8499984741211,4778500
2020-02-14,103.95999908447266,104.0,103.41999816894531,103.93000030517578,5114200
2020-02-18,103.93000030517578,104.05999755859375,103.22000122070312,103.55999755859375,8409300
2020-02-19,103.83000183105469,104.19000244140625,103.7300033569336,104.04000091552734,6427900
2020-02-20,103.80000305175781,103.9000015258789,102.43000030517578,103.37000274658203,8080900
2020-02-21,102.97000122070312,103.52999877929688,102.61000061035156,103.43000030517578,6510800
2020-02-24,100.93000030517578,101.61000061035156,99.69000244140625,100.16999816894531,16284500
2020-02-25,100.52999877929688,100.75,96.79000091552734,97.12999725341797,20301600
2020-02-26,97.66999816894531,98.81999969482422,96.91000366210938,97.12000274658203,13721600
2020-02-27,96.06999969482422,97.33999633789062,93.80000305175781,93.81999969482422,22047900
2020-02-28,91.3499984741211,92.66000366210938,89.9800033569336,92.61000061035156,27750600
2020-03-02,92.63999938964844,97.0999984741211,92.31999969482422,96.94999694824219,22359400
2020-03-03,97.19000244140625,98.88999938964844,93.2699966430664,94.54000091552734,33385500
2020-03-04,97.37999725341797,100.1500015258789,97.18000030517578,99.98999786376953,26418700
2020-03-05,97.8499984741211,99.19000244140625,96.55999755859375,97.66999816894531,17873000
2020-03-06,94.98999786376953,97.5,94.5999984741211,97.1500015258789,17917700
2020-03-09,91.38999938964844,94.27999877929688,90.01000213623047,92.0999984741211,21968500
2020-03-10,94.76000213623047,95.41999816894531,90.94000244140625,95.26000213623047,26473200
2020-03-11,93.01000213623047,93.66999816894531,90.44999694824219,91.62000274658203,23217900
2020-03-12,86.01000213623047,89.7300033569336,82.9000015258789,84.77999877929688,20652200
2020-03-13,88.72000122070312,90.9000015258789,84.16000366210938,90.66000366210938,29162800
2020-03-16,82.5199966430664,87.05000305175781,80.66999816894531,81.72000122070312,21474800
2020-03-17,83.41000366210938,87.55000305175781,82.3499984741211,86.8499984741211,27899700
2020-03-18,82.4000015258789,85.30000305175781,79.91999816894531,83.97000122070312,28931000
2020-03-19,83.02999877929688,84.26000213623047,81.33000183105469,82.25,27121100
2020-03-20,82.95999908447266,83.80999755859375,78.63999938964844,79.08999633789062,22004900
2020-03-23,78.19999694824219,78.30999755859375,73.54000091552734,74.62000274658203,33633000
2020-03-24,78.1500015258789,80.52999877929688,77.56999969482422,80.37000274658203,16775800
2020-03-25,79.83999633789062,84.08999633789062,78.87000274658203,81.44000244140625,16851800
2020-03-26,82.16999816894531,87.30999755859375,82.01000213623047,86.8499984741211,18822500
2020-03-27,84.33999633789062,87.2300033569336,84.27999877929688,84.98999786376953,13043200
2020-03-30,86.5199966430664,89.13999938964844,86.51000213623047,88.97000122070312,13766700
2020-03-31,89.05000305175781,89.52999877929688,87.63999938964844,88.58000183105469,13584900
2020-04-01,85.62000274658203,86.38999938964844,84.38999938964844,85.20999908447266,15255200
2020-04-02,84.77999877929688,87.7699966430664,83.93000030517578,87.56999969482422,13588000
2020-04-03,87.29000091552734,88.12000274658203,85.80000305175781,86.77999877929688,12934200
2020-04-06,89.54000091552734,91.8499984741211,89.13999938964844,91.33000183105469,13472900
2020-04-07,93.6500015258789,93.81999969482422,90.48999786376953,90.58000183105469,16699200
2020-04-08,91.36000061035156,94.86000061035156,90.22000122070312,94.30999755859375,32624300
2020-04-09,95.16999816894531,95.3499984741211,93.97000122070312,94.83000183105469,12982500
2020-04-13,94.48999786376953,94.81999969482422,92.66000366210938,94.0,9606600
2020-04-14,95.83999633789062,97.47000122070312,95.5199966430664,97.12000274658203,12830800
2020-04-15,95.83000183105469,97.19000244140625,95.29000091552734,96.62000274658203,11019000
2020-04-16,97.33999633789062,98.9800033569336,97.02999877929688,98.7300033569336,11331600
2020-04-17,101.12999725341797,101.12999725341797,99.38999938964844,100.77999877929688,11504400
2020-04-20,99.81999969482422,101.41000366210938,99.70999908447266,99.9800033569336,10558100
2020-04-21,98.2699966430664,98.83000183105469,96.62000274658203,96.94000244140625,9291400
2020-04-22,98.3499984741211,99.02999877929688,97.73999786376953,98.41999816894531,11994100
2020-04-23,98.94000244140625,100.48999786376953,98.73999786376953,98.95999908447266,16013300
2020-04-24,99.55999755859375,100.48999786376953,98.94000244140625,100.29000091552734,7853300
2020-04-27,100.98999786376953,102.01000213623047,100.83000183105469,101.58000183105469,8022100
2020-04-28,102.26000213623047,102.26000213623047,99.41000366210938,99.52999877929688,11517500
2020-04-29,101.05999755859375,101.05999755859375,99.54000091552734,100.19000244140625,9939900
2020-04-30,99.76000213623047,100.37999725341797,99.20999908447266,99.7300033569336,12768900
2020-05-01,98.58999633789062,98.7699966430664,96.94999694824219,97.83000183105469,10102000
2020-05-04,97.52999877929688,98.0,96.88999938964844,97.77999877929688,8991300
2020-05-05,98.63999938964844,100.62000274658203,98.38999938964844,99.9000015258789,11498300
2020-05-06,100.41999816894531,100.48999786376953,98.86000061035156,98.91000366210938,9493200
2020-05-07,99.91999816894531,99.93000030517578,98.77999877929688,98.9000015258789,9453900
2020-05-08,99.95999908447266,100.0,99.11000061035156,99.41000366210938,10374500
2020-05-11,99.0,101.37999725341797,99.0,101.12000274658203,15115100
2020-05-12,101.70999908447266,101.80000305175781,99.56999969482422,99.58000183105469,18471000
2020-05-13,99.44999694824219,100.22000122070312,97.70999908447266,98.5,12667200
2020-05-14,97.58999633789062,99.62999725341797,97.56999969482422,99.58000183105469,12021400
2020-05-15,99.30000305175781,100.51000213623047,99.06999969482422,100.41999816894531,15170200
2020-05-18,102.30000305175781,102.7699966430664,101.19000244140625,101.25,10557300
2020-05-19,100.93000030517578,101.44999694824219,100.0199966430664,100.02999877929688,10561400
2020-05-20,100.79000091552734,101.16999816894531,99.91999816894531,100.1500015258789,10058000
2020-05-21,99.87000274658203,99.93000030517578,98.83000183105469,99.41000366210938,12259500
2020-05-22,99.41999816894531,99.69999694824219,98.9000015258789,99.62000274658203,10233200
2020-05-26,101.19000244140625,101.27999877929688,99.27999877929688,99.44000244140625,10828800
2020-05-27,99.58000183105469,100.47000122070312,98.06999969482422,100.47000122070312,15551900
2020-05-28,101.29000091552734,102.80000305175781,101.26000213623047,101.77999877929688,11707700
2020-05-29,102.22000122070312,103.2300033569336,100.69000244140625,103.01000213623047,19055300
2020-06-01,102.36000061035156,102.4800033569336,101.3499984741211,101.98999786376953,8436200
2020-06-02,102.02999877929688,102.62999725341797,101.41999816894531,102.58000183105469,13162300
2020-06-03,102.87999725341797,102.9800033569336,101.94999694824219,102.37999725341797,10020900
2020-06-04,101.76000213623047,102.47000122070312,100.91999816894531,101.56999969482422,10848300
2020-06-05,102.20999908447266,104.04000091552734,101.68000030517578,103.20999908447266,14579500
2020-06-08,102.80000305175781,103.95999908447266,102.55000305175781,103.91999816894531,8191300
2020-06-09,103.70999908447266,104.22000122070312,102.72000122070312,102.83999633789062,10371100
2020-06-10,103.18000030517578,103.5199966430664,102.2300033569336,102.68000030517578,10519700
2020-06-11,101.79000091552734,101.9800033569336,96.62999725341797,96.97000122070312,39561900
2020-06-12,99.0,99.31999969482422,95.91999816894531,97.5999984741211,19397200
2020-06-15,96.13999938964844,98.37999725341797,95.41999816894531,97.81999969482422,14521800
2020-06-16,100.12000274658203,100.87000274658203,98.58000183105469,100.2300033569336,13272800
2020-06-17,100.7300033569336,100.91000366210938,99.77999877929688,100.12999725341797,9086200
2020-06-18,99.55999755859375,100.0199966430664,99.16000366210938,99.79000091552734,7115200
2020-06-19,100.93000030517578,101.33999633789062,99.70999908447266,100.75,12177000
2020-06-22,99.91000366210938,100.08000183105469,98.91000366210938,99.94000244140625,6889200
2020-06-23,100.62999725341797,101.2300033569336,100.18000030517578,100.37000274658203,5369900
2020-06-24,99.62000274658203,99.81999969482422,97.04000091552734,97.75,15739700
2020-06-25,97.66000366210938,98.83000183105469,96.83999633789062,98.70999908447266,10506300
2020-06-26,98.52999877929688,98.77999877929688,97.04000091552734,97.51000213623047,16631400
2020-06-29,98.27999877929688,98.56999969482422,97.5199966430664,98.38999938964844,7490200
2020-06-30,98.41999816894531,100.5999984741211,98.12999725341797,100.06999969482422,9183000
2020-07-01,100.54000091552734,101.26000213623047,99.91000366210938,100.83999633789062,10932800
2020-07-02,101.7300033569336,102.18000030517578,101.37999725341797,101.5999984741211,6502400
2020-07-06,102.7699966430664,103.22000122070312,102.13999938964844,102.62999725341797,6374400
2020-07-07,101.87999725341797,102.97000122070312,101.5999984741211,101.73999786376953,5913200
2020-07-08,102.08999633789062,102.4000015258789,101.06999969482422,101.75,5624900
2020-07-09,101.63999938964844,102.0199966430664,99.68000030517578,100.94999694824219,10521700
2020-07-10,101.02999877929688,101.12999725341797,99.97000122070312,100.70999908447266,10502700
2020-07-13,101.29000091552734,103.1500015258789,101.0199966430664,101.27999877929688,10167200
2020-07-14,101.04000091552734,103.45999908447266,100.8499984741211,103.29000091552734,10889900
2020-07-15,104.05000305175781,104.93000030517578,103.83000183105469,104.62999725341797,9606900
2020-07-16,104.52999877929688,104.54000091552734,103.72000122070312,104.45999908447266,6412200
2020-07-17,105.01000213623047,106.25,104.86000061035156,105.88999938964844,7548600
2020-07-20,106.12999725341797,106.48999786376953,105.5199966430664,105.87000274658203,6776300
2020-07-21,106.2300033569336,106.62999725341797,105.58000183105469,105.80000305175781,7458600
2020-07-22,106.27999877929688,106.93000030517578,105.7300033569336,106.75,5648400
2020-07-23,107.08999633789062,107.52999877929688,105.91999816894531,106.2699966430664,6970100
2020-07-24,106.0999984741211,106.16000366210938,104.43000030517578,105.0999984741211,6241000
2020-07-27,105.05999755859375,106.16000366210938,104.7300033569336,105.88999938964844,5934200
2020-07-28,105.94000244140625,106.47000122070312,105.56999969482422,105.7699966430664,6239400
2020-07-29,106.01000213623047,107.30999755859375,105.94000244140625,106.87999725341797,5449800
2020-07-30,105.8499984741211,106.31999969482422,105.0,106.13999938964844,5349200
2020-07-31,105.80999755859375,106.0999984741211,104.1500015258789,105.52999877929688,6920400
2020-08-03,106.19000244140625,106.97000122070312,106.0,106.62000274658203,8811800
2020-08-04,106.37999725341797,106.62999725341797,105.48999786376953,106.1500015258789,6092900
2020-08-05,106.7300033569336,106.83000183105469,106.37000274658203,106.63999938964844,4406600
2020-08-06,106.51000213623047,106.95999908447266,105.30000305175781,106.06999969482422,5369700
2020-08-07,105.95999908447266,106.43000030517578,105.66000366210938,106.41000366210938,4274000
2020-08-10,106.43000030517578,106.5199966430664,105.7699966430664,106.05000305175781,4640200
2020-08-11,106.63999938964844,106.73999786376953,105.12999725341797,105.37999725341797,8115900
2020-08-12,105.94999694824219,107.48999786376953,105.91000366210938,107.1500015258789,8205500
2020-08-13,107.0199966430664,107.12000274658203,106.29000091552734,107.01000213623047,5323300
2020-08-14,106.80999755859375,107.27999877929688,106.38999938964844,106.80000305175781,3826200
2020-08-17,106.98999786376953,107.83999633789062,106.94000244140625,107.43000030517578,4610200
2020-08-18,107.6500015258789,107.83000183105469,106.83999633789062,107.4000015258789,4220500
2020-08-19,107.5,107.80000305175781,106.81999969482422,107.05000305175781,6308100
2020-08-20,106.58000183105469,106.94999694824219,106.43000030517578,106.70999908447266,4938300
2020-08-21,106.54000091552734,106.95999908447266,105.98999786376953,106.81999969482422,6466700
2020-08-24,107.33000183105469,107.37000274658203,105.68000030517578,106.33000183105469,6363200
2020-08-25,106.87000274658203,107.08999633789062,106.45999908447266,107.05000305175781,5096500
2020-08-26,106.83000183105469,107.04000091552734,105.7699966430664,106.91999816894531,6995300
2020-08-27,107.0999984741211,108.26000213623047,106.33999633789062,107.76000213623047,7775200
2020-08-28,108.05999755859375,108.05999755859375,107.19999694824219,108.0,5159600
2020-08-31,107.7699966430664,108.77999877929688,107.68000030517578,108.26000213623047,6721100
2020-09-01,108.12000274658203,108.29000091552734,106.63999938964844,107.29000091552734,10999300
2020-09-02,107.38999938964844,109.7300033569336,106.94000244140625,109.44000244140625,8495800
2020-09-03,109.58000183105469,109.73999786376953,105.69999694824219,106.45999908447266,13337300
2020-09-04,106.83000183105469,107.0199966430664,104.41000366210938,105.69999694824219,14715500
2020-09-08,105.52999877929688,105.56999969482422,103.66999816894531,103.95999908447266,9660200
2020-09-09,104.73999786376953,106.66999816894531,104.72000122070312,105.80000305175781,8200800
2020-09-10,106.0999984741211,106.0999984741211,103.9000015258789,104.18000030517578,9186200
2020-09-11,104.66999816894531,105.08999633789062,103.79000091552734,104.58999633789062,8764300
2020-09-14,105.44000244140625,106.66000366210938,105.2300033569336,106.08999633789062,5846900
2020-09-15,106.63999938964844,107.08000183105469,105.95999908447266,106.2300033569336,5580500
2020-09-16,106.80000305175781,107.01000213623047,105.93000030517578,106.05000305175781,7193300
2020-09-17,105.06999969482422,106.05999755859375,104.7300033569336,105.69999694824219,7597300
2020-09-18,105.83000183105469,106.22000122070312,104.55999755859375,105.54000091552734,8649300
2020-09-21,103.72000122070312,103.72000122070312,101.73999786376953,103.18000030517578,8783000
2020-09-22,103.01000213623047,103.27999877929688,102.02999877929688,102.95999908447266,7833300
2020-09-23,103.38999938964844,103.43000030517578,101.80000305175781,101.9000015258789,7681900
2020-09-24,101.54000091552734,101.9000015258789,100.7699966430664,101.38999938964844,8434600
2020-09-25,101.04000091552734,103.30000305175781,100.93000030517578,103.0199966430664,6769000
2020-09-28,104.01000213623047,104.76000213623047,103.75,103.94999694824219,6511100
2020-09-29,104.12999725341797,104.66000366210938,103.41000366210938,103.81999969482422,5402700
2020-09-30,104.13999938964844,106.33000183105469,104.12000274658203,105.4800033569336,7565500
2020-10-01,105.97000122070312,106.4000015258789,104.66999816894531,105.12000274658203,9113200
2020-10-02,104.12000274658203,105.20999908447266,103.70999908447266,104.16000366210938,8628700
2020-10-05,104.91000366210938,106.41000366210938,104.87999725341797,106.30000305175781,6661200
2020-10-06,106.5999984741211,106.66000366210938,104.79000091552734,104.88999938964844,7747200
2020-10-07,105.62999725341797,107.19999694824219,105.61000061035156,106.87000274658203,7873100
2020-10-08,107.48999786376953,107.73999786376953,107.16000366210938,107.38999938964844,5942700
2020-10-09,107.98999786376953,108.68000030517578,107.70999908447266,108.36000061035156,5636300
2020-10-12,108.8499984741211,109.52999877929688,108.48999786376953,109.0999984741211,5065000
2020-10-13,108.44999694824219,109.0199966430664,107.98999786376953,108.2699966430664,6773600
2020-10-14,108.2300033569336,108.68000030517578,107.30000305175781,107.63999938964844,5999900
2020-10-15,106.30999755859375,107.05999755859375,106.12999725341797,106.86000061035156,6197700
2020-10-16,107.20999908447266,108.72000122070312,107.16999816894531,107.91999816894531,7462100
2020-10-19,108.19999694824219,108.52999877929688,105.8499984741211,106.20999908447266,8308500
2020-10-20,106.58999633789062,107.2300033569336,106.16999816894531,106.3499984741211,7421100
2020-10-21,106.33999633789062,106.63999938964844,105.56999969482422,105.81999969482422,5474300
2020-10-22,105.97000122070312,107.61000061035156,105.95999908447266,107.41999816894531,6127100
2020-10-23,107.95999908447266,108.5999984741211,107.20999908447266,107.81999969482422,5697900
2020-10-26,106.94999694824219,107.08000183105469,105.5999984741211,106.62000274658203,8135500
2020-10-27,106.2300033569336,106.76000213623047,105.83000183105469,105.88999938964844,6893100
2020-10-28,104.13999938964844,104.7699966430664,102.4000015258789,102.52999877929688,11431700
2020-10-29,102.45999908447266,102.91000366210938,101.05999755859375,101.69000244140625,15974200
2020-10-30,101.55999755859375,102.16000366210938,100.30999755859375,101.66000366210938,10741700
2020-11-02,103.16000366210938,103.7300033569336,102.41000366210938,103.48999786376953,10287300
2020-11-03,104.76000213623047,106.13999938964844,104.68000030517578,105.0,9812900
2020-11-04,107.98999786376953,111.41999816894531,107.77999877929688,109.66000366210938,25531500
2020-11-05,111.16999816894531,111.25,109.68000030517578,109.87999725341797,12864800
2020-11-06,110.0,110.66999816894531,109.20999908447266,109.91999816894531,12311200
2020-11-09,113.91999816894531,114.41000366210938,110.80999755859375,110.94999694824219,20443000
2020-11-10,111.45999908447266,111.66999816894531,110.06999969482422,111.2699966430664,12526500
2020-11-11,112.16000366210938,112.16000366210938,110.58999633789062,111.12999725341797,9935400
2020-11-12,110.91999816894531,111.36000061035156,109.9800033569336,110.72000122070312,7856300
2020-11-13,111.2699966430664,112.55000305175781,111.06999969482422,112.12000274658203,6576100
2020-11-16,113.01000213623047,113.19000244140625,111.37000274658203,111.93000030517578,7586000
2020-11-17,111.36000061035156,111.61000061035156,110.66999816894531,111.19999694824219,8898100
2020-11-18,111.44000244140625,111.4800033569336,109.0999984741211,109.12999725341797,9849900
2020-11-19,109.12999725341797,109.22000122070312,108.23999786376953,109.05000305175781,10410900
2020-11-20,108.80000305175781,109.30999755859375,108.41999816894531,108.80000305175781,7674500
2020-11-23,109.33999633789062,109.4000015258789,107.83999633789062,108.5199966430664,7747700
2020-11-24,109.05000305175781,109.58000183105469,108.47000122070312,108.83999633789062,9615900
2020-11-25,108.97000122070312,109.05000305175781,107.98999786376953,108.44000244140625,11671800
2020-11-27,108.87999725341797,109.5199966430664,108.52999877929688,109.44000244140625,4443900
2020-11-30,109.4800033569336,109.83999633789062,108.9000015258789,109.73999786376953,12723400
2020-12-01,110.80000305175781,111.87000274658203,110.47000122070312,110.66000366210938,12682400
2020-12-02,110.73999786376953,111.68000030517578,110.66999816894531,111.48999786376953,8552400
2020-12-03,111.44999694824219,111.79000091552734,110.87000274658203,111.3499984741211,9795700
2020-12-04,111.38999938964844,112.55999755859375,111.25,112.54000091552734,7859600
2020-12-07,112.41999816894531,112.5199966430664,111.44000244140625,111.8499984741211,5803200
2020-12-08,111.58000183105469,112.79000091552734,111.54000091552734,112.69999694824219,7953200
2020-12-09,113.1500015258789,113.16000366210938,111.80999755859375,112.30999755859375,7386400
2020-12-10,112.29000091552734,112.73999786376953,111.88999938964844,112.12000274658203,5411000
2020-12-11,111.66000366210938,111.93000030517578,110.91000366210938,111.68000030517578,5222400
2020-12-14,112.52999877929688,113.08999633789062,110.7699966430664,110.83999633789062,8469300
2020-12-15,111.61000061035156,112.27999877929688,111.0199966430664,112.04000091552734,5007500
2020-12-16,111.94000244140625,112.33999633789062,111.2300033569336,111.70999908447266,5355400
2020-12-17,111.88999938964844,112.9800033569336,111.87999725341797,112.91000366210938,4263700
2020-12-18,113.0199966430664,113.2699966430664,111.79000091552734,113.0,7876700
2020-12-21,110.87000274658203,111.51000213623047,109.37000274658203,111.41000366210938,6129600
2020-12-22,111.20999908447266,111.47000122070312,110.44000244140625,111.06999969482422,13104100
2020-12-23,111.45999908447266,111.97000122070312,111.06999969482422,111.1500015258789,3920700
2020-12-24,111.19999694824219,111.68000030517578,111.05000305175781,111.47000122070312,1674700
2020-12-28,112.05000305175781,112.30000305175781,111.44999694824219,111.75,4390100
2020-12-29,112.2699966430664,112.79000091552734,111.9000015258789,112.27999877929688,5053300
2020-12-30,112.51000213623047,112.88999938964844,112.13999938964844,112.26000213623047,3563700
2020-12-31,112.2699966430664,113.62000274658203,111.9000015258789,113.44000244140625,5581200
2021-01-04,113.87999725341797,113.9000015258789,111.11000061035156,112.94999694824219,12911800
2021-01-05,112.75,114.16000366210938,112.2699966430664,113.7699966430664,11081900
2021-01-06,112.18000030517578,115.62999725341797,112.18000030517578,115.33000183105469,17833700
2021-01-07,115.4800033569336,117.0,115.30000305175781,116.83000183105469,12407100
2021-01-08,117.04000091552734,117.91000366210938,116.27999877929688,117.38999938964844,9350600
2021-01-11,117.41999816894531,118.12999725341797,117.2699966430664,117.94000244140625,6428200
2021-01-12,117.70999908447266,117.83999633789062,116.12999725341797,116.66000366210938,9225500
2021-01-13,116.5999984741211,117.37999725341797,116.16999816894531,116.9800033569336,5259600
2021-01-14,117.16999816894531,117.61000061035156,116.47000122070312,116.61000061035156,5792300
2021-01-15,116.29000091552734,117.23999786376953,115.83000183105469,116.97000122070312,10335200
2021-01-19,117.9000015258789,118.2300033569336,117.2300033569336,117.8499984741211,6194500
2021-01-20,118.05000305175781,118.69000244140625,117.33999633789062,118.5,6872000
2021-01-21,118.3499984741211,118.47000122070312,117.54000091552734,117.94000244140625,5796200
2021-01-22,117.58999633789062,118.25,117.44000244140625,117.58999633789062,4796400
2021-01-25,117.66000366210938,118.43000030517578,117.41999816894531,118.36000061035156,6962000
2021-01-26,118.69999694824219,118.98999786376953,117.86000061035156,117.91999816894531,5504000
2021-01-27,116.62000274658203,116.62000274658203,114.05000305175781,114.33999633789062,13096900
2021-01-28,115.30999755859375,117.47000122070312,115.08999633789062,116.01000213623047,12626100
2021-01-29,115.83999633789062,116.66000366210938,114.0999984741211,115.02999877929688,10462400
2021-02-01,115.97000122070312,116.3499984741211,115.29000091552734,115.47000122070312,10105300
2021-02-02,116.37999725341797,116.94999694824219,115.7699966430664,115.80000305175781,11515700
2021-02-03,115.80000305175781,115.86000061035156,114.62000274658203,114.9800033569336,11280300
2021-02-04,114.9800033569336,115.93000030517578,114.7300033569336,115.45999908447266,8451500
2021-02-05,116.25,116.43000030517578,115.38999938964844,115.66999816894531,5557000
2021-02-08,116.08000183105469,116.23999786376953,115.47000122070312,115.80999755859375,6956700
2021-02-09,115.80000305175781,116.08999633789062,115.69000244140625,115.9800033569336,4730300
2021-02-10,116.81999969482422,116.8499984741211,115.77999877929688,116.19000244140625,5406400
2021-02-11,116.5999984741211,116.69999694824219,115.86000061035156,116.41000366210938,4684000
2021-02-12,116.18000030517578,117.41000366210938,116.02999877929688,117.27999877929688,6345300
2021-02-16,117.43000030517578,117.54000091552734,115.73999786376953,116.12000274658203,9531900
2021-02-17,115.73999786376953,116.5999984741211,115.61000061035156,116.54000091552734,5022200
2021-02-18,115.97000122070312,116.27999877929688,115.33000183105469,115.80999755859375,7756600
2021-02-19,115.9000015258789,115.98999786376953,114.30999755859375,114.41000366210938,9390800
2021-02-22,113.86000061035156,114.48999786376953,113.12000274658203,114.13999938964844,7213300
2021-02-23,114.05999755859375,114.76000213623047,113.41999816894531,113.94999694824219,8731500
2021-02-24,114.08000183105469,115.36000061035156,113.72000122070312,114.73999786376953,9842000
2021-02-25,114.58000183105469,115.04000091552734,113.01000213623047,113.58999633789062,14494800
2021-02-26,113.98999786376953,113.98999786376953,112.31999969482422,112.61000061035156,14687000
2021-03-01,113.52999877929688,114.61000061035156,113.5,114.08000183105469,7361800
2021-03-02,114.31999969482422,114.58999633789062,113.63999938964844,113.75,8456100
2021-03-03,113.33000183105469,113.44999694824219,112.05000305175781,112.30999755859375,14946600
2021-03-04,112.05999755859375,112.80000305175781,109.93000030517578,110.80000305175781,23441700
2021-03-05,111.44999694824219,113.37999725341797,110.55000305175781,113.0199966430664,15645200
2021-03-08,113.11000061035156,114.52999877929688,112.5999984741211,112.73999786376953,12691800
2021-03-09,113.56999969482422,115.19999694824219,113.3499984741211,113.4000015258789,11022300
2021-03-10,114.1500015258789,114.80000305175781,113.62000274658203,113.66000366210938,11641100
2021-03-11,114.05000305175781,114.9800033569336,113.88999938964844,114.3499984741211,6549400
2021-03-12,114.11000061035156,114.76000213623047,113.93000030517578,114.5999984741211,7452400
2021-03-15,114.38999938964844,115.41999816894531,114.26000213623047,115.38999938964844,7119100
2021-03-16,115.51000213623047,115.72000122070312,114.9000015258789,115.31999969482422,8618600
2021-03-17,114.81999969482422,115.47000122070312,114.20999908447266,114.9000015258789,7524900
2021-03-18,114.37000274658203,115.5999984741211,114.31999969482422,114.66000366210938,8553300
2021-03-19,114.77999877929688,115.75,114.19999694824219,115.06999969482422,12595800
2021-03-22,114.5999984741211,115.75,114.02999877929688,115.66999816894531,6156800
2021-03-23,115.52999877929688,115.72000122070312,114.20999908447266,114.5,9170500
2021-03-24,114.55999755859375,115.25,114.33999633789062,114.37000274658203,12647000
2021-03-25,114.54000091552734,115.06999969482422,113.3499984741211,114.8499984741211,11505300
2021-03-26,115.13999938964844,117.16999816894531,114.83000183105469,117.0199966430664,8286500
2021-03-29,116.55000305175781,117.97000122070312,116.51000213623047,117.56999969482422,8958900
2021-03-30,117.25,117.25,116.23999786376953,116.51000213623047,6865700
2021-03-31,116.76000213623047,117.44999694824219,116.55999755859375,116.73999786376953,8504100
2021-04-01,116.93000030517578,117.04000091552734,116.0199966430664,116.38999938964844,6676400
2021-04-05,116.9800033569336,117.55999755859375,116.79000091552734,117.19999694824219,7190900
2021-04-06,117.3499984741211,117.69000244140625,116.58000183105469,116.75,5206700
2021-04-07,116.68000030517578,117.08000183105469,116.19000244140625,116.48999786376953,5753200
2021-04-08,116.83000183105469,117.18000030517578,116.51000213623047,116.66999816894531,4292400
2021-04-09,116.73999786376953,118.0199966430664,116.66999816894531,117.94999694824219,5919100
2021-04-12,117.77999877929688,118.30999755859375,117.6500015258789,118.06999969482422,8279500
2021-04-13,117.69999694824219,118.88999938964844,117.58999633789062,118.55999755859375,6519600
2021-04-14,118.41999816894531,119.02999877929688,118.33999633789062,118.55000305175781,6226600
2021-04-15,119.0199966430664,120.93000030517578,119.0199966430664,120.58000183105469,8438300
2021-04-16,121.19999694824219,121.62000274658203,120.77999877929688,121.4800033569336,7447400
2021-04-19,121.25,121.54000091552734,120.88999938964844,121.51000213623047,7094300
2021-04-20,120.94999694824219,122.29000091552734,120.94999694824219,121.9800033569336,8063900
2021-04-21,122.36000061035156,123.48999786376953,122.30000305175781,123.41999816894531,9635900
2021-04-22,123.31999969482422,123.5999984741211,122.4000015258789,122.87000274658203,10030800
2021-04-23,122.80999755859375,123.95999908447266,122.55000305175781,123.68000030517578,4974500
2021-04-26,123.61000061035156,123.62000274658203,123.02999877929688,123.26000213623047,6907100
2021-04-27,122.94999694824219,122.97000122070312,122.3499984741211,122.55000305175781,7034700
2021-04-28,122.3499984741211,122.48999786376953,121.95999908447266,122.18000030517578,6788100
2021-04-29,122.30999755859375,122.33999633789062,121.02999877929688,121.69000244140625,8148900
2021-04-30,121.20999908447266,121.91999816894531,121.11000061035156,121.33000183105469,7153400
2021-05-03,121.98999786376953,122.83999633789062,121.81999969482422,122.70999908447266,13179100
2021-05-04,122.52999877929688,122.93000030517578,122.0,122.83999633789062,16186300
2021-05-05,123.01000213623047,123.44000244140625,122.80999755859375,123.05999755859375,16713700
2021-05-06,122.36000061035156,123.2300033569336,121.7300033569336,123.22000122070312,16115000
2021-05-07,123.51000213623047,124.72000122070312,123.45999908447266,124.06999969482422,7576700
2021-05-10,124.5199966430664,125.19000244140625,124.18000030517578,124.2300033569336,8846700
2021-05-11,123.58000183105469,124.0999984741211,122.61000061035156,122.88999938964844,11357800
2021-05-12,122.2300033569336,122.83999633789062,121.61000061035156,121.7300033569336,10946500
2021-05-13,121.94999694824219,123.38999938964844,121.76000213623047,122.83000183105469,11228000
2021-05-14,123.54000091552734,123.86000061035156,123.13999938964844,123.44999694824219,6590400
2021-05-17,123.30999755859375,123.87999725341797,123.13999938964844,123.22000122070312,5997700
2021-05-18,123.18000030517578,123.97000122070312,122.7699966430664,123.26000213623047,9202000
2021-05-19,122.45999908447266,123.12999725341797,121.58999633789062,123.05000305175781,10063000
2021-05-20,123.01000213623047,124.87000274658203,123.01000213623047,124.33999633789062,7522700
2021-05-21,124.75,125.66000366210938,124.26000213623047,124.36000061035156,8423300
2021-05-24,125.0,125.25,124.43000030517578,124.4800033569336,4958800
2021-05-25,124.66000366210938,124.66999816894531,123.97000122070312,124.11000061035156,6798500
2021-05-26,124.08000183105469,124.12000274658203,122.86000061035156,123.38999938964844,6848800
2021-05-27,123.6500015258789,123.75,123.05000305175781,123.12000274658203,8102900
2021-05-28,123.58999633789062,124.62000274658203,123.5199966430664,123.5999984741211,10059900
2021-06-01,123.75,123.79000091552734,121.47000122070312,121.56999969482422,13368300
2021-06-02,121.68000030517578,121.98999786376953,121.04000091552734,121.33000183105469,13245100
2021-06-03,120.87999725341797,122.0199966430664,120.61000061035156,121.69999694824219,13244400
2021-06-04,122.33999633789062,122.69999694824219,121.94999694824219,122.08999633789062,11228900
2021-06-07,122.38999938964844,123.61000061035156,122.18000030517578,122.52999877929688,13978500
2021-06-08,122.83000183105469,122.9000015258789,121.20999908447266,122.1500015258789,10799500
2021-06-09,122.45999908447266,123.54000091552734,122.45999908447266,123.33000183105469,7965600
2021-06-10,123.62999725341797,125.58000183105469,123.58000183105469,125.44000244140625,9350900
2021-06-11,125.25,125.30999755859375,123.91999816894531,124.55000305175781,6958100
2021-06-14,124.4800033569336,124.68000030517578,123.77999877929688,124.66000366210938,5156000
2021-06-15,124.79000091552734,124.9800033569336,124.16999816894531,124.69999694824219,5409100
2021-06-16,124.83000183105469,125.45999908447266,123.87000274658203,124.22000122070312,11653200
2021-06-17,124.0,125.5,123.9800033569336,125.16999816894531,6527000
2021-06-18,124.23999786376953,124.41000366210938,123.56999969482422,123.73999786376953,11152600
2021-06-21,123.6500015258789,124.97000122070312,123.19999694824219,124.73999786376953,6655400
2021-06-22,124.81999969482422,125.18000030517578,124.4000015258789,125.01000213623047,7194000
2021-06-23,124.83999633789062,125.12999725341797,124.44000244140625,124.48999786376953,6506600
2021-06-24,125.22000122070312,126.01000213623047,124.98999786376953,125.12999725341797,7029200
2021-06-25,125.08000183105469,126.08000183105469,125.01000213623047,125.69999694824219,8344200
2021-06-28,125.83000183105469,126.05000305175781,125.41000366210938,125.88999938964844,4631400
2021-06-29,125.9000015258789,126.41999816894531,125.73999786376953,126.02999877929688,6165500
2021-06-30,125.9000015258789,126.20999908447266,125.47000122070312,125.94999694824219,8542700
2021-07-01,126.04000091552734,127.16000366210938,125.98999786376953,127.06999969482422,12021000
2021-07-02,127.2300033569336,128.41000366210938,127.01000213623047,128.2899932861328,12327900
2021-07-06,127.91000366210938,128.17999267578125,127.26000213623047,128.1699981689453,11413100
2021-07-07,128.17999267578125,128.97999572753906,127.70999908447266,128.97999572753906,18435700
2021-07-08,127.77999877929688,128.3699951171875,127.11000061035156,128.27000427246094,8386600
2021-07-09,128.72999572753906,129.10000610351562,128.4199981689453,128.7100067138672,5224200
2021-07-12,128.7100067138672,129.60000610351562,128.61000061035156,128.9600067138672,9097900
2021-07-13,128.8000030517578,129.25999450683594,128.52999877929688,128.83999633789062,9698800
2021-07-14,129.1300048828125,129.24000549316406,128.49000549316406,128.72000122070312,7487000
2021-07-15,128.02999877929688,128.58999633789062,127.4800033569336,128.27000427246094,8750600
2021-07-16,128.60000610351562,129.08999633789062,128.17999267578125,128.6199951171875,6511000
2021-07-19,127.77999877929688,128.38999938964844,126.2300033569336,127.2699966430664,19460400
2021-07-20,127.68000030517578,129.5500030517578,127.68000030517578,128.82000732421875,15053700
2021-07-21,129.33999633789062,129.3800048828125,127.63999938964844,129.02999877929688,8295700
2021-07-22,129.13999938964844,129.97999572753906,128.7899932861328,129.97999572753906,9261100
2021-07-23,130.52999877929688,131.61000061035156,130.3699951171875,131.47999572753906,8303800
2021-07-26,131.11000061035156,131.49000549316406,130.1999969482422,130.6300048828125,6626500
2021-07-27,130.4499969482422,131.24000549316406,130.10000610351562,131.24000549316406,9551600
2021-07-28,131.0500030517578,132.08999633789062,130.72000122070312,131.7100067138672,7432600
2021-07-29,132.13999938964844,132.22999572753906,131.63999938964844,132.02999877929688,5662700
2021-07-30,131.80999755859375,132.63999938964844,131.6300048828125,132.14999389648438,6634400
2021-08-02,132.6699981689453,132.85000610351562,131.94000244140625,132.3300018310547,8366300
2021-08-03,132.38999938964844,134.2100067138672,132.3000030517578,134.1699981689453,7701700
2021-08-04,133.64999389648438,134.47000122070312,133.42999267578125,133.60000610351562,8322100
2021-08-05,133.5,133.52000427246094,132.0399932861328,133.0500030517578,8240900
2021-08-06,132.99000549316406,133.11000061035156,132.08999633789062,132.94000244140625,6923700
2021-08-09,133.1300048828125,133.6999969482422,133.02999877929688,133.4499969482422,9852500
2021-08-10,133.52000427246094,133.7899932861328,132.6300048828125,133.13999938964844,5832600
2021-08-11,133.35000610351562,133.55999755859375,131.7100067138672,131.82000732421875,14512500
2021-08-12,131.9499969482422,132.97000122070312,131.86000061035156,132.86000061035156,8220300
2021-08-13,133.19000244140625,133.72000122070312,133.02999877929688,133.69000244140625,7922900
2021-08-16,133.69000244140625,135.22999572753906,133.22999572753906,135.2100067138672,8404200
2021-08-17,134.85000610351562,136.80999755859375,134.77999877929688,136.80999755859375,13874500
2021-08-18,136.6300048828125,136.77999877929688,134.64999389648438,134.72999572753906,12427700
2021-08-19,133.83999633789062,136.0399932861328,133.8000030517578,135.33999633789062,11669200
2021-08-20,135.47000122070312,136.52000427246094,135.0,136.11000061035156,7252700
2021-08-23,136.8800048828125,136.97999572753906,136.1199951171875,136.16000366210938,8471300
2021-08-24,136.16000366210938,136.17999267578125,135.2899932861328,135.67999267578125,6548100
2021-08-25,135.5500030517578,135.6199951171875,134.75,135.30999755859375,6918500
2021-08-26,135.38999938964844,135.69000244140625,134.52000427246094,134.77999877929688,5972100
2021-08-27,135.0800018310547,135.4499969482422,134.41000366210938,134.6300048828125,8679200
2021-08-30,134.50999450683594,135.8800048828125,134.5,135.38999938964844,6417200
2021-08-31,135.4199981689453,136.0500030517578,134.72999572753906,135.2100067138672,9299100
2021-09-01,135.32000732421875,135.44000244140625,133.97000122070312,135.25,10571100
2021-09-02,135.75,136.72000122070312,135.60000610351562,136.6999969482422,6847800
2021-09-03,136.55999755859375,137.0399932861328,135.91000366210938,136.85000610351562,5632800
2021-09-07,136.33999633789062,136.55999755859375,135.16000366210938,136.0500030517578,8739100
2021-09-08,135.77999877929688,136.2100067138672,135.4199981689453,135.99000549316406,6986200
2021-09-09,135.8000030517578,136.11000061035156,134.33999633789062,134.4199981689453,8905600
2021-09-10,134.89999389648438,135.02000427246094,133.1199951171875,133.19000244140625,10561600
2021-09-13,133.88999938964844,133.97000122070312,131.6999969482422,132.3699951171875,11676700
2021-09-14,132.99000549316406,133.3000030517578,132.1199951171875,132.35000610351562,10436300
2021-09-15,132.17999267578125,133.8300018310547,131.97999572753906,133.2100067138672,10299900
2021-09-16,133.3800048828125,133.6300048828125,131.9600067138672,132.8699951171875,10525700
2021-09-17,132.75999450683594,133.11000061035156,132.1300048828125,133.0,13541400
2021-09-20,131.02999877929688,132.32000732421875,130.00999450683594,131.14999389648438,17245000
2021-09-21,131.75,132.6999969482422,131.3300018310547,131.35000610351562,11741800
2021-09-22,131.74000549316406,132.22999572753906,130.94000244140625,131.57000732421875,11964100
2021-09-23,131.8699951171875,133.2899932861328,131.77000427246094,132.52000427246094,10366500
2021-09-24,132.3000030517578,132.7899932861328,131.6999969482422,131.97999572753906,6962600
2021-09-27,131.60000610351562,131.75999450683594,129.82000732421875,130.10000610351562,11631400
2021-09-28,129.27000427246094,129.27000427246094,127.43000030517578,127.87000274658203,17433400
2021-09-29,128.44000244140625,129.47999572753906,128.17999267578125,128.8800048828125,11171400
2021-09-30,129.30999755859375,130.1199951171875,127.19000244140625,127.30000305175781,21653100
2021-10-01,127.47000122070312,127.93000030517578,125.27999877929688,127.33000183105469,23188900
2021-10-04,126.80999755859375,127.45999908447266,124.76000213623047,125.38999938964844,27580700
2021-10-05,125.9000015258789,127.41999816894531,125.7300033569336,126.13999938964844,19151800
2021-10-06,125.44000244140625,126.0199966430664,124.5,125.91000366210938,21322100
2021-10-07,126.77999877929688,128.39999389648438,126.54000091552734,127.58000183105469,15806400
2021-10-08,127.76000213623047,128.0,126.68000030517578,126.94000244140625,9552300
2021-10-11,126.83000183105469,127.5,125.91000366210938,125.94999694824219,7843400
2021-10-12,126.3499984741211,126.4800033569336,125.02999877929688,125.33999633789062,13007200
2021-10-13,125.55000305175781,126.11000061035156,124.7699966430664,125.54000091552734,10609000
2021-10-14,126.83999633789062,127.83999633789062,126.83999633789062,127.33999633789062,8857900
2021-10-15,128.0,128.5500030517578,127.7300033569336,127.97000122070312,8976100
2021-10-18,127.41000366210938,127.54000091552734,126.55000305175781,127.0999984741211,11660700
2021-10-19,127.79000091552734,129.10000610351562,127.79000091552734,128.77000427246094,9487000
2021-10-20,129.5399932861328,130.8000030517578,129.4199981689453,130.61000061035156,13665700
2021-10-21,130.8800048828125,131.22000122070312,129.92999267578125,131.13999938964844,8267500
2021-10-22,131.02000427246094,131.72000122070312,130.82000732421875,131.6699981689453,8009700
2021-10-25,131.72999572753906,131.97000122070312,130.7100067138672,131.8300018310547,10629700
2021-10-26,132.1300048828125,132.86000061035156,131.41000366210938,132.47999572753906,9271600
2021-10-27,132.69000244140625,132.8300018310547,131.38999938964844,131.42999267578125,11851400
2021-10-28,131.6699981689453,133.0399932861328,131.6699981689453,132.52999877929688,9282500
2021-10-29,132.36000061035156,133.99000549316406,131.85000610351562,133.82000732421875,15415100
2021-11-01,133.94000244140625,134.49000549316406,133.14999389648438,133.66000366210938,14356700
2021-11-02,134.17999267578125,135.1699981689453,133.00999450683594,134.5,20851500
2021-11-03,134.24000549316406,135.33999633789062,133.74000549316406,135.2899932861328,14610000
2021-11-04,134.97999572753906,135.19000244140625,133.42999267578125,134.36000061035156,15818500
2021-11-05,133.14999389648438,133.6999969482422,131.89999389648438,132.86000061035156,14867300
2021-11-08,133.10000610351562,133.82000732421875,132.5800018310547,133.64999389648438,8948800
2021-11-09,133.69000244140625,133.80999755859375,132.89999389648438,133.16000366210938,7287000
2021-11-10,133.1199951171875,134.0800018310547,133.10000610351562,133.5399932861328,8445400
2021-11-11,133.52000427246094,133.61000061035156,132.8300018310547,133.14999389648438,8597300
2021-11-12,134.0,134.1199951171875,133.07000732421875,133.80999755859375,8317600
2021-11-15,134.1199951171875,134.19000244140625,132.85000610351562,132.97999572753906,6268900
2021-11-16,132.9499969482422,134.25999450683594,132.72000122070312,133.5399932861328,6150900
2021-11-17,133.69000244140625,134.25,133.11000061035156,133.72999572753906,8229000
2021-11-18,133.8699951171875,134.1199951171875,133.32000732421875,133.77999877929688,9029300
2021-11-19,134.17999267578125,134.6300048828125,132.85000610351562,132.97000122070312,10166100
2021-11-22,133.16000366210938,133.6199951171875,132.1999969482422,132.3699951171875,11146200
2021-11-23,131.75,132.64999389648438,131.35000610351562,132.50999450683594,12075200
2021-11-24,132.25999450683594,132.6999969482422,131.8000030517578,132.4600067138672,6760800
2021-11-26,132.94000244140625,133.72000122070312,131.50999450683594,131.97000122070312,11896900
2021-11-29,132.69000244140625,133.22000122070312,132.19000244140625,132.3300018310547,17137100
2021-11-30,131.57000732421875,132.1699981689453,129.5399932861328,129.72999572753906,19467000
2021-12-01,130.35000610351562,132.08999633789062,129.47999572753906,129.5,22241400
2021-12-02,129.4600067138672,130.66000366210938,128.83999633789062,130.1300048828125,17531100
2021-12-03,131.0399932861328,131.5399932861328,129.2899932861328,130.3699951171875,22111900
2021-12-06,130.7100067138672,131.67999267578125,130.50999450683594,131.11000061035156,15230900
2021-12-07,132.0,133.1199951171875,131.82000732421875,132.8000030517578,11974700
2021-12-08,133.17999267578125,133.88999938964844,132.50999450683594,133.8000030517578,15144700
2021-12-09,133.6699981689453,134.5500030517578,133.57000732421875,134.11000061035156,9095800
2021-12-10,133.75999450683594,134.86000061035156,133.6999969482422,134.5800018310547,8554300
2021-12-13,134.5800018310547,136.22999572753906,134.5800018310547,135.85000610351562,12201800
2021-12-14,135.22000122070312,136.00999450683594,134.6300048828125,135.3000030517578,11070800
2021-12-15,135.58999633789062,138.13999938964844,135.47000122070312,138.07000732421875,14996300
2021-12-16,138.05999755859375,139.58999633789062,137.80999755859375,138.88999938964844,19227500
2021-12-17,138.19000244140625,139.0399932861328,137.3800048828125,137.9199981689453,21504200
2021-12-20,137.11000061035156,137.52999877929688,135.3800048828125,136.55999755859375,16185700
2021-12-21,136.9499969482422,137.19000244140625,135.67999267578125,137.1300048828125,10773400
2021-12-22,137.05999755859375,138.80999755859375,136.82000732421875,138.72999572753906,7246000
2021-12-23,139.08999633789062,139.75,138.67999267578125,139.3000030517578,7743800
2021-12-27,139.8000030517578,140.77000427246094,139.64999389648438,140.77000427246094,6968900
2021-12-28,140.89999389648438,141.14999389648438,140.02999877929688,140.39999389648438,6065900
2021-12-29,140.25999450683594,141.49000549316406,140.16000366210938,141.1999969482422,7103600
2021-12-30,141.4600067138672,141.97999572753906,141.30999755859375,141.49000549316406,7931700
2021-12-31,141.32000732421875,141.86000061035156,140.83999633789062,140.88999938964844,7882800
2022-01-03,140.2899932861328,140.5500030517578,138.24000549316406,139.44000244140625,15122300
2022-01-04,139.1300048828125,139.2899932861328,137.00999450683594,137.60000610351562,14304500
2022-01-05,137.89999389648438,138.72999572753906,136.57000732421875,136.6199951171875,15370700
2022-01-06,135.77000427246094,136.60000610351562,134.8000030517578,135.0399932861328,15182000
2022-01-07,134.72000122070312,134.97000122070312,134.07000732421875,134.35000610351562,9619400
2022-01-10,133.75999450683594,135.80999755859375,133.44000244140625,135.72999572753906,15589900
2022-01-11,135.92999267578125,136.8300018310547,135.0,136.80999755859375,12168300
2022-01-12,136.02999877929688,136.6300048828125,135.8300018310547,136.4199981689453,10831800
2022-01-13,136.17999267578125,136.35000610351562,134.05999755859375,134.3000030517578,13804900
2022-01-14,133.94000244140625,134.2100067138672,132.69000244140625,134.07000732421875,14341800
2022-01-18,132.75,132.9600067138672,131.85000610351562,132.19000244140625,16471400
2022-01-19,132.44000244140625,133.47999572753906,131.52000427246094,131.64999389648438,14639600
2022-01-20,131.97000122070312,133.32000732421875,130.7100067138672,130.7899932861328,15127800
2022-01-21,131.19000244140625,131.60000610351562,129.25999450683594,129.47000122070312,25804800
2022-01-24,128.3000030517578,129.25999450683594,124.91999816894531,129.0399932861328,37938000
2022-01-25,127.33000183105469,129.30999755859375,126.2699966430664,128.2100067138672,19326800
2022-01-26,128.4199981689453,129.5800018310547,126.54000091552734,127.54000091552734,29557400
2022-01-27,128.16000366210938,129.83999633789062,127.44999694824219,127.87000274658203,18483600
2022-01-28,127.76000213623047,130.52999877929688,126.86000061035156,130.47999572753906,20906800
2022-01-31,130.24000549316406,131.47000122070312,129.97999572753906,131.22999572753906,19044400
2022-02-01,131.6999969482422,131.82000732421875,130.52999877929688,131.5800018310547,14674800
2022-02-02,131.49000549316406,133.6699981689453,131.22000122070312,133.35000610351562,13595200
2022-02-03,133.1699981689453,133.27999877929688,132.52999877929688,132.77999877929688,13805600
2022-02-04,131.57000732421875,133.22999572753906,131.3300018310547,132.3000030517578,12004100
2022-02-07,132.35000610351562,132.80999755859375,131.6999969482422,132.07000732421875,9229200
2022-02-08,131.3699951171875,133.3800048828125,131.07000732421875,133.14999389648438,11071600
2022-02-09,133.7899932861328,134.4600067138672,133.64999389648438,134.17999267578125,10811000
2022-02-10,132.6300048828125,133.7899932861328,131.55999755859375,132.0800018310547,14393300
2022-02-11,131.89999389648438,132.89999389648438,130.08999633789062,130.25,13072300
2022-02-14,129.97999572753906,130.22999572753906,127.94999694824219,128.9199981689453,14386900
2022-02-15,130.0399932861328,130.8800048828125,129.7100067138672,130.3699951171875,8969900
2022-02-16,129.6999969482422,130.94000244140625,129.33999633789062,130.57000732421875,8779200
2022-02-17,130.0399932861328,130.11000061035156,128.27999877929688,128.47000122070312,11906800
2022-02-18,128.35000610351562,129.0399932861328,127.08000183105469,127.51000213623047,13505600
2022-02-22,127.05999755859375,128.22999572753906,126.33999633789062,127.19000244140625,13682100
2022-02-23,127.83999633789062,128.27999877929688,126.43000030517578,126.55000305175781,12022800
2022-02-24,124.29000091552734,127.31999969482422,124.05999755859375,127.05999755859375,23220000
2022-02-25,127.62999725341797,131.27000427246094,127.48999786376953,130.9499969482422,17012300
2022-02-28,128.85000610351562,130.11000061035156,128.4499969482422,129.9600067138672,17987700
2022-03-01,129.27999877929688,130.33999633789062,128.24000549316406,129.24000549316406,14064200
2022-03-02,129.80999755859375,131.89999389648438,129.63999938964844,131.19000244140625,12395600
2022-03-03,131.77000427246094,132.6300048828125,130.74000549316406,131.86000061035156,11172600
2022-03-04,130.52999877929688,132.63999938964844,130.13999938964844,132.52000427246094,12160400
2022-03-07,131.69000244140625,131.94000244140625,129.6199951171875,130.2100067138672,15704000
2022-03-08,129.35000610351562,130.30999755859375,127.47000122070312,127.55000305175781,21794600
2022-03-09,129.6300048828125,130.6300048828125,128.6699981689453,129.9600067138672,15576500
2022-03-10,128.38999938964844,130.19000244140625,128.25,129.91000366210938,10708800
2022-03-11,130.25999450683594,131.02000427246094,128.80999755859375,128.94000244140625,9869100
2022-03-14,129.97999572753906,131.72000122070312,129.47000122070312,129.85000610351562,14373200
2022-03-15,130.89999389648438,132.5800018310547,130.67999267578125,132.44000244140625,14374100
2022-03-16,133.11000061035156,134.0500030517578,131.75,134.02999877929688,13840400
2022-03-17,133.63999938964844,136.2100067138672,133.4600067138672,136.14999389648438,10973100
2022-03-18,136.07000732421875,137.16000366210938,135.66000366210938,136.99000549316406,11364200
2022-03-21,136.5,137.6699981689453,135.82000732421875,136.4600067138672,11473100
2022-03-22,136.60000610351562,136.7899932861328,135.99000549316406,136.49000549316406,8892100
2022-03-23,135.83999633789062,136.08999633789062,134.0,134.0399932861328,10013400
2022-03-24,134.5399932861328,135.63999938964844,134.25,135.63999938964844,7189200
2022-03-25,136.10000610351562,136.5,135.22999572753906,136.27000427246094,7040100
2022-03-28,136.5,137.3000030517578,136.00999450683594,137.25999450683594,8467000
2022-03-29,138.39999389648438,138.9499969482422,137.25,138.07000732421875,12327700
2022-03-30,138.08999633789062,138.88999938964844,137.63999938964844,138.33999633789062,10752900
2022-03-31,138.0500030517578,138.80999755859375,136.75,136.99000549316406,15843000
2022-04-01,137.3699951171875,138.1199951171875,136.4499969482422,138.07000732421875,20785700
2022-04-04,137.75999450683594,138.0,136.60000610351562,136.9199981689453,16769500
2022-04-05,136.57000732421875,138.83999633789062,136.5,137.2100067138672,15025100
2022-04-06,136.86000061035156,139.6300048828125,136.77000427246094,139.3000030517578,23197800
2022-04-07,138.8000030517578,142.33999633789062,138.8000030517578,141.97999572753906,18160200
2022-04-08,141.99000549316406,143.4199981689453,141.77999877929688,142.8300018310547,19102700
2022-04-11,142.4199981689453,143.0,139.77999877929688,139.99000549316406,16570700
2022-04-12,139.63999938964844,140.4600067138672,138.02999877929688,138.6300048828125,14085400
2022-04-13,138.6199951171875,139.4499969482422,137.89999389648438,139.30999755859375,15496400
2022-04-14,139.44000244140625,140.14999389648438,138.5399932861328,138.63999938964844,10993400
2022-04-18,138.5,138.82000732421875,136.52999877929688,137.11000061035156,10125000
2022-04-19,137.47000122070312,138.91000366210938,137.4199981689453,138.4199981689453,11733100
2022-04-20,138.8000030517578,140.82000732421875,138.63999938964844,140.27999877929688,13674800
2022-04-21,140.6699981689453,140.8300018310547,138.4199981689453,138.72999572753906,11409700
2022-04-22,137.47999572753906,137.52000427246094,133.52999877929688,133.6699981689453,17525300
2022-04-25,133.27999877929688,134.86000061035156,131.77999877929688,134.57000732421875,16501900
2022-04-26,133.75999450683594,134.47999572753906,132.00999450683594,132.1999969482422,20087700
2022-04-27,132.17999267578125,133.25,131.25999450683594,131.91000366210938,16726700
2022-04-28,132.83999633789062,134.1699981689453,131.61000061035156,133.72999572753906,15510700
2022-04-29,132.42999267578125,133.1199951171875,130.08999633789062,130.2899932861328,17430200
2022-05-02,130.17999267578125,130.91000366210938,127.37999725341797,129.47999572753906,23615100
2022-05-03,129.8800048828125,131.13999938964844,129.42999267578125,129.88999938964844,13585300
2022-05-04,129.67999267578125,133.25,128.58999633789062,132.77000427246094,19053500
2022-05-05,132.1199951171875,132.25999450683594,128.85000610351562,130.19000244140625,16119800
2022-05-06,128.92999267578125,130.13999938964844,128.27000427246094,129.77999877929688,21742300
2022-05-09,128.3300018310547,128.36000061035156,125.93000030517578,126.41999816894531,17289800
2022-05-10,127.73999786376953,128.22000122070312,125.69999694824219,126.87000274658203,21850200
2022-05-11,126.23999786376953,129.08999633789062,125.87999725341797,126.02999877929688,19987300
2022-05-12,125.56999969482422,127.33000183105469,125.27999877929688,127.25,17497100
2022-05-13,128.08999633789062,129.0,127.52999877929688,128.60000610351562,9841500
2022-05-16,128.4499969482422,130.42999267578125,128.4199981689453,129.5500030517578,8839800
2022-05-17,130.89999389648438,131.38999938964844,129.92999267578125,131.3300018310547,9058700
2022-05-18,130.44000244140625,130.75999450683594,127.52999877929688,127.94000244140625,10005000
2022-05-19,126.91999816894531,129.0,126.45999908447266,128.22000122070312,9672800
2022-05-20,129.0800018310547,130.05999755859375,127.33000183105469,129.77999877929688,12833700
2022-05-23,130.64999389648438,131.42999267578125,130.3800048828125,130.9199981689453,9196500
2022-05-24,130.5399932861328,131.52999877929688,129.6999969482422,131.30999755859375,9031300
2022-05-25,131.22000122070312,132.1300048828125,130.0399932861328,131.27000427246094,8532400
2022-05-26,131.60000610351562,132.3300018310547,131.22000122070312,131.8300018310547,9090100
2022-05-27,132.05999755859375,134.0500030517578,131.50999450683594,134.02000427246094,13696000
2022-05-31,132.83999633789062,133.0800018310547,131.16000366210938,132.22999572753906,11740800
2022-06-01,132.7100067138672,132.72999572753906,129.2899932861328,130.3300018310547,9259900
2022-06-02,130.5,131.38999938964844,128.1699981689453,131.36000061035156,9575400
2022-06-03,130.4499969482422,131.02999877929688,129.64999389648438,129.82000732421875,5852600
2022-06-06,130.75,131.02000427246094,129.49000549316406,129.83999633789062,7729000
2022-06-07,129.83999633789062,131.66000366210938,129.3699951171875,131.52999877929688,7219100
2022-06-08,131.16000366210938,131.63999938964844,130.1199951171875,130.49000549316406,5372000
2022-06-09,130.0500030517578,130.49000549316406,127.51000213623047,127.54000091552734,7772900
2022-06-10,126.02999877929688,126.66000366210938,125.0,125.48999786376953,11289000
2022-06-13,123.01000213623047,123.76000213623047,121.18000030517578,121.69000244140625,14886200
2022-06-14,121.55000305175781,121.86000061035156,119.66999816894531,120.52999877929688,9299500
2022-06-15,121.19000244140625,123.02999877929688,119.88999938964844,121.75,10301600
2022-06-16,119.5199966430664,120.04000091552734,118.75,119.95999908447266,9383300
2022-06-17,120.0,121.79000091552734,119.8499984741211,119.88999938964844,13724900
2022-06-21,121.05999755859375,123.1500015258789,120.66000366210938,122.5999984741211,7987200
2022-06-22,121.81999969482422,125.66999816894531,121.76000213623047,124.30000305175781,10188900
2022-06-23,124.87999725341797,127.19000244140625,124.87999725341797,127.08999633789062,11943300
2022-06-24,128.02000427246094,129.22000122070312,127.16000366210938,129.1999969482422,10448100
2022-06-27,129.1999969482422,130.22999572753906,128.7899932861328,129.67999267578125,8963600
2022-06-28,129.94000244140625,130.58999633789062,127.18000030517578,127.41999816894531,7518700
2022-06-29,127.58999633789062,129.1699981689453,127.38999938964844,128.52999877929688,9157700
2022-06-30,127.86000061035156,128.97000122070312,126.88999938964844,128.24000549316406,10697600
2022-07-01,128.2899932861328,129.85000610351562,126.86000061035156,129.67999267578125,9366600
2022-07-05,128.42999267578125,128.9600067138672,126.16999816894531,128.92999267578125,9987000
2022-07-06,129.11000061035156,130.47000122070312,128.8800048828125,129.8000030517578,9033300
2022-07-07,129.61000061035156,130.52000427246094,129.5399932861328,130.35000610351562,6805500
2022-07-08,129.97999572753906,132.0399932861328,129.85000610351562,130.74000549316406,6505800
2022-07-11,130.00999450683594,131.13999938964844,129.8699951171875,130.41000366210938,7027300
2022-07-12,130.0,130.8800048828125,128.1699981689453,128.75,9280400
2022-07-13,127.66000366210938,128.52999877929688,127.16999816894531,127.5,9296500
2022-07-14,126.04000091552734,127.31999969482422,125.2300033569336,127.12999725341797,7784800
2022-07-15,129.02000427246094,130.25999450683594,128.4499969482422,130.1999969482422,9684800
2022-07-18,130.3300018310547,130.4499969482422,127.0199966430664,127.44999694824219,7047700
2022-07-19,128.80999755859375,129.83999633789062,128.25,129.6199951171875,6585700
2022-07-20,129.44000244140625,129.61000061035156,127.81999969482422,128.33999633789062,7599500
2022-07-21,128.72000122070312,130.3699951171875,128.38999938964844,130.3699951171875,9507700
2022-07-22,130.6699981689453,130.9199981689453,129.0399932861328,129.8300018310547,8657100
2022-07-25,129.92999267578125,130.75,129.80999755859375,130.50999450683594,5489000
2022-07-26,130.8800048828125,131.99000549316406,130.52999877929688,131.17999267578125,7482400
2022-07-27,131.10000610351562,132.58999633789062,130.49000549316406,132.0,7680700
2022-07-28,132.1699981689453,133.80999755859375,129.9199981689453,132.83999633789062,11052600
2022-07-29,132.1699981689453,132.63999938964844,131.47000122070312,132.39999389648438,8309500
2022-08-01,131.66000366210938,132.3800048828125,131.1199951171875,131.4199981689453,7665400
2022-08-02,131.74000549316406,132.8000030517578,130.8800048828125,130.9499969482422,7935100
2022-08-03,131.66000366210938,132.6699981689453,131.3000030517578,132.14999389648438,6825700
2022-08-04,132.4600067138672,132.49000549316406,131.2899932861328,131.5,5493000
2022-08-05,130.67999267578125,131.50999450683594,130.3699951171875,131.4499969482422,8883400
2022-08-08,131.6999969482422,132.6300048828125,131.08999633789062,131.75999450683594,7075100
2022-08-09,131.92999267578125,132.55999755859375,131.0500030517578,131.36000061035156,5802500
2022-08-10,132.75999450683594,132.88999938964844,132.02000427246094,132.7899932861328,6736300
2022-08-11,132.38999938964844,133.69000244140625,131.64999389648438,131.92999267578125,8471400
2022-08-12,132.25,133.67999267578125,132.02999877929688,133.6199951171875,7515500
2022-08-15,133.5500030517578,134.47000122070312,133.07000732421875,134.2899932861328,7486100
2022-08-16,134.0,134.3800048828125,133.41000366210938,133.92999267578125,7138400
2022-08-17,133.14999389648438,133.9199981689453,132.9499969482422,133.14999389648438,7251800
2022-08-18,133.11000061035156,133.3800048828125,131.85000610351562,132.55999755859375,7053600
2022-08-19,132.55999755859375,133.55999755859375,132.3699951171875,132.9199981689453,5946500
2022-08-22,132.10000610351562,132.52000427246094,130.74000549316406,131.17999267578125,6420400
2022-08-23,130.60000610351562,130.74000549316406,128.99000549316406,129.35000610351562,7501900
2022-08-24,129.47999572753906,130.00999450683594,129.0399932861328,129.50999450683594,6719500
2022-08-25,130.05999755859375,130.97999572753906,129.14999389648438,130.94000244140625,5636600
2022-08-26,130.97999572753906,130.99000549316406,127.19000244140625,127.29000091552734,9044500
2022-08-29,126.5199966430664,127.19000244140625,125.73999786376953,126.4000015258789,6727700
2022-08-30,126.8499984741211,126.8499984741211,125.25,125.55999755859375,7910500
2022-08-31,125.97000122070312,126.76000213623047,124.73999786376953,124.76000213623047,8954500
2022-09-01,124.55999755859375,126.87000274658203,124.38999938964844,126.80999755859375,11212400
2022-09-02,127.54000091552734,127.66000366210938,124.44999694824219,124.98999786376953,9730300
2022-09-06,125.4800033569336,126.68000030517578,124.76000213623047,125.11000061035156,9663400
2022-09-07,125.08000183105469,127.36000061035156,124.68000030517578,127.1500015258789,9038300
2022-09-08,126.68000030517578,129.39999389648438,126.41999816894531,129.36000061035156,9394800
2022-09-09,129.67999267578125,130.85000610351562,129.44000244140625,130.5,8880400
2022-09-12,131.0,132.0500030517578,130.64999389648438,131.3699951171875,7982400
2022-09-13,129.27999877929688,129.57000732421875,126.69000244140625,127.02999877929688,11928500
2022-09-14,127.44999694824219,128.1999969482422,126.26000213623047,127.0999984741211,8080100
2022-09-15,127.6500015258789,129.02999877929688,127.5199966430664,127.80999755859375,8624200
2022-09-16,127.41000366210938,127.7300033569336,126.47000122070312,127.44999694824219,10810100
2022-09-19,126.13999938964844,126.29000091552734,124.45999908447266,126.26000213623047,9430100
2022-09-20,125.41000366210938,125.5999984741211,124.01000213623047,124.77999877929688,9010600
2022-09-21,125.27999877929688,126.11000061035156,122.68000030517578,122.70999908447266,11642400
2022-09-22,122.5199966430664,124.19999694824219,122.0,123.36000061035156,9505600
2022-09-23,122.69999694824219,122.94999694824219,121.19999694824219,122.7300033569336,16611100
2022-09-26,122.0,122.58999633789062,121.0199966430664,121.55999755859375,10450600
2022-09-27,122.41000366210938,123.19999694824219,120.69999694824219,121.19000244140625,13239900
2022-09-28,122.88999938964844,124.45999908447266,122.0999984741211,123.83999633789062,16360000
2022-09-29,123.47000122070312,123.7699966430664,121.97000122070312,122.80000305175781,10791700
2022-09-30,122.80999755859375,123.66000366210938,120.97000122070312,121.11000061035156,12389800
2022-10-03,121.98999786376953,124.06999969482422,121.62000274658203,123.5999984741211,9326800
2022-10-04,124.62999725341797,126.5199966430664,124.33999633789062,126.47000122070312,13717900
2022-10-05,125.66000366210938,127.55000305175781,125.19000244140625,126.88999938964844,9913400
2022-10-06,126.41999816894531,126.80999755859375,124.94000244140625,125.2699966430664,9399300
2022-10-07,124.31999969482422,124.54000091552734,121.91999816894531,122.62000274658203,10068700
2022-10-10,122.91000366210938,123.08000183105469,121.37999725341797,121.8499984741211,8377800
2022-10-11,121.5999984741211,123.80000305175781,121.29000091552734,122.5,10792900
2022-10-12,122.88999938964844,123.62000274658203,121.87000274658203,121.9000015258789,9292800
2022-10-13,120.1500015258789,125.33000183105469,119.94999694824219,124.73999786376953,14063600
2022-10-14,125.47000122070312,126.4000015258789,123.5199966430664,123.9000015258789,11442300
2022-10-17,124.69000244140625,126.13999938964844,124.54000091552734,125.88999938964844,8420400
2022-10-18,127.76000213623047,127.80000305175781,125.97000122070312,126.58999633789062,10016700
2022-10-19,126.19999694824219,126.20999908447266,123.7300033569336,124.81999969482422,7676200
2022-10-20,124.5999984741211,125.51000213623047,123.5999984741211,123.76000213623047,7196600
2022-10-21,123.66999816894531,126.87999725341797,123.01000213623047,126.54000091552734,8433100
2022-10-24,127.5999984741211,129.3699951171875,127.5999984741211,128.97999572753906,7411300
2022-10-25,128.58999633789062,130.11000061035156,128.52000427246094,129.9600067138672,7174200
2022-10-26,130.36000061035156,132.6199951171875,130.32000732421875,131.39999389648438,8277100
2022-10-27,131.6999969482422,131.72000122070312,130.50999450683594,130.7100067138672,6496800
2022-10-28,130.91000366210938,132.9600067138672,130.5,132.86000061035156,6267100
2022-10-31,132.1699981689453,133.27000427246094,131.8699951171875,132.75,7852800
2022-11-01,132.91000366210938,133.57000732421875,131.41000366210938,132.8300018310547,8033300
2022-11-02,132.52000427246094,134.02999877929688,130.5,130.57000732421875,10228700
2022-11-03,129.6199951171875,130.74000549316406,128.6999969482422,130.02000427246094,7916600
2022-11-04,131.0,131.27999877929688,128.97000122070312,130.80999755859375,8082200
2022-11-07,131.02000427246094,132.55999755859375,130.52999877929688,132.2100067138672,6054400
2022-11-08,132.24000549316406,133.88999938964844,131.3300018310547,132.8699951171875,8930700
2022-11-09,132.66000366210938,133.5500030517578,131.27999877929688,131.44000244140625,8963500
2022-11-10,134.47000122070312,135.0500030517578,132.66000366210938,134.77999877929688,12416800
2022-11-11,134.61000061035156,134.6300048828125,131.39999389648438,133.1300048828125,10487200
2022-11-14,133.52999877929688,134.83999633789062,133.1999969482422,133.25,10552600
2022-11-15,134.10000610351562,134.66000366210938,131.97000122070312,133.0800018310547,8184100
2022-11-16,133.41000366210938,134.30999755859375,132.7899932861328,133.02000427246094,6122200
2022-11-17,131.97000122070312,133.5,131.86000061035156,132.9600067138672,6498700
2022-11-18,134.08999633789062,134.8000030517578,133.64999389648438,134.57000732421875,6720700
2022-11-21,134.2899932861328,135.2100067138672,134.13999938964844,134.6300048828125,7995200
2022-11-22,134.9499969482422,135.89999389648438,134.92999267578125,135.8000030517578,5931100
2022-11-23,135.82000732421875,136.5399932861328,135.47999572753906,136.33999633789062,5340600
2022-11-25,136.5,137.25999450683594,136.47999572753906,137.14999389648438,3256000
2022-11-28,136.72999572753906,137.5399932861328,135.85000610351562,136.1199951171875,5026800
2022-11-29,135.8300018310547,136.0500030517578,135.0500030517578,135.77999877929688,5439600
2022-11-30,135.97999572753906,139.11000061035156,135.25999450683594,139.02000427246094,9377400
2022-12-01,139.82000732421875,140.16000366210938,138.6699981689453,139.4199981689453,15140200
2022-12-02,138.02000427246094,139.97000122070312,138.02000427246094,139.77999877929688,7779800
2022-12-05,138.8800048828125,139.1999969482422,137.97000122070312,138.44000244140625,6921500
2022-12-06,138.17999267578125,138.6199951171875,136.7100067138672,137.38999938964844,8171500
2022-12-07,137.38999938964844,138.9199981689453,137.35000610351562,138.52000427246094,7427000
2022-12-08,138.75999450683594,139.92999267578125,138.49000549316406,139.77000427246094,6765000
2022-12-09,139.5800018310547,140.0,137.94000244140625,137.97999572753906,6203000
2022-12-12,138.07000732421875,139.4499969482422,138.07000732421875,139.4499969482422,5669700
2022-12-13,141.35000610351562,141.77000427246094,138.91000366210938,139.8800048828125,9886500
2022-12-14,139.82000732421875,141.27999877929688,138.9199981689453,140.10000610351562,10882200
2022-12-15,138.85000610351562,139.1999969482422,137.0399932861328,137.52999877929688,8746700
2022-12-16,136.49000549316406,136.5800018310547,134.77999877929688,135.52999877929688,10843900
2022-12-19,134.92999267578125,135.17999267578125,133.86000061035156,134.47000122070312,6801600
2022-12-20,134.52000427246094,134.9600067138672,133.7100067138672,134.44000244140625,4815500
2022-12-21,135.25999450683594,136.6300048828125,134.83999633789062,136.2100067138672,5937500
2022-12-22,135.4499969482422,136.05999755859375,134.25999450683594,136.02000427246094,5483300
2022-12-23,135.88999938964844,136.22999572753906,135.10000610351562,136.10000610351562,3766900
2022-12-27,136.36000061035156,136.47000122070312,135.2100067138672,135.75,7050500
2022-12-28,136.1999969482422,136.86000061035156,134.82000732421875,134.8699951171875,5054200
2022-12-29,135.7100067138672,137.0399932861328,135.39999389648438,136.33999633789062,6297300
2022-12-30,135.8800048828125,136.02000427246094,134.47000122070312,135.85000610351562,6369500
2023-01-03,135.9600067138672,136.3300018310547,134.42999267578125,135.4600067138672,7239200
2023-01-04,136.22000122070312,136.57000732421875,134.94000244140625,135.82000732421875,8469800
2023-01-05,134.9199981689453,135.25,133.89999389648438,134.42999267578125,6714200
2023-01-06,135.3300018310547,136.0399932861328,133.61000061035156,135.6699981689453,7175700
2023-01-09,135.80999755859375,135.85000610351562,133.22000122070312,133.39999389648438,7719500
2023-01-10,133.35000610351562,134.72999572753906,133.14999389648438,134.52000427246094,7675200
2023-01-11,134.61000061035156,135.3000030517578,133.99000549316406,135.27999877929688,7307200
2023-01-12,134.99000549316406,135.41000366210938,133.5399932861328,134.85000610351562,7580500
2023-01-13,134.11000061035156,135.86000061035156,134.0500030517578,135.4499969482422,6334100
2023-01-17,135.3800048828125,135.61000061035156,134.63999938964844,134.82000732421875,6664100
2023-01-18,134.82000732421875,135.1699981689453,132.7899932861328,132.9199981689453,10629100
2023-01-19,132.52999877929688,133.77000427246094,132.25999450683594,133.24000549316406,9902300
2023-01-20,133.5399932861328,134.00999450683594,132.52000427246094,133.91000366210938,5962200
2023-01-23,133.99000549316406,135.1199951171875,133.69000244140625,134.3699951171875,7211000
2023-01-24,133.6999969482422,134.47999572753906,132.6199951171875,133.47999572753906,5754800
2023-01-25,132.58999633789062,133.5500030517578,132.2100067138672,133.52000427246094,5999000
2023-01-26,133.8300018310547,133.9499969482422,132.72999572753906,133.77000427246094,6861100
2023-01-27,133.57000732421875,133.7100067138672,132.69000244140625,132.86000061035156,5854600
2023-01-30,132.61000061035156,133.44000244140625,131.4600067138672,131.66000366210938,7055400
2023-01-31,131.9600067138672,133.3800048828125,131.8300018310547,133.36000061035156,6290600
2023-02-01,133.36000061035156,134.80999755859375,132.36000061035156,133.99000549316406,11843000
2023-02-02,133.00999450683594,133.25999450683594,132.1300048828125,133.0800018310547,11274600
2023-02-03,133.1699981689453,133.60000610351562,132.25,132.69000244140625,10046800
2023-02-06,132.5,132.77999877929688,131.77000427246094,131.9499969482422,7328300
2023-02-07,131.49000549316406,133.19000244140625,131.02999877929688,132.8000030517578,7551000
2023-02-08,132.32000732421875,133.14999389648438,132.2100067138672,132.41000366210938,5614100
2023-02-09,132.74000549316406,133.25,131.0399932861328,131.25,8085700
2023-02-10,131.42999267578125,132.6300048828125,131.25,132.49000549316406,6198600
2023-02-13,132.50999450683594,133.60000610351562,132.50999450683594,133.58999633789062,6300300
2023-02-14,133.77000427246094,134.00999450683594,132.1300048828125,132.8000030517578,6905900
2023-02-15,132.27999877929688,132.4600067138672,131.69000244140625,132.13999938964844,6491900
2023-02-16,130.92999267578125,131.99000549316406,130.5399932861328,130.82000732421875,8008000
2023-02-17,130.1999969482422,132.22999572753906,130.0800018310547,131.99000549316406,10798800
2023-02-21,131.02999877929688,131.57000732421875,130.08999633789062,130.27999877929688,9066200
2023-02-22,130.4199981689453,130.72999572753906,129.57000732421875,129.83999633789062,7318900
2023-02-23,129.80999755859375,130.85000610351562,129.24000549316406,130.19000244140625,9955500
2023-02-24,129.08999633789062,129.33999633789062,128.1300048828125,128.50999450683594,9008000
2023-02-27,129.2100067138672,129.57000732421875,127.83000183105469,128.1199951171875,6463900
2023-02-28,127.83000183105469,127.91000366210938,127.05999755859375,127.16999816894531,10282800
2023-03-01,126.55999755859375,127.23999786376953,126.41000366210938,126.95999908447266,11101000
2023-03-02,126.38999938964844,128.10000610351562,126.38999938964844,127.73999786376953,10203100
2023-03-03,128.3300018310547,129.22000122070312,127.69000244140625,129.1699981689453,10048000
2023-03-06,129.25999450683594,129.6999969482422,128.80999755859375,129.11000061035156,8153400
2023-03-07,129.3699951171875,129.52000427246094,126.80999755859375,127.02999877929688,9604400
2023-03-08,126.7699966430664,127.16000366210938,125.83999633789062,126.3499984741211,10793200
2023-03-09,126.83999633789062,127.05000305175781,124.55999755859375,125.06999969482422,13270300
2023-03-10,124.86000061035156,125.9000015258789,123.66999816894531,124.1500015258789,20483200
2023-03-13,123.75,127.0199966430664,123.5999984741211,125.30999755859375,21294200
2023-03-14,126.16000366210938,126.81999969482422,125.16999816894531,126.43000030517578,14582900
2023-03-15,125.06999969482422,126.5,124.83999633789062,126.31999969482422,17244600
2023-03-16,125.37000274658203,127.55999755859375,125.0199966430664,127.5,16011400
2023-03-17,127.38999938964844,127.48999786376953,125.45999908447266,125.86000061035156,15071400
2023-03-20,125.58000183105469,127.1500015258789,125.58000183105469,126.95999908447266,10592100
2023-03-21,127.44999694824219,127.87999725341797,126.68000030517578,127.7300033569336,8816300
2023-03-22,127.80000305175781,128.27000427246094,125.77999877929688,125.80000305175781,10480000
2023-03-23,126.31999969482422,127.08000183105469,124.83999633789062,125.55999755859375,10092300
2023-03-24,125.44000244140625,127.41999816894531,124.97000122070312,127.30000305175781,8163700
2023-03-27,128.1999969482422,128.77999877929688,127.66999816894531,127.81999969482422,9455400
2023-03-28,127.69000244140625,128.14999389648438,126.73999786376953,127.05000305175781,8037400
2023-03-29,127.68000030517578,127.83999633789062,126.8499984741211,127.4000015258789,8183100
2023-03-30,128.08999633789062,128.1300048828125,127.27999877929688,128.08999633789062,6820400
2023-03-31,128.52000427246094,129.52999877929688,128.4499969482422,129.4600067138672,9202500
2023-04-03,129.55999755859375,131.05999755859375,129.1999969482422,130.91000366210938,8937300
2023-04-04,131.0500030517578,131.69000244140625,130.69000244140625,130.92999267578125,9052600
2023-04-05,131.66000366210938,133.4199981689453,131.50999450683594,133.19000244140625,12325800
2023-04-06,133.7100067138672,134.11000061035156,133.07000732421875,133.52000427246094,8276300
2023-04-10,133.16000366210938,133.5,132.4600067138672,133.42999267578125,8024300
2023-04-11,133.74000549316406,134.3699951171875,133.66000366210938,133.8800048828125,8887500
2023-04-12,134.39999389648438,134.89999389648438,133.67999267578125,133.9199981689453,8988600
2023-04-13,134.49000549316406,135.80999755859375,134.1999969482422,135.66000366210938,9373500
2023-04-14,135.35000610351562,135.63999938964844,134.07000732421875,134.57000732421875,6632100
2023-04-17,134.61000061035156,134.75999450683594,133.75999450683594,134.4600067138672,7187000
2023-04-18,134.72999572753906,134.72999572753906,133.36000061035156,133.5399932861328,7194200
2023-04-19,133.5800018310547,134.14999389648438,133.1699981689453,133.9499969482422,7048100
2023-04-20,133.30999755859375,133.60000610351562,132.77000427246094,133.39999389648438,6672000
2023-04-21,134.1300048828125,134.75,133.7100067138672,134.3000030517578,6535900
2023-04-24,134.44000244140625,135.08999633789062,134.10000610351562,135.0500030517578,6299800
2023-04-25,134.85000610351562,135.25999450683594,133.4199981689453,133.61000061035156,7752000
2023-04-26,132.42999267578125,132.52000427246094,130.9199981689453,131.7100067138672,10128800
2023-04-27,131.77000427246094,132.58999633789062,130.6199951171875,132.39999389648438,10008900
2023-04-28,132.24000549316406,133.91000366210938,132.02999877929688,133.52999877929688,7917300
2023-05-01,133.72000122070312,134.75999450683594,133.4600067138672,134.22000122070312,6793900
2023-05-02,134.0,134.85000610351562,132.67999267578125,133.63999938964844,14365800
2023-05-03,134.25999450683594,134.89999389648438,133.27000427246094,133.4600067138672,8961500
2023-05-04,132.89999389648438,132.97999572753906,131.83999633789062,132.39999389648438,9625300
2023-05-05,133.27000427246094,134.0500030517578,132.8300018310547,133.58999633789062,7650300
2023-05-08,133.38999938964844,133.42999267578125,132.67999267578125,133.3000030517578,5305700
2023-05-09,132.7899932861328,133.4199981689453,132.3699951171875,132.41000366210938,6452700
2023-05-10,132.7899932861328,133.11000061035156,132.0,132.77999877929688,6556600
2023-05-11,132.5,132.5800018310547,131.5399932861328,132.3699951171875,8764800
2023-05-12,132.57000732421875,132.85000610351562,131.60000610351562,132.19000244140625,6626800
2023-05-15,132.2100067138672,132.3000030517578,131.38999938964844,131.9600067138672,5725600
2023-05-16,131.67999267578125,131.72999572753906,130.8300018310547,130.86000061035156,7106000
2023-05-17,131.0800018310547,131.19000244140625,129.55999755859375,131.02000427246094,15512700
2023-05-18,130.74000549316406,130.91000366210938,129.69000244140625,130.6999969482422,12196900
2023-05-19,131.0,132.19000244140625,130.94000244140625,131.30999755859375,9277000
2023-05-22,131.5,132.36000061035156,131.1300048828125,131.44000244140625,12856100
2023-05-23,130.91000366210938,131.10000610351562,129.7100067138672,130.0,8723100
2023-05-24,129.75,129.77999877929688,128.80999755859375,129.11000061035156,7952900
2023-05-25,128.49000549316406,128.66000366210938,126.91000366210938,127.79000091552734,13737000
2023-05-26,127.66999816894531,128.8699951171875,127.29000091552734,127.52999877929688,8794900
2023-05-30,126.88999938964844,127.87000274658203,126.41999816894531,126.73999786376953,12114500
2023-05-31,126.38999938964844,128.0500030517578,126.05000305175781,127.83000183105469,15099100
2023-06-01,127.94999694824219,128.9199981689453,126.95999908447266,128.6699981689453,9751900
2023-06-02,129.0800018310547,130.5500030517578,128.77999877929688,130.32000732421875,10293000
2023-06-05,130.61000061035156,131.3800048828125,130.4499969482422,130.7899932861328,7880200
2023-06-06,131.32000732421875,131.36000061035156,129.1300048828125,129.6999969482422,9413500
2023-06-07,129.58999633789062,129.77000427246094,129.0,129.19000244140625,7519600
2023-06-08,129.2100067138672,130.1999969482422,128.77999877929688,130.02000427246094,6583100
2023-06-09,130.0500030517578,130.8699951171875,129.33999633789062,130.4199981689453,10446100
2023-06-12,130.35000610351562,130.9199981689453,129.83999633789062,130.88999938964844,7321100
2023-06-13,130.60000610351562,131.75,130.47000122070312,131.5500030517578,8362700
2023-06-14,130.8800048828125,130.99000549316406,129.6999969482422,130.1999969482422,12401600
2023-06-15,130.2100067138672,132.39999389648438,130.19000244140625,132.22000122070312,10598600
2023-06-16,132.55999755859375,133.25,132.07000732421875,132.2100067138672,10535000
2023-06-20,130.41000366210938,132.10000610351562,130.38999938964844,131.52000427246094,8585100
2023-06-21,131.1999969482422,131.99000549316406,130.58999633789062,131.5399932861328,9444800
2023-06-22,131.74000549316406,132.6300048828125,131.57000732421875,132.44000244140625,8036400
2023-06-23,132.25999450683594,132.5399932861328,131.63999938964844,132.0,8096500
2023-06-26,131.6699981689453,131.8800048828125,129.97999572753906,131.25,7092800
2023-06-27,131.25,131.38999938964844,130.0399932861328,130.9499969482422,8578200
2023-06-28,130.9199981689453,130.9499969482422,130.11000061035156,130.52999877929688,10897800
2023-06-29,130.22999572753906,131.4600067138672,130.00999450683594,131.3800048828125,7843300
2023-06-30,131.91000366210938,133.0399932861328,131.8300018310547,132.72999572753906,8260900
2023-07-03,132.35000610351562,132.35000610351562,131.0800018310547,131.63999938964844,5240300
2023-07-05,131.36000061035156,131.85000610351562,131.05999755859375,131.57000732421875,7942100
2023-07-06,130.69000244140625,131.00999450683594,130.19000244140625,130.52000427246094,8213100
2023-07-07,129.8000030517578,130.25999450683594,128.92999267578125,129.0,8749700
2023-07-10,129.00999450683594,130.17999267578125,129.0,130.02000427246094,7476500
2023-07-11,129.83999633789062,130.47000122070312,129.47999572753906,130.0500030517578,7278300
2023-07-12,130.3800048828125,130.5,129.49000549316406,129.6999969482422,11900400
2023-07-13,130.02999877929688,130.36000061035156,129.6199951171875,129.75,7526200
2023-07-14,130.72999572753906,132.1199951171875,130.58999633789062,131.6999969482422,13298600
2023-07-17,131.35000610351562,131.6300048828125,130.61000061035156,131.10000610351562,7905000
2023-07-18,131.14999389648438,132.57000732421875,130.91000366210938,132.07000732421875,8130300
2023-07-19,132.72000122070312,133.50999450683594,132.4499969482422,132.67999267578125,12484000
2023-07-20,133.57000732421875,135.42999267578125,133.47000122070312,134.8800048828125,12650200
2023-07-21,135.00999450683594,136.66000366210938,134.77999877929688,136.24000549316406,11308900
2023-07-24,136.24000549316406,136.85000610351562,135.82000732421875,135.94000244140625,12034000
2023-07-25,135.02999877929688,136.42999267578125,134.85000610351562,135.8800048828125,7802900
2023-07-26,135.22999572753906,136.22999572753906,134.8800048828125,135.7899932861328,8205300
2023-07-27,135.99000549316406,136.47999572753906,134.75999450683594,134.7899932861328,8800800
2023-07-28,135.1999969482422,135.4199981689453,134.4199981689453,135.19000244140625,6897600
2023-07-31,134.9499969482422,135.0,133.64999389648438,134.14999389648438,9735900
2023-08-01,133.83999633789062,134.3300018310547,133.1199951171875,133.4499969482422,10555300
2023-08-02,133.47999572753906,134.38999938964844,133.17999267578125,133.5399932861328,13873000
2023-08-03,133.10000610351562,133.27000427246094,132.61000061035156,132.8699951171875,11863400
2023-08-04,132.91000366210938,133.72999572753906,132.07000732421875,132.39999389648438,12631200
2023-08-07,132.8000030517578,134.05999755859375,132.72999572753906,133.92999267578125,8165600
2023-08-08,134.77999877929688,135.1300048828125,134.0399932861328,134.9600067138672,12601200
2023-08-09,134.83999633789062,135.64999389648438,134.75,134.9199981689453,9833600
2023-08-10,135.25,136.52999877929688,134.69000244140625,134.8300018310547,9541700
2023-08-11,134.7899932861328,135.8300018310547,134.47000122070312,135.6699981689453,7674400
2023-08-14,135.69000244140625,136.50999450683594,135.57000732421875,136.0800018310547,8723300
2023-08-15,135.74000549316406,136.13999938964844,135.42999267578125,135.5800018310547,9118500
2023-08-16,135.36000061035156,135.8000030517578,134.52000427246094,134.5500030517578,9462400
2023-08-17,134.07000732421875,134.5399932861328,133.4199981689453,133.47999572753906,11163800
2023-08-18,133.22000122070312,133.8800048828125,133.10000610351562,133.52999877929688,9463000
2023-08-21,133.47999572753906,133.8300018310547,133.05999755859375,133.6699981689453,6872400
2023-08-22,133.47000122070312,133.7899932861328,133.1300048828125,133.1999969482422,6939400
2023-08-23,134.0,134.3000030517578,133.2100067138672,133.60000610351562,7276800
2023-08-24,133.33999633789062,134.38999938964844,132.44000244140625,132.44000244140625,10241700
2023-08-25,132.8699951171875,133.8800048828125,132.4199981689453,133.41000366210938,8509100
2023-08-28,133.8800048828125,134.30999755859375,133.22999572753906,133.72000122070312,6768400
2023-08-29,133.89999389648438,134.9199981689453,133.72000122070312,134.9199981689453,10737000
2023-08-30,135.25,135.66000366210938,134.6999969482422,134.82000732421875,7892700
2023-08-31,134.83999633789062,134.91000366210938,133.17999267578125,133.2100067138672,7540200
2023-09-01,134.24000549316406,134.24000549316406,133.22000122070312,133.57000732421875,10183900
2023-09-05,133.63999938964844,133.74000549316406,132.19000244140625,132.19000244140625,11042600
2023-09-06,132.02999877929688,132.16000366210938,130.8300018310547,131.47000122070312,12840000
2023-09-07,131.8699951171875,132.6300048828125,131.77000427246094,132.05999755859375,11055700
2023-09-08,131.77999877929688,132.4600067138672,131.75,132.05999755859375,8716900
2023-09-11,132.0,133.22999572753906,131.97999572753906,132.97000122070312,7179000
2023-09-12,132.57000732421875,133.14999389648438,131.85000610351562,132.8000030517578,6941700
2023-09-13,132.47999572753906,133.35000610351562,132.44000244140625,132.82000732421875,6430300
2023-09-14,133.57000732421875,133.64999389648438,132.83999633789062,133.24000549316406,6433300
2023-09-15,132.9199981689453,133.5500030517578,132.10000610351562,132.19000244140625,9611900
2023-09-18,131.86000061035156,131.99000549316406,130.9499969482422,131.4499969482422,6559400
2023-09-19,131.22999572753906,131.83999633789062,130.67999267578125,131.55999755859375,6252400
2023-09-20,132.13999938964844,132.50999450683594,131.5500030517578,131.57000732421875,6350700
2023-09-21,131.32000732421875,131.5399932861328,130.36000061035156,130.4199981689453,7979500
2023-09-22,130.25,130.9199981689453,130.0,130.14999389648438,7790300
2023-09-25,130.02000427246094,130.89999389648438,129.66000366210938,130.86000061035156,6826300
2023-09-26,130.25999450683594,130.67999267578125,129.64999389648438,129.75,8200700
2023-09-27,129.99000549316406,130.1199951171875,128.14999389648438,129.10000610351562,9888600
2023-09-28,129.32000732421875,130.08999633789062,129.32000732421875,129.72000122070312,9129000
2023-09-29,130.0,130.1199951171875,128.5399932861328,128.74000549316406,12692700
2023-10-02,128.3300018310547,128.60000610351562,127.05999755859375,128.55999755859375,16035100
2023-10-03,127.93000030517578,128.1999969482422,126.87999725341797,127.41999816894531,11971100
2023-10-04,127.52999877929688,128.13999938964844,126.93000030517578,127.95999908447266,10064300
2023-10-05,128.25,128.88999938964844,127.5199966430664,128.66000366210938,9609700
2023-10-06,128.3000030517578,130.4199981689453,128.22999572753906,130.00999450683594,10692400
2023-10-09,129.64999389648438,130.5800018310547,129.1300048828125,130.4600067138672,8047600
2023-10-10,130.4199981689453,131.6699981689453,129.97000122070312,131.0800018310547,8154900
2023-10-11,131.24000549316406,131.4499969482422,129.9199981689453,130.5,9591800
2023-10-12,130.60000610351562,130.85000610351562,129.27999877929688,129.3800048828125,10927700
2023-10-13,129.86000061035156,130.94000244140625,129.4600067138672,130.19000244140625,11383800
2023-10-16,130.7100067138672,131.9199981689453,130.60000610351562,131.1699981689453,10545000
2023-10-17,130.5399932861328,131.7100067138672,130.44000244140625,130.99000549316406,9149900
2023-10-18,131.1699981689453,131.5399932861328,129.6199951171875,129.85000610351562,10085700
2023-10-19,129.67999267578125,129.82000732421875,127.7699966430664,128.57000732421875,15492500
2023-10-20,128.30999755859375,128.97999572753906,128.0399932861328,128.05999755859375,12296800
2023-10-23,127.97000122070312,128.39999389648438,127.13999938964844,127.26000213623047,12344200
2023-10-24,126.8499984741211,128.0500030517578,126.8499984741211,127.6500015258789,9375900
2023-10-25,127.06999969482422,127.45999908447266,125.56999969482422,126.51000213623047,11427000
2023-10-26,125.47000122070312,126.41000366210938,125.16000366210938,125.26000213623047,14699100
2023-10-27,124.91000366210938,125.06999969482422,122.58999633789062,123.13999938964844,13566100
2023-10-30,123.77999877929688,124.20999908447266,122.88999938964844,123.83000183105469,15224500
2023-10-31,124.2699966430664,124.69999694824219,123.55000305175781,124.54000091552734,13917400
2023-11-01,124.38999938964844,125.41000366210938,124.16999816894531,124.80000305175781,13802600
2023-11-02,125.27999877929688,126.88999938964844,124.94999694824219,126.77999877929688,11894000
2023-11-03,127.6500015258789,128.1999969482422,127.19999694824219,127.41000366210938,11635600
2023-11-06,127.94999694824219,128.4600067138672,127.43000030517578,128.25999450683594,8425100
2023-11-07,128.2100067138672,128.66000366210938,127.87000274658203,128.35000610351562,8241900
2023-11-08,128.88999938964844,128.88999938964844,127.38999938964844,128.1699981689453,10021100
2023-11-09,128.0500030517578,128.1999969482422,125.4000015258789,125.5199966430664,13905500
2023-11-10,126.0,126.44999694824219,124.5999984741211,126.2699966430664,10401300
2023-11-13,126.4000015258789,127.25,125.66999816894531,127.0,11373800
2023-11-14,127.7300033569336,128.7100067138672,127.41000366210938,127.86000061035156,11216900
2023-11-15,127.94999694824219,128.47000122070312,127.63999938964844,127.95999908447266,9262700
2023-11-16,128.33999633789062,128.77999877929688,127.8499984741211,128.50999450683594,7665900
2023-11-17,128.77999877929688,128.99000549316406,127.86000061035156,128.25,6766100
2023-11-20,127.75,129.30999755859375,127.66000366210938,129.02999877929688,6910000
2023-11-21,129.47000122070312,130.07000732421875,129.30999755859375,129.80999755859375,8373000
2023-11-22,130.24000549316406,130.74000549316406,130.07000732421875,130.42999267578125,6737700
2023-11-24,130.69000244140625,131.16000366210938,130.67999267578125,131.1300048828125,3708800
2023-11-27,130.85000610351562,131.2899932861328,130.07000732421875,130.30999755859375,10530200
2023-11-28,130.0800018310547,130.3699951171875,129.5500030517578,129.63999938964844,6261300
2023-11-29,129.5,130.3800048828125,129.44000244140625,129.67999267578125,6979000
2023-11-30,129.77999877929688,131.38999938964844,129.3300018310547,131.30999755859375,7743100
2023-12-01,131.1300048828125,131.97000122070312,131.02999877929688,131.8300018310547,9370900
2023-12-04,131.47999572753906,132.3300018310547,131.44000244140625,132.0800018310547,6943900
2023-12-05,131.80999755859375,132.1199951171875,131.08999633789062,131.91000366210938,6581000
2023-12-06,132.1999969482422,132.4499969482422,131.75,132.00999450683594,6210400
2023-12-07,132.02999877929688,132.35000610351562,131.25,131.85000610351562,6396700
2023-12-08,131.94000244140625,132.3800048828125,131.27999877929688,132.07000732421875,6007600
2023-12-11,132.77999877929688,133.19000244140625,132.1300048828125,132.94000244140625,9016800
2023-12-12,133.1300048828125,133.6999969482422,132.5,133.50999450683594,6779000
2023-12-13,132.94000244140625,136.00999450683594,132.75999450683594,135.97000122070312,9074300
2023-12-14,136.42999267578125,136.50999450683594,134.8000030517578,135.30999755859375,10098700
2023-12-15,134.67999267578125,134.94000244140625,133.66000366210938,134.16000366210938,8296600
2023-12-18,134.05999755859375,134.1999969482422,133.42999267578125,133.77999877929688,5944300
2023-12-19,133.9499969482422,134.75,133.74000549316406,134.67999267578125,6358200
2023-12-20,134.60000610351562,134.67999267578125,132.72000122070312,132.72999572753906,7299000
2023-12-21,133.52999877929688,134.4499969482422,133.22000122070312,134.35000610351562,5606800
2023-12-22,134.67999267578125,135.44000244140625,134.47999572753906,135.02000427246094,5355100
2023-12-26,134.91000366210938,135.67999267578125,134.74000549316406,135.32000732421875,3688600
2023-12-27,135.1699981689453,135.97999572753906,135.13999938964844,135.88999938964844,5444100
2023-12-28,136.0,136.6999969482422,135.97999572753906,136.24000549316406,5800200
2023-12-29,136.24000549316406,136.6199951171875,135.82000732421875,136.3800048828125,5590000
2024-01-02,136.0399932861328,139.0500030517578,135.97000122070312,138.77999877929688,11785900
2024-01-03,139.24000549316406,139.52999877929688,138.3800048828125,138.5500030517578,9585000
2024-01-04,138.97999572753906,140.0,138.74000549316406,139.24000549316406,11649200
2024-01-05,138.9199981689453,139.6999969482422,138.52999877929688,139.1199951171875,9437700
2024-01-08,139.16000366210938,140.3800048828125,138.58999633789062,140.35000610351562,7999400
2024-01-09,140.1999969482422,141.55999755859375,139.8699951171875,140.3300018310547,9201300
2024-01-10,140.41000366210938,141.13999938964844,139.8800048828125,140.97000122070312,9773300
2024-01-11,140.7899932861328,141.02999877929688,140.0,140.8699951171875,7182300
2024-01-12,140.47999572753906,141.16000366210938,140.0500030517578,140.52000427246094,8026400
2024-01-16,140.1699981689453,140.36000061035156,139.4600067138672,139.67999267578125,7426900
2024-01-17,139.4499969482422,140.08999633789062,139.00999450683594,139.39999389648438,8337200
2024-01-18,138.1999969482422,139.50999450683594,137.52000427246094,139.3800048828125,8929300
2024-01-19,139.4600067138672,139.82000732421875,138.69000244140625,139.4600067138672,8842000
2024-01-22,139.5800018310547,140.44000244140625,139.22999572753906,140.07000732421875,7831400
2024-01-23,139.88999938964844,140.05999755859375,138.97000122070312,139.97000122070312,6407400
2024-01-24,140.33999633789062,140.67999267578125,138.6699981689453,138.69000244140625,9104900
2024-01-25,138.1999969482422,138.50999450683594,137.2100067138672,138.47999572753906,10050200
2024-01-26,139.44000244140625,139.55999755859375,138.9199981689453,139.27000427246094,5759100
2024-01-29,139.39999389648438,140.25999450683594,139.30999755859375,140.25,6229600
2024-01-30,140.47999572753906,140.82000732421875,139.80999755859375,140.57000732421875,5940300
2024-01-31,141.63999938964844,141.75,140.35000610351562,140.3800048828125,10223100
2024-02-01,140.5500030517578,142.1999969482422,139.8699951171875,142.1999969482422,8503600
2024-02-02,142.14999389648438,142.64999389648438,141.27000427246094,141.99000549316406,10629200
2024-02-05,142.5,143.30999755859375,141.77999877929688,142.42999267578125,9631700
2024-02-06,143.5399932861328,144.08999633789062,142.82000732421875,143.97999572753906,10159000
2024-02-07,144.33999633789062,145.02999877929688,144.07000732421875,144.3699951171875,7884600
2024-02-08,144.22999572753906,144.22999572753906,143.47000122070312,144.1199951171875,6672400
2024-02-09,144.05999755859375,144.2899932861328,143.5399932861328,144.00999450683594,7447800
2024-02-12,143.82000732421875,144.24000549316406,143.13999938964844,144.1999969482422,6645500
2024-02-13,143.47000122070312,144.47000122070312,142.14999389648438,142.86000061035156,11170000
2024-02-14,143.35000610351562,144.14999389648438,143.07000732421875,144.10000610351562,9701100
2024-02-15,144.1999969482422,145.42999267578125,143.99000549316406,145.14999389648438,9294800
2024-02-16,145.33999633789062,146.60000610351562,144.82000732421875,145.6199951171875,8424100
2024-02-20,145.72999572753906,146.19000244140625,144.75999450683594,145.1300048828125,9120400
2024-02-21,144.66000366210938,145.49000549316406,144.24000549316406,145.4499969482422,7213500
2024-02-22,145.63999938964844,147.42999267578125,145.3300018310547,147.16000366210938,9130000
2024-02-23,147.66000366210938,148.27000427246094,147.33999633789062,147.86000061035156,9194600
2024-02-26,147.77000427246094,148.11000061035156,146.97000122070312,147.10000610351562,7248300
2024-02-27,146.3800048828125,147.19000244140625,146.0399932861328,146.74000549316406,7374000
2024-02-28,146.1199951171875,146.27999877929688,145.32000732421875,146.00999450683594,8038800
2024-02-29,146.0,146.24000549316406,144.72000122070312,144.82000732421875,9435600
2024-03-01,145.14999389648438,146.44000244140625,144.50999450683594,146.33999633789062,8741400
2024-03-04,145.9199981689453,146.67999267578125,145.77000427246094,146.1199951171875,10657800
2024-03-05,146.1699981689453,146.41000366210938,144.5500030517578,145.02999877929688,9743400
2024-03-06,145.3000030517578,146.55999755859375,145.3000030517578,146.02000427246094,8085300
2024-03-07,146.3800048828125,147.0500030517578,146.17999267578125,146.6999969482422,6438300
2024-03-08,146.55999755859375,147.25,146.1699981689453,146.42999267578125,7802500
2024-03-11,146.10000610351562,146.61000061035156,145.2899932861328,146.35000610351562,7723800
2024-03-12,146.4499969482422,147.38999938964844,145.9600067138672,147.02999877929688,7143700
2024-03-13,147.58999633789062,147.6999969482422,145.88999938964844,146.4600067138672,7874200
2024-03-14,146.5500030517578,146.66000366210938,145.1300048828125,145.94000244140625,9605700
2024-03-15,145.02000427246094,145.66000366210938,144.85000610351562,145.36000061035156,10570500
2024-03-18,145.42999267578125,145.57000732421875,144.72000122070312,144.82000732421875,6407000
2024-03-19,144.94000244140625,145.8699951171875,144.52000427246094,145.77999877929688,5240200
2024-03-20,145.42999267578125,145.5,144.63999938964844,145.4499969482422,8268200
2024-03-21,145.75,146.1699981689453,145.33999633789062,145.63999938964844,8865300
2024-03-22,145.85000610351562,146.22000122070312,145.25999450683594,145.44000244140625,5537200
2024-03-25,145.7100067138672,145.86000061035156,145.00999450683594,145.24000549316406,5253000
2024-03-26,145.52999877929688,145.94000244140625,145.13999938964844,145.77000427246094,6942400
2024-03-27,147.00999450683594,147.7100067138672,146.6199951171875,147.7100067138672,8797400
2024-03-28,147.9199981689453,148.22999572753906,147.67999267578125,147.72999572753906,8090200
2024-04-01,147.63999938964844,147.72999572753906,145.94000244140625,146.47000122070312,7378300
2024-04-02,144.49000549316406,144.64999389648438,143.44000244140625,144.19000244140625,10776400
2024-04-03,144.44000244140625,145.08999633789062,143.69000244140625,144.02999877929688,8453400
2024-04-04,144.92999267578125,145.02000427246094,141.8699951171875,141.9499969482422,12685700
2024-04-05,141.72999572753906,143.69000244140625,141.61000061035156,143.22000122070312,9073100
2024-04-08,143.11000061035156,143.11000061035156,142.5399932861328,142.75999450683594,9128200
2024-04-09,143.07000732421875,143.35000610351562,142.27999877929688,143.27000427246094,10534400
2024-04-10,141.83999633789062,142.24000549316406,141.10000610351562,141.58999633789062,13052700
2024-04-11,142.02000427246094,142.0500030517578,140.60000610351562,141.00999450683594,8153900
2024-04-12,140.27999877929688,140.2899932861328,138.4600067138672,138.91000366210938,13799400
2024-04-15,140.1199951171875,140.6300048828125,138.41000366210938,138.6300048828125,10383600
2024-04-16,139.8300018310547,139.8300018310547,138.58999633789062,138.67999267578125,10170500
2024-04-17,139.49000549316406,139.6199951171875,138.22000122070312,138.44000244140625,8480100
2024-04-18,138.52999877929688,139.25,138.2100067138672,138.42999267578125,8105800
2024-04-19,139.14999389648438,139.33999633789062,138.4499969482422,138.9499969482422,9668400
2024-04-22,139.3800048828125,140.58999633789062,138.92999267578125,139.47999572753906,8531300
2024-04-23,140.82000732421875,141.55999755859375,140.17999267578125,141.3000030517578,8615500
2024-04-24,140.99000549316406,141.14999389648438,140.22000122070312,140.86000061035156,7378600
2024-04-25,140.77000427246094,141.0,139.1999969482422,139.9199981689453,9693300
2024-04-26,139.39999389648438,140.3300018310547,139.3000030517578,139.9600067138672,6013800
2024-04-29,140.1300048828125,140.8300018310547,139.72999572753906,140.42999267578125,6388600
2024-04-30,140.89999389648438,141.1999969482422,140.22999572753906,140.3300018310547,9677700
2024-05-01,139.7100067138672,141.83999633789062,139.5500030517578,140.5800018310547,10710200
2024-05-02,141.33999633789062,141.44000244140625,139.72000122070312,140.47999572753906,8425500
2024-05-03,141.08999633789062,141.22999572753906,140.10000610351562,140.8300018310547,8539300
2024-05-06,140.9499969482422,141.44000244140625,140.63999938964844,141.39999389648438,5605100
2024-05-07,141.72000122070312,142.6999969482422,141.6999969482422,142.57000732421875,7720600
2024-05-08,142.86000061035156,142.8800048828125,141.89999389648438,142.0800018310547,5461100
2024-05-09,142.25,143.3800048828125,142.22999572753906,143.3000030517578,6821800
2024-05-10,143.49000549316406,144.08999633789062,143.38999938964844,143.58999633789062,6324900
2024-05-13,143.8800048828125,144.00999450683594,143.19000244140625,143.4499969482422,5351500
2024-05-14,143.64999389648438,144.1300048828125,143.11000061035156,144.05999755859375,6198700
2024-05-15,144.6999969482422,146.36000061035156,144.63999938964844,146.1999969482422,8433700
2024-05-16,145.88999938964844,146.44000244140625,145.6199951171875,146.02999877929688,6740800
2024-05-17,146.0,146.33999633789062,145.44000244140625,146.30999755859375,7071600
2024-05-20,146.16000366210938,146.36000061035156,145.69000244140625,146.0,3890000
2024-05-21,146.25999450683594,146.8800048828125,145.8800048828125,146.25,4048900
2024-05-22,145.86000061035156,146.9499969482422,145.77000427246094,146.50999450683594,6831200
2024-05-23,146.27000427246094,146.27999877929688,144.80999755859375,144.91000366210938,5155900
2024-05-24,145.10000610351562,145.3300018310547,144.3300018310547,144.4199981689453,3949500
2024-05-28,144.10000610351562,144.10000610351562,142.07000732421875,142.6699981689453,8375100
2024-05-29,141.4499969482422,141.72999572753906,140.9499969482422,141.55999755859375,6838200
2024-05-30,140.99000549316406,142.13999938964844,140.67999267578125,141.6300048828125,7395500
2024-05-31,142.0800018310547,143.77999877929688,141.91000366210938,143.6999969482422,7945900
2024-06-03,143.60000610351562,145.13999938964844,143.35000610351562,144.7100067138672,10303300
2024-06-04,144.5800018310547,145.52999877929688,144.0399932861328,145.1300048828125,6964200
2024-06-05,145.3000030517578,145.9499969482422,144.49000549316406,145.7899932861328,5373400
2024-06-06,145.67999267578125,146.5800018310547,145.17999267578125,146.27000427246094,5425800
2024-06-07,146.1300048828125,147.16000366210938,145.9600067138672,146.42999267578125,5222300
2024-06-10,146.1999969482422,147.00999450683594,145.6699981689453,146.97000122070312,5396700
2024-06-11,146.86000061035156,146.86000061035156,145.72999572753906,146.36000061035156,5194000
2024-06-12,146.99000549316406,147.0399932861328,145.6699981689453,146.0500030517578,6522700
2024-06-13,145.50999450683594,146.1699981689453,144.5800018310547,145.92999267578125,4720600
2024-06-14,145.6300048828125,145.9199981689453,145.02999877929688,145.8800048828125,4109600
2024-06-17,145.25999450683594,145.9600067138672,144.9600067138672,145.72999572753906,4542800
2024-06-18,145.88999938964844,146.39999389648438,145.60000610351562,145.9199981689453,4872600
2024-06-20,145.47000122070312,146.58999633789062,145.27000427246094,146.39999389648438,6653600
2024-06-21,146.58999633789062,147.1199951171875,146.24000549316406,146.80999755859375,8535400
2024-06-24,146.8300018310547,147.61000061035156,146.4499969482422,147.08999633789062,6446100
2024-06-25,147.25999450683594,147.47000122070312,146.27999877929688,146.6300048828125,5171600
2024-06-26,146.3699951171875,146.6300048828125,145.77000427246094,146.11000061035156,4572700
2024-06-27,146.22000122070312,146.27999877929688,145.02999877929688,145.8699951171875,4637900
2024-06-28,146.41000366210938,147.02000427246094,145.10000610351562,145.75,7656800
2024-07-01,146.0399932861328,147.49000549316406,144.64999389648438,144.92999267578125,6562000
2024-07-02,144.41000366210938,144.6199951171875,143.58999633789062,144.39999389648438,7536100
2024-07-03,144.66000366210938,144.6699981689453,142.72999572753906,143.3000030517578,7654000
2024-07-05,143.61000061035156,144.49000549316406,142.8800048828125,144.41000366210938,4846900
2024-07-08,144.57000732421875,144.97000122070312,143.8800048828125,144.25,4001500
2024-07-09,144.55999755859375,145.02999877929688,143.6999969482422,144.9499969482422,8336700
2024-07-10,145.11000061035156,146.33999633789062,144.7899932861328,146.32000732421875,5342300
2024-07-11,146.3300018310547,147.74000549316406,146.14999389648438,147.35000610351562,7690700
2024-07-12,147.85000610351562,148.88999938964844,147.74000549316406,148.27000427246094,6614600
2024-07-15,148.83999633789062,148.97999572753906,147.52999877929688,147.75,5804100
2024-07-16,148.63999938964844,149.88999938964844,148.30999755859375,149.86000061035156,7602500
2024-07-17,148.8300018310547,151.3300018310547,148.63999938964844,150.5399932861328,10395500
2024-07-18,149.5800018310547,150.55999755859375,146.86000061035156,147.1199951171875,11033400
2024-07-19,147.86000061035156,148.5800018310547,147.27999877929688,147.8699951171875,5985700
2024-07-22,148.6199951171875,148.99000549316406,147.8800048828125,148.72000122070312,5190200
2024-07-23,149.3300018310547,149.4199981689453,148.47000122070312,148.6300048828125,3553300
2024-07-24,148.7100067138672,150.05999755859375,148.2100067138672,149.8699951171875,6870400
2024-07-25,149.4199981689453,151.52999877929688,148.9600067138672,149.1199951171875,11472800
2024-07-26,149.10000610351562,150.92999267578125,149.00999450683594,149.9600067138672,6028800
2024-07-29,149.97999572753906,150.55999755859375,149.25999450683594,150.0500030517578,8227200
2024-07-30,150.0500030517578,151.11000061035156,149.11000061035156,150.17999267578125,7269400
2024-07-31,150.1199951171875,150.66000366210938,149.0500030517578,149.6300048828125,8417800
2024-08-01,150.39999389648438,151.3300018310547,149.49000549316406,151.16000366210938,10357700
2024-08-02,151.38999938964844,151.77000427246094,148.6199951171875,150.86000061035156,15742100
2024-08-05,148.5,148.7899932861328,146.19000244140625,146.8300018310547,17575600
2024-08-06,147.4199981689453,149.3800048828125,146.9499969482422,147.50999450683594,13335600
2024-08-07,147.41000366210938,148.1199951171875,145.5399932861328,146.00999450683594,11485000
2024-08-08,148.2899932861328,149.3699951171875,147.6199951171875,149.24000549316406,11479100
2024-08-09,149.5,150.36000061035156,149.17999267578125,149.97999572753906,8550400
2024-08-12,150.33999633789062,150.33999633789062,148.97999572753906,149.41000366210938,5044300
2024-08-13,150.0,151.3699951171875,149.8300018310547,151.22000122070312,4815700
2024-08-14,151.02999877929688,151.97999572753906,150.6699981689453,151.75999450683594,4837300
2024-08-15,152.4600067138672,152.9499969482422,151.75,152.7100067138672,5886800
2024-08-16,152.66000366210938,153.1199951171875,152.22999572753906,152.8699951171875,4562500
2024-08-19,152.8800048828125,153.94000244140625,152.7899932861328,153.8000030517578,4729600
2024-08-20,154.2100067138672,155.2100067138672,154.0500030517578,154.4199981689453,4878300
2024-08-21,154.74000549316406,155.0800018310547,154.13999938964844,154.67999267578125,5530100
2024-08-22,155.1999969482422,155.35000610351562,153.99000549316406,154.77999877929688,4951800
2024-08-23,155.19000244140625,155.55999755859375,154.63999938964844,155.4499969482422,4069400
2024-08-26,155.60000610351562,156.0800018310547,155.22000122070312,155.3699951171875,4433600
2024-08-27,155.52000427246094,156.0399932861328,155.05999755859375,155.61000061035156,3785400
2024-08-28,155.50999450683594,156.44000244140625,155.05999755859375,155.7899932861328,5150100
2024-08-29,156.41000366210938,156.8300018310547,155.4600067138672,156.1199951171875,4339200
2024-08-30,156.22999572753906,157.27999877929688,155.5500030517578,157.1999969482422,7020600
2024-09-03,156.8800048828125,157.83999633789062,156.47000122070312,156.89999389648438,7674900
2024-09-04,156.69000244140625,159.63999938964844,155.86000061035156,156.6300048828125,8235500
2024-09-05,156.4600067138672,156.5500030517578,153.72999572753906,154.47999572753906,7245600
2024-09-06,155.02000427246094,155.66000366210938,153.6300048828125,153.9499969482422,7651800
2024-09-09,154.33999633789062,155.52000427246094,153.75,155.02999877929688,6169200
2024-09-10,155.24000549316406,155.85000610351562,154.66000366210938,155.74000549316406,7337200
2024-09-11,155.17999267578125,155.4600067138672,152.85000610351562,155.27999877929688,6636500
2024-09-12,155.24000549316406,155.97999572753906,153.7899932861328,155.83999633789062,4838100
2024-09-13,155.91000366210938,156.63999938964844,155.6999969482422,156.16000366210938,4358500
2024-09-16,156.97999572753906,157.58999633789062,156.6699981689453,157.24000549316406,4711900
2024-09-17,157.0500030517578,157.08999633789062,155.07000732421875,155.6199951171875,6280000
2024-09-18,155.49000549316406,156.97999572753906,154.75999450683594,155.36000061035156,7148900
2024-09-19,156.75999450683594,156.75999450683594,155.50999450683594,155.9199981689453,6717400
2024-09-20,155.41000366210938,155.97999572753906,154.89999389648438,155.27999877929688,8541600
2024-09-23,155.19000244140625,155.2100067138672,154.1199951171875,154.39999389648438,6416400
2024-09-24,154.3300018310547,154.38999938964844,153.36000061035156,154.08999633789062,5341600
2024-09-25,154.55999755859375,154.77999877929688,152.52999877929688,152.58999633789062,5940100
2024-09-26,152.49000549316406,153.2899932861328,152.22999572753906,153.10000610351562,6172900
2024-09-27,153.3000030517578,154.1999969482422,153.00999450683594,153.02000427246094,7312500
2024-09-30,152.80999755859375,154.05999755859375,152.5800018310547,154.02000427246094,7233800
2024-10-01,154.13999938964844,154.35000610351562,152.6300048828125,153.2100067138672,10560200
2024-10-02,153.02000427246094,153.3800048828125,151.8699951171875,152.89999389648438,7158400
2024-10-03,152.52000427246094,152.66000366210938,151.24000549316406,151.52000427246094,5551000
2024-10-04,151.75,152.02000427246094,150.8800048828125,151.63999938964844,6590100
2024-10-07,151.64999389648438,152.11000061035156,150.69000244140625,150.97000122070312,5922800
2024-10-08,151.3699951171875,152.02999877929688,151.24000549316406,151.7899932861328,4726600
2024-10-09,151.92999267578125,153.4600067138672,151.57000732421875,153.33999633789062,7840000
2024-10-10,153.33999633789062,153.4600067138672,152.39999389648438,152.77000427246094,4385500
2024-10-11,153.25,154.07000732421875,153.02999877929688,153.88999938964844,9354000
2024-10-14,154.05999755859375,155.00999450683594,153.52999877929688,154.74000549316406,4819800
2024-10-15,152.6699981689453,154.58999633789062,152.50999450683594,152.85000610351562,9088600
2024-10-16,152.64999389648438,153.61000061035156,152.24000549316406,153.27999877929688,4510200
2024-10-17,152.77000427246094,153.02000427246094,152.2899932861328,152.38999938964844,5430000
2024-10-18,152.5,153.5,152.05999755859375,153.1300048828125,9823900
2024-10-21,152.72999572753906,153.13999938964844,151.17999267578125,151.3300018310547,4825900
2024-10-22,150.52999877929688,151.38999938964844,150.39999389648438,151.11000061035156,5166900
2024-10-23,150.6999969482422,150.92999267578125,149.60000610351562,150.39999389648438,4910200
2024-10-24,150.39999389648438,151.00999450683594,149.3699951171875,149.41000366210938,5066300
2024-10-25,149.9199981689453,150.0,148.4199981689453,148.58999633789062,5314500
2024-10-28,149.00999450683594,149.49000549316406,148.6199951171875,148.80999755859375,4923500
2024-10-29,148.7100067138672,149.32000732421875,148.3300018310547,148.39999389648438,7342600
2024-10-30,146.13999938964844,148.1699981689453,145.6199951171875,148.1199951171875,9211800
2024-10-31,147.24000549316406,147.92999267578125,146.83999633789062,146.8699951171875,6701100
2024-11-01,147.44000244140625,148.47000122070312,147.42999267578125,147.74000549316406,6896900
2024-11-04,147.3800048828125,148.08999633789062,146.47999572753906,146.77000427246094,5985900
2024-11-05,146.47999572753906,147.88999938964844,145.94000244140625,147.85000610351562,5035300
2024-11-06,150.6699981689453,150.91000366210938,147.35000610351562,148.0399932861328,10685600
2024-11-07,148.92999267578125,149.2899932861328,148.2100067138672,149.11000061035156,9381600
2024-11-08,149.30999755859375,150.9499969482422,149.13999938964844,150.17999267578125,8701100
2024-11-11,149.85000610351562,150.60000610351562,149.0800018310547,149.3000030517578,6071900
2024-11-12,149.05999755859375,149.30999755859375,147.19000244140625,147.22000122070312,7022300
2024-11-13,147.16000366210938,147.60000610351562,146.67999267578125,146.8300018310547,5981200
2024-11-14,146.5800018310547,146.58999633789062,144.36000061035156,144.52000427246094,7936700
2024-11-15,143.72000122070312,143.85000610351562,141.57000732421875,141.83999633789062,14246100
2024-11-18,141.47000122070312,142.08999633789062,141.30999755859375,141.94000244140625,7933100
2024-11-19,140.64999389648438,141.61000061035156,140.25999450683594,141.2100067138672,6205800
2024-11-20,141.50999450683594,143.0800018310547,141.27999877929688,142.8800048828125,9328800
2024-11-21,142.8800048828125,144.22999572753906,142.13999938964844,144.02999877929688,7969600
2024-11-22,144.3300018310547,145.02000427246094,143.94000244140625,144.16000366210938,6330300
2024-11-25,144.80999755859375,145.85000610351562,144.7899932861328,145.38999938964844,6834300
2024-11-26,145.8300018310547,146.3300018310547,144.69000244140625,146.1699981689453,6018400
2024-11-27,146.30999755859375,147.75999450683594,146.30999755859375,146.9499969482422,5952800
2024-11-29,146.94000244140625,147.7899932861328,146.7100067138672,147.41000366210938,3521200
2024-12-02,147.32000732421875,147.3800048828125,146.38999938964844,147.14999389648438,6220800
2024-12-03,147.13999938964844,147.42999267578125,146.74000549316406,146.82000732421875,4236200
2024-12-04,147.0800018310547,147.5800018310547,146.36000061035156,146.74000549316406,5597400
2024-12-05,146.08999633789062,146.25,144.8300018310547,145.10000610351562,8948700
2024-12-06,145.2899932861328,145.4600067138672,144.10000610351562,144.27999877929688,6545200
2024-12-09,144.4199981689453,145.08999633789062,143.9199981689453,144.6999969482422,6258600
2024-12-10,144.99000549316406,145.10000610351562,143.6199951171875,144.10000610351562,7200500
2024-12-11,143.52000427246094,143.63999938964844,142.10000610351562,142.13999938964844,6895000
2024-12-12,142.1699981689453,142.5399932861328,140.91000366210938,141.00999450683594,5994200
2024-12-13,140.8300018310547,141.4499969482422,140.1300048828125,140.99000549316406,7599400
2024-12-16,140.8800048828125,141.64999389648438,139.1999969482422,139.30999755859375,9476600
2024-12-17,138.6999969482422,140.24000549316406,138.60000610351562,139.2100067138672,10280100
2024-12-18,139.1199951171875,140.0399932861328,137.22999572753906,137.32000732421875,14448100
2024-12-19,137.05999755859375,137.8000030517578,135.9499969482422,136.27999877929688,11929300
2024-12-20,137.49000549316406,139.2899932861328,137.0500030517578,138.0,12098400
2024-12-23,137.60000610351562,138.9499969482422,136.99000549316406,138.75,8050500
2024-12-24,138.6300048828125,139.32000732421875,138.0399932861328,139.32000732421875,3139300
2024-12-26,138.8300018310547,139.72000122070312,138.67999267578125,139.60000610351562,4720300
2024-12-27,138.8300018310547,139.80999755859375,138.36000061035156,138.9499969482422,5948000
2024-12-30,138.14999389648438,138.14999389648438,136.72999572753906,137.24000549316406,6890300
2024-12-31,137.5800018310547,138.1199951171875,136.7899932861328,137.57000732421875,6626900
2025-01-02,138.25999450683594,138.77000427246094,137.1199951171875,137.61000061035156,8973000
2025-01-03,137.88999938964844,139.35000610351562,137.74000549316406,138.9600067138672,8288700
2025-01-06,138.89999389648438,140.0399932861328,138.55999755859375,139.02000427246094,8653300
2025-01-07,139.36000061035156,140.92999267578125,139.36000061035156,139.7100067138672,12639700
2025-01-08,139.97000122070312,140.63999938964844,138.69000244140625,140.42999267578125,7827400
2025-01-10,139.9499969482422,140.9499969482422,139.35000610351562,139.63999938964844,10343700
2025-01-13,139.7899932861328,141.82000732421875,139.6699981689453,141.4600067138672,9422200
2025-01-14,141.27000427246094,141.27000427246094,138.8800048828125,140.0,10277800
2025-01-15,140.38999938964844,141.24000549316406,139.77000427246094,140.57000732421875,11388400
2025-01-16,140.1300048828125,141.33999633789062,139.5800018310547,141.1300048828125,8512100
2025-01-17,140.94000244140625,141.39999389648438,140.17999267578125,140.17999267578125,7668100
2025-01-21,140.9199981689453,142.50999450683594,140.89999389648438,142.5,7257800
2025-01-22,141.8000030517578,142.6300048828125,141.1300048828125,142.17999267578125,8189900
2025-01-23,142.57000732421875,144.10000610351562,141.8699951171875,144.0800018310547,8032900
2025-01-24,143.44000244140625,144.61000061035156,143.27000427246094,144.30999755859375,8127900
2025-01-27,145.10000610351562,147.5800018310547,144.97000122070312,147.5500030517578,12311300
2025-01-28,147.5399932861328,147.74000549316406,146.47999572753906,146.52000427246094,9686400
2025-01-29,146.08999633789062,146.5800018310547,145.3000030517578,145.66000366210938,8159100
2025-01-30,146.25,147.75,146.24000549316406,147.33999633789062,7705200
2025-01-31,147.5800018310547,148.58999633789062,146.82000732421875,146.8699951171875,9211800
2025-02-03,145.97999572753906,148.16000366210938,145.94000244140625,147.44000244140625,13001500
2025-02-04,145.82000732421875,147.1999969482422,145.58999633789062,147.0399932861328,11762000
2025-02-05,147.39999389648438,148.72000122070312,147.10000610351562,148.4499969482422,10042300
2025-02-06,148.14999389648438,148.4600067138672,146.89999389648438,147.1199951171875,12422100
2025-02-07,147.3300018310547,147.9199981689453,146.32000732421875,146.42999267578125,11199700
2025-02-10,146.60000610351562,146.64999389648438,145.4600067138672,146.3000030517578,7374300
2025-02-11,145.8800048828125,146.32000732421875,145.44000244140625,146.02999877929688,6634900
2025-02-12,145.67999267578125,146.61000061035156,145.3699951171875,145.82000732421875,7572200
2025-02-13,146.11000061035156,146.7100067138672,145.16000366210938,146.38999938964844,6293100
2025-02-14,146.5,146.6999969482422,144.8000030517578,144.8000030517578,5299200
2025-02-18,143.9199981689453,144.88999938964844,143.83999633789062,144.52000427246094,11366800
2025-02-19,144.52999877929688,146.44000244140625,144.5,146.39999389648438,6295900
2025-02-20,146.19000244140625,147.3000030517578,146.10000610351562,147.22000122070312,6264800
2025-02-21,145.47999572753906,147.13999938964844,145.33999633789062,146.42999267578125,8647000
2025-02-24,146.58999633789062,148.22000122070312,146.27000427246094,147.6199951171875,7559400
2025-02-25,147.89999389648438,149.08999633789062,147.41000366210938,148.88999938964844,11981300
2025-02-26,148.30999755859375,148.9499969482422,147.35000610351562,147.82000732421875,6566800
2025-02-27,147.5500030517578,148.91000366210938,147.16000366210938,147.22000122070312,7377000
2025-02-28,147.4600067138672,149.16000366210938,146.49000549316406,148.92999267578125,8453700
2025-03-03,149.02000427246094,150.32000732421875,148.9600067138672,149.5800018310547,9459300
2025-03-04,149.7899932861328,150.07000732421875,147.97000122070312,148.19000244140625,10804700
2025-03-05,147.52000427246094,149.91000366210938,147.24000549316406,149.67999267578125,7597700
2025-03-06,149.0,149.47999572753906,147.92999267578125,149.27000427246094,7122200
2025-03-07,148.66000366210938,150.27999877929688,148.4499969482422,149.27999877929688,8532400
2025-03-10,148.1199951171875,149.91000366210938,147.33999633789062,147.6699981689453,13577800
2025-03-11,147.67999267578125,147.88999938964844,145.2899932861328,146.05999755859375,9411600
2025-03-12,145.72999572753906,145.99000549316406,144.1199951171875,144.60000610351562,7141100
2025-03-13,144.66000366210938,145.07000732421875,143.49000549316406,143.8300018310547,8041600
2025-03-14,143.92999267578125,145.14999389648438,143.41000366210938,144.92999267578125,6761200
2025-03-17,144.72000122070312,147.11000061035156,144.72000122070312,146.77000427246094,6017300
2025-03-18,146.82000732421875,147.05999755859375,146.0399932861328,146.83999633789062,5528000
2025-03-19,146.9499969482422,147.30999755859375,145.89999389648438,146.9199981689453,6156200
2025-03-20,146.94000244140625,147.63999938964844,146.50999450683594,147.00999450683594,8033800
2025-03-21,146.5800018310547,146.86000061035156,145.72999572753906,146.60000610351562,7635300
2025-03-24,146.4199981689453,147.38999938964844,146.11000061035156,147.14999389648438,6500600
2025-03-25,147.5,147.58999633789062,144.35000610351562,145.27000427246094,6502000
2025-03-26,145.3800048828125,145.97000122070312,144.38999938964844,144.74000549316406,8758600
2025-03-27,144.52000427246094,145.4199981689453,144.4600067138672,144.97000122070312,6264300
2025-03-28,144.85000610351562,145.24000549316406,144.4499969482422,144.52000427246094,6210500
2025-03-31,143.7899932861328,146.6199951171875,143.47999572753906,146.00999450683594,8085600
2025-04-01,145.47999572753906,145.47999572753906,142.89999389648438,143.33999633789062,9906100
2025-04-02,142.77000427246094,144.39999389648438,142.19000244140625,144.3000030517578,6392700
2025-04-03,143.75999450683594,145.19000244140625,143.0500030517578,143.1300048828125,10990600
2025-04-04,141.13999938964844,141.7100067138672,135.22999572753906,135.27999877929688,21341100
2025-04-07,131.7100067138672,137.3699951171875,129.66000366210938,134.47000122070312,29940300
2025-04-08,139.42999267578125,139.44000244140625,131.27999877929688,132.97999572753906,20860400
2025-04-09,130.1300048828125,139.24000549316406,129.67999267578125,138.75999450683594,39444700
2025-04-10,137.6999969482422,137.74000549316406,131.3300018310547,134.88999938964844,21957400
2025-04-11,135.14999389648438,137.75999450683594,133.64999389648438,136.8699951171875,10755600
2025-04-14,138.2100067138672,139.0399932861328,136.9600067138672,138.5399932861328,7437200
2025-04-15,139.0,139.0399932861328,137.2899932861328,137.69000244140625,6239000
2025-04-16,138.1199951171875,138.6199951171875,135.63999938964844,136.2899932861328,8150700
2025-04-17,135.33999633789062,136.57000732421875,135.10000610351562,135.49000549316406,9662800
2025-04-21,135.19000244140625,135.36000061035156,131.55999755859375,132.57000732421875,6456000
2025-04-22,133.63999938964844,135.27999877929688,133.13999938964844,135.05999755859375,8012500
2025-04-23,136.5399932861328,137.92999267578125,135.1300048828125,135.72999572753906,9503200
2025-04-24,135.9499969482422,137.5399932861328,135.1199951171875,137.38999938964844,5433000
2025-04-25,137.58999633789062,138.1999969482422,135.8800048828125,138.0500030517578,6438400
2025-04-28,138.24000549316406,139.0399932861328,137.39999389648438,138.60000610351562,5803300
2025-04-29,138.4199981689453,139.97000122070312,137.72999572753906,139.27999877929688,7811900
2025-04-30,139.5500030517578,140.7899932861328,138.25999450683594,140.47000122070312,6827800
2025-05-01,138.80999755859375,139.11000061035156,136.47000122070312,136.63999938964844,10363200
2025-05-02,138.7899932861328,139.00999450683594,137.5500030517578,138.52999877929688,9777000
2025-05-05,138.25,138.67999267578125,137.5800018310547,138.13999938964844,5479700
2025-05-06,137.1300048828125,137.19000244140625,133.97000122070312,134.3300018310547,11625900
2025-05-07,134.75,135.75,134.39999389648438,135.36000061035156,6417500
2025-05-08,134.41000366210938,135.3300018310547,133.69000244140625,134.13999938964844,10558100
2025-05-09,134.30999755859375,134.77000427246094,132.6199951171875,132.67999267578125,7555200
2025-05-12,132.8800048828125,136.1300048828125,132.63999938964844,135.9600067138672,15211100
