timestamp_utc,funding_rate,settlement_hour_utc
2020-01-01 00:00:00,-0.00012359,0
2020-01-01 08:00:00,-0.00012383,8
2020-01-01 16:00:00,-9.664e-05,16
2020-01-02 00:00:00,3.662e-05,0
2020-01-02 08:00:00,0.0001,8
2020-01-02 16:00:00,1.04e-06,16
2020-01-03 00:00:00,-1.664e-05,0
2020-01-03 08:00:00,-1.553e-05,8
2020-01-03 16:00:00,0.0001,16
2020-01-04 00:00:00,0.0001,0
2020-01-04 08:00:00,8.4e-07,8
2020-01-04 16:00:00,7.387e-05,16
2020-01-05 00:00:00,0.0001,0
2020-01-05 08:00:00,0.0001,8
2020-01-05 16:00:00,0.0001,16
2020-01-06 00:00:00,0.0001,0
2020-01-06 08:00:00,0.0001,8
2020-01-06 16:00:00,0.0001,16
2020-01-07 00:00:00,0.0001,0
2020-01-07 08:00:00,0.0001,8
2020-01-07 16:00:00,0.0001,16
2020-01-08 00:00:00,0.00012514,0
2020-01-08 08:00:00,0.0001,8
2020-01-08 16:00:00,0.0001,16
2020-01-09 00:00:00,0.0001,0
2020-01-09 08:00:00,0.0001,8
2020-01-09 16:00:00,0.0001,16
2020-01-10 00:00:00,0.0001,0
2020-01-10 08:00:00,0.0001,8
2020-01-10 16:00:00,0.0001,16
2020-01-11 00:00:00,0.0001,0
2020-01-11 08:00:00,0.00017846,8
2020-01-11 16:00:00,0.0001,16
2020-01-12 00:00:00,0.0001,0
2020-01-12 08:00:00,0.0001,8
2020-01-12 16:00:00,0.0001,16
2020-01-13 00:00:00,0.0001,0
2020-01-13 08:00:00,0.0001,8
2020-01-13 16:00:00,0.0001,16
2020-01-14 00:00:00,0.0001,0
2020-01-14 08:00:00,0.000259,8
2020-01-14 16:00:00,0.0001,16
2020-01-15 00:00:00,0.00049392,0
2020-01-15 08:00:00,0.00019497,8
2020-01-15 16:00:00,0.0001,16
2020-01-16 00:00:00,0.0001,0
2020-01-16 08:00:00,0.00041191,8
2020-01-16 16:00:00,0.00031466,16
2020-01-17 00:00:00,0.0001,0
2020-01-17 08:00:00,0.00015027,8
2020-01-17 16:00:00,0.00056749,16
2020-01-18 00:00:00,0.0001,0
2020-01-18 08:00:00,0.00029182,8
2020-01-18 16:00:00,0.00032081,16
2020-01-19 00:00:00,0.00020041,0
2020-01-19 08:00:00,0.00039329,8
2020-01-19 16:00:00,0.00092467,16
2020-01-20 00:00:00,0.00029702,0
2020-01-20 08:00:00,0.0001,8
2020-01-20 16:00:00,0.00010782,16
2020-01-21 00:00:00,0.00012057,0
2020-01-21 08:00:00,0.00015425,8
2020-01-21 16:00:00,0.0001574,16
2020-01-22 00:00:00,0.0001,0
2020-01-22 08:00:00,0.00021392,8
2020-01-22 16:00:00,0.0001,16
2020-01-23 00:00:00,0.0001,0
2020-01-23 08:00:00,0.0001,8
2020-01-23 16:00:00,0.00052304,16
2020-01-24 00:00:00,0.00054719,0
2020-01-24 08:00:00,0.00042124,8
2020-01-24 16:00:00,0.00017948,16
2020-01-25 00:00:00,0.0001,0
2020-01-25 08:00:00,0.0001,8
2020-01-25 16:00:00,0.0001,16
2020-01-26 00:00:00,0.0001,0
2020-01-26 08:00:00,0.0001,8
2020-01-26 16:00:00,0.0001,16
2020-01-27 00:00:00,0.0001,0
2020-01-27 08:00:00,0.0001,8
2020-01-27 16:00:00,0.0001,16
2020-01-28 00:00:00,0.0001,0
2020-01-28 08:00:00,0.00068689,8
2020-01-28 16:00:00,0.00054394,16
2020-01-29 00:00:00,0.00062324,0
2020-01-29 08:00:00,0.00108193,8
2020-01-29 16:00:00,0.00053694,16
2020-01-30 00:00:00,0.000236,0
2020-01-30 08:00:00,0.00024877,8
2020-01-30 16:00:00,0.00034852,16
2020-01-31 00:00:00,0.00053551,0
2020-01-31 08:00:00,0.00077154,8
2020-01-31 16:00:00,0.00039858,16
2020-02-01 00:00:00,0.00074991,0
2020-02-01 08:00:00,0.00065667,8
2020-02-01 16:00:00,0.00049052,16
2020-02-02 00:00:00,0.00028263,0
2020-02-02 08:00:00,0.00034916,8
2020-02-02 16:00:00,0.00065524,16
2020-02-03 00:00:00,0.00060677,0
2020-02-03 08:00:00,0.00035862,8
2020-02-03 16:00:00,0.0001,16
2020-02-04 00:00:00,0.00099282,0
2020-02-04 08:00:00,0.0005445,8
2020-02-04 16:00:00,0.00038192,16
2020-02-05 00:00:00,0.0001,0
2020-02-05 08:00:00,0.0001,8
2020-02-05 16:00:00,0.00052631,16
2020-02-06 00:00:00,0.00164021,0
2020-02-06 08:00:00,0.00078299,8
2020-02-06 16:00:00,0.00055668,16
2020-02-07 00:00:00,0.00035618,0
2020-02-07 08:00:00,0.00019726,8
2020-02-07 16:00:00,0.00034616,16
2020-02-08 00:00:00,0.00039915,0
2020-02-08 08:00:00,0.00062858,8
2020-02-08 16:00:00,0.00099315,16
2020-02-09 00:00:00,0.00042798,0
2020-02-09 08:00:00,0.00081519,8
2020-02-09 16:00:00,0.00113954,16
2020-02-10 00:00:00,0.00106733,0
2020-02-10 08:00:00,0.00125022,8
2020-02-10 16:00:00,0.00097918,16
2020-02-11 00:00:00,0.00043989,0
2020-02-11 08:00:00,0.00064797,8
2020-02-11 16:00:00,0.0005012,16
2020-02-12 00:00:00,0.003,0
2020-02-12 08:00:00,0.00108055,8
2020-02-12 16:00:00,0.00103884,16
2020-02-13 00:00:00,0.00093553,0
2020-02-13 08:00:00,0.00084403,8
2020-02-13 16:00:00,0.00070414,16
2020-02-14 00:00:00,0.0006332,0
2020-02-14 08:00:00,0.00074453,8
2020-02-14 16:00:00,0.00055952,16
2020-02-15 00:00:00,0.00059113,0
2020-02-15 08:00:00,0.0009686,8
2020-02-15 16:00:00,0.00087369,16
2020-02-16 00:00:00,0.00051202,0
2020-02-16 08:00:00,0.00036973,8
2020-02-16 16:00:00,0.00060847,16
2020-02-17 00:00:00,0.00043179,0
2020-02-17 08:00:00,0.0006096,8
2020-02-17 16:00:00,0.00091076,16
2020-02-18 00:00:00,0.00026967,0
2020-02-18 08:00:00,0.00013952,8
2020-02-18 16:00:00,0.00029662,16
2020-02-19 00:00:00,0.00046396,0
2020-02-19 08:00:00,0.00038487,8
2020-02-19 16:00:00,0.00040757,16
2020-02-20 00:00:00,0.0001,0
2020-02-20 08:00:00,0.0001,8
2020-02-20 16:00:00,0.0001,16
2020-02-21 00:00:00,0.0001,0
2020-02-21 08:00:00,0.0001,8
2020-02-21 16:00:00,0.0001,16
2020-02-22 00:00:00,0.0001,0
2020-02-22 08:00:00,0.0001,8
2020-02-22 16:00:00,0.00012243,16
2020-02-23 00:00:00,0.00029663,0
2020-02-23 08:00:00,0.0003901,8
2020-02-23 16:00:00,0.00065308,16
2020-02-24 00:00:00,0.00048774,0
2020-02-24 08:00:00,0.00014587,8
2020-02-24 16:00:00,0.0001,16
2020-02-25 00:00:00,0.00032389,0
2020-02-25 08:00:00,0.00027363,8
2020-02-25 16:00:00,0.00046949,16
2020-02-26 00:00:00,0.0003617,0
2020-02-26 08:00:00,0.0005063,8
2020-02-26 16:00:00,0.0003866,16
2020-02-27 00:00:00,0.00017363,0
2020-02-27 08:00:00,0.0001,8
2020-02-27 16:00:00,0.0001,16
2020-02-28 00:00:00,0.0001,0
2020-02-28 08:00:00,0.00011659,8
2020-02-28 16:00:00,0.00023604,16
2020-02-29 00:00:00,0.00061536,0
2020-02-29 08:00:00,0.00060166,8
2020-02-29 16:00:00,0.00062345,16
2020-03-01 00:00:00,0.00049317,0
2020-03-01 08:00:00,0.00027933,8
2020-03-01 16:00:00,0.00031033,16
2020-03-02 00:00:00,0.0001872,0
2020-03-02 08:00:00,0.0001,8
2020-03-02 16:00:00,0.0001,16
2020-03-03 00:00:00,0.0001,0
2020-03-03 08:00:00,0.0001,8
2020-03-03 16:00:00,0.0001,16
2020-03-04 00:00:00,0.0001,0
2020-03-04 08:00:00,0.0001,8
2020-03-04 16:00:00,0.00024328,16
2020-03-05 00:00:00,0.0001,0
2020-03-05 08:00:00,0.00023481,8
2020-03-05 16:00:00,0.00019521,16
2020-03-06 00:00:00,0.00020373,0
2020-03-06 08:00:00,0.00021759,8
2020-03-06 16:00:00,0.00035706,16
2020-03-07 00:00:00,0.00039476,0
2020-03-07 08:00:00,0.00032086,8
2020-03-07 16:00:00,0.00032714,16
2020-03-08 00:00:00,0.00054685,0
2020-03-08 08:00:00,0.00049747,8
2020-03-08 16:00:00,0.00042921,16
2020-03-09 00:00:00,0.0001,0
2020-03-09 08:00:00,0.0001,8
2020-03-09 16:00:00,0.0001,16
2020-03-10 00:00:00,0.0001,0
2020-03-10 08:00:00,0.0001,8
2020-03-10 16:00:00,0.0001,16
2020-03-11 00:00:00,0.0001,0
2020-03-11 08:00:00,0.0001,8
2020-03-11 16:00:00,0.00022898,16
2020-03-12 00:00:00,0.00010572,0
2020-03-12 08:00:00,0.0001,8
2020-03-12 16:00:00,-0.00015149,16
2020-03-13 00:00:00,-0.00016073,0
2020-03-13 08:00:00,-0.003,8
2020-03-13 16:00:00,-0.00065378,16
2020-03-14 00:00:00,-0.00076421,0
2020-03-14 08:00:00,-4.946e-05,8
2020-03-14 16:00:00,-0.00050325,16
2020-03-15 00:00:00,-0.00047893,0
2020-03-15 08:00:00,-0.00054208,8
2020-03-15 16:00:00,-0.0004879,16
2020-03-16 00:00:00,-0.00028282,0
2020-03-16 08:00:00,-0.00036873,8
2020-03-16 16:00:00,-0.00090358,16
2020-03-17 00:00:00,-0.0002383,0
2020-03-17 08:00:00,-3.681e-05,8
2020-03-17 16:00:00,-0.00010573,16
2020-03-18 00:00:00,-0.00014706,0
2020-03-18 08:00:00,-0.00035528,8
2020-03-18 16:00:00,-0.00033374,16
2020-03-19 00:00:00,-0.00015042,0
2020-03-19 08:00:00,-0.00022004,8
2020-03-19 16:00:00,-0.00027089,16
2020-03-20 00:00:00,-0.00015469,0
2020-03-20 08:00:00,-1.171e-05,8
2020-03-20 16:00:00,0.0001,16
2020-03-21 00:00:00,8.327e-05,0
2020-03-21 08:00:00,-9.15e-06,8
2020-03-21 16:00:00,-0.00011557,16
2020-03-22 00:00:00,-2.842e-05,0
2020-03-22 08:00:00,0.0001,8
2020-03-22 16:00:00,2.24e-06,16
2020-03-23 00:00:00,-0.00016796,0
2020-03-23 08:00:00,-0.00016295,8
2020-03-23 16:00:00,0.0001,16
2020-03-24 00:00:00,0.0001,0
2020-03-24 08:00:00,0.0001,8
2020-03-24 16:00:00,0.0001,16
2020-03-25 00:00:00,0.0001,0
2020-03-25 08:00:00,9.958e-05,8
2020-03-25 16:00:00,9.813e-05,16
2020-03-26 00:00:00,-1.62e-05,0
2020-03-26 08:00:00,0.0001,8
2020-03-26 16:00:00,1.599e-05,16
2020-03-27 00:00:00,6.223e-05,0
2020-03-27 08:00:00,6.838e-05,8
2020-03-27 16:00:00,1.48e-06,16
2020-03-28 00:00:00,-0.00012203,0
2020-03-28 08:00:00,-0.00041263,8
2020-03-28 16:00:00,-0.0002165,16
2020-03-29 00:00:00,-0.00023282,0
2020-03-29 08:00:00,-0.0002912,8
2020-03-29 16:00:00,-0.00025613,16
2020-03-30 00:00:00,-0.0006431,0
2020-03-30 08:00:00,-0.00033817,8
2020-03-30 16:00:00,-6.982e-05,16
2020-03-31 00:00:00,-5.383e-05,0
2020-03-31 08:00:00,-0.00015273,8
2020-03-31 16:00:00,-0.000162,16
2020-04-01 00:00:00,-9.237e-05,0
2020-04-01 08:00:00,-0.0004868,8
2020-04-01 16:00:00,-0.00034983,16
2020-04-02 00:00:00,-0.0001933,0
2020-04-02 08:00:00,3.28e-05,8
2020-04-02 16:00:00,9.417e-05,16
2020-04-03 00:00:00,9.047e-05,0
2020-04-03 08:00:00,7.9e-07,8
2020-04-03 16:00:00,0.0001,16
2020-04-04 00:00:00,6.184e-05,0
2020-04-04 08:00:00,5.655e-05,8
2020-04-04 16:00:00,-7.77e-05,16
2020-04-05 00:00:00,-4.495e-05,0
2020-04-05 08:00:00,4.198e-05,8
2020-04-05 16:00:00,3.859e-05,16
2020-04-06 00:00:00,2.364e-05,0
2020-04-06 08:00:00,6.54e-06,8
2020-04-06 16:00:00,-8.471e-05,16
2020-04-07 00:00:00,-0.00012883,0
2020-04-07 08:00:00,-2.915e-05,8
2020-04-07 16:00:00,1.131e-05,16
2020-04-08 00:00:00,-2.763e-05,0
2020-04-08 08:00:00,0.0001,8
2020-04-08 16:00:00,6.677e-05,16
2020-04-09 00:00:00,0.0001,0
2020-04-09 08:00:00,-0.00010005,8
2020-04-09 16:00:00,-8.854e-05,16
2020-04-10 00:00:00,-5.003e-05,0
2020-04-10 08:00:00,0.0001,8
2020-04-10 16:00:00,0.0001,16
2020-04-11 00:00:00,0.0001,0
2020-04-11 08:00:00,0.0001,8
2020-04-11 16:00:00,0.0001,16
2020-04-12 00:00:00,0.0001,0
2020-04-12 08:00:00,0.0001,8
2020-04-12 16:00:00,8.453e-05,16
2020-04-13 00:00:00,7.954e-05,0
2020-04-13 08:00:00,-0.00020271,8
2020-04-13 16:00:00,-2.882e-05,16
2020-04-14 00:00:00,-1.244e-05,0
2020-04-14 08:00:00,5.454e-05,8
2020-04-14 16:00:00,-0.00020028,16
2020-04-15 00:00:00,-0.00012803,0
2020-04-15 08:00:00,-4.63e-05,8
2020-04-15 16:00:00,2.925e-05,16
2020-04-16 00:00:00,-7.017e-05,0
2020-04-16 08:00:00,-0.00046001,8
2020-04-16 16:00:00,6.364e-05,16
2020-04-17 00:00:00,5.926e-05,0
2020-04-17 08:00:00,3.345e-05,8
2020-04-17 16:00:00,-6.771e-05,16
2020-04-18 00:00:00,-3.132e-05,0
2020-04-18 08:00:00,-0.00017145,8
2020-04-18 16:00:00,-0.00019642,16
2020-04-19 00:00:00,-0.00019142,0
2020-04-19 08:00:00,-5.966e-05,8
2020-04-19 16:00:00,8.514e-05,16
2020-04-20 00:00:00,-1.31e-05,0
2020-04-20 08:00:00,-1.874e-05,8
2020-04-20 16:00:00,-5.762e-05,16
2020-04-21 00:00:00,-9.18e-05,0
2020-04-21 08:00:00,-7.539e-05,8
2020-04-21 16:00:00,0.0001,16
2020-04-22 00:00:00,-2.663e-05,0
2020-04-22 08:00:00,-0.00011402,8
2020-04-22 16:00:00,-0.00031244,16
2020-04-23 00:00:00,-0.0002234,0
2020-04-23 08:00:00,-0.00015491,8
2020-04-23 16:00:00,0.0001,16
2020-04-24 00:00:00,0.0001,0
2020-04-24 08:00:00,0.0001,8
2020-04-24 16:00:00,0.0001,16
2020-04-25 00:00:00,0.0001,0
2020-04-25 08:00:00,0.0001,8
2020-04-25 16:00:00,0.0001,16
2020-04-26 00:00:00,0.0001,0
2020-04-26 08:00:00,7.493e-05,8
2020-04-26 16:00:00,0.0001,16
2020-04-27 00:00:00,0.0001,0
2020-04-27 08:00:00,0.0001,8
2020-04-27 16:00:00,0.0001,16
2020-04-28 00:00:00,0.0001,0
2020-04-28 08:00:00,0.0001,8
2020-04-28 16:00:00,0.0001,16
2020-04-29 00:00:00,0.0001,0
2020-04-29 08:00:00,0.0001,8
2020-04-29 16:00:00,0.0001,16
2020-04-30 00:00:00,0.00013208,0
2020-04-30 08:00:00,0.00097517,8
2020-04-30 16:00:00,0.0001,16
2020-05-01 00:00:00,0.00021072,0
2020-05-01 08:00:00,0.00017885,8
2020-05-01 16:00:00,0.00013528,16
2020-05-02 00:00:00,0.0001,0
2020-05-02 08:00:00,0.0001,8
2020-05-02 16:00:00,0.00010144,16
2020-05-03 00:00:00,0.0001,0
2020-05-03 08:00:00,0.0001981,8
2020-05-03 16:00:00,0.00015162,16
2020-05-04 00:00:00,0.00011925,0
2020-05-04 08:00:00,0.0001,8
2020-05-04 16:00:00,0.0001,16
2020-05-05 00:00:00,0.0001,0
2020-05-05 08:00:00,0.0001,8
2020-05-05 16:00:00,0.0001,16
2020-05-06 00:00:00,0.0001,0
2020-05-06 08:00:00,0.0001,8
2020-05-06 16:00:00,0.00035981,16
2020-05-07 00:00:00,0.0001,0
2020-05-07 08:00:00,0.0001,8
2020-05-07 16:00:00,0.0001,16
2020-05-08 00:00:00,0.00016094,0
2020-05-08 08:00:00,0.00034016,8
2020-05-08 16:00:00,0.0005319,16
2020-05-09 00:00:00,0.00042037,0
2020-05-09 08:00:00,0.00075816,8
2020-05-09 16:00:00,0.00058018,16
2020-05-10 00:00:00,0.00042326,0
2020-05-10 08:00:00,0.0001,8
2020-05-10 16:00:00,0.0001,16
2020-05-11 00:00:00,0.0001,0
2020-05-11 08:00:00,0.0001,8
2020-05-11 16:00:00,0.0001,16
2020-05-12 00:00:00,0.0001,0
2020-05-12 08:00:00,0.0001,8
2020-05-12 16:00:00,0.0001,16
2020-05-13 00:00:00,0.0001,0
2020-05-13 08:00:00,0.0001,8
2020-05-13 16:00:00,0.0001,16
2020-05-14 00:00:00,0.0001,0
2020-05-14 08:00:00,0.0001,8
2020-05-14 16:00:00,0.0001,16
2020-05-15 00:00:00,0.0001,0
2020-05-15 08:00:00,4.4e-05,8
2020-05-15 16:00:00,0.0001,16
2020-05-16 00:00:00,0.0001,0
2020-05-16 08:00:00,0.0001,8
2020-05-16 16:00:00,0.0001,16
2020-05-17 00:00:00,8.001e-05,0
2020-05-17 08:00:00,4.125e-05,8
2020-05-17 16:00:00,8.88e-06,16
2020-05-18 00:00:00,0.0001,0
2020-05-18 08:00:00,0.0001,8
2020-05-18 16:00:00,-6.64e-05,16
2020-05-19 00:00:00,0.0001,0
2020-05-19 08:00:00,7.892e-05,8
2020-05-19 16:00:00,0.0001,16
2020-05-20 00:00:00,0.0001,0
2020-05-20 08:00:00,0.0001,8
2020-05-20 16:00:00,0.0001,16
2020-05-21 00:00:00,-9.027e-05,0
2020-05-21 08:00:00,6.809e-05,8
2020-05-21 16:00:00,0.0001,16
2020-05-22 00:00:00,-5.15e-05,0
2020-05-22 08:00:00,-2.396e-05,8
2020-05-22 16:00:00,6.867e-05,16
2020-05-23 00:00:00,-2.092e-05,0
2020-05-23 08:00:00,-1.081e-05,8
2020-05-23 16:00:00,7.023e-05,16
2020-05-24 00:00:00,0.0001,0
2020-05-24 08:00:00,7.917e-05,8
2020-05-24 16:00:00,6.724e-05,16
2020-05-25 00:00:00,6.784e-05,0
2020-05-25 08:00:00,-4.286e-05,8
2020-05-25 16:00:00,-4.226e-05,16
2020-05-26 00:00:00,-3.5e-07,0
2020-05-26 08:00:00,0.0001,8
2020-05-26 16:00:00,4.599e-05,16
2020-05-27 00:00:00,2.104e-05,0
2020-05-27 08:00:00,0.0001,8
2020-05-27 16:00:00,-0.00014025,16
2020-05-28 00:00:00,-0.00011366,0
2020-05-28 08:00:00,-6.862e-05,8
2020-05-28 16:00:00,-1.187e-05,16
2020-05-29 00:00:00,2.618e-05,0
2020-05-29 08:00:00,1.877e-05,8
2020-05-29 16:00:00,-6.04e-06,16
2020-05-30 00:00:00,0.0001,0
2020-05-30 08:00:00,0.0001,8
2020-05-30 16:00:00,0.0001,16
2020-05-31 00:00:00,0.0001,0
2020-05-31 08:00:00,0.0001,8
2020-05-31 16:00:00,0.0001,16
2020-06-01 00:00:00,0.0001,0
2020-06-01 08:00:00,-2.911e-05,8
2020-06-01 16:00:00,9.38e-06,16
2020-06-02 00:00:00,0.0003448,0
2020-06-02 08:00:00,0.0007831,8
2020-06-02 16:00:00,0.0001,16
2020-06-03 00:00:00,0.0001,0
2020-06-03 08:00:00,8.646e-05,8
2020-06-03 16:00:00,0.0001,16
2020-06-04 00:00:00,0.0001,0
2020-06-04 08:00:00,0.0001,8
2020-06-04 16:00:00,0.0001,16
2020-06-05 00:00:00,0.0001,0
2020-06-05 08:00:00,0.0001,8
2020-06-05 16:00:00,0.0001,16
2020-06-06 00:00:00,0.0001,0
2020-06-06 08:00:00,0.0001,8
2020-06-06 16:00:00,0.0001,16
2020-06-07 00:00:00,0.0001,0
2020-06-07 08:00:00,0.0001,8
2020-06-07 16:00:00,0.0001,16
2020-06-08 00:00:00,0.0001,0
2020-06-08 08:00:00,0.0001,8
2020-06-08 16:00:00,0.0001,16
2020-06-09 00:00:00,0.0001,0
2020-06-09 08:00:00,0.0001,8
2020-06-09 16:00:00,0.0001,16
2020-06-10 00:00:00,0.0001,0
2020-06-10 08:00:00,0.0001,8
2020-06-10 16:00:00,0.0001,16
2020-06-11 00:00:00,0.0001,0
2020-06-11 08:00:00,0.0001,8
2020-06-11 16:00:00,0.0001,16
2020-06-12 00:00:00,0.0001,0
2020-06-12 08:00:00,-3.816e-05,8
2020-06-12 16:00:00,9.714e-05,16
2020-06-13 00:00:00,-1.942e-05,0
2020-06-13 08:00:00,7.217e-05,8
2020-06-13 16:00:00,0.0001,16
2020-06-14 00:00:00,7.102e-05,0
2020-06-14 08:00:00,0.0001,8
2020-06-14 16:00:00,0.0001,16
2020-06-15 00:00:00,0.0001,0
2020-06-15 08:00:00,-4.149e-05,8
2020-06-15 16:00:00,-0.00018213,16
2020-06-16 00:00:00,-0.00015215,0
2020-06-16 08:00:00,0.0001,8
2020-06-16 16:00:00,0.0001,16
2020-06-17 00:00:00,7.764e-05,0
2020-06-17 08:00:00,-8.32e-05,8
2020-06-17 16:00:00,7.51e-05,16
2020-06-18 00:00:00,-0.00010005,0
2020-06-18 08:00:00,-0.00011589,8
2020-06-18 16:00:00,7.624e-05,16
2020-06-19 00:00:00,-1.57e-06,0
2020-06-19 08:00:00,1.94e-05,8
2020-06-19 16:00:00,0.0001,16
2020-06-20 00:00:00,0.0001,0
2020-06-20 08:00:00,1.186e-05,8
2020-06-20 16:00:00,0.0001,16
2020-06-21 00:00:00,-3.057e-05,0
2020-06-21 08:00:00,-1.29e-05,8
2020-06-21 16:00:00,0.0001,16
2020-06-22 00:00:00,0.0001,0
2020-06-22 08:00:00,6.784e-05,8
2020-06-22 16:00:00,0.0001,16
2020-06-23 00:00:00,0.0001,0
2020-06-23 08:00:00,0.0001,8
2020-06-23 16:00:00,0.00012215,16
2020-06-24 00:00:00,0.00011286,0
2020-06-24 08:00:00,0.0001,8
2020-06-24 16:00:00,0.0001,16
2020-06-25 00:00:00,0.0001,0
2020-06-25 08:00:00,0.0001,8
2020-06-25 16:00:00,0.0001,16
2020-06-26 00:00:00,9.401e-05,0
2020-06-26 08:00:00,0.0001,8
2020-06-26 16:00:00,0.0001,16
2020-06-27 00:00:00,0.0001,0
2020-06-27 08:00:00,0.0001,8
2020-06-27 16:00:00,0.0001,16
2020-06-28 00:00:00,0.0001,0
2020-06-28 08:00:00,0.0001,8
2020-06-28 16:00:00,4.867e-05,16
2020-06-29 00:00:00,0.0001,0
2020-06-29 08:00:00,0.0001,8
2020-06-29 16:00:00,0.0001,16
2020-06-30 00:00:00,0.0001,0
2020-06-30 08:00:00,0.0001,8
2020-06-30 16:00:00,0.0001,16
2020-07-01 00:00:00,0.0001,0
2020-07-01 08:00:00,0.0001,8
2020-07-01 16:00:00,0.0001,16
2020-07-02 00:00:00,0.0001,0
2020-07-02 08:00:00,0.0001,8
2020-07-02 16:00:00,0.0001,16
2020-07-03 00:00:00,0.0001,0
2020-07-03 08:00:00,0.0001,8
2020-07-03 16:00:00,0.0001,16
2020-07-04 00:00:00,0.0001,0
2020-07-04 08:00:00,0.0001,8
2020-07-04 16:00:00,0.0001,16
2020-07-05 00:00:00,0.0001,0
2020-07-05 08:00:00,0.0001,8
2020-07-05 16:00:00,0.0001,16
2020-07-06 00:00:00,0.0001,0
2020-07-06 08:00:00,0.0001,8
2020-07-06 16:00:00,0.0001,16
2020-07-07 00:00:00,0.0001,0
2020-07-07 08:00:00,0.0001,8
2020-07-07 16:00:00,0.0001,16
2020-07-08 00:00:00,0.0001,0
2020-07-08 08:00:00,0.0001,8
2020-07-08 16:00:00,0.0001,16
2020-07-09 00:00:00,0.0001,0
2020-07-09 08:00:00,0.0001,8
2020-07-09 16:00:00,0.0001,16
2020-07-10 00:00:00,0.0001,0
2020-07-10 08:00:00,0.0001,8
2020-07-10 16:00:00,0.0001,16
2020-07-11 00:00:00,0.0001,0
2020-07-11 08:00:00,0.0001,8
2020-07-11 16:00:00,0.0001,16
2020-07-12 00:00:00,0.0001,0
2020-07-12 08:00:00,0.0001,8
2020-07-12 16:00:00,0.0001,16
2020-07-13 00:00:00,0.0001,0
2020-07-13 08:00:00,0.0001,8
2020-07-13 16:00:00,0.0001,16
2020-07-14 00:00:00,0.0001,0
2020-07-14 08:00:00,0.0001,8
2020-07-14 16:00:00,0.0001,16
2020-07-15 00:00:00,0.0001,0
2020-07-15 08:00:00,0.0001,8
2020-07-15 16:00:00,0.0001,16
2020-07-16 00:00:00,0.0001,0
2020-07-16 08:00:00,0.0001,8
2020-07-16 16:00:00,0.0001,16
2020-07-17 00:00:00,0.0001,0
2020-07-17 08:00:00,0.0001,8
2020-07-17 16:00:00,0.0001,16
2020-07-18 00:00:00,0.0001,0
2020-07-18 08:00:00,0.0001,8
2020-07-18 16:00:00,0.0001,16
2020-07-19 00:00:00,0.0001,0
2020-07-19 08:00:00,0.0001,8
2020-07-19 16:00:00,0.0001,16
2020-07-20 00:00:00,0.0001,0
2020-07-20 08:00:00,0.0001,8
2020-07-20 16:00:00,0.0001,16
2020-07-21 00:00:00,0.0001,0
2020-07-21 08:00:00,0.0001,8
2020-07-21 16:00:00,0.0001,16
2020-07-22 00:00:00,0.0001,0
2020-07-22 08:00:00,0.0001,8
2020-07-22 16:00:00,0.0001,16
2020-07-23 00:00:00,0.0001,0
2020-07-23 08:00:00,0.0001,8
2020-07-23 16:00:00,0.0001,16
2020-07-24 00:00:00,0.0001,0
2020-07-24 08:00:00,0.0001,8
2020-07-24 16:00:00,0.0001,16
2020-07-25 00:00:00,0.0001,0
2020-07-25 08:00:00,0.0001,8
2020-07-25 16:00:00,0.0001,16
2020-07-26 00:00:00,0.0001,0
2020-07-26 08:00:00,0.0001,8
2020-07-26 16:00:00,0.00065437,16
2020-07-27 00:00:00,0.00047138,0
2020-07-27 08:00:00,0.00086993,8
2020-07-27 16:00:00,0.00051888,16
2020-07-28 00:00:00,0.00139484,0
2020-07-28 08:00:00,0.00122052,8
2020-07-28 16:00:00,0.00097576,16
2020-07-29 00:00:00,0.00083621,0
2020-07-29 08:00:00,0.00068208,8
2020-07-29 16:00:00,0.00061856,16
2020-07-30 00:00:00,0.00061759,0
2020-07-30 08:00:00,0.00072329,8
2020-07-30 16:00:00,0.00069174,16
2020-07-31 00:00:00,0.00082654,0
2020-07-31 08:00:00,0.00039348,8
2020-07-31 16:00:00,0.00037716,16
2020-08-01 00:00:00,0.0002791,0
2020-08-01 08:00:00,0.00030785,8
2020-08-01 16:00:00,0.00048996,16
2020-08-02 00:00:00,0.00095567,0
2020-08-02 08:00:00,0.0004243,8
2020-08-02 16:00:00,0.00024752,16
2020-08-03 00:00:00,0.0002585,0
2020-08-03 08:00:00,0.00045929,8
2020-08-03 16:00:00,0.00043731,16
2020-08-04 00:00:00,0.00031113,0
2020-08-04 08:00:00,0.00030647,8
2020-08-04 16:00:00,0.00038617,16
2020-08-05 00:00:00,0.00013898,0
2020-08-05 08:00:00,0.00016613,8
2020-08-05 16:00:00,0.00022044,16
2020-08-06 00:00:00,0.00038867,0
2020-08-06 08:00:00,0.00038696,8
2020-08-06 16:00:00,0.00036099,16
2020-08-07 00:00:00,0.00031707,0
2020-08-07 08:00:00,0.00021201,8
2020-08-07 16:00:00,0.00023934,16
2020-08-08 00:00:00,0.0001,0
2020-08-08 08:00:00,0.0001,8
2020-08-08 16:00:00,0.0001,16
2020-08-09 00:00:00,0.0001,0
2020-08-09 08:00:00,0.00021066,8
2020-08-09 16:00:00,0.00014574,16
2020-08-10 00:00:00,0.0001,0
2020-08-10 08:00:00,0.00131898,8
2020-08-10 16:00:00,0.00030218,16
2020-08-11 00:00:00,0.00013372,0
2020-08-11 08:00:00,0.00022736,8
2020-08-11 16:00:00,0.00059816,16
2020-08-12 00:00:00,0.0001,0
2020-08-12 08:00:00,0.0001,8
2020-08-12 16:00:00,0.0001,16
2020-08-13 00:00:00,0.0001,0
2020-08-13 08:00:00,0.0001,8
2020-08-13 16:00:00,0.0001,16
2020-08-14 00:00:00,0.00017598,0
2020-08-14 08:00:00,0.00044038,8
2020-08-14 16:00:00,0.00027433,16
2020-08-15 00:00:00,0.0001,0
2020-08-15 08:00:00,0.0003665,8
2020-08-15 16:00:00,0.00021904,16
2020-08-16 00:00:00,0.0001564,0
2020-08-16 08:00:00,0.00048777,8
2020-08-16 16:00:00,0.00031524,16
2020-08-17 00:00:00,0.00026342,0
2020-08-17 08:00:00,0.00039806,8
2020-08-17 16:00:00,0.0008576,16
2020-08-18 00:00:00,0.00119905,0
2020-08-18 08:00:00,0.00078206,8
2020-08-18 16:00:00,0.00100156,16
2020-08-19 00:00:00,0.00077293,0
2020-08-19 08:00:00,0.00054924,8
2020-08-19 16:00:00,0.00024051,16
2020-08-20 00:00:00,0.00024189,0
2020-08-20 08:00:00,0.0001159,8
2020-08-20 16:00:00,0.00018281,16
2020-08-21 00:00:00,0.0001,0
2020-08-21 08:00:00,0.0001,8
2020-08-21 16:00:00,0.0001,16
2020-08-22 00:00:00,0.0001,0
2020-08-22 08:00:00,0.0001,8
2020-08-22 16:00:00,0.0001,16
2020-08-23 00:00:00,0.0001,0
2020-08-23 08:00:00,0.0001,8
2020-08-23 16:00:00,0.0001,16
2020-08-24 00:00:00,0.0001,0
2020-08-24 08:00:00,0.0001,8
2020-08-24 16:00:00,0.0001,16
2020-08-25 00:00:00,0.0001,0
2020-08-25 08:00:00,0.0001,8
2020-08-25 16:00:00,0.0004258,16
2020-08-26 00:00:00,0.00023316,0
2020-08-26 08:00:00,0.0001,8
2020-08-26 16:00:00,0.00013038,16
2020-08-27 00:00:00,0.0001,0
2020-08-27 08:00:00,0.0001,8
2020-08-27 16:00:00,0.0001,16
2020-08-28 00:00:00,0.0001,0
2020-08-28 08:00:00,0.0001,8
2020-08-28 16:00:00,0.0001,16
2020-08-29 00:00:00,0.0001,0
2020-08-29 08:00:00,0.0001,8
2020-08-29 16:00:00,0.0001,16
2020-08-30 00:00:00,0.0001,0
2020-08-30 08:00:00,0.0001,8
2020-08-30 16:00:00,0.0001,16
2020-08-31 00:00:00,0.0001,0
2020-08-31 08:00:00,0.0001,8
2020-08-31 16:00:00,0.00015461,16
2020-09-01 00:00:00,0.0001,0
2020-09-01 08:00:00,0.00022961,8
2020-09-01 16:00:00,0.0004686,16
2020-09-02 00:00:00,0.00032895,0
2020-09-02 08:00:00,0.00035074,8
2020-09-02 16:00:00,0.00045038,16
2020-09-03 00:00:00,0.00021394,0
2020-09-03 08:00:00,0.00016828,8
2020-09-03 16:00:00,0.00024709,16
2020-09-04 00:00:00,0.0001,0
2020-09-04 08:00:00,0.0001,8
2020-09-04 16:00:00,0.0001,16
2020-09-05 00:00:00,0.0001,0
2020-09-05 08:00:00,0.0001,8
2020-09-05 16:00:00,0.0001,16
2020-09-06 00:00:00,0.0001,0
2020-09-06 08:00:00,0.0001,8
2020-09-06 16:00:00,0.0001,16
2020-09-07 00:00:00,0.0001,0
2020-09-07 08:00:00,0.0001,8
2020-09-07 16:00:00,0.0001,16
2020-09-08 00:00:00,0.0001,0
2020-09-08 08:00:00,0.0001,8
2020-09-08 16:00:00,0.0001,16
2020-09-09 00:00:00,0.0001,0
2020-09-09 08:00:00,0.0001,8
2020-09-09 16:00:00,0.0001,16
2020-09-10 00:00:00,0.0001,0
2020-09-10 08:00:00,0.0001,8
2020-09-10 16:00:00,0.0001,16
2020-09-11 00:00:00,0.0001,0
2020-09-11 08:00:00,0.0001,8
2020-09-11 16:00:00,0.0001,16
2020-09-12 00:00:00,0.0001,0
2020-09-12 08:00:00,0.0001,8
2020-09-12 16:00:00,0.0001,16
2020-09-13 00:00:00,0.0001,0
2020-09-13 08:00:00,0.0001,8
2020-09-13 16:00:00,0.0001,16
2020-09-14 00:00:00,0.0001,0
2020-09-14 08:00:00,0.0001,8
2020-09-14 16:00:00,8.68e-06,16
2020-09-15 00:00:00,-0.0002227,0
2020-09-15 08:00:00,-2.796e-05,8
2020-09-15 16:00:00,-5.156e-05,16
2020-09-16 00:00:00,-0.00011181,0
2020-09-16 08:00:00,-1.488e-05,8
2020-09-16 16:00:00,-3.198e-05,16
2020-09-17 00:00:00,-5.63e-06,0
2020-09-17 08:00:00,2.957e-05,8
2020-09-17 16:00:00,9.8e-07,16
2020-09-18 00:00:00,9.425e-05,0
2020-09-18 08:00:00,5.579e-05,8
2020-09-18 16:00:00,4.967e-05,16
2020-09-19 00:00:00,-0.0001155,0
2020-09-19 08:00:00,-0.0001098,8
2020-09-19 16:00:00,-5.749e-05,16
2020-09-20 00:00:00,-6.476e-05,0
2020-09-20 08:00:00,-0.00011198,8
2020-09-20 16:00:00,-6.625e-05,16
2020-09-21 00:00:00,-7.506e-05,0
2020-09-21 08:00:00,-0.00012071,8
2020-09-21 16:00:00,0.0001,16
2020-09-22 00:00:00,0.0001,0
2020-09-22 08:00:00,0.0001,8
2020-09-22 16:00:00,0.0001,16
2020-09-23 00:00:00,4.321e-05,0
2020-09-23 08:00:00,-2.604e-05,8
2020-09-23 16:00:00,-5.506e-05,16
2020-09-24 00:00:00,3.817e-05,0
2020-09-24 08:00:00,6.991e-05,8
2020-09-24 16:00:00,1.182e-05,16
2020-09-25 00:00:00,-0.00023219,0
2020-09-25 08:00:00,2.542e-05,8
2020-09-25 16:00:00,0.0001,16
2020-09-26 00:00:00,0.0001,0
2020-09-26 08:00:00,0.0001,8
2020-09-26 16:00:00,0.0001,16
2020-09-27 00:00:00,0.0001,0
2020-09-27 08:00:00,0.0001,8
2020-09-27 16:00:00,0.0001,16
2020-09-28 00:00:00,0.0001,0
2020-09-28 08:00:00,0.0001,8
2020-09-28 16:00:00,0.0001,16
2020-09-29 00:00:00,0.0001,0
2020-09-29 08:00:00,0.0001,8
2020-09-29 16:00:00,0.0001,16
2020-09-30 00:00:00,0.0001,0
2020-09-30 08:00:00,0.0001,8
2020-09-30 16:00:00,0.0001,16
2020-10-01 00:00:00,7.412e-05,0
2020-10-01 08:00:00,0.0001,8
2020-10-01 16:00:00,0.0001,16
2020-10-02 00:00:00,-2.63e-06,0
2020-10-02 08:00:00,-1.652e-05,8
2020-10-02 16:00:00,0.0001,16
2020-10-03 00:00:00,0.0001,0
2020-10-03 08:00:00,0.0001,8
2020-10-03 16:00:00,9.749e-05,16
2020-10-04 00:00:00,-2.144e-05,0
2020-10-04 08:00:00,5.039e-05,8
2020-10-04 16:00:00,-7.56e-06,16
2020-10-05 00:00:00,-3.381e-05,0
2020-10-05 08:00:00,-9.143e-05,8
2020-10-05 16:00:00,-6.912e-05,16
2020-10-06 00:00:00,-1.26e-06,0
2020-10-06 08:00:00,-8.313e-05,8
2020-10-06 16:00:00,6.937e-05,16
2020-10-07 00:00:00,5.11e-06,0
2020-10-07 08:00:00,-8.58e-06,8
2020-10-07 16:00:00,1.553e-05,16
2020-10-08 00:00:00,2.693e-05,0
2020-10-08 08:00:00,3.248e-05,8
2020-10-08 16:00:00,8.856e-05,16
2020-10-09 00:00:00,6.128e-05,0
2020-10-09 08:00:00,0.0001,8
2020-10-09 16:00:00,0.0001,16
2020-10-10 00:00:00,0.0001,0
2020-10-10 08:00:00,0.0001,8
2020-10-10 16:00:00,0.0001,16
2020-10-11 00:00:00,0.0001,0
2020-10-11 08:00:00,0.0001,8
2020-10-11 16:00:00,0.0001,16
2020-10-12 00:00:00,0.0001,0
2020-10-12 08:00:00,0.0001,8
2020-10-12 16:00:00,0.0001,16
2020-10-13 00:00:00,0.0001,0
2020-10-13 08:00:00,0.0001,8
2020-10-13 16:00:00,0.0001,16
2020-10-14 00:00:00,0.0001,0
2020-10-14 08:00:00,0.0001,8
2020-10-14 16:00:00,0.0001,16
2020-10-15 00:00:00,0.0001,0
2020-10-15 08:00:00,0.0001,8
2020-10-15 16:00:00,0.0001,16
2020-10-16 00:00:00,0.0001,0
2020-10-16 08:00:00,0.0001,8
2020-10-16 16:00:00,0.0001,16
2020-10-17 00:00:00,0.0001,0
2020-10-17 08:00:00,0.0001,8
2020-10-17 16:00:00,0.0001,16
2020-10-18 00:00:00,0.0001,0
2020-10-18 08:00:00,0.0001,8
2020-10-18 16:00:00,0.0001,16
2020-10-19 00:00:00,0.0001,0
2020-10-19 08:00:00,0.0001,8
2020-10-19 16:00:00,0.0001,16
2020-10-20 00:00:00,0.0001,0
2020-10-20 08:00:00,0.0001,8
2020-10-20 16:00:00,3.742e-05,16
2020-10-21 00:00:00,2.291e-05,0
2020-10-21 08:00:00,7.487e-05,8
2020-10-21 16:00:00,0.0001,16
2020-10-22 00:00:00,0.0001,0
2020-10-22 08:00:00,0.0001,8
2020-10-22 16:00:00,0.0001,16
2020-10-23 00:00:00,0.0001,0
2020-10-23 08:00:00,0.0001,8
2020-10-23 16:00:00,0.0001,16
2020-10-24 00:00:00,0.0001,0
2020-10-24 08:00:00,0.0001,8
2020-10-24 16:00:00,0.0001,16
2020-10-25 00:00:00,0.0001,0
2020-10-25 08:00:00,0.0001,8
2020-10-25 16:00:00,0.0001,16
2020-10-26 00:00:00,0.0001,0
2020-10-26 08:00:00,0.0001,8
2020-10-26 16:00:00,0.0001,16
2020-10-27 00:00:00,9.274e-05,0
2020-10-27 08:00:00,6.127e-05,8
2020-10-27 16:00:00,0.0001,16
2020-10-28 00:00:00,3.725e-05,0
2020-10-28 08:00:00,0.0001,8
2020-10-28 16:00:00,0.0001,16
2020-10-29 00:00:00,-0.00026006,0
2020-10-29 08:00:00,-8.052e-05,8
2020-10-29 16:00:00,-3.189e-05,16
2020-10-30 00:00:00,-0.00015268,0
2020-10-30 08:00:00,-9.68e-06,8
2020-10-30 16:00:00,-0.00013414,16
2020-10-31 00:00:00,-0.00024694,0
2020-10-31 08:00:00,-0.00016865,8
2020-10-31 16:00:00,9.204e-05,16
2020-11-01 00:00:00,-6.386e-05,0
2020-11-01 08:00:00,-4.096e-05,8
2020-11-01 16:00:00,-5.043e-05,16
2020-11-02 00:00:00,7.881e-05,0
2020-11-02 08:00:00,-3.275e-05,8
2020-11-02 16:00:00,8.717e-05,16
2020-11-03 00:00:00,-0.00017064,0
2020-11-03 08:00:00,-4.67e-06,8
2020-11-03 16:00:00,-8.581e-05,16
2020-11-04 00:00:00,-7.816e-05,0
2020-11-04 08:00:00,-2.648e-05,8
2020-11-04 16:00:00,-0.00023791,16
2020-11-05 00:00:00,0.0001,0
2020-11-05 08:00:00,0.0001,8
2020-11-05 16:00:00,0.0001,16
2020-11-06 00:00:00,0.0001,0
2020-11-06 08:00:00,0.00023315,8
2020-11-06 16:00:00,0.0003429,16
2020-11-07 00:00:00,0.00024948,0
2020-11-07 08:00:00,0.00037914,8
2020-11-07 16:00:00,0.0003589,16
2020-11-08 00:00:00,0.0001,0
2020-11-08 08:00:00,0.0001,8
2020-11-08 16:00:00,0.0001,16
2020-11-09 00:00:00,0.0001,0
2020-11-09 08:00:00,0.0001,8
2020-11-09 16:00:00,0.0001,16
2020-11-10 00:00:00,0.0001,0
2020-11-10 08:00:00,0.0001,8
2020-11-10 16:00:00,0.0001,16
2020-11-11 00:00:00,0.0001,0
2020-11-11 08:00:00,0.0001,8
2020-11-11 16:00:00,0.0001,16
2020-11-12 00:00:00,0.0001,0
2020-11-12 08:00:00,0.0001,8
2020-11-12 16:00:00,0.0001,16
2020-11-13 00:00:00,0.0001,0
2020-11-13 08:00:00,0.0001,8
2020-11-13 16:00:00,0.0001,16
2020-11-14 00:00:00,0.0001,0
2020-11-14 08:00:00,0.0001,8
2020-11-14 16:00:00,4.277e-05,16
2020-11-15 00:00:00,0.0001,0
2020-11-15 08:00:00,0.0001,8
2020-11-15 16:00:00,0.0001,16
2020-11-16 00:00:00,0.0001,0
2020-11-16 08:00:00,0.0001,8
2020-11-16 16:00:00,0.0001,16
2020-11-17 00:00:00,0.0001,0
2020-11-17 08:00:00,0.0001,8
2020-11-17 16:00:00,0.0001,16
2020-11-18 00:00:00,0.00021138,0
2020-11-18 08:00:00,0.00057572,8
2020-11-18 16:00:00,0.00021486,16
2020-11-19 00:00:00,0.0001,0
2020-11-19 08:00:00,0.00025015,8
2020-11-19 16:00:00,0.00052207,16
2020-11-20 00:00:00,0.0003665,0
2020-11-20 08:00:00,0.00039647,8
2020-11-20 16:00:00,0.00038617,16
2020-11-21 00:00:00,0.0001,0
2020-11-21 08:00:00,0.0001,8
2020-11-21 16:00:00,0.00059438,16
2020-11-22 00:00:00,0.00080363,0
2020-11-22 08:00:00,0.00086985,8
2020-11-22 16:00:00,0.00066537,16
2020-11-23 00:00:00,0.00101151,0
2020-11-23 08:00:00,0.00076207,8
2020-11-23 16:00:00,0.00108391,16
2020-11-24 00:00:00,0.00050801,0
2020-11-24 08:00:00,0.00060366,8
2020-11-24 16:00:00,0.00081176,16
2020-11-25 00:00:00,0.00084235,0
2020-11-25 08:00:00,0.00038079,8
2020-11-25 16:00:00,0.00075292,16
2020-11-26 00:00:00,0.00035414,0
2020-11-26 08:00:00,0.0001313,8
2020-11-26 16:00:00,0.00028796,16
2020-11-27 00:00:00,0.00010773,0
2020-11-27 08:00:00,0.0001,8
2020-11-27 16:00:00,0.0001,16
2020-11-28 00:00:00,0.0001,0
2020-11-28 08:00:00,0.0001,8
2020-11-28 16:00:00,0.0001,16
2020-11-29 00:00:00,0.0001,0
2020-11-29 08:00:00,0.0001,8
2020-11-29 16:00:00,0.0001,16
2020-11-30 00:00:00,0.0001,0
2020-11-30 08:00:00,0.0001,8
2020-11-30 16:00:00,0.00029481,16
2020-12-01 00:00:00,0.00045929,0
2020-12-01 08:00:00,0.00043287,8
2020-12-01 16:00:00,0.00011546,16
2020-12-02 00:00:00,0.0001,0
2020-12-02 08:00:00,0.0001,8
2020-12-02 16:00:00,0.0001,16
2020-12-03 00:00:00,0.0001,0
2020-12-03 08:00:00,0.0001,8
2020-12-03 16:00:00,0.00025455,16
2020-12-04 00:00:00,0.00012703,0
2020-12-04 08:00:00,0.0001,8
2020-12-04 16:00:00,0.0001,16
2020-12-05 00:00:00,0.0001,0
2020-12-05 08:00:00,0.0001,8
2020-12-05 16:00:00,0.0001,16
2020-12-06 00:00:00,0.0001,0
2020-12-06 08:00:00,0.0001,8
2020-12-06 16:00:00,0.0001,16
2020-12-07 00:00:00,0.0001,0
2020-12-07 08:00:00,0.0001,8
2020-12-07 16:00:00,0.0001,16
2020-12-08 00:00:00,0.0001,0
2020-12-08 08:00:00,0.0001,8
2020-12-08 16:00:00,0.0001,16
2020-12-09 00:00:00,0.0001,0
2020-12-09 08:00:00,0.0001,8
2020-12-09 16:00:00,0.0001,16
2020-12-10 00:00:00,0.0001,0
2020-12-10 08:00:00,0.0001,8
2020-12-10 16:00:00,0.0001,16
2020-12-11 00:00:00,0.0001,0
2020-12-11 08:00:00,0.0001,8
2020-12-11 16:00:00,0.0001,16
2020-12-12 00:00:00,0.0001,0
2020-12-12 08:00:00,-2.135e-05,8
2020-12-12 16:00:00,4.314e-05,16
2020-12-13 00:00:00,0.0001,0
2020-12-13 08:00:00,0.0001,8
2020-12-13 16:00:00,0.0001,16
2020-12-14 00:00:00,0.0001,0
2020-12-14 08:00:00,0.0001,8
2020-12-14 16:00:00,0.0001,16
2020-12-15 00:00:00,0.0001,0
2020-12-15 08:00:00,0.0001,8
2020-12-15 16:00:00,0.0001,16
2020-12-16 00:00:00,0.0001,0
2020-12-16 08:00:00,0.0001,8
2020-12-16 16:00:00,0.00046054,16
2020-12-17 00:00:00,0.0001,0
2020-12-17 08:00:00,0.00021355,8
2020-12-17 16:00:00,0.00054618,16
2020-12-18 00:00:00,0.00028532,0
2020-12-18 08:00:00,0.00053548,8
2020-12-18 16:00:00,0.00045032,16
2020-12-19 00:00:00,0.0001,0
2020-12-19 08:00:00,0.00038032,8
2020-12-19 16:00:00,0.00070544,16
2020-12-20 00:00:00,0.00078228,0
2020-12-20 08:00:00,0.00037486,8
2020-12-20 16:00:00,0.00038896,16
2020-12-21 00:00:00,0.00041795,0
2020-12-21 08:00:00,0.00030249,8
2020-12-21 16:00:00,0.00023741,16
2020-12-22 00:00:00,0.0001,0
2020-12-22 08:00:00,0.0001,8
2020-12-22 16:00:00,0.00019956,16
2020-12-23 00:00:00,0.0001131,0
2020-12-23 08:00:00,0.0001,8
2020-12-23 16:00:00,0.00010214,16
2020-12-24 00:00:00,0.0001,0
2020-12-24 08:00:00,0.0001,8
2020-12-24 16:00:00,0.00027216,16
2020-12-25 00:00:00,0.00018528,0
2020-12-25 08:00:00,0.0001,8
2020-12-25 16:00:00,0.00034905,16
2020-12-26 00:00:00,0.0001,0
2020-12-26 08:00:00,0.00016965,8
2020-12-26 16:00:00,0.0001,16
2020-12-27 00:00:00,0.0001994,0
2020-12-27 08:00:00,0.00025468,8
2020-12-27 16:00:00,0.00071164,16
2020-12-28 00:00:00,0.00043463,0
2020-12-28 08:00:00,0.00036133,8
2020-12-28 16:00:00,0.00071278,16
2020-12-29 00:00:00,0.00037693,0
2020-12-29 08:00:00,0.0004893,8
2020-12-29 16:00:00,0.00039914,16
2020-12-30 00:00:00,0.00048979,0
2020-12-30 08:00:00,0.00076836,8
2020-12-30 16:00:00,0.0006288,16
2020-12-31 00:00:00,0.00053292,0
2020-12-31 08:00:00,0.00060345,8
2020-12-31 16:00:00,0.00036744,16
2021-01-01 00:00:00,0.00022753,0
2021-01-01 08:00:00,0.00026336,8
2021-01-01 16:00:00,0.00034457,16
2021-01-02 00:00:00,0.0001,0
2021-01-02 08:00:00,0.00020151,8
2021-01-02 16:00:00,0.00115471,16
2021-01-03 00:00:00,0.00124058,0
2021-01-03 08:00:00,0.00114744,8
2021-01-03 16:00:00,0.00155006,16
2021-01-04 00:00:00,0.00164126,0
2021-01-04 08:00:00,0.00236482,8
2021-01-04 16:00:00,0.00056137,16
2021-01-05 00:00:00,0.00088338,0
2021-01-05 08:00:00,0.00047166,8
2021-01-05 16:00:00,0.00062904,16
2021-01-06 00:00:00,0.00127193,0
2021-01-06 08:00:00,0.00210008,8
2021-01-06 16:00:00,0.00149253,16
2021-01-07 00:00:00,0.00100316,0
2021-01-07 08:00:00,0.00142744,8
2021-01-07 16:00:00,0.00099841,16
2021-01-08 00:00:00,0.00213517,0
2021-01-08 08:00:00,0.00092044,8
2021-01-08 16:00:00,0.00131892,16
2021-01-09 00:00:00,0.00062954,0
2021-01-09 08:00:00,0.00066918,8
2021-01-09 16:00:00,0.00146942,16
2021-01-10 00:00:00,0.00145604,0
2021-01-10 08:00:00,0.00120632,8
2021-01-10 16:00:00,0.00052988,16
2021-01-11 00:00:00,0.00086486,0
2021-01-11 08:00:00,0.00081553,8
2021-01-11 16:00:00,0.00053444,16
2021-01-12 00:00:00,0.00033526,0
2021-01-12 08:00:00,0.00050855,8
2021-01-12 16:00:00,0.00054945,16
2021-01-13 00:00:00,0.00014768,0
2021-01-13 08:00:00,0.0002259,8
2021-01-13 16:00:00,0.0007053,16
2021-01-14 00:00:00,0.00078331,0
2021-01-14 08:00:00,0.00072627,8
2021-01-14 16:00:00,0.00068503,16
2021-01-15 00:00:00,0.00055628,0
2021-01-15 08:00:00,0.00064483,8
2021-01-15 16:00:00,0.00118185,16
2021-01-16 00:00:00,0.0001,0
2021-01-16 08:00:00,0.00032573,8
2021-01-16 16:00:00,0.00068496,16
2021-01-17 00:00:00,0.00033109,0
2021-01-17 08:00:00,0.00030276,8
2021-01-17 16:00:00,0.0001,16
2021-01-18 00:00:00,0.00055375,0
2021-01-18 08:00:00,0.00049321,8
2021-01-18 16:00:00,0.0010355,16
2021-01-19 00:00:00,0.0006167,0
2021-01-19 08:00:00,0.0014009,8
2021-01-19 16:00:00,0.00158467,16
2021-01-20 00:00:00,0.00088178,0
2021-01-20 08:00:00,0.00017967,8
2021-01-20 16:00:00,0.00016482,16
2021-01-21 00:00:00,0.00042078,0
2021-01-21 08:00:00,0.00048357,8
2021-01-21 16:00:00,0.00026589,16
2021-01-22 00:00:00,0.0001,0
2021-01-22 08:00:00,0.0001,8
2021-01-22 16:00:00,0.0001,16
2021-01-23 00:00:00,0.0001,0
2021-01-23 08:00:00,0.00012182,8
2021-01-23 16:00:00,0.0001,16
2021-01-24 00:00:00,0.0001,0
2021-01-24 08:00:00,0.00014368,8
2021-01-24 16:00:00,0.00041388,16
2021-01-25 00:00:00,0.0001,0
2021-01-25 08:00:00,0.00052253,8
2021-01-25 16:00:00,0.00042414,16
2021-01-26 00:00:00,0.00013506,0
2021-01-26 08:00:00,0.0001,8
2021-01-26 16:00:00,0.0001,16
2021-01-27 00:00:00,0.0001,0
2021-01-27 08:00:00,0.0001,8
2021-01-27 16:00:00,0.0001,16
2021-01-28 00:00:00,0.0001,0
2021-01-28 08:00:00,0.0001,8
2021-01-28 16:00:00,0.00022262,16
2021-01-29 00:00:00,0.0001,0
2021-01-29 08:00:00,0.00064803,8
2021-01-29 16:00:00,0.00166789,16
2021-01-30 00:00:00,0.00039208,0
2021-01-30 08:00:00,0.000332,8
2021-01-30 16:00:00,0.00052428,16
2021-01-31 00:00:00,0.00054944,0
2021-01-31 08:00:00,0.00046117,8
2021-01-31 16:00:00,0.00044234,16
2021-02-01 00:00:00,0.00013932,0
2021-02-01 08:00:00,0.00037561,8
2021-02-01 16:00:00,0.00066848,16
2021-02-02 00:00:00,0.00036787,0
2021-02-02 08:00:00,0.00044278,8
2021-02-02 16:00:00,0.00122181,16
2021-02-03 00:00:00,0.00077297,0
2021-02-03 08:00:00,0.00080805,8
2021-02-03 16:00:00,0.00075287,16
2021-02-04 00:00:00,0.00029063,0
2021-02-04 08:00:00,0.00074286,8
2021-02-04 16:00:00,0.00061936,16
2021-02-05 00:00:00,0.00056635,0
2021-02-05 08:00:00,0.00074838,8
2021-02-05 16:00:00,0.00099154,16
2021-02-06 00:00:00,0.00034782,0
2021-02-06 08:00:00,0.00069827,8
2021-02-06 16:00:00,0.00102371,16
2021-02-07 00:00:00,0.00155546,0
2021-02-07 08:00:00,0.00065121,8
2021-02-07 16:00:00,0.00106206,16
2021-02-08 00:00:00,0.00059267,0
2021-02-08 08:00:00,0.00057887,8
2021-02-08 16:00:00,0.00248993,16
2021-02-09 00:00:00,0.00131125,0
2021-02-09 08:00:00,0.00186573,8
2021-02-09 16:00:00,0.00161159,16
2021-02-10 00:00:00,0.00124313,0
2021-02-10 08:00:00,0.0017535,8
2021-02-10 16:00:00,0.00112397,16
2021-02-11 00:00:00,0.00076742,0
2021-02-11 08:00:00,0.0008307,8
2021-02-11 16:00:00,0.0017411,16
2021-02-12 00:00:00,0.00128772,0
2021-02-12 08:00:00,0.0012563,8
2021-02-12 16:00:00,0.00105533,16
2021-02-13 00:00:00,0.00139999,0
2021-02-13 08:00:00,0.00141609,8
2021-02-13 16:00:00,0.00075946,16
2021-02-14 00:00:00,0.00085048,0
2021-02-14 08:00:00,0.00146185,8
2021-02-14 16:00:00,0.00149489,16
2021-02-15 00:00:00,0.0011786,0
2021-02-15 08:00:00,0.00040617,8
2021-02-15 16:00:00,0.00068133,16
2021-02-16 00:00:00,0.000996,0
2021-02-16 08:00:00,0.00123546,8
2021-02-16 16:00:00,0.00141818,16
2021-02-17 00:00:00,0.00104066,0
2021-02-17 08:00:00,0.00093436,8
2021-02-17 16:00:00,0.00147112,16
2021-02-18 00:00:00,0.00132249,0
2021-02-18 08:00:00,0.00154303,8
2021-02-18 16:00:00,0.00125842,16
2021-02-19 00:00:00,0.00091255,0
2021-02-19 08:00:00,0.00084526,8
2021-02-19 16:00:00,0.00128791,16
2021-02-20 00:00:00,0.00156318,0
2021-02-20 08:00:00,0.00116465,8
2021-02-20 16:00:00,0.00122535,16
2021-02-21 00:00:00,0.00100357,0
2021-02-21 08:00:00,0.00099022,8
2021-02-21 16:00:00,0.0012582,16
2021-02-22 00:00:00,0.00117049,0
2021-02-22 08:00:00,0.00091782,8
2021-02-22 16:00:00,0.00077864,16
2021-02-23 00:00:00,0.00024947,0
2021-02-23 08:00:00,0.0002962,8
2021-02-23 16:00:00,0.00013281,16
2021-02-24 00:00:00,0.0001,0
2021-02-24 08:00:00,0.00051791,8
2021-02-24 16:00:00,0.00037289,16
2021-02-25 00:00:00,0.00017706,0
2021-02-25 08:00:00,0.00018247,8
2021-02-25 16:00:00,0.00034053,16
2021-02-26 00:00:00,0.0001,0
2021-02-26 08:00:00,0.0001,8
2021-02-26 16:00:00,0.0001,16
2021-02-27 00:00:00,0.00030164,0
2021-02-27 08:00:00,0.0004457,8
2021-02-27 16:00:00,0.00010038,16
2021-02-28 00:00:00,0.0001,0
2021-02-28 08:00:00,0.0001,8
2021-02-28 16:00:00,0.00037706,16
2021-03-01 00:00:00,0.00016921,0
2021-03-01 08:00:00,0.0001,8
2021-03-01 16:00:00,0.0001,16
2021-03-02 00:00:00,0.0001,0
2021-03-02 08:00:00,0.0001,8
2021-03-02 16:00:00,0.0001,16
2021-03-03 00:00:00,0.0001,0
2021-03-03 08:00:00,0.0001,8
2021-03-03 16:00:00,0.00045078,16
2021-03-04 00:00:00,0.0001,0
2021-03-04 08:00:00,0.0001,8
2021-03-04 16:00:00,0.0001,16
2021-03-05 00:00:00,0.0001,0
2021-03-05 08:00:00,0.0001,8
2021-03-05 16:00:00,0.0001,16
2021-03-06 00:00:00,0.0001,0
2021-03-06 08:00:00,0.0001,8
2021-03-06 16:00:00,0.0001,16
2021-03-07 00:00:00,0.0001,0
2021-03-07 08:00:00,0.0001,8
2021-03-07 16:00:00,0.00017606,16
2021-03-08 00:00:00,0.0001,0
2021-03-08 08:00:00,0.0001,8
2021-03-08 16:00:00,0.00024757,16
2021-03-09 00:00:00,0.00072419,0
2021-03-09 08:00:00,0.00041976,8
2021-03-09 16:00:00,0.00057038,16
2021-03-10 00:00:00,0.00024344,0
2021-03-10 08:00:00,0.00048586,8
2021-03-10 16:00:00,0.00056915,16
2021-03-11 00:00:00,0.00095931,0
2021-03-11 08:00:00,0.00099305,8
2021-03-11 16:00:00,0.00085439,16
2021-03-12 00:00:00,0.00102002,0
2021-03-12 08:00:00,0.00067147,8
2021-03-12 16:00:00,0.00051199,16
2021-03-13 00:00:00,0.00047834,0
2021-03-13 08:00:00,0.00060567,8
2021-03-13 16:00:00,0.00057114,16
2021-03-14 00:00:00,0.00081828,0
2021-03-14 08:00:00,0.00084593,8
2021-03-14 16:00:00,0.00115069,16
2021-03-15 00:00:00,0.0008201,0
2021-03-15 08:00:00,0.0010521,8
2021-03-15 16:00:00,0.00015776,16
2021-03-16 00:00:00,0.00022573,0
2021-03-16 08:00:00,0.00035862,8
2021-03-16 16:00:00,0.00040673,16
2021-03-17 00:00:00,0.00035367,0
2021-03-17 08:00:00,0.00019234,8
2021-03-17 16:00:00,0.00024575,16
2021-03-18 00:00:00,0.00030265,0
2021-03-18 08:00:00,0.00029259,8
2021-03-18 16:00:00,0.00032547,16
2021-03-19 00:00:00,0.00032006,0
2021-03-19 08:00:00,0.00012887,8
2021-03-19 16:00:00,0.0003326,16
2021-03-20 00:00:00,0.0004928,0
2021-03-20 08:00:00,0.00044452,8
2021-03-20 16:00:00,0.00048936,16
2021-03-21 00:00:00,0.00031366,0
2021-03-21 08:00:00,0.00042375,8
2021-03-21 16:00:00,0.0001,16
2021-03-22 00:00:00,0.00051919,0
2021-03-22 08:00:00,0.00045562,8
2021-03-22 16:00:00,0.00048977,16
2021-03-23 00:00:00,0.0002421,0
2021-03-23 08:00:00,0.00026619,8
2021-03-23 16:00:00,0.00042245,16
2021-03-24 00:00:00,0.00053454,0
2021-03-24 08:00:00,0.00016567,8
2021-03-24 16:00:00,0.00026422,16
2021-03-25 00:00:00,0.00011828,0
2021-03-25 08:00:00,0.0001,8
2021-03-25 16:00:00,0.0001,16
2021-03-26 00:00:00,0.00016,0
2021-03-26 08:00:00,0.0001,8
2021-03-26 16:00:00,0.0001,16
2021-03-27 00:00:00,0.0001,0
2021-03-27 08:00:00,0.0001,8
2021-03-27 16:00:00,0.0001,16
2021-03-28 00:00:00,0.0001,0
2021-03-28 08:00:00,0.0001,8
2021-03-28 16:00:00,0.0001,16
2021-03-29 00:00:00,0.0001,0
2021-03-29 08:00:00,0.0001,8
2021-03-29 16:00:00,0.00018171,16
2021-03-30 00:00:00,0.00032026,0
2021-03-30 08:00:00,0.00027258,8
2021-03-30 16:00:00,0.00083501,16
2021-03-31 00:00:00,0.00080754,0
2021-03-31 08:00:00,0.00070889,8
2021-03-31 16:00:00,0.00058414,16
2021-04-01 00:00:00,0.00109277,0
2021-04-01 08:00:00,0.00095247,8
2021-04-01 16:00:00,0.00051932,16
2021-04-02 00:00:00,0.00071058,0
2021-04-02 08:00:00,0.00106221,8
2021-04-02 16:00:00,0.0010197,16
2021-04-03 00:00:00,0.00063267,0
2021-04-03 08:00:00,0.00107843,8
2021-04-03 16:00:00,0.00101313,16
2021-04-04 00:00:00,0.0005209,0
2021-04-04 08:00:00,0.00048495,8
2021-04-04 16:00:00,0.00026521,16
2021-04-05 00:00:00,0.00039464,0
2021-04-05 08:00:00,0.00043217,8
2021-04-05 16:00:00,0.00037409,16
2021-04-06 00:00:00,0.00097189,0
2021-04-06 08:00:00,0.00057776,8
2021-04-06 16:00:00,0.00083736,16
2021-04-07 00:00:00,0.00057609,0
2021-04-07 08:00:00,0.00053749,8
2021-04-07 16:00:00,0.0005366,16
2021-04-08 00:00:00,0.00040784,0
2021-04-08 08:00:00,0.00024943,8
2021-04-08 16:00:00,0.00026225,16
2021-04-09 00:00:00,0.00019611,0
2021-04-09 08:00:00,0.00026301,8
2021-04-09 16:00:00,0.00021785,16
2021-04-10 00:00:00,0.00012959,0
2021-04-10 08:00:00,0.00148624,8
2021-04-10 16:00:00,0.00119652,16
2021-04-11 00:00:00,0.00086735,0
2021-04-11 08:00:00,0.00099427,8
2021-04-11 16:00:00,0.00105998,16
2021-04-12 00:00:00,0.00093793,0
2021-04-12 08:00:00,0.00106358,8
2021-04-12 16:00:00,0.00094343,16
2021-04-13 00:00:00,0.00084072,0
2021-04-13 08:00:00,0.00089928,8
2021-04-13 16:00:00,0.0012267,16
2021-04-14 00:00:00,0.00090508,0
2021-04-14 08:00:00,0.00108567,8
2021-04-14 16:00:00,0.00104786,16
2021-04-15 00:00:00,0.00076335,0
2021-04-15 08:00:00,0.00082082,8
2021-04-15 16:00:00,0.00110324,16
2021-04-16 00:00:00,0.00109647,0
2021-04-16 08:00:00,0.00120022,8
2021-04-16 16:00:00,0.00115519,16
2021-04-17 00:00:00,0.00054906,0
2021-04-17 08:00:00,0.00054007,8
2021-04-17 16:00:00,0.00087572,16
2021-04-18 00:00:00,0.00081624,0
2021-04-18 08:00:00,0.00058448,8
2021-04-18 16:00:00,0.0001,16
2021-04-19 00:00:00,0.0001,0
2021-04-19 08:00:00,0.0001,8
2021-04-19 16:00:00,0.0001,16
2021-04-20 00:00:00,0.0001,0
2021-04-20 08:00:00,0.0001,8
2021-04-20 16:00:00,0.0001,16
2021-04-21 00:00:00,0.0001,0
2021-04-21 08:00:00,0.0001,8
2021-04-21 16:00:00,0.0001,16
2021-04-22 00:00:00,0.0001,0
2021-04-22 08:00:00,0.0001,8
2021-04-22 16:00:00,0.0001,16
2021-04-23 00:00:00,0.0001,0
2021-04-23 08:00:00,0.00047618,8
2021-04-23 16:00:00,0.0001,16
2021-04-24 00:00:00,0.0001,0
2021-04-24 08:00:00,0.00027672,8
2021-04-24 16:00:00,0.0001676,16
2021-04-25 00:00:00,0.000217,0
2021-04-25 08:00:00,0.00038558,8
2021-04-25 16:00:00,0.0001,16
2021-04-26 00:00:00,0.0001,0
2021-04-26 08:00:00,0.0001,8
2021-04-26 16:00:00,0.0001,16
2021-04-27 00:00:00,0.0001,0
2021-04-27 08:00:00,0.0001,8
2021-04-27 16:00:00,0.0001,16
2021-04-28 00:00:00,0.0001,0
2021-04-28 08:00:00,0.0001,8
2021-04-28 16:00:00,0.0001,16
2021-04-29 00:00:00,0.0001,0
2021-04-29 08:00:00,0.0001,8
2021-04-29 16:00:00,0.0001,16
2021-04-30 00:00:00,0.0001,0
2021-04-30 08:00:00,0.0001,8
2021-04-30 16:00:00,0.0001,16
2021-05-01 00:00:00,0.00011209,0
2021-05-01 08:00:00,0.0001,8
2021-05-01 16:00:00,0.00032496,16
2021-05-02 00:00:00,0.00015819,0
2021-05-02 08:00:00,0.00045285,8
2021-05-02 16:00:00,0.00045283,16
2021-05-03 00:00:00,0.00040313,0
2021-05-03 08:00:00,0.00036188,8
2021-05-03 16:00:00,0.00067307,16
2021-05-04 00:00:00,0.00050959,0
2021-05-04 08:00:00,0.00012186,8
2021-05-04 16:00:00,0.00066426,16
2021-05-05 00:00:00,0.00044701,0
2021-05-05 08:00:00,0.00042458,8
2021-05-05 16:00:00,0.00011734,16
2021-05-06 00:00:00,0.00076121,0
2021-05-06 08:00:00,0.00059968,8
2021-05-06 16:00:00,0.0009352,16
2021-05-07 00:00:00,0.00044645,0
2021-05-07 08:00:00,0.00053313,8
2021-05-07 16:00:00,0.00017144,16
2021-05-08 00:00:00,0.0005937,0
2021-05-08 08:00:00,0.00046279,8
2021-05-08 16:00:00,0.00046426,16
2021-05-09 00:00:00,0.00048942,0
2021-05-09 08:00:00,0.00043845,8
2021-05-09 16:00:00,0.00063864,16
2021-05-10 00:00:00,0.00033531,0
2021-05-10 08:00:00,0.00090258,8
2021-05-10 16:00:00,0.00098653,16
2021-05-11 00:00:00,0.00039557,0
2021-05-11 08:00:00,0.00050874,8
2021-05-11 16:00:00,0.00025625,16
2021-05-12 00:00:00,0.00016659,0
2021-05-12 08:00:00,0.00033736,8
2021-05-12 16:00:00,0.00039761,16
2021-05-13 00:00:00,0.00011638,0
2021-05-13 08:00:00,0.0001,8
2021-05-13 16:00:00,0.00022863,16
2021-05-14 00:00:00,0.0004004,0
2021-05-14 08:00:00,0.00035219,8
2021-05-14 16:00:00,0.00015069,16
2021-05-15 00:00:00,0.0001,0
2021-05-15 08:00:00,0.00010123,8
2021-05-15 16:00:00,0.00020153,16
2021-05-16 00:00:00,0.00040248,0
2021-05-16 08:00:00,0.00016682,8
2021-05-16 16:00:00,0.00036196,16
2021-05-17 00:00:00,0.0001,0
2021-05-17 08:00:00,0.00063989,8
2021-05-17 16:00:00,0.00059294,16
2021-05-18 00:00:00,0.00054643,0
2021-05-18 08:00:00,0.00014723,8
2021-05-18 16:00:00,0.00021809,16
2021-05-19 00:00:00,0.0001,0
2021-05-19 08:00:00,0.00035813,8
2021-05-19 16:00:00,-0.00089697,16
2021-05-20 00:00:00,0.0001,0
2021-05-20 08:00:00,0.0001,8
2021-05-20 16:00:00,0.0001,16
2021-05-21 00:00:00,0.0001,0
2021-05-21 08:00:00,-1.001e-05,8
2021-05-21 16:00:00,7.546e-05,16
2021-05-22 00:00:00,-0.00024448,0
2021-05-22 08:00:00,0.0001,8
2021-05-22 16:00:00,0.0001,16
2021-05-23 00:00:00,-5.011e-05,0
2021-05-23 08:00:00,-1.059e-05,8
2021-05-23 16:00:00,4.696e-05,16
2021-05-24 00:00:00,-8.534e-05,0
2021-05-24 08:00:00,-9.905e-05,8
2021-05-24 16:00:00,2.089e-05,16
2021-05-25 00:00:00,0.0001,0
2021-05-25 08:00:00,0.0001,8
2021-05-25 16:00:00,0.0001,16
2021-05-26 00:00:00,0.0001,0
2021-05-26 08:00:00,0.0001,8
2021-05-26 16:00:00,0.0001,16
2021-05-27 00:00:00,0.0001,0
2021-05-27 08:00:00,0.0001,8
2021-05-27 16:00:00,0.0001,16
2021-05-28 00:00:00,0.0001,0
2021-05-28 08:00:00,0.0001,8
2021-05-28 16:00:00,0.0001,16
2021-05-29 00:00:00,0.0001,0
2021-05-29 08:00:00,0.0001,8
2021-05-29 16:00:00,0.00010375,16
2021-05-30 00:00:00,0.0001,0
2021-05-30 08:00:00,0.0001,8
2021-05-30 16:00:00,0.0001,16
2021-05-31 00:00:00,0.0001,0
2021-05-31 08:00:00,0.0001,8
2021-05-31 16:00:00,0.0001,16
2021-06-01 00:00:00,0.0001,0
2021-06-01 08:00:00,0.0001,8
2021-06-01 16:00:00,0.0001,16
2021-06-02 00:00:00,0.0001,0
2021-06-02 08:00:00,0.0001,8
2021-06-02 16:00:00,0.0001,16
2021-06-03 00:00:00,0.0001,0
2021-06-03 08:00:00,0.0001,8
2021-06-03 16:00:00,0.0001,16
2021-06-04 00:00:00,0.0001,0
2021-06-04 08:00:00,0.00020566,8
2021-06-04 16:00:00,0.0001,16
2021-06-05 00:00:00,0.0001,0
2021-06-05 08:00:00,0.0001,8
2021-06-05 16:00:00,0.0001,16
2021-06-06 00:00:00,0.0001,0
2021-06-06 08:00:00,0.0001,8
2021-06-06 16:00:00,0.0001,16
2021-06-07 00:00:00,0.0001,0
2021-06-07 08:00:00,0.0001,8
2021-06-07 16:00:00,0.0001,16
2021-06-08 00:00:00,0.0001,0
2021-06-08 08:00:00,1.015e-05,8
2021-06-08 16:00:00,0.0001,16
2021-06-09 00:00:00,0.0001,0
2021-06-09 08:00:00,-5.397e-05,8
2021-06-09 16:00:00,-0.00014842,16
2021-06-10 00:00:00,-0.00016793,0
2021-06-10 08:00:00,6.027e-05,8
2021-06-10 16:00:00,0.0001,16
2021-06-11 00:00:00,0.0001,0
2021-06-11 08:00:00,2.612e-05,8
2021-06-11 16:00:00,4.776e-05,16
2021-06-12 00:00:00,-7.78e-05,0
2021-06-12 08:00:00,0.0001,8
2021-06-12 16:00:00,-8.14e-06,16
2021-06-13 00:00:00,9.64e-05,0
2021-06-13 08:00:00,2.852e-05,8
2021-06-13 16:00:00,-6.559e-05,16
2021-06-14 00:00:00,0.0001,0
2021-06-14 08:00:00,0.0001,8
2021-06-14 16:00:00,-3.144e-05,16
2021-06-15 00:00:00,8.002e-05,0
2021-06-15 08:00:00,0.0001,8
2021-06-15 16:00:00,0.0001,16
2021-06-16 00:00:00,0.0001,0
2021-06-16 08:00:00,0.0001,8
2021-06-16 16:00:00,0.0001,16
2021-06-17 00:00:00,0.0001,0
2021-06-17 08:00:00,0.0001,8
2021-06-17 16:00:00,0.0001,16
2021-06-18 00:00:00,5.342e-05,0
2021-06-18 08:00:00,3.45e-06,8
2021-06-18 16:00:00,0.0001,16
2021-06-19 00:00:00,-5.205e-05,0
2021-06-19 08:00:00,-9.441e-05,8
2021-06-19 16:00:00,7.475e-05,16
2021-06-20 00:00:00,0.0001,0
2021-06-20 08:00:00,0.0001,8
2021-06-20 16:00:00,-0.00018437,16
2021-06-21 00:00:00,-1.617e-05,0
2021-06-21 08:00:00,0.0001,8
2021-06-21 16:00:00,-0.00019854,16
2021-06-22 00:00:00,7.947e-05,0
2021-06-22 08:00:00,0.0001,8
2021-06-22 16:00:00,-0.00032806,16
2021-06-23 00:00:00,6.7e-07,0
2021-06-23 08:00:00,-0.00013693,8
2021-06-23 16:00:00,-0.00019895,16
2021-06-24 00:00:00,-7.785e-05,0
2021-06-24 08:00:00,0.0001,8
2021-06-24 16:00:00,-0.00018863,16
2021-06-25 00:00:00,2.372e-05,0
2021-06-25 08:00:00,0.0001,8
2021-06-25 16:00:00,0.0001,16
2021-06-26 00:00:00,-0.00011029,0
2021-06-26 08:00:00,-0.00013121,8
2021-06-26 16:00:00,-0.00010371,16
2021-06-27 00:00:00,-0.00023578,0
2021-06-27 08:00:00,-0.00052905,8
2021-06-27 16:00:00,-0.00026102,16
2021-06-28 00:00:00,-2.914e-05,0
2021-06-28 08:00:00,3.312e-05,8
2021-06-28 16:00:00,0.0001,16
2021-06-29 00:00:00,8.346e-05,0
2021-06-29 08:00:00,0.0001,8
2021-06-29 16:00:00,3.883e-05,16
2021-06-30 00:00:00,0.0001,0
2021-06-30 08:00:00,0.0001,8
2021-06-30 16:00:00,0.0001,16
2021-07-01 00:00:00,0.0001,0
2021-07-01 08:00:00,0.0001,8
2021-07-01 16:00:00,0.0001,16
2021-07-02 00:00:00,8.304e-05,0
2021-07-02 08:00:00,0.0001,8
2021-07-02 16:00:00,-0.00012187,16
2021-07-03 00:00:00,-4.866e-05,0
2021-07-03 08:00:00,-0.0001355,8
2021-07-03 16:00:00,3.53e-05,16
2021-07-04 00:00:00,3.235e-05,0
2021-07-04 08:00:00,-0.0001527,8
2021-07-04 16:00:00,4.428e-05,16
2021-07-05 00:00:00,0.0001,0
2021-07-05 08:00:00,0.0001,8
2021-07-05 16:00:00,-0.0001044,16
2021-07-06 00:00:00,-6.81e-06,0
2021-07-06 08:00:00,-0.0001114,8
2021-07-06 16:00:00,-8.213e-05,16
2021-07-07 00:00:00,-0.00013362,0
2021-07-07 08:00:00,0.0001,8
2021-07-07 16:00:00,0.0001,16
2021-07-08 00:00:00,1.382e-05,0
2021-07-08 08:00:00,-6.403e-05,8
2021-07-08 16:00:00,-0.0002808,16
2021-07-09 00:00:00,-0.00010885,0
2021-07-09 08:00:00,-0.00017364,8
2021-07-09 16:00:00,-0.00018845,16
2021-07-10 00:00:00,-8.1e-07,0
2021-07-10 08:00:00,7.847e-05,8
2021-07-10 16:00:00,7.2e-07,16
2021-07-11 00:00:00,7.785e-05,0
2021-07-11 08:00:00,0.0001,8
2021-07-11 16:00:00,-3.373e-05,16
2021-07-12 00:00:00,8.851e-05,0
2021-07-12 08:00:00,3.463e-05,8
2021-07-12 16:00:00,0.0001,16
2021-07-13 00:00:00,0.0001,0
2021-07-13 08:00:00,0.0001,8
2021-07-13 16:00:00,5.2e-07,16
2021-07-14 00:00:00,0.0001,0
2021-07-14 08:00:00,1.317e-05,8
2021-07-14 16:00:00,-0.00011753,16
2021-07-15 00:00:00,-4.883e-05,0
2021-07-15 08:00:00,0.0001,8
2021-07-15 16:00:00,1.576e-05,16
2021-07-16 00:00:00,-0.00011529,0
2021-07-16 08:00:00,6.105e-05,8
2021-07-16 16:00:00,1.073e-05,16
2021-07-17 00:00:00,0.0001,0
2021-07-17 08:00:00,-4.343e-05,8
2021-07-17 16:00:00,2.365e-05,16
2021-07-18 00:00:00,0.0001,0
2021-07-18 08:00:00,0.0001,8
2021-07-18 16:00:00,-4.434e-05,16
2021-07-19 00:00:00,-7.51e-05,0
2021-07-19 08:00:00,3.183e-05,8
2021-07-19 16:00:00,-1.23e-05,16
2021-07-20 00:00:00,-0.00015687,0
2021-07-20 08:00:00,-0.00012569,8
2021-07-20 16:00:00,-0.00018939,16
2021-07-21 00:00:00,-0.00022869,0
2021-07-21 08:00:00,-0.00039139,8
2021-07-21 16:00:00,-0.00032314,16
2021-07-22 00:00:00,-0.00016261,0
2021-07-22 08:00:00,1.362e-05,8
2021-07-22 16:00:00,1.374e-05,16
2021-07-23 00:00:00,3.44e-06,0
2021-07-23 08:00:00,-0.00016985,8
2021-07-23 16:00:00,-9.9e-06,16
2021-07-24 00:00:00,-7.246e-05,0
2021-07-24 08:00:00,-0.00013379,8
2021-07-24 16:00:00,-0.00010603,16
2021-07-25 00:00:00,-0.00025685,0
2021-07-25 08:00:00,-0.00021708,8
2021-07-25 16:00:00,-5.198e-05,16
2021-07-26 00:00:00,-0.00054841,0
2021-07-26 08:00:00,0.0001,8
2021-07-26 16:00:00,0.0001,16
2021-07-27 00:00:00,0.0001,0
2021-07-27 08:00:00,0.0001,8
2021-07-27 16:00:00,-2.248e-05,16
2021-07-28 00:00:00,-2.037e-05,0
2021-07-28 08:00:00,0.0001,8
2021-07-28 16:00:00,0.0001,16
2021-07-29 00:00:00,1.493e-05,0
2021-07-29 08:00:00,8.276e-05,8
2021-07-29 16:00:00,0.0001,16
2021-07-30 00:00:00,0.0001,0
2021-07-30 08:00:00,0.0001,8
2021-07-30 16:00:00,-2.377e-05,16
2021-07-31 00:00:00,0.0001,0
2021-07-31 08:00:00,0.0001,8
2021-07-31 16:00:00,0.0001,16
2021-08-01 00:00:00,0.0001,0
2021-08-01 08:00:00,0.0001,8
2021-08-01 16:00:00,0.0001,16
2021-08-02 00:00:00,0.0001,0
2021-08-02 08:00:00,0.0001,8
2021-08-02 16:00:00,0.0001,16
2021-08-03 00:00:00,0.0001,0
2021-08-03 08:00:00,0.0001,8
2021-08-03 16:00:00,0.0001,16
2021-08-04 00:00:00,0.0001,0
2021-08-04 08:00:00,0.0001,8
2021-08-04 16:00:00,1.272e-05,16
2021-08-05 00:00:00,0.0001,0
2021-08-05 08:00:00,0.0001,8
2021-08-05 16:00:00,0.0001,16
2021-08-06 00:00:00,0.0001,0
2021-08-06 08:00:00,0.0001,8
2021-08-06 16:00:00,0.0001,16
2021-08-07 00:00:00,0.0001,0
2021-08-07 08:00:00,0.0001,8
2021-08-07 16:00:00,0.0001,16
2021-08-08 00:00:00,0.0001,0
2021-08-08 08:00:00,0.0001,8
2021-08-08 16:00:00,0.0001,16
2021-08-09 00:00:00,0.0001,0
2021-08-09 08:00:00,0.0001,8
2021-08-09 16:00:00,0.0001,16
2021-08-10 00:00:00,0.0001,0
2021-08-10 08:00:00,0.0001,8
2021-08-10 16:00:00,0.0001,16
2021-08-11 00:00:00,0.0001,0
2021-08-11 08:00:00,0.0001,8
2021-08-11 16:00:00,0.0001,16
2021-08-12 00:00:00,0.0001,0
2021-08-12 08:00:00,0.0001,8
2021-08-12 16:00:00,0.0001,16
2021-08-13 00:00:00,0.0001,0
2021-08-13 08:00:00,0.0001,8
2021-08-13 16:00:00,0.0001,16
2021-08-14 00:00:00,0.0001,0
2021-08-14 08:00:00,0.0001,8
2021-08-14 16:00:00,0.0001,16
2021-08-15 00:00:00,0.0001,0
2021-08-15 08:00:00,0.0001,8
2021-08-15 16:00:00,0.0001,16
2021-08-16 00:00:00,0.0001,0
2021-08-16 08:00:00,0.0001,8
2021-08-16 16:00:00,0.00013924,16
2021-08-17 00:00:00,0.0001,0
2021-08-17 08:00:00,0.0001,8
2021-08-17 16:00:00,0.0001,16
2021-08-18 00:00:00,0.0001,0
2021-08-18 08:00:00,0.0001,8
2021-08-18 16:00:00,0.0001,16
2021-08-19 00:00:00,0.0001,0
2021-08-19 08:00:00,0.0001,8
2021-08-19 16:00:00,0.0001,16
2021-08-20 00:00:00,0.0001,0
2021-08-20 08:00:00,0.00011483,8
2021-08-20 16:00:00,0.00014278,16
2021-08-21 00:00:00,0.0001,0
2021-08-21 08:00:00,0.00020013,8
2021-08-21 16:00:00,0.00016694,16
2021-08-22 00:00:00,0.0001,0
2021-08-22 08:00:00,0.0001,8
2021-08-22 16:00:00,0.00014813,16
2021-08-23 00:00:00,0.0001,0
2021-08-23 08:00:00,0.0003918,8
2021-08-23 16:00:00,0.00023983,16
2021-08-24 00:00:00,0.000293,0
2021-08-24 08:00:00,0.0001,8
2021-08-24 16:00:00,0.00041348,16
2021-08-25 00:00:00,0.00019568,0
2021-08-25 08:00:00,0.0001,8
2021-08-25 16:00:00,0.0001,16
2021-08-26 00:00:00,0.0001,0
2021-08-26 08:00:00,0.00021865,8
2021-08-26 16:00:00,0.0001,16
2021-08-27 00:00:00,0.0001,0
2021-08-27 08:00:00,0.0001,8
2021-08-27 16:00:00,0.0001,16
2021-08-28 00:00:00,0.0001,0
2021-08-28 08:00:00,0.0003224,8
2021-08-28 16:00:00,0.00023137,16
2021-08-29 00:00:00,0.0001,0
2021-08-29 08:00:00,0.0001,8
2021-08-29 16:00:00,0.0001,16
2021-08-30 00:00:00,0.0001,0
2021-08-30 08:00:00,0.0001,8
2021-08-30 16:00:00,0.0002255,16
2021-08-31 00:00:00,0.00036162,0
2021-08-31 08:00:00,0.00027795,8
2021-08-31 16:00:00,0.00023354,16
2021-09-01 00:00:00,0.00044618,0
2021-09-01 08:00:00,0.00027256,8
2021-09-01 16:00:00,0.00033967,16
2021-09-02 00:00:00,0.0004052,0
2021-09-02 08:00:00,0.0004869,8
2021-09-02 16:00:00,0.00057405,16
2021-09-03 00:00:00,0.00047856,0
2021-09-03 08:00:00,0.00033375,8
2021-09-03 16:00:00,0.00024375,16
2021-09-04 00:00:00,0.00043928,0
2021-09-04 08:00:00,0.00011799,8
2021-09-04 16:00:00,0.00019219,16
2021-09-05 00:00:00,0.0001,0
2021-09-05 08:00:00,0.0001,8
2021-09-05 16:00:00,0.0001,16
2021-09-06 00:00:00,0.00026783,0
2021-09-06 08:00:00,0.0001,8
2021-09-06 16:00:00,0.0001,16
2021-09-07 00:00:00,0.0001,0
2021-09-07 08:00:00,0.0001,8
2021-09-07 16:00:00,0.00022977,16
2021-09-08 00:00:00,0.0001,0
2021-09-08 08:00:00,0.0001,8
2021-09-08 16:00:00,0.0001,16
2021-09-09 00:00:00,0.0001,0
2021-09-09 08:00:00,0.0001,8
2021-09-09 16:00:00,0.0001,16
2021-09-10 00:00:00,0.0001,0
2021-09-10 08:00:00,0.0001,8
2021-09-10 16:00:00,0.00011115,16
2021-09-11 00:00:00,0.0001,0
2021-09-11 08:00:00,0.0001,8
2021-09-11 16:00:00,0.0001,16
2021-09-12 00:00:00,0.0001,0
2021-09-12 08:00:00,0.0001,8
2021-09-12 16:00:00,0.0001,16
2021-09-13 00:00:00,0.0001,0
2021-09-13 08:00:00,0.0001,8
2021-09-13 16:00:00,0.0001,16
2021-09-14 00:00:00,0.0001,0
2021-09-14 08:00:00,0.0001,8
2021-09-14 16:00:00,0.0001,16
2021-09-15 00:00:00,0.0001,0
2021-09-15 08:00:00,0.0001,8
2021-09-15 16:00:00,0.0001,16
2021-09-16 00:00:00,0.0001,0
2021-09-16 08:00:00,0.0001,8
2021-09-16 16:00:00,0.0001,16
2021-09-17 00:00:00,0.0001,0
2021-09-17 08:00:00,0.0001,8
2021-09-17 16:00:00,0.0001,16
2021-09-18 00:00:00,0.0001,0
2021-09-18 08:00:00,0.0001,8
2021-09-18 16:00:00,0.0001,16
2021-09-19 00:00:00,0.0001,0
2021-09-19 08:00:00,0.0001,8
2021-09-19 16:00:00,0.0001,16
2021-09-20 00:00:00,0.0001,0
2021-09-20 08:00:00,0.0001,8
2021-09-20 16:00:00,0.0001,16
2021-09-21 00:00:00,0.0001,0
2021-09-21 08:00:00,0.0001,8
2021-09-21 16:00:00,0.0001,16
2021-09-22 00:00:00,0.0001,0
2021-09-22 08:00:00,0.0001,8
2021-09-22 16:00:00,0.0001,16
2021-09-23 00:00:00,4.744e-05,0
2021-09-23 08:00:00,7.835e-05,8
2021-09-23 16:00:00,0.0001,16
2021-09-24 00:00:00,-7.856e-05,0
2021-09-24 08:00:00,-8.536e-05,8
2021-09-24 16:00:00,3.978e-05,16
2021-09-25 00:00:00,0.0001,0
2021-09-25 08:00:00,5.629e-05,8
2021-09-25 16:00:00,0.0001,16
2021-09-26 00:00:00,2.457e-05,0
2021-09-26 08:00:00,0.0001,8
2021-09-26 16:00:00,-1.686e-05,16
2021-09-27 00:00:00,0.0001,0
2021-09-27 08:00:00,0.0001,8
2021-09-27 16:00:00,0.0001,16
2021-09-28 00:00:00,2.549e-05,0
2021-09-28 08:00:00,3.318e-05,8
2021-09-28 16:00:00,9.756e-05,16
2021-09-29 00:00:00,4.448e-05,0
2021-09-29 08:00:00,3.757e-05,8
2021-09-29 16:00:00,5.661e-05,16
2021-09-30 00:00:00,0.0001,0
2021-09-30 08:00:00,0.0001,8
2021-09-30 16:00:00,9.235e-05,16
2021-10-01 00:00:00,2.202e-05,0
2021-10-01 08:00:00,-2.693e-05,8
2021-10-01 16:00:00,0.0001,16
2021-10-02 00:00:00,5.277e-05,0
2021-10-02 08:00:00,3.519e-05,8
2021-10-02 16:00:00,5.938e-05,16
2021-10-03 00:00:00,0.0001,0
2021-10-03 08:00:00,0.0001,8
2021-10-03 16:00:00,0.0001,16
2021-10-04 00:00:00,0.0001,0
2021-10-04 08:00:00,0.0001,8
2021-10-04 16:00:00,0.0001,16
2021-10-05 00:00:00,0.0001,0
2021-10-05 08:00:00,-2.427e-05,8
2021-10-05 16:00:00,1.61e-06,16
2021-10-06 00:00:00,0.0001,0
2021-10-06 08:00:00,0.0001,8
2021-10-06 16:00:00,0.0001,16
2021-10-07 00:00:00,0.0001,0
2021-10-07 08:00:00,0.0002918,8
2021-10-07 16:00:00,0.00032669,16
2021-10-08 00:00:00,0.00033379,0
2021-10-08 08:00:00,0.00023355,8
2021-10-08 16:00:00,0.00013417,16
2021-10-09 00:00:00,0.0001,0
2021-10-09 08:00:00,0.0001,8
2021-10-09 16:00:00,0.00015717,16
2021-10-10 00:00:00,0.0001,0
2021-10-10 08:00:00,0.00020906,8
2021-10-10 16:00:00,0.0001,16
2021-10-11 00:00:00,0.0001,0
2021-10-11 08:00:00,0.0001,8
2021-10-11 16:00:00,0.0001,16
2021-10-12 00:00:00,0.0001,0
2021-10-12 08:00:00,0.0001,8
2021-10-12 16:00:00,0.0001,16
2021-10-13 00:00:00,0.0001,0
2021-10-13 08:00:00,0.0001,8
2021-10-13 16:00:00,0.0001,16
2021-10-14 00:00:00,0.0001,0
2021-10-14 08:00:00,0.00022797,8
2021-10-14 16:00:00,0.00017282,16
2021-10-15 00:00:00,0.0001,0
2021-10-15 08:00:00,0.00036685,8
2021-10-15 16:00:00,0.0001,16
2021-10-16 00:00:00,0.00048084,0
2021-10-16 08:00:00,0.00027876,8
2021-10-16 16:00:00,0.00043303,16
2021-10-17 00:00:00,0.00031281,0
2021-10-17 08:00:00,0.00040131,8
2021-10-17 16:00:00,0.0004425,16
2021-10-18 00:00:00,0.00038415,0
2021-10-18 08:00:00,0.00022227,8
2021-10-18 16:00:00,0.0001,16
2021-10-19 00:00:00,0.0001,0
2021-10-19 08:00:00,0.00014974,8
2021-10-19 16:00:00,0.0001,16
2021-10-20 00:00:00,0.0001,0
2021-10-20 08:00:00,0.0001,8
2021-10-20 16:00:00,0.00063237,16
2021-10-21 00:00:00,0.00068927,0
2021-10-21 08:00:00,0.00057124,8
2021-10-21 16:00:00,0.00062183,16
2021-10-22 00:00:00,0.00033487,0
2021-10-22 08:00:00,0.00024509,8
2021-10-22 16:00:00,0.00033222,16
2021-10-23 00:00:00,0.00026183,0
2021-10-23 08:00:00,0.00014854,8
2021-10-23 16:00:00,0.0001739,16
2021-10-24 00:00:00,0.00030335,0
2021-10-24 08:00:00,0.00037238,8
2021-10-24 16:00:00,0.00032862,16
2021-10-25 00:00:00,0.00048777,0
2021-10-25 08:00:00,0.00020028,8
2021-10-25 16:00:00,0.00017861,16
2021-10-26 00:00:00,0.00040992,0
2021-10-26 08:00:00,0.00060638,8
2021-10-26 16:00:00,0.00055995,16
2021-10-27 00:00:00,0.00033175,0
2021-10-27 08:00:00,0.00030309,8
2021-10-27 16:00:00,0.00023017,16
2021-10-28 00:00:00,0.00015574,0
2021-10-28 08:00:00,0.0001,8
2021-10-28 16:00:00,0.00013782,16
2021-10-29 00:00:00,0.0002352,0
2021-10-29 08:00:00,0.00024122,8
2021-10-29 16:00:00,0.00017968,16
2021-10-30 00:00:00,0.00016972,0
2021-10-30 08:00:00,0.00038483,8
2021-10-30 16:00:00,0.00023181,16
2021-10-31 00:00:00,0.00019088,0
2021-10-31 08:00:00,0.00048915,8
2021-10-31 16:00:00,0.00043874,16
2021-11-01 00:00:00,0.00032554,0
2021-11-01 08:00:00,0.00031437,8
2021-11-01 16:00:00,0.00056812,16
2021-11-02 00:00:00,0.00015524,0
2021-11-02 08:00:00,0.00033216,8
2021-11-02 16:00:00,0.00047797,16
2021-11-03 00:00:00,0.0008207,0
2021-11-03 08:00:00,0.00043965,8
2021-11-03 16:00:00,0.00031399,16
2021-11-04 00:00:00,0.00045987,0
2021-11-04 08:00:00,0.0005075,8
2021-11-04 16:00:00,0.00046368,16
2021-11-05 00:00:00,0.00018372,0
2021-11-05 08:00:00,0.00018568,8
2021-11-05 16:00:00,0.00041167,16
2021-11-06 00:00:00,0.00053155,0
2021-11-06 08:00:00,0.00045326,8
2021-11-06 16:00:00,0.00037687,16
2021-11-07 00:00:00,0.00017244,0
2021-11-07 08:00:00,0.00036277,8
2021-11-07 16:00:00,0.00037438,16
2021-11-08 00:00:00,0.00025861,0
2021-11-08 08:00:00,0.00049328,8
2021-11-08 16:00:00,0.0004876,16
2021-11-09 00:00:00,0.00038683,0
2021-11-09 08:00:00,0.00039251,8
2021-11-09 16:00:00,0.00067839,16
2021-11-10 00:00:00,0.00037679,0
2021-11-10 08:00:00,0.00068212,8
2021-11-10 16:00:00,0.00057535,16
2021-11-11 00:00:00,0.00023211,0
2021-11-11 08:00:00,0.0001,8
2021-11-11 16:00:00,0.00021812,16
2021-11-12 00:00:00,0.00018008,0
2021-11-12 08:00:00,0.00035543,8
2021-11-12 16:00:00,0.00036867,16
2021-11-13 00:00:00,0.00015442,0
2021-11-13 08:00:00,0.00031732,8
2021-11-13 16:00:00,0.00021842,16
2021-11-14 00:00:00,0.00013962,0
2021-11-14 08:00:00,0.0001,8
2021-11-14 16:00:00,0.00013059,16
2021-11-15 00:00:00,0.00016126,0
2021-11-15 08:00:00,0.00020745,8
2021-11-15 16:00:00,0.00040989,16
2021-11-16 00:00:00,0.00035998,0
2021-11-16 08:00:00,0.0001,8
2021-11-16 16:00:00,0.0001,16
2021-11-17 00:00:00,0.0001,0
2021-11-17 08:00:00,0.00013155,8
2021-11-17 16:00:00,0.0001,16
2021-11-18 00:00:00,0.0001,0
2021-11-18 08:00:00,0.0001,8
2021-11-18 16:00:00,0.00011235,16
2021-11-19 00:00:00,0.0001,0
2021-11-19 08:00:00,0.0001,8
2021-11-19 16:00:00,0.0001,16
2021-11-20 00:00:00,0.0001,0
2021-11-20 08:00:00,0.0001,8
2021-11-20 16:00:00,0.0001,16
2021-11-21 00:00:00,0.0001,0
2021-11-21 08:00:00,0.0001,8
2021-11-21 16:00:00,0.0001,16
2021-11-22 00:00:00,0.0001,0
2021-11-22 08:00:00,0.0001,8
2021-11-22 16:00:00,0.0001,16
2021-11-23 00:00:00,0.0001,0
2021-11-23 08:00:00,0.00012897,8
2021-11-23 16:00:00,0.0001,16
2021-11-24 00:00:00,0.0001,0
2021-11-24 08:00:00,0.0001,8
2021-11-24 16:00:00,0.0001201,16
2021-11-25 00:00:00,0.00014549,0
2021-11-25 08:00:00,0.00016775,8
2021-11-25 16:00:00,0.00011888,16
2021-11-26 00:00:00,0.00013863,0
2021-11-26 08:00:00,0.00033741,8
2021-11-26 16:00:00,0.0001,16
2021-11-27 00:00:00,0.00010824,0
2021-11-27 08:00:00,0.0001,8
2021-11-27 16:00:00,0.0001,16
2021-11-28 00:00:00,0.0001,0
2021-11-28 08:00:00,0.0001,8
2021-11-28 16:00:00,0.0001,16
2021-11-29 00:00:00,0.0001,0
2021-11-29 08:00:00,0.0001,8
2021-11-29 16:00:00,0.00020774,16
2021-11-30 00:00:00,0.0002781,0
2021-11-30 08:00:00,0.0001,8
2021-11-30 16:00:00,0.0001,16
2021-12-01 00:00:00,0.00012689,0
2021-12-01 08:00:00,0.00029146,8
2021-12-01 16:00:00,0.0001,16
2021-12-02 00:00:00,0.00015951,0
2021-12-02 08:00:00,0.0001,8
2021-12-02 16:00:00,0.0001,16
2021-12-03 00:00:00,0.0001,0
2021-12-03 08:00:00,0.00011686,8
2021-12-03 16:00:00,0.00027198,16
2021-12-04 00:00:00,0.0001,0
2021-12-04 08:00:00,6.285e-05,8
2021-12-04 16:00:00,2.893e-05,16
2021-12-05 00:00:00,8.272e-05,0
2021-12-05 08:00:00,9.001e-05,8
2021-12-05 16:00:00,0.0001,16
2021-12-06 00:00:00,0.0001,0
2021-12-06 08:00:00,0.0001,8
2021-12-06 16:00:00,0.0001,16
2021-12-07 00:00:00,0.0001,0
2021-12-07 08:00:00,3.977e-05,8
2021-12-07 16:00:00,0.0001,16
2021-12-08 00:00:00,0.0001,0
2021-12-08 08:00:00,0.0001,8
2021-12-08 16:00:00,0.0001,16
2021-12-09 00:00:00,0.0001,0
2021-12-09 08:00:00,0.0001,8
2021-12-09 16:00:00,0.0001,16
2021-12-10 00:00:00,0.0001,0
2021-12-10 08:00:00,0.0001,8
2021-12-10 16:00:00,0.0001,16
2021-12-11 00:00:00,0.0001,0
2021-12-11 08:00:00,0.0001,8
2021-12-11 16:00:00,0.0001,16
2021-12-12 00:00:00,0.0001,0
2021-12-12 08:00:00,0.0001,8
2021-12-12 16:00:00,0.0001,16
2021-12-13 00:00:00,0.0001,0
2021-12-13 08:00:00,0.0001,8
2021-12-13 16:00:00,0.0001,16
2021-12-14 00:00:00,-4.93e-06,0
2021-12-14 08:00:00,0.0001,8
2021-12-14 16:00:00,8.838e-05,16
2021-12-15 00:00:00,0.0001,0
2021-12-15 08:00:00,0.0001,8
2021-12-15 16:00:00,0.0001,16
2021-12-16 00:00:00,0.0001,0
2021-12-16 08:00:00,0.0001,8
2021-12-16 16:00:00,0.0001,16
2021-12-17 00:00:00,0.0001,0
2021-12-17 08:00:00,0.0001,8
2021-12-17 16:00:00,4.678e-05,16
2021-12-18 00:00:00,9.119e-05,0
2021-12-18 08:00:00,9.221e-05,8
2021-12-18 16:00:00,8.402e-05,16
2021-12-19 00:00:00,7.08e-05,0
2021-12-19 08:00:00,0.0001,8
2021-12-19 16:00:00,0.0001,16
2021-12-20 00:00:00,0.0001,0
2021-12-20 08:00:00,0.0001,8
2021-12-20 16:00:00,0.0001,16
2021-12-21 00:00:00,9.184e-05,0
2021-12-21 08:00:00,0.0001,8
2021-12-21 16:00:00,0.0001,16
2021-12-22 00:00:00,0.0001,0
2021-12-22 08:00:00,0.0001,8
2021-12-22 16:00:00,0.0001,16
2021-12-23 00:00:00,9.72e-05,0
2021-12-23 08:00:00,0.0001,8
2021-12-23 16:00:00,4.018e-05,16
2021-12-24 00:00:00,0.0001,0
2021-12-24 08:00:00,0.0001,8
2021-12-24 16:00:00,0.0001,16
2021-12-25 00:00:00,0.0001,0
2021-12-25 08:00:00,0.0001,8
2021-12-25 16:00:00,0.0001,16
2021-12-26 00:00:00,0.0001,0
2021-12-26 08:00:00,0.0001,8
2021-12-26 16:00:00,0.0001,16
2021-12-27 00:00:00,0.0001,0
2021-12-27 08:00:00,0.0001,8
2021-12-27 16:00:00,0.0001,16
2021-12-28 00:00:00,0.0001,0
2021-12-28 08:00:00,0.0001,8
2021-12-28 16:00:00,0.0001,16
2021-12-29 00:00:00,0.0001,0
2021-12-29 08:00:00,0.0001,8
2021-12-29 16:00:00,0.0001,16
2021-12-30 00:00:00,0.0001,0
2021-12-30 08:00:00,0.0001,8
2021-12-30 16:00:00,0.0001,16
2021-12-31 00:00:00,-3.102e-05,0
2021-12-31 08:00:00,0.0001,8
2021-12-31 16:00:00,0.0001,16
2022-01-01 00:00:00,0.0001,0
2022-01-01 08:00:00,0.0001,8
2022-01-01 16:00:00,0.0001,16
2022-01-02 00:00:00,0.0001,0
2022-01-02 08:00:00,0.0001,8
2022-01-02 16:00:00,0.0001,16
2022-01-03 00:00:00,0.0001,0
2022-01-03 08:00:00,0.0001,8
2022-01-03 16:00:00,0.0001,16
2022-01-04 00:00:00,0.0001,0
2022-01-04 08:00:00,0.0001,8
2022-01-04 16:00:00,0.0001,16
2022-01-05 00:00:00,0.0001,0
2022-01-05 08:00:00,0.0001,8
2022-01-05 16:00:00,0.0001,16
2022-01-06 00:00:00,0.0001,0
2022-01-06 08:00:00,0.0001,8
2022-01-06 16:00:00,0.0001,16
2022-01-07 00:00:00,0.0001,0
2022-01-07 08:00:00,0.0001,8
2022-01-07 16:00:00,0.0001,16
2022-01-08 00:00:00,0.0001,0
2022-01-08 08:00:00,0.0001,8
2022-01-08 16:00:00,0.0001,16
2022-01-09 00:00:00,0.0001,0
2022-01-09 08:00:00,0.0001,8
2022-01-09 16:00:00,0.0001,16
2022-01-10 00:00:00,0.0001,0
2022-01-10 08:00:00,4.522e-05,8
2022-01-10 16:00:00,0.0001,16
2022-01-11 00:00:00,0.0001,0
2022-01-11 08:00:00,7.394e-05,8
2022-01-11 16:00:00,0.0001,16
2022-01-12 00:00:00,-4.772e-05,0
2022-01-12 08:00:00,9.625e-05,8
2022-01-12 16:00:00,-5.342e-05,16
2022-01-13 00:00:00,-7.506e-05,0
2022-01-13 08:00:00,0.0001,8
2022-01-13 16:00:00,-6.081e-05,16
2022-01-14 00:00:00,5.92e-06,0
2022-01-14 08:00:00,-9.17e-05,8
2022-01-14 16:00:00,-6.655e-05,16
2022-01-15 00:00:00,2.282e-05,0
2022-01-15 08:00:00,0.0001,8
2022-01-15 16:00:00,2.661e-05,16
2022-01-16 00:00:00,9.07e-05,0
2022-01-16 08:00:00,-2.33e-05,8
2022-01-16 16:00:00,3.62e-05,16
2022-01-17 00:00:00,1.751e-05,0
2022-01-17 08:00:00,6.647e-05,8
2022-01-17 16:00:00,0.0001,16
2022-01-18 00:00:00,0.0001,0
2022-01-18 08:00:00,9.998e-05,8
2022-01-18 16:00:00,0.0001,16
2022-01-19 00:00:00,4.973e-05,0
2022-01-19 08:00:00,0.0001,8
2022-01-19 16:00:00,0.0001,16
2022-01-20 00:00:00,0.0001,0
2022-01-20 08:00:00,0.0001,8
2022-01-20 16:00:00,0.0001,16
2022-01-21 00:00:00,0.0001,0
2022-01-21 08:00:00,4.523e-05,8
2022-01-21 16:00:00,8.226e-05,16
2022-01-22 00:00:00,-1.051e-05,0
2022-01-22 08:00:00,4.122e-05,8
2022-01-22 16:00:00,0.0001,16
2022-01-23 00:00:00,0.0001,0
2022-01-23 08:00:00,-1.256e-05,8
2022-01-23 16:00:00,-1.573e-05,16
2022-01-24 00:00:00,3.48e-05,0
2022-01-24 08:00:00,5.605e-05,8
2022-01-24 16:00:00,5.009e-05,16
2022-01-25 00:00:00,0.0001,0
2022-01-25 08:00:00,8.126e-05,8
2022-01-25 16:00:00,-0.00010008,16
2022-01-26 00:00:00,6.76e-06,0
2022-01-26 08:00:00,-1.905e-05,8
2022-01-26 16:00:00,-4.13e-05,16
2022-01-27 00:00:00,-4.869e-05,0
2022-01-27 08:00:00,-0.00010186,8
2022-01-27 16:00:00,-7.554e-05,16
2022-01-28 00:00:00,-4.93e-06,0
2022-01-28 08:00:00,7.165e-05,8
2022-01-28 16:00:00,2.88e-05,16
2022-01-29 00:00:00,-1.093e-05,0
2022-01-29 08:00:00,5.239e-05,8
2022-01-29 16:00:00,-3.029e-05,16
2022-01-30 00:00:00,6.05e-05,0
2022-01-30 08:00:00,9.126e-05,8
2022-01-30 16:00:00,0.0001,16
2022-01-31 00:00:00,8.927e-05,0
2022-01-31 08:00:00,-7.369e-05,8
2022-01-31 16:00:00,-5.648e-05,16
2022-02-01 00:00:00,-4e-05,0
2022-02-01 08:00:00,6.113e-05,8
2022-02-01 16:00:00,-6.256e-05,16
2022-02-02 00:00:00,-2.905e-05,0
2022-02-02 08:00:00,0.0001,8
2022-02-02 16:00:00,2.553e-05,16
2022-02-03 00:00:00,-7.716e-05,0
2022-02-03 08:00:00,1.168e-05,8
2022-02-03 16:00:00,-1.533e-05,16
2022-02-04 00:00:00,1.462e-05,0
2022-02-04 08:00:00,-8.571e-05,8
2022-02-04 16:00:00,0.0001,16
2022-02-05 00:00:00,7.457e-05,0
2022-02-05 08:00:00,0.0001,8
2022-02-05 16:00:00,0.0001,16
2022-02-06 00:00:00,0.0001,0
2022-02-06 08:00:00,0.0001,8
2022-02-06 16:00:00,0.0001,16
2022-02-07 00:00:00,1.477e-05,0
2022-02-07 08:00:00,5.264e-05,8
2022-02-07 16:00:00,-9.617e-05,16
2022-02-08 00:00:00,0.0001,0
2022-02-08 08:00:00,0.0001,8
2022-02-08 16:00:00,0.0001,16
2022-02-09 00:00:00,8.216e-05,0
2022-02-09 08:00:00,5.826e-05,8
2022-02-09 16:00:00,5.12e-05,16
2022-02-10 00:00:00,0.0001,0
2022-02-10 08:00:00,-1.799e-05,8
2022-02-10 16:00:00,0.0001,16
2022-02-11 00:00:00,3.895e-05,0
2022-02-11 08:00:00,-5.238e-05,8
2022-02-11 16:00:00,-7.643e-05,16
2022-02-12 00:00:00,0.0001,0
2022-02-12 08:00:00,0.0001,8
2022-02-12 16:00:00,0.0001,16
2022-02-13 00:00:00,8.047e-05,0
2022-02-13 08:00:00,7.937e-05,8
2022-02-13 16:00:00,6.814e-05,16
2022-02-14 00:00:00,9.717e-05,0
2022-02-14 08:00:00,2.867e-05,8
2022-02-14 16:00:00,6.445e-05,16
2022-02-15 00:00:00,0.0001,0
2022-02-15 08:00:00,-7.76e-05,8
2022-02-15 16:00:00,5.462e-05,16
2022-02-16 00:00:00,0.0001,0
2022-02-16 08:00:00,0.0001,8
2022-02-16 16:00:00,0.0001,16
2022-02-17 00:00:00,0.0001,0
2022-02-17 08:00:00,0.0001,8
2022-02-17 16:00:00,0.0001,16
2022-02-18 00:00:00,-4.38e-06,0
2022-02-18 08:00:00,-2.923e-05,8
2022-02-18 16:00:00,-9.36e-06,16
2022-02-19 00:00:00,0.0001,0
2022-02-19 08:00:00,9.61e-06,8
2022-02-19 16:00:00,7.71e-05,16
2022-02-20 00:00:00,3.023e-05,0
2022-02-20 08:00:00,6.581e-05,8
2022-02-20 16:00:00,-7.517e-05,16
2022-02-21 00:00:00,6.5e-05,0
2022-02-21 08:00:00,-4.498e-05,8
2022-02-21 16:00:00,-3.473e-05,16
2022-02-22 00:00:00,-5.357e-05,0
2022-02-22 08:00:00,2.477e-05,8
2022-02-22 16:00:00,-3.085e-05,16
2022-02-23 00:00:00,-2.623e-05,0
2022-02-23 08:00:00,-0.00012603,8
2022-02-23 16:00:00,-3.332e-05,16
2022-02-24 00:00:00,6.475e-05,0
2022-02-24 08:00:00,-0.00016045,8
2022-02-24 16:00:00,-9.21e-05,16
2022-02-25 00:00:00,0.0001,0
2022-02-25 08:00:00,6.22e-05,8
2022-02-25 16:00:00,9.98e-06,16
2022-02-26 00:00:00,9.332e-05,0
2022-02-26 08:00:00,0.0001,8
2022-02-26 16:00:00,7.614e-05,16
2022-02-27 00:00:00,5.574e-05,0
2022-02-27 08:00:00,1.803e-05,8
2022-02-27 16:00:00,-6.28e-06,16
2022-02-28 00:00:00,-0.00021167,0
2022-02-28 08:00:00,-8.986e-05,8
2022-02-28 16:00:00,-5.386e-05,16
2022-03-01 00:00:00,0.0001,0
2022-03-01 08:00:00,0.0001,8
2022-03-01 16:00:00,4.369e-05,16
2022-03-02 00:00:00,-5.07e-06,0
2022-03-02 08:00:00,0.0001,8
2022-03-02 16:00:00,0.0001,16
2022-03-03 00:00:00,0.0001,0
2022-03-03 08:00:00,0.0001,8
2022-03-03 16:00:00,0.0001,16
2022-03-04 00:00:00,0.0001,0
2022-03-04 08:00:00,0.0001,8
2022-03-04 16:00:00,0.0001,16
2022-03-05 00:00:00,0.0001,0
2022-03-05 08:00:00,0.0001,8
2022-03-05 16:00:00,1.656e-05,16
2022-03-06 00:00:00,4.115e-05,0
2022-03-06 08:00:00,-9.6e-06,8
2022-03-06 16:00:00,1.957e-05,16
2022-03-07 00:00:00,3.18e-06,0
2022-03-07 08:00:00,-8.983e-05,8
2022-03-07 16:00:00,-3.177e-05,16
2022-03-08 00:00:00,3.378e-05,0
2022-03-08 08:00:00,0.0001,8
2022-03-08 16:00:00,0.0001,16
2022-03-09 00:00:00,6.776e-05,0
2022-03-09 08:00:00,0.0001,8
2022-03-09 16:00:00,0.0001,16
2022-03-10 00:00:00,0.0001,0
2022-03-10 08:00:00,8.28e-05,8
2022-03-10 16:00:00,-8.919e-05,16
2022-03-11 00:00:00,-9.808e-05,0
2022-03-11 08:00:00,-7.765e-05,8
2022-03-11 16:00:00,4.301e-05,16
2022-03-12 00:00:00,-3.07e-06,0
2022-03-12 08:00:00,3.168e-05,8
2022-03-12 16:00:00,-3.565e-05,16
2022-03-13 00:00:00,-5.855e-05,0
2022-03-13 08:00:00,6.13e-06,8
2022-03-13 16:00:00,-5.741e-05,16
2022-03-14 00:00:00,-8.009e-05,0
2022-03-14 08:00:00,-6.699e-05,8
2022-03-14 16:00:00,2.708e-05,16
2022-03-15 00:00:00,5.726e-05,0
2022-03-15 08:00:00,4.476e-05,8
2022-03-15 16:00:00,9.061e-05,16
2022-03-16 00:00:00,0.0001,0
2022-03-16 08:00:00,5.871e-05,8
2022-03-16 16:00:00,0.0001,16
2022-03-17 00:00:00,0.0001,0
2022-03-17 08:00:00,0.0001,8
2022-03-17 16:00:00,0.0001,16
2022-03-18 00:00:00,0.0001,0
2022-03-18 08:00:00,1.662e-05,8
2022-03-18 16:00:00,0.0001,16
2022-03-19 00:00:00,0.0001,0
2022-03-19 08:00:00,0.0001,8
2022-03-19 16:00:00,0.0001,16
2022-03-20 00:00:00,0.0001,0
2022-03-20 08:00:00,0.0001,8
2022-03-20 16:00:00,0.0001,16
2022-03-21 00:00:00,0.0001,0
2022-03-21 08:00:00,-9.54e-06,8
2022-03-21 16:00:00,-9.3e-07,16
2022-03-22 00:00:00,0.0001,0
2022-03-22 08:00:00,0.0001,8
2022-03-22 16:00:00,0.0001,16
2022-03-23 00:00:00,0.0001,0
2022-03-23 08:00:00,0.0001,8
2022-03-23 16:00:00,7.014e-05,16
2022-03-24 00:00:00,1.664e-05,0
2022-03-24 08:00:00,8e-06,8
2022-03-24 16:00:00,-9.07e-06,16
2022-03-25 00:00:00,6.7e-06,0
2022-03-25 08:00:00,9.286e-05,8
2022-03-25 16:00:00,5.473e-05,16
2022-03-26 00:00:00,9.739e-05,0
2022-03-26 08:00:00,-7.111e-05,8
2022-03-26 16:00:00,0.0001,16
2022-03-27 00:00:00,-8.253e-05,0
2022-03-27 08:00:00,1.306e-05,8
2022-03-27 16:00:00,0.0001,16
2022-03-28 00:00:00,0.0001,0
2022-03-28 08:00:00,0.0001,8
2022-03-28 16:00:00,0.0001,16
2022-03-29 00:00:00,0.0001,0
2022-03-29 08:00:00,0.0001,8
2022-03-29 16:00:00,9.594e-05,16
2022-03-30 00:00:00,0.0001,0
2022-03-30 08:00:00,0.0001,8
2022-03-30 16:00:00,0.0001,16
2022-03-31 00:00:00,0.0001,0
2022-03-31 08:00:00,0.0001,8
2022-03-31 16:00:00,0.0001,16
2022-04-01 00:00:00,0.0001,0
2022-04-01 08:00:00,7.626e-05,8
2022-04-01 16:00:00,9.193e-05,16
2022-04-02 00:00:00,0.0001,0
2022-04-02 08:00:00,0.0001,8
2022-04-02 16:00:00,0.0001,16
2022-04-03 00:00:00,0.0001,0
2022-04-03 08:00:00,0.0001,8
2022-04-03 16:00:00,0.0001,16
2022-04-04 00:00:00,0.0001,0
2022-04-04 08:00:00,0.0001,8
2022-04-04 16:00:00,0.0001,16
2022-04-05 00:00:00,0.0001,0
2022-04-05 08:00:00,0.0001,8
2022-04-05 16:00:00,0.0001,16
2022-04-06 00:00:00,9.898e-05,0
2022-04-06 08:00:00,0.0001,8
2022-04-06 16:00:00,0.0001,16
2022-04-07 00:00:00,0.0001,0
2022-04-07 08:00:00,0.0001,8
2022-04-07 16:00:00,2.421e-05,16
2022-04-08 00:00:00,4.306e-05,0
2022-04-08 08:00:00,0.0001,8
2022-04-08 16:00:00,0.0001,16
2022-04-09 00:00:00,0.0001,0
2022-04-09 08:00:00,9.279e-05,8
2022-04-09 16:00:00,0.0001,16
2022-04-10 00:00:00,2.721e-05,0
2022-04-10 08:00:00,6.231e-05,8
2022-04-10 16:00:00,0.0001,16
2022-04-11 00:00:00,2.43e-06,0
2022-04-11 08:00:00,0.0001,8
2022-04-11 16:00:00,0.0001,16
2022-04-12 00:00:00,-6.795e-05,0
2022-04-12 08:00:00,-0.00010012,8
2022-04-12 16:00:00,-7.001e-05,16
2022-04-13 00:00:00,-1.692e-05,0
2022-04-13 08:00:00,7.53e-06,8
2022-04-13 16:00:00,-1.485e-05,16
2022-04-14 00:00:00,5.018e-05,0
2022-04-14 08:00:00,3.533e-05,8
2022-04-14 16:00:00,4.423e-05,16
2022-04-15 00:00:00,-0.00013233,0
2022-04-15 08:00:00,-6.805e-05,8
2022-04-15 16:00:00,7.697e-05,16
2022-04-16 00:00:00,2.197e-05,0
2022-04-16 08:00:00,5.199e-05,8
2022-04-16 16:00:00,6.201e-05,16
2022-04-17 00:00:00,7.2e-06,0
2022-04-17 08:00:00,9.838e-05,8
2022-04-17 16:00:00,0.0001,16
2022-04-18 00:00:00,-3.231e-05,0
2022-04-18 08:00:00,-0.00017197,8
2022-04-18 16:00:00,-5.436e-05,16
2022-04-19 00:00:00,0.0001,0
2022-04-19 08:00:00,6.251e-05,8
2022-04-19 16:00:00,-5.028e-05,16
2022-04-20 00:00:00,9.45e-05,0
2022-04-20 08:00:00,9.543e-05,8
2022-04-20 16:00:00,3.714e-05,16
2022-04-21 00:00:00,1.77e-06,0
2022-04-21 08:00:00,-5.245e-05,8
2022-04-21 16:00:00,5.359e-05,16
2022-04-22 00:00:00,3.026e-05,0
2022-04-22 08:00:00,-0.00016984,8
2022-04-22 16:00:00,-4.15e-06,16
2022-04-23 00:00:00,-9.023e-05,0
2022-04-23 08:00:00,-7.562e-05,8
2022-04-23 16:00:00,-0.00011883,16
2022-04-24 00:00:00,-0.00018273,0
2022-04-24 08:00:00,-0.00015276,8
2022-04-24 16:00:00,-3.654e-05,16
2022-04-25 00:00:00,-8.908e-05,0
2022-04-25 08:00:00,-7.844e-05,8
2022-04-25 16:00:00,7.223e-05,16
2022-04-26 00:00:00,0.0001,0
2022-04-26 08:00:00,0.0001,8
2022-04-26 16:00:00,0.0001,16
2022-04-27 00:00:00,-0.0001264,0
2022-04-27 08:00:00,-0.00011034,8
2022-04-27 16:00:00,1.968e-05,16
2022-04-28 00:00:00,-5.716e-05,0
2022-04-28 08:00:00,-5.544e-05,8
2022-04-28 16:00:00,0.0001,16
2022-04-29 00:00:00,0.0001,0
2022-04-29 08:00:00,0.0001,8
2022-04-29 16:00:00,2.628e-05,16
2022-04-30 00:00:00,-9.371e-05,0
2022-04-30 08:00:00,4.536e-05,8
2022-04-30 16:00:00,5.926e-05,16
2022-05-01 00:00:00,2.403e-05,0
2022-05-01 08:00:00,9.5e-07,8
2022-05-01 16:00:00,0.0001,16
2022-05-02 00:00:00,0.0001,0
2022-05-02 08:00:00,9e-05,8
2022-05-02 16:00:00,0.0001,16
2022-05-03 00:00:00,0.0001,0
2022-05-03 08:00:00,0.0001,8
2022-05-03 16:00:00,0.0001,16
2022-05-04 00:00:00,0.0001,0
2022-05-04 08:00:00,2.504e-05,8
2022-05-04 16:00:00,0.0001,16
2022-05-05 00:00:00,0.0001,0
2022-05-05 08:00:00,0.0001,8
2022-05-05 16:00:00,0.0001,16
2022-05-06 00:00:00,-0.0001346,0
2022-05-06 08:00:00,-5.734e-05,8
2022-05-06 16:00:00,4.197e-05,16
2022-05-07 00:00:00,-5.273e-05,0
2022-05-07 08:00:00,5.998e-05,8
2022-05-07 16:00:00,7.13e-06,16
2022-05-08 00:00:00,-2.659e-05,0
2022-05-08 08:00:00,0.0001,8
2022-05-08 16:00:00,0.0001,16
2022-05-09 00:00:00,0.0001,0
2022-05-09 08:00:00,0.0001,8
2022-05-09 16:00:00,0.0001,16
2022-05-10 00:00:00,0.0001,0
2022-05-10 08:00:00,0.0001,8
2022-05-10 16:00:00,0.0001,16
2022-05-11 00:00:00,7.58e-05,0
2022-05-11 08:00:00,6.939e-05,8
2022-05-11 16:00:00,-3.512e-05,16
2022-05-12 00:00:00,-0.00018773,0
2022-05-12 08:00:00,-0.00041995,8
2022-05-12 16:00:00,-0.00014678,16
2022-05-13 00:00:00,-7.127e-05,0
2022-05-13 08:00:00,-6.05e-06,8
2022-05-13 16:00:00,6.045e-05,16
2022-05-14 00:00:00,0.0001,0
2022-05-14 08:00:00,0.0001,8
2022-05-14 16:00:00,0.0001,16
2022-05-15 00:00:00,8.29e-05,0
2022-05-15 08:00:00,0.0001,8
2022-05-15 16:00:00,9.053e-05,16
2022-05-16 00:00:00,0.0001,0
2022-05-16 08:00:00,8.883e-05,8
2022-05-16 16:00:00,4.94e-05,16
2022-05-17 00:00:00,0.0001,0
2022-05-17 08:00:00,-7.1e-06,8
2022-05-17 16:00:00,4.705e-05,16
2022-05-18 00:00:00,-6.956e-05,0
2022-05-18 08:00:00,-5.753e-05,8
2022-05-18 16:00:00,2.893e-05,16
2022-05-19 00:00:00,-3.41e-06,0
2022-05-19 08:00:00,5.624e-05,8
2022-05-19 16:00:00,7.465e-05,16
2022-05-20 00:00:00,0.0001,0
2022-05-20 08:00:00,0.0001,8
2022-05-20 16:00:00,0.0001,16
2022-05-21 00:00:00,-2.02e-06,0
2022-05-21 08:00:00,-2.146e-05,8
2022-05-21 16:00:00,2.549e-05,16
2022-05-22 00:00:00,2.41e-05,0
2022-05-22 08:00:00,-3.063e-05,8
2022-05-22 16:00:00,0.0001,16
2022-05-23 00:00:00,0.0001,0
2022-05-23 08:00:00,0.0001,8
2022-05-23 16:00:00,0.0001,16
2022-05-24 00:00:00,-0.00012372,0
2022-05-24 08:00:00,-6.76e-06,8
2022-05-24 16:00:00,2.892e-05,16
2022-05-25 00:00:00,3.679e-05,0
2022-05-25 08:00:00,0.0001,8
2022-05-25 16:00:00,0.0001,16
2022-05-26 00:00:00,7.516e-05,0
2022-05-26 08:00:00,0.0001,8
2022-05-26 16:00:00,7.21e-06,16
2022-05-27 00:00:00,0.0001,0
2022-05-27 08:00:00,0.0001,8
2022-05-27 16:00:00,0.0001,16
2022-05-28 00:00:00,0.0001,0
2022-05-28 08:00:00,8.712e-05,8
2022-05-28 16:00:00,0.0001,16
2022-05-29 00:00:00,0.0001,0
2022-05-29 08:00:00,0.0001,8
2022-05-29 16:00:00,0.0001,16
2022-05-30 00:00:00,0.0001,0
2022-05-30 08:00:00,0.0001,8
2022-05-30 16:00:00,0.0001,16
2022-05-31 00:00:00,0.0001,0
2022-05-31 08:00:00,0.0001,8
2022-05-31 16:00:00,0.0001,16
2022-06-01 00:00:00,0.0001,0
2022-06-01 08:00:00,0.0001,8
2022-06-01 16:00:00,0.0001,16
2022-06-02 00:00:00,-1.452e-05,0
2022-06-02 08:00:00,2.265e-05,8
2022-06-02 16:00:00,2.107e-05,16
2022-06-03 00:00:00,-3.378e-05,0
2022-06-03 08:00:00,-1.456e-05,8
2022-06-03 16:00:00,6.937e-05,16
2022-06-04 00:00:00,2.7e-06,0
2022-06-04 08:00:00,4.795e-05,8
2022-06-04 16:00:00,5.506e-05,16
2022-06-05 00:00:00,4.358e-05,0
2022-06-05 08:00:00,2.828e-05,8
2022-06-05 16:00:00,4.753e-05,16
2022-06-06 00:00:00,6.036e-05,0
2022-06-06 08:00:00,9.656e-05,8
2022-06-06 16:00:00,0.0001,16
2022-06-07 00:00:00,0.0001,0
2022-06-07 08:00:00,-0.00010234,8
2022-06-07 16:00:00,-3.705e-05,16
2022-06-08 00:00:00,0.0001,0
2022-06-08 08:00:00,0.0001,8
2022-06-08 16:00:00,0.0001,16
2022-06-09 00:00:00,0.0001,0
2022-06-09 08:00:00,9.106e-05,8
2022-06-09 16:00:00,0.0001,16
2022-06-10 00:00:00,0.0001,0
2022-06-10 08:00:00,9.289e-05,8
2022-06-10 16:00:00,3.503e-05,16
2022-06-11 00:00:00,1.762e-05,0
2022-06-11 08:00:00,3.79e-06,8
2022-06-11 16:00:00,6.606e-05,16
2022-06-12 00:00:00,0.0001,0
2022-06-12 08:00:00,5.63e-06,8
2022-06-12 16:00:00,4.39e-06,16
2022-06-13 00:00:00,5.616e-05,0
2022-06-13 08:00:00,-3.182e-05,8
2022-06-13 16:00:00,-5.8e-06,16
2022-06-14 00:00:00,4.088e-05,0
2022-06-14 08:00:00,-0.00010037,8
2022-06-14 16:00:00,-5.186e-05,16
2022-06-15 00:00:00,-2.077e-05,0
2022-06-15 08:00:00,-7.24e-05,8
2022-06-15 16:00:00,-6.66e-06,16
2022-06-16 00:00:00,-4.114e-05,0
2022-06-16 08:00:00,4.475e-05,8
2022-06-16 16:00:00,-5.277e-05,16
2022-06-17 00:00:00,-2.222e-05,0
2022-06-17 08:00:00,-9.486e-05,8
2022-06-17 16:00:00,5.092e-05,16
2022-06-18 00:00:00,7.356e-05,0
2022-06-18 08:00:00,4.575e-05,8
2022-06-18 16:00:00,5.227e-05,16
2022-06-19 00:00:00,4.243e-05,0
2022-06-19 08:00:00,-4.559e-05,8
2022-06-19 16:00:00,7.239e-05,16
2022-06-20 00:00:00,8.73e-06,0
2022-06-20 08:00:00,-5.4e-06,8
2022-06-20 16:00:00,6.08e-05,16
2022-06-21 00:00:00,0.0001,0
2022-06-21 08:00:00,4.967e-05,8
2022-06-21 16:00:00,2.028e-05,16
2022-06-22 00:00:00,1.78e-06,0
2022-06-22 08:00:00,-2.982e-05,8
2022-06-22 16:00:00,-1.64e-05,16
2022-06-23 00:00:00,-8.72e-06,0
2022-06-23 08:00:00,-1.577e-05,8
2022-06-23 16:00:00,-2.656e-05,16
2022-06-24 00:00:00,6.006e-05,0
2022-06-24 08:00:00,0.0001,8
2022-06-24 16:00:00,0.0001,16
2022-06-25 00:00:00,2.621e-05,0
2022-06-25 08:00:00,0.0001,8
2022-06-25 16:00:00,0.0001,16
2022-06-26 00:00:00,0.0001,0
2022-06-26 08:00:00,0.0001,8
2022-06-26 16:00:00,6.69e-06,16
2022-06-27 00:00:00,7.82e-05,0
2022-06-27 08:00:00,3.533e-05,8
2022-06-27 16:00:00,6.102e-05,16
2022-06-28 00:00:00,-2.586e-05,0
2022-06-28 08:00:00,-5.613e-05,8
2022-06-28 16:00:00,2.435e-05,16
2022-06-29 00:00:00,4.188e-05,0
2022-06-29 08:00:00,8.335e-05,8
2022-06-29 16:00:00,5.319e-05,16
2022-06-30 00:00:00,3.24e-06,0
2022-06-30 08:00:00,-5.159e-05,8
2022-06-30 16:00:00,-0.00015879,16
2022-07-01 00:00:00,-8.786e-05,0
2022-07-01 08:00:00,3.106e-05,8
2022-07-01 16:00:00,-8.061e-05,16
2022-07-02 00:00:00,-2.913e-05,0
2022-07-02 08:00:00,5.218e-05,8
2022-07-02 16:00:00,2.12e-05,16
2022-07-03 00:00:00,3.57e-05,0
2022-07-03 08:00:00,4.779e-05,8
2022-07-03 16:00:00,7.251e-05,16
2022-07-04 00:00:00,7.792e-05,0
2022-07-04 08:00:00,4.63e-05,8
2022-07-04 16:00:00,2.248e-05,16
2022-07-05 00:00:00,5.291e-05,0
2022-07-05 08:00:00,0.0001,8
2022-07-05 16:00:00,1.2e-06,16
2022-07-06 00:00:00,0.0001,0
2022-07-06 08:00:00,0.0001,8
2022-07-06 16:00:00,8.373e-05,16
2022-07-07 00:00:00,5.274e-05,0
2022-07-07 08:00:00,0.0001,8
2022-07-07 16:00:00,0.0001,16
2022-07-08 00:00:00,2.12e-06,0
2022-07-08 08:00:00,0.0001,8
2022-07-08 16:00:00,0.0001,16
2022-07-09 00:00:00,0.0001,0
2022-07-09 08:00:00,0.0001,8
2022-07-09 16:00:00,6.143e-05,16
2022-07-10 00:00:00,9.962e-05,0
2022-07-10 08:00:00,0.0001,8
2022-07-10 16:00:00,0.0001,16
2022-07-11 00:00:00,4.543e-05,0
2022-07-11 08:00:00,7.236e-05,8
2022-07-11 16:00:00,8.5e-05,16
2022-07-12 00:00:00,8.003e-05,0
2022-07-12 08:00:00,6.433e-05,8
2022-07-12 16:00:00,2.667e-05,16
2022-07-13 00:00:00,-1.204e-05,0
2022-07-13 08:00:00,6.17e-06,8
2022-07-13 16:00:00,-1.218e-05,16
2022-07-14 00:00:00,5.7e-07,0
2022-07-14 08:00:00,0.0001,8
2022-07-14 16:00:00,3.451e-05,16
2022-07-15 00:00:00,9.257e-05,0
2022-07-15 08:00:00,1.401e-05,8
2022-07-15 16:00:00,1.601e-05,16
2022-07-16 00:00:00,6.055e-05,0
2022-07-16 08:00:00,7.996e-05,8
2022-07-16 16:00:00,8e-06,16
2022-07-17 00:00:00,8.038e-05,0
2022-07-17 08:00:00,0.0001,8
2022-07-17 16:00:00,8.709e-05,16
2022-07-18 00:00:00,0.0001,0
2022-07-18 08:00:00,0.0001,8
2022-07-18 16:00:00,0.0001,16
2022-07-19 00:00:00,0.0001,0
2022-07-19 08:00:00,0.0001,8
2022-07-19 16:00:00,0.0001,16
2022-07-20 00:00:00,0.0001,0
2022-07-20 08:00:00,0.0001,8
2022-07-20 16:00:00,8.118e-05,16
2022-07-21 00:00:00,0.0001,0
2022-07-21 08:00:00,0.0001,8
2022-07-21 16:00:00,0.0001,16
2022-07-22 00:00:00,0.0001,0
2022-07-22 08:00:00,0.0001,8
2022-07-22 16:00:00,5.172e-05,16
2022-07-23 00:00:00,9.043e-05,0
2022-07-23 08:00:00,1.021e-05,8
2022-07-23 16:00:00,0.0001,16
2022-07-24 00:00:00,3.77e-05,0
2022-07-24 08:00:00,0.0001,8
2022-07-24 16:00:00,8.293e-05,16
2022-07-25 00:00:00,0.0001,0
2022-07-25 08:00:00,1.238e-05,8
2022-07-25 16:00:00,2.319e-05,16
2022-07-26 00:00:00,0.0001,0
2022-07-26 08:00:00,3.654e-05,8
2022-07-26 16:00:00,8.659e-05,16
2022-07-27 00:00:00,4.591e-05,0
2022-07-27 08:00:00,5.085e-05,8
2022-07-27 16:00:00,2.951e-05,16
2022-07-28 00:00:00,9.229e-05,0
2022-07-28 08:00:00,0.0001,8
2022-07-28 16:00:00,0.0001,16
2022-07-29 00:00:00,0.0001,0
2022-07-29 08:00:00,0.0001,8
2022-07-29 16:00:00,0.0001,16
2022-07-30 00:00:00,0.0001,0
2022-07-30 08:00:00,0.0001,8
2022-07-30 16:00:00,0.0001,16
2022-07-31 00:00:00,0.0001,0
2022-07-31 08:00:00,0.0001,8
2022-07-31 16:00:00,6.281e-05,16
2022-08-01 00:00:00,0.0001,0
2022-08-01 08:00:00,0.0001,8
2022-08-01 16:00:00,6.449e-05,16
2022-08-02 00:00:00,0.0001,0
2022-08-02 08:00:00,9.733e-05,8
2022-08-02 16:00:00,5.885e-05,16
2022-08-03 00:00:00,3.28e-06,0
2022-08-03 08:00:00,-3.96e-05,8
2022-08-03 16:00:00,4.382e-05,16
2022-08-04 00:00:00,-1.91e-06,0
2022-08-04 08:00:00,1.778e-05,8
2022-08-04 16:00:00,1.436e-05,16
2022-08-05 00:00:00,1.692e-05,0
2022-08-05 08:00:00,6.774e-05,8
2022-08-05 16:00:00,2.115e-05,16
2022-08-06 00:00:00,6.888e-05,0
2022-08-06 08:00:00,8.589e-05,8
2022-08-06 16:00:00,0.0001,16
2022-08-07 00:00:00,0.0001,0
2022-08-07 08:00:00,-7.37e-06,8
2022-08-07 16:00:00,2.401e-05,16
2022-08-08 00:00:00,0.0001,0
2022-08-08 08:00:00,2.79e-05,8
2022-08-08 16:00:00,0.0001,16
2022-08-09 00:00:00,0.0001,0
2022-08-09 08:00:00,7.92e-05,8
2022-08-09 16:00:00,0.0001,16
2022-08-10 00:00:00,-1.314e-05,0
2022-08-10 08:00:00,5.81e-06,8
2022-08-10 16:00:00,9.44e-05,16
2022-08-11 00:00:00,7.206e-05,0
2022-08-11 08:00:00,0.0001,8
2022-08-11 16:00:00,4.911e-05,16
2022-08-12 00:00:00,9.024e-05,0
2022-08-12 08:00:00,1.412e-05,8
2022-08-12 16:00:00,-3.384e-05,16
2022-08-13 00:00:00,-3.559e-05,0
2022-08-13 08:00:00,8.455e-05,8
2022-08-13 16:00:00,2.154e-05,16
2022-08-14 00:00:00,2.396e-05,0
2022-08-14 08:00:00,-3.33e-06,8
2022-08-14 16:00:00,1.239e-05,16
2022-08-15 00:00:00,-3.766e-05,0
2022-08-15 08:00:00,1.077e-05,8
2022-08-15 16:00:00,-1.339e-05,16
2022-08-16 00:00:00,3.243e-05,0
2022-08-16 08:00:00,1.56e-06,8
2022-08-16 16:00:00,2.87e-05,16
2022-08-17 00:00:00,4.66e-06,0
2022-08-17 08:00:00,2.62e-06,8
2022-08-17 16:00:00,9.364e-05,16
2022-08-18 00:00:00,8.391e-05,0
2022-08-18 08:00:00,0.0001,8
2022-08-18 16:00:00,7.171e-05,16
2022-08-19 00:00:00,0.0001,0
2022-08-19 08:00:00,2.108e-05,8
2022-08-19 16:00:00,-6.746e-05,16
2022-08-20 00:00:00,1.07e-05,0
2022-08-20 08:00:00,-6.722e-05,8
2022-08-20 16:00:00,-4.567e-05,16
2022-08-21 00:00:00,-1.957e-05,0
2022-08-21 08:00:00,-3.589e-05,8
2022-08-21 16:00:00,-3.234e-05,16
2022-08-22 00:00:00,-8.092e-05,0
2022-08-22 08:00:00,-3.215e-05,8
2022-08-22 16:00:00,4.021e-05,16
2022-08-23 00:00:00,-3.345e-05,0
2022-08-23 08:00:00,-4.031e-05,8
2022-08-23 16:00:00,8.46e-06,16
2022-08-24 00:00:00,2.509e-05,0
2022-08-24 08:00:00,-4.353e-05,8
2022-08-24 16:00:00,-3.538e-05,16
2022-08-25 00:00:00,1.28e-06,0
2022-08-25 08:00:00,1.547e-05,8
2022-08-25 16:00:00,4.481e-05,16
2022-08-26 00:00:00,-1.707e-05,0
2022-08-26 08:00:00,3.207e-05,8
2022-08-26 16:00:00,2.599e-05,16
2022-08-27 00:00:00,-2.808e-05,0
2022-08-27 08:00:00,-6.29e-05,8
2022-08-27 16:00:00,-4.396e-05,16
2022-08-28 00:00:00,-1.396e-05,0
2022-08-28 08:00:00,-8.758e-05,8
2022-08-28 16:00:00,-2.443e-05,16
2022-08-29 00:00:00,-0.00013623,0
2022-08-29 08:00:00,-0.00010056,8
2022-08-29 16:00:00,-6.193e-05,16
2022-08-30 00:00:00,1.123e-05,0
2022-08-30 08:00:00,-3.356e-05,8
2022-08-30 16:00:00,-5.903e-05,16
2022-08-31 00:00:00,-2.089e-05,0
2022-08-31 08:00:00,5.779e-05,8
2022-08-31 16:00:00,4.95e-05,16
2022-09-01 00:00:00,9.39e-05,0
2022-09-01 08:00:00,2.266e-05,8
2022-09-01 16:00:00,3.63e-05,16
2022-09-02 00:00:00,2.498e-05,0
2022-09-02 08:00:00,4.905e-05,8
2022-09-02 16:00:00,4.443e-05,16
2022-09-03 00:00:00,-1.99e-06,0
2022-09-03 08:00:00,9.442e-05,8
2022-09-03 16:00:00,1.115e-05,16
2022-09-04 00:00:00,5.88e-06,0
2022-09-04 08:00:00,5.463e-05,8
2022-09-04 16:00:00,2.119e-05,16
2022-09-05 00:00:00,8.292e-05,0
2022-09-05 08:00:00,-7.37e-06,8
2022-09-05 16:00:00,4.712e-05,16
2022-09-06 00:00:00,-2.45e-06,0
2022-09-06 08:00:00,3.43e-06,8
2022-09-06 16:00:00,3.473e-05,16
2022-09-07 00:00:00,-8.601e-05,0
2022-09-07 08:00:00,2.729e-05,8
2022-09-07 16:00:00,-3.48e-05,16
2022-09-08 00:00:00,6.2e-06,0
2022-09-08 08:00:00,3.327e-05,8
2022-09-08 16:00:00,5.667e-05,16
2022-09-09 00:00:00,1.312e-05,0
2022-09-09 08:00:00,0.0001,8
2022-09-09 16:00:00,0.0001,16
2022-09-10 00:00:00,0.0001,0
2022-09-10 08:00:00,9.764e-05,8
2022-09-10 16:00:00,0.0001,16
2022-09-11 00:00:00,7.115e-05,0
2022-09-11 08:00:00,0.0001,8
2022-09-11 16:00:00,6.712e-05,16
2022-09-12 00:00:00,0.0001,0
2022-09-12 08:00:00,8.246e-05,8
2022-09-12 16:00:00,0.0001,16
2022-09-13 00:00:00,9.965e-05,0
2022-09-13 08:00:00,0.0001,8
2022-09-13 16:00:00,0.0001,16
2022-09-14 00:00:00,-3.953e-05,0
2022-09-14 08:00:00,7.27e-06,8
2022-09-14 16:00:00,1.004e-05,16
2022-09-15 00:00:00,3.24e-06,0
2022-09-15 08:00:00,0.0001,8
2022-09-15 16:00:00,8.13e-06,16
2022-09-16 00:00:00,8.055e-05,0
2022-09-16 08:00:00,4.349e-05,8
2022-09-16 16:00:00,2.919e-05,16
2022-09-17 00:00:00,3.024e-05,0
2022-09-17 08:00:00,4.336e-05,8
2022-09-17 16:00:00,1.467e-05,16
2022-09-18 00:00:00,6.428e-05,0
2022-09-18 08:00:00,7.82e-05,8
2022-09-18 16:00:00,3.564e-05,16
2022-09-19 00:00:00,3.581e-05,0
2022-09-19 08:00:00,-9.289e-05,8
2022-09-19 16:00:00,6e-06,16
2022-09-20 00:00:00,7.813e-05,0
2022-09-20 08:00:00,5.855e-05,8
2022-09-20 16:00:00,1.721e-05,16
2022-09-21 00:00:00,5.185e-05,0
2022-09-21 08:00:00,1.478e-05,8
2022-09-21 16:00:00,2.732e-05,16
2022-09-22 00:00:00,-0.00011779,0
2022-09-22 08:00:00,-6.911e-05,8
2022-09-22 16:00:00,7.743e-05,16
2022-09-23 00:00:00,7.261e-05,0
2022-09-23 08:00:00,2.959e-05,8
2022-09-23 16:00:00,-5.008e-05,16
2022-09-24 00:00:00,2.947e-05,0
2022-09-24 08:00:00,1.676e-05,8
2022-09-24 16:00:00,5.345e-05,16
2022-09-25 00:00:00,9.99e-06,0
2022-09-25 08:00:00,3.653e-05,8
2022-09-25 16:00:00,2.593e-05,16
2022-09-26 00:00:00,-6.6e-06,0
2022-09-26 08:00:00,3.696e-05,8
2022-09-26 16:00:00,4.497e-05,16
2022-09-27 00:00:00,2.244e-05,0
2022-09-27 08:00:00,0.0001,8
2022-09-27 16:00:00,8.538e-05,16
2022-09-28 00:00:00,1.141e-05,0
2022-09-28 08:00:00,-1.071e-05,8
2022-09-28 16:00:00,5.332e-05,16
2022-09-29 00:00:00,5.681e-05,0
2022-09-29 08:00:00,7.641e-05,8
2022-09-29 16:00:00,6.685e-05,16
2022-09-30 00:00:00,0.0001,0
2022-09-30 08:00:00,0.0001,8
2022-09-30 16:00:00,0.0001,16
2022-10-01 00:00:00,3.198e-05,0
2022-10-01 08:00:00,0.0001,8
2022-10-01 16:00:00,7.005e-05,16
2022-10-02 00:00:00,4.262e-05,0
2022-10-02 08:00:00,5.816e-05,8
2022-10-02 16:00:00,5.384e-05,16
2022-10-03 00:00:00,3.996e-05,0
2022-10-03 08:00:00,8.316e-05,8
2022-10-03 16:00:00,0.0001,16
2022-10-04 00:00:00,0.0001,0
2022-10-04 08:00:00,0.0001,8
2022-10-04 16:00:00,0.0001,16
2022-10-05 00:00:00,0.0001,0
2022-10-05 08:00:00,0.0001,8
2022-10-05 16:00:00,0.0001,16
2022-10-06 00:00:00,0.0001,0
2022-10-06 08:00:00,0.0001,8
2022-10-06 16:00:00,0.0001,16
2022-10-07 00:00:00,0.0001,0
2022-10-07 08:00:00,0.0001,8
2022-10-07 16:00:00,7.513e-05,16
2022-10-08 00:00:00,3.85e-05,0
2022-10-08 08:00:00,7.345e-05,8
2022-10-08 16:00:00,4.149e-05,16
2022-10-09 00:00:00,3.246e-05,0
2022-10-09 08:00:00,1.776e-05,8
2022-10-09 16:00:00,1.951e-05,16
2022-10-10 00:00:00,6.241e-05,0
2022-10-10 08:00:00,6.069e-05,8
2022-10-10 16:00:00,0.0001,16
2022-10-11 00:00:00,0.0001,0
2022-10-11 08:00:00,0.0001,8
2022-10-11 16:00:00,0.0001,16
2022-10-12 00:00:00,0.0001,0
2022-10-12 08:00:00,0.0001,8
2022-10-12 16:00:00,0.0001,16
2022-10-13 00:00:00,7.466e-05,0
2022-10-13 08:00:00,0.0001,8
2022-10-13 16:00:00,3.936e-05,16
2022-10-14 00:00:00,3.235e-05,0
2022-10-14 08:00:00,0.0001,8
2022-10-14 16:00:00,8.395e-05,16
2022-10-15 00:00:00,4.317e-05,0
2022-10-15 08:00:00,3.772e-05,8
2022-10-15 16:00:00,4.563e-05,16
2022-10-16 00:00:00,2.735e-05,0
2022-10-16 08:00:00,4.61e-06,8
2022-10-16 16:00:00,3.394e-05,16
2022-10-17 00:00:00,3.31e-06,0
2022-10-17 08:00:00,4.84e-05,8
2022-10-17 16:00:00,6.458e-05,16
2022-10-18 00:00:00,0.0001,0
2022-10-18 08:00:00,0.0001,8
2022-10-18 16:00:00,0.0001,16
2022-10-19 00:00:00,7.598e-05,0
2022-10-19 08:00:00,0.0001,8
2022-10-19 16:00:00,0.0001,16
2022-10-20 00:00:00,0.0001,0
2022-10-20 08:00:00,6.021e-05,8
2022-10-20 16:00:00,2.095e-05,16
2022-10-21 00:00:00,4.708e-05,0
2022-10-21 08:00:00,4.483e-05,8
2022-10-21 16:00:00,-8.9e-06,16
2022-10-22 00:00:00,3.721e-05,0
2022-10-22 08:00:00,8.36e-05,8
2022-10-22 16:00:00,-3.19e-06,16
2022-10-23 00:00:00,4.152e-05,0
2022-10-23 08:00:00,1.171e-05,8
2022-10-23 16:00:00,5.174e-05,16
2022-10-24 00:00:00,0.0001,0
2022-10-24 08:00:00,0.0001,8
2022-10-24 16:00:00,2.328e-05,16
2022-10-25 00:00:00,4.327e-05,0
2022-10-25 08:00:00,9.019e-05,8
2022-10-25 16:00:00,-1.66e-06,16
2022-10-26 00:00:00,2.243e-05,0
2022-10-26 08:00:00,5.665e-05,8
2022-10-26 16:00:00,6.122e-05,16
2022-10-27 00:00:00,1.3e-07,0
2022-10-27 08:00:00,-2.276e-05,8
2022-10-27 16:00:00,1.376e-05,16
2022-10-28 00:00:00,-1.228e-05,0
2022-10-28 08:00:00,3.541e-05,8
2022-10-28 16:00:00,-2.629e-05,16
2022-10-29 00:00:00,2.484e-05,0
2022-10-29 08:00:00,4.755e-05,8
2022-10-29 16:00:00,4.205e-05,16
2022-10-30 00:00:00,-2.515e-05,0
2022-10-30 08:00:00,3.212e-05,8
2022-10-30 16:00:00,5.135e-05,16
2022-10-31 00:00:00,1.504e-05,0
2022-10-31 08:00:00,3.842e-05,8
2022-10-31 16:00:00,-4.34e-06,16
2022-11-01 00:00:00,7.22e-06,0
2022-11-01 08:00:00,-1.088e-05,8
2022-11-01 16:00:00,1.302e-05,16
2022-11-02 00:00:00,4.787e-05,0
2022-11-02 08:00:00,1.203e-05,8
2022-11-02 16:00:00,6.046e-05,16
2022-11-03 00:00:00,2.68e-05,0
2022-11-03 08:00:00,4.4e-06,8
2022-11-03 16:00:00,6.94e-05,16
2022-11-04 00:00:00,4.429e-05,0
2022-11-04 08:00:00,1.148e-05,8
2022-11-04 16:00:00,6.899e-05,16
2022-11-05 00:00:00,4.409e-05,0
2022-11-05 08:00:00,4.541e-05,8
2022-11-05 16:00:00,0.0001,16
2022-11-06 00:00:00,6.491e-05,0
2022-11-06 08:00:00,9.732e-05,8
2022-11-06 16:00:00,6.866e-05,16
2022-11-07 00:00:00,7.813e-05,0
2022-11-07 08:00:00,0.0001,8
2022-11-07 16:00:00,0.0001,16
2022-11-08 00:00:00,6.515e-05,0
2022-11-08 08:00:00,-7.88e-06,8
2022-11-08 16:00:00,9.446e-05,16
2022-11-09 00:00:00,-0.00013884,0
2022-11-09 08:00:00,7.305e-05,8
2022-11-09 16:00:00,-0.00032976,16
2022-11-10 00:00:00,-0.00119172,0
2022-11-10 08:00:00,-0.00111953,8
2022-11-10 16:00:00,-0.00023833,16
2022-11-11 00:00:00,-0.00019452,0
2022-11-11 08:00:00,-7.277e-05,8
2022-11-11 16:00:00,-5.802e-05,16
2022-11-12 00:00:00,5.3e-05,0
2022-11-12 08:00:00,-2.406e-05,8
2022-11-12 16:00:00,6.521e-05,16
2022-11-13 00:00:00,3.33e-06,0
2022-11-13 08:00:00,-7.357e-05,8
2022-11-13 16:00:00,2.816e-05,16
2022-11-14 00:00:00,-3.809e-05,0
2022-11-14 08:00:00,-7.645e-05,8
2022-11-14 16:00:00,-1.132e-05,16
2022-11-15 00:00:00,-0.00010925,0
2022-11-15 08:00:00,-0.00017664,8
2022-11-15 16:00:00,2.275e-05,16
2022-11-16 00:00:00,-0.00013216,0
2022-11-16 08:00:00,1.121e-05,8
2022-11-16 16:00:00,-6.617e-05,16
2022-11-17 00:00:00,-4.542e-05,0
2022-11-17 08:00:00,-5.138e-05,8
2022-11-17 16:00:00,-2.701e-05,16
2022-11-18 00:00:00,-2.836e-05,0
2022-11-18 08:00:00,2.398e-05,8
2022-11-18 16:00:00,9.55e-06,16
2022-11-19 00:00:00,5.556e-05,0
2022-11-19 08:00:00,7.897e-05,8
2022-11-19 16:00:00,-1.169e-05,16
2022-11-20 00:00:00,-7.79e-06,0
2022-11-20 08:00:00,3.552e-05,8
2022-11-20 16:00:00,-9.79e-06,16
2022-11-21 00:00:00,7.898e-05,0
2022-11-21 08:00:00,-1.218e-05,8
2022-11-21 16:00:00,2.302e-05,16
2022-11-22 00:00:00,-7.485e-05,0
2022-11-22 08:00:00,2.033e-05,8
2022-11-22 16:00:00,7.881e-05,16
2022-11-23 00:00:00,9.406e-05,0
2022-11-23 08:00:00,0.0001,8
2022-11-23 16:00:00,-3.9e-06,16
2022-11-24 00:00:00,5.42e-05,0
2022-11-24 08:00:00,2.012e-05,8
2022-11-24 16:00:00,6.272e-05,16
2022-11-25 00:00:00,2.058e-05,0
2022-11-25 08:00:00,4.61e-06,8
2022-11-25 16:00:00,1.329e-05,16
2022-11-26 00:00:00,3.859e-05,0
2022-11-26 08:00:00,-2.455e-05,8
2022-11-26 16:00:00,3.523e-05,16
2022-11-27 00:00:00,1.063e-05,0
2022-11-27 08:00:00,-3.066e-05,8
2022-11-27 16:00:00,3.784e-05,16
2022-11-28 00:00:00,2.303e-05,0
2022-11-28 08:00:00,5.36e-06,8
2022-11-28 16:00:00,2.1e-07,16
2022-11-29 00:00:00,4.76e-05,0
2022-11-29 08:00:00,-3.85e-06,8
2022-11-29 16:00:00,4.171e-05,16
2022-11-30 00:00:00,3.404e-05,0
2022-11-30 08:00:00,4.038e-05,8
2022-11-30 16:00:00,9.511e-05,16
2022-12-01 00:00:00,1.029e-05,0
2022-12-01 08:00:00,-5.001e-05,8
2022-12-01 16:00:00,0.0001,16
2022-12-02 00:00:00,8.203e-05,0
2022-12-02 08:00:00,2.825e-05,8
2022-12-02 16:00:00,-3.753e-05,16
2022-12-03 00:00:00,3.302e-05,0
2022-12-03 08:00:00,5.123e-05,8
2022-12-03 16:00:00,0.0001,16
2022-12-04 00:00:00,6.174e-05,0
2022-12-04 08:00:00,6.437e-05,8
2022-12-04 16:00:00,4.581e-05,16
2022-12-05 00:00:00,5.4e-07,0
2022-12-05 08:00:00,-4.218e-05,8
2022-12-05 16:00:00,4.603e-05,16
2022-12-06 00:00:00,2.206e-05,0
2022-12-06 08:00:00,4.118e-05,8
2022-12-06 16:00:00,2.305e-05,16
2022-12-07 00:00:00,7.887e-05,0
2022-12-07 08:00:00,6.58e-06,8
2022-12-07 16:00:00,-1.492e-05,16
2022-12-08 00:00:00,1.183e-05,0
2022-12-08 08:00:00,2.152e-05,8
2022-12-08 16:00:00,1.67e-06,16
2022-12-09 00:00:00,1.178e-05,0
2022-12-09 08:00:00,4.007e-05,8
2022-12-09 16:00:00,3.198e-05,16
2022-12-10 00:00:00,-1.669e-05,0
2022-12-10 08:00:00,-6.87e-06,8
2022-12-10 16:00:00,1.711e-05,16
2022-12-11 00:00:00,9.29e-06,0
2022-12-11 08:00:00,8.73e-06,8
2022-12-11 16:00:00,6.92e-06,16
2022-12-12 00:00:00,2.406e-05,0
2022-12-12 08:00:00,2.638e-05,8
2022-12-12 16:00:00,-1.67e-05,16
2022-12-13 00:00:00,3.003e-05,0
2022-12-13 08:00:00,1.971e-05,8
2022-12-13 16:00:00,0.0001,16
2022-12-14 00:00:00,0.0001,0
2022-12-14 08:00:00,0.0001,8
2022-12-14 16:00:00,0.0001,16
2022-12-15 00:00:00,0.0001,0
2022-12-15 08:00:00,0.0001,8
2022-12-15 16:00:00,5.18e-05,16
2022-12-16 00:00:00,4.842e-05,0
2022-12-16 08:00:00,5.706e-05,8
2022-12-16 16:00:00,-1.987e-05,16
2022-12-17 00:00:00,2.013e-05,0
2022-12-17 08:00:00,7.81e-05,8
2022-12-17 16:00:00,9.707e-05,16
2022-12-18 00:00:00,6.274e-05,0
2022-12-18 08:00:00,6.828e-05,8
2022-12-18 16:00:00,-6.47e-06,16
2022-12-19 00:00:00,6.468e-05,0
2022-12-19 08:00:00,3.493e-05,8
2022-12-19 16:00:00,4.496e-05,16
2022-12-20 00:00:00,5.611e-05,0
2022-12-20 08:00:00,-1.2e-07,8
2022-12-20 16:00:00,3.401e-05,16
2022-12-21 00:00:00,3.778e-05,0
2022-12-21 08:00:00,7.742e-05,8
2022-12-21 16:00:00,7.582e-05,16
2022-12-22 00:00:00,2.918e-05,0
2022-12-22 08:00:00,8.167e-05,8
2022-12-22 16:00:00,7.198e-05,16
2022-12-23 00:00:00,0.0001,0
2022-12-23 08:00:00,0.0001,8
2022-12-23 16:00:00,8.903e-05,16
2022-12-24 00:00:00,0.0001,0
2022-12-24 08:00:00,4.748e-05,8
2022-12-24 16:00:00,6.222e-05,16
2022-12-25 00:00:00,5.21e-06,0
2022-12-25 08:00:00,1.855e-05,8
2022-12-25 16:00:00,3.06e-05,16
2022-12-26 00:00:00,3.319e-05,0
2022-12-26 08:00:00,-5.064e-05,8
2022-12-26 16:00:00,2.871e-05,16
2022-12-27 00:00:00,8.655e-05,0
2022-12-27 08:00:00,1.102e-05,8
2022-12-27 16:00:00,1.951e-05,16
2022-12-28 00:00:00,4.252e-05,0
2022-12-28 08:00:00,9.764e-05,8
2022-12-28 16:00:00,2.111e-05,16
2022-12-29 00:00:00,9.985e-05,0
2022-12-29 08:00:00,8.532e-05,8
2022-12-29 16:00:00,0.0001,16
2022-12-30 00:00:00,0.0001,0
2022-12-30 08:00:00,7.132e-05,8
2022-12-30 16:00:00,0.0001,16
2022-12-31 00:00:00,0.0001,0
2022-12-31 08:00:00,0.0001,8
2022-12-31 16:00:00,0.0001,16
2023-01-01 00:00:00,0.0001,0
2023-01-01 08:00:00,0.0001,8
2023-01-01 16:00:00,6.91e-06,16
2023-01-02 00:00:00,-1.488e-05,0
2023-01-02 08:00:00,-4.356e-05,8
2023-01-02 16:00:00,2.67e-05,16
2023-01-03 00:00:00,0.0001,0
2023-01-03 08:00:00,8.977e-05,8
2023-01-03 16:00:00,3.322e-05,16
2023-01-04 00:00:00,6.489e-05,0
2023-01-04 08:00:00,3.388e-05,8
2023-01-04 16:00:00,4.931e-05,16
2023-01-05 00:00:00,5.417e-05,0
2023-01-05 08:00:00,4.436e-05,8
2023-01-05 16:00:00,7.264e-05,16
2023-01-06 00:00:00,5.587e-05,0
2023-01-06 08:00:00,6.591e-05,8
2023-01-06 16:00:00,8.658e-05,16
2023-01-07 00:00:00,2.508e-05,0
2023-01-07 08:00:00,6.71e-06,8
2023-01-07 16:00:00,0.0001,16
2023-01-08 00:00:00,5.657e-05,0
2023-01-08 08:00:00,0.0001,8
2023-01-08 16:00:00,7.452e-05,16
2023-01-09 00:00:00,5.796e-05,0
2023-01-09 08:00:00,-6.66e-06,8
2023-01-09 16:00:00,9.05e-06,16
2023-01-10 00:00:00,2.417e-05,0
2023-01-10 08:00:00,9.685e-05,8
2023-01-10 16:00:00,3.129e-05,16
2023-01-11 00:00:00,2.761e-05,0
2023-01-11 08:00:00,2.477e-05,8
2023-01-11 16:00:00,-2.11e-06,16
2023-01-12 00:00:00,7.549e-05,0
2023-01-12 08:00:00,0.0001,8
2023-01-12 16:00:00,0.0001,16
2023-01-13 00:00:00,0.0001,0
2023-01-13 08:00:00,0.0001,8
2023-01-13 16:00:00,7.16e-05,16
2023-01-14 00:00:00,8.746e-05,0
2023-01-14 08:00:00,0.00045847,8
2023-01-14 16:00:00,0.0001,16
2023-01-15 00:00:00,0.00013712,0
2023-01-15 08:00:00,0.00012434,8
2023-01-15 16:00:00,0.00019892,16
2023-01-16 00:00:00,0.0001,0
2023-01-16 08:00:00,0.0001,8
2023-01-16 16:00:00,0.0001,16
2023-01-17 00:00:00,0.0001,0
2023-01-17 08:00:00,0.0001,8
2023-01-17 16:00:00,0.0001,16
2023-01-18 00:00:00,0.0001,0
2023-01-18 08:00:00,0.0001,8
2023-01-18 16:00:00,0.0001,16
2023-01-19 00:00:00,0.0001,0
2023-01-19 08:00:00,0.0001,8
2023-01-19 16:00:00,0.0001,16
2023-01-20 00:00:00,0.0001,0
2023-01-20 08:00:00,0.0001,8
2023-01-20 16:00:00,0.0001,16
2023-01-21 00:00:00,0.0001,0
2023-01-21 08:00:00,0.0001,8
2023-01-21 16:00:00,0.0001,16
2023-01-22 00:00:00,0.0001,0
2023-01-22 08:00:00,0.0001,8
2023-01-22 16:00:00,0.0001,16
2023-01-23 00:00:00,0.0001,0
2023-01-23 08:00:00,0.0001,8
2023-01-23 16:00:00,0.0001,16
2023-01-24 00:00:00,0.0001,0
2023-01-24 08:00:00,0.0001,8
2023-01-24 16:00:00,0.0001,16
2023-01-25 00:00:00,0.0001,0
2023-01-25 08:00:00,0.0001,8
2023-01-25 16:00:00,0.0001,16
2023-01-26 00:00:00,0.0001,0
2023-01-26 08:00:00,0.0001,8
2023-01-26 16:00:00,0.0001,16
2023-01-27 00:00:00,0.0001,0
2023-01-27 08:00:00,9.541e-05,8
2023-01-27 16:00:00,0.0001,16
2023-01-28 00:00:00,0.0001,0
2023-01-28 08:00:00,0.0001,8
2023-01-28 16:00:00,0.0001,16
2023-01-29 00:00:00,0.0001,0
2023-01-29 08:00:00,0.0001,8
2023-01-29 16:00:00,0.0001,16
2023-01-30 00:00:00,0.0001,0
2023-01-30 08:00:00,0.0001,8
2023-01-30 16:00:00,0.0001,16
2023-01-31 00:00:00,0.0001,0
2023-01-31 08:00:00,0.0001,8
2023-01-31 16:00:00,0.0001,16
2023-02-01 00:00:00,0.0001,0
2023-02-01 08:00:00,0.0001,8
2023-02-01 16:00:00,0.0001,16
2023-02-02 00:00:00,0.0001,0
2023-02-02 08:00:00,0.0001,8
2023-02-02 16:00:00,0.0001,16
2023-02-03 00:00:00,0.0001,0
2023-02-03 08:00:00,0.0001,8
2023-02-03 16:00:00,0.0001,16
2023-02-04 00:00:00,0.0001,0
2023-02-04 08:00:00,0.0001,8
2023-02-04 16:00:00,0.0001,16
2023-02-05 00:00:00,0.0001,0
2023-02-05 08:00:00,0.0001,8
2023-02-05 16:00:00,0.0001,16
2023-02-06 00:00:00,0.0001,0
2023-02-06 08:00:00,0.0001,8
2023-02-06 16:00:00,0.0001,16
2023-02-07 00:00:00,0.0001,0
2023-02-07 08:00:00,0.0001,8
2023-02-07 16:00:00,0.0001,16
2023-02-08 00:00:00,0.0001,0
2023-02-08 08:00:00,0.0001,8
2023-02-08 16:00:00,0.0001,16
2023-02-09 00:00:00,0.0001,0
2023-02-09 08:00:00,0.0001,8
2023-02-09 16:00:00,0.0001,16
2023-02-10 00:00:00,0.0001,0
2023-02-10 08:00:00,0.0001,8
2023-02-10 16:00:00,0.0001,16
2023-02-11 00:00:00,7.684e-05,0
2023-02-11 08:00:00,5.572e-05,8
2023-02-11 16:00:00,5.241e-05,16
2023-02-12 00:00:00,5.343e-05,0
2023-02-12 08:00:00,0.0001,8
2023-02-12 16:00:00,2.27e-05,16
2023-02-13 00:00:00,2.074e-05,0
2023-02-13 08:00:00,6.323e-05,8
2023-02-13 16:00:00,0.0001,16
2023-02-14 00:00:00,0.0001,0
2023-02-14 08:00:00,0.0001,8
2023-02-14 16:00:00,8.887e-05,16
2023-02-15 00:00:00,2.377e-05,0
2023-02-15 08:00:00,2.63e-05,8
2023-02-15 16:00:00,9.071e-05,16
2023-02-16 00:00:00,0.0001,0
2023-02-16 08:00:00,0.0001,8
2023-02-16 16:00:00,0.00023171,16
2023-02-17 00:00:00,0.0001,0
2023-02-17 08:00:00,0.0001,8
2023-02-17 16:00:00,0.0001,16
2023-02-18 00:00:00,0.0001,0
2023-02-18 08:00:00,0.0001,8
2023-02-18 16:00:00,0.0001,16
2023-02-19 00:00:00,0.0001,0
2023-02-19 08:00:00,0.0001,8
2023-02-19 16:00:00,0.0001,16
2023-02-20 00:00:00,0.0001,0
2023-02-20 08:00:00,0.0001,8
2023-02-20 16:00:00,0.0001,16
2023-02-21 00:00:00,0.0001,0
2023-02-21 08:00:00,0.0001,8
2023-02-21 16:00:00,0.0001,16
2023-02-22 00:00:00,0.0001,0
2023-02-22 08:00:00,0.0001,8
2023-02-22 16:00:00,0.0001,16
2023-02-23 00:00:00,0.0001,0
2023-02-23 08:00:00,3.506e-05,8
2023-02-23 16:00:00,3.631e-05,16
2023-02-24 00:00:00,4.978e-05,0
2023-02-24 08:00:00,4.949e-05,8
2023-02-24 16:00:00,5.44e-05,16
2023-02-25 00:00:00,1.183e-05,0
2023-02-25 08:00:00,6.1e-06,8
2023-02-25 16:00:00,-4.8e-07,16
2023-02-26 00:00:00,7.372e-05,0
2023-02-26 08:00:00,2.76e-05,8
2023-02-26 16:00:00,6.581e-05,16
2023-02-27 00:00:00,8.144e-05,0
2023-02-27 08:00:00,1.196e-05,8
2023-02-27 16:00:00,6.826e-05,16
2023-02-28 00:00:00,3.414e-05,0
2023-02-28 08:00:00,1.985e-05,8
2023-02-28 16:00:00,5.95e-05,16
2023-03-01 00:00:00,1.85e-06,0
2023-03-01 08:00:00,0.0001,8
2023-03-01 16:00:00,0.0001,16
2023-03-02 00:00:00,8.612e-05,0
2023-03-02 08:00:00,8.703e-05,8
2023-03-02 16:00:00,8.395e-05,16
2023-03-03 00:00:00,0.0001,0
2023-03-03 08:00:00,-4.203e-05,8
2023-03-03 16:00:00,-2.26e-06,16
2023-03-04 00:00:00,5.3e-06,0
2023-03-04 08:00:00,3.812e-05,8
2023-03-04 16:00:00,2.104e-05,16
2023-03-05 00:00:00,1.874e-05,0
2023-03-05 08:00:00,5.44e-06,8
2023-03-05 16:00:00,3.706e-05,16
2023-03-06 00:00:00,4.054e-05,0
2023-03-06 08:00:00,5.46e-05,8
2023-03-06 16:00:00,5.414e-05,16
2023-03-07 00:00:00,1.173e-05,0
2023-03-07 08:00:00,4.375e-05,8
2023-03-07 16:00:00,2.631e-05,16
2023-03-08 00:00:00,2.917e-05,0
2023-03-08 08:00:00,3.816e-05,8
2023-03-08 16:00:00,0.0001,16
2023-03-09 00:00:00,0.0001,0
2023-03-09 08:00:00,0.0001,8
2023-03-09 16:00:00,0.0001,16
2023-03-10 00:00:00,-8.895e-05,0
2023-03-10 08:00:00,5.26e-06,8
2023-03-10 16:00:00,-1.647e-05,16
2023-03-11 00:00:00,2.364e-05,0
2023-03-11 08:00:00,-2.296e-05,8
2023-03-11 16:00:00,-2.341e-05,16
2023-03-12 00:00:00,3.76e-06,0
2023-03-12 08:00:00,9.088e-05,8
2023-03-12 16:00:00,-4.068e-05,16
2023-03-13 00:00:00,0.0001,0
2023-03-13 08:00:00,6.011e-05,8
2023-03-13 16:00:00,0.0001,16
2023-03-14 00:00:00,0.00015042,0
2023-03-14 08:00:00,0.0001,8
2023-03-14 16:00:00,0.00029811,16
2023-03-15 00:00:00,0.0001,0
2023-03-15 08:00:00,0.00024127,8
2023-03-15 16:00:00,0.00022126,16
2023-03-16 00:00:00,0.0001,0
2023-03-16 08:00:00,0.0001,8
2023-03-16 16:00:00,0.0001,16
2023-03-17 00:00:00,3.311e-05,0
2023-03-17 08:00:00,0.0001,8
2023-03-17 16:00:00,0.0001,16
2023-03-18 00:00:00,0.0001,0
2023-03-18 08:00:00,0.0001,8
2023-03-18 16:00:00,0.0001,16
2023-03-19 00:00:00,0.0001,0
2023-03-19 08:00:00,0.0001,8
2023-03-19 16:00:00,0.0001,16
2023-03-20 00:00:00,0.0001,0
2023-03-20 08:00:00,9.081e-05,8
2023-03-20 16:00:00,0.0001,16
2023-03-21 00:00:00,8.118e-05,0
2023-03-21 08:00:00,1.254e-05,8
2023-03-21 16:00:00,2.92e-06,16
2023-03-22 00:00:00,2.68e-06,0
2023-03-22 08:00:00,6e-08,8
2023-03-22 16:00:00,5.334e-05,16
2023-03-23 00:00:00,2.48e-06,0
2023-03-23 08:00:00,-1.09e-05,8
2023-03-23 16:00:00,0.0001,16
2023-03-24 00:00:00,0.0001,0
2023-03-24 08:00:00,0.0001,8
2023-03-24 16:00:00,0.0001,16
2023-03-25 00:00:00,-3.1e-06,0
2023-03-25 08:00:00,4.25e-06,8
2023-03-25 16:00:00,2.92e-06,16
2023-03-26 00:00:00,6.1e-07,0
2023-03-26 08:00:00,-3.326e-05,8
2023-03-26 16:00:00,3.634e-05,16
2023-03-27 00:00:00,2.905e-05,0
2023-03-27 08:00:00,2.409e-05,8
2023-03-27 16:00:00,-3.96e-06,16
2023-03-28 00:00:00,-1.428e-05,0
2023-03-28 08:00:00,1.123e-05,8
2023-03-28 16:00:00,7.531e-05,16
2023-03-29 00:00:00,6.075e-05,0
2023-03-29 08:00:00,7.098e-05,8
2023-03-29 16:00:00,0.0001,16
2023-03-30 00:00:00,6.987e-05,0
2023-03-30 08:00:00,5.638e-05,8
2023-03-30 16:00:00,1.123e-05,16
2023-03-31 00:00:00,-2.712e-05,0
2023-03-31 08:00:00,6.358e-05,8
2023-03-31 16:00:00,0.0001,16
2023-04-01 00:00:00,0.0001,0
2023-04-01 08:00:00,0.0001,8
2023-04-01 16:00:00,8.84e-05,16
2023-04-02 00:00:00,4.527e-05,0
2023-04-02 08:00:00,6.893e-05,8
2023-04-02 16:00:00,4.514e-05,16
2023-04-03 00:00:00,1.759e-05,0
2023-04-03 08:00:00,-1.24e-05,8
2023-04-03 16:00:00,5.688e-05,16
2023-04-04 00:00:00,-6.009e-05,0
2023-04-04 08:00:00,-1.357e-05,8
2023-04-04 16:00:00,-1.276e-05,16
2023-04-05 00:00:00,2.76e-05,0
2023-04-05 08:00:00,8.517e-05,8
2023-04-05 16:00:00,5.265e-05,16
2023-04-06 00:00:00,1.442e-05,0
2023-04-06 08:00:00,3.598e-05,8
2023-04-06 16:00:00,-2.975e-05,16
2023-04-07 00:00:00,1.004e-05,0
2023-04-07 08:00:00,-1.473e-05,8
2023-04-07 16:00:00,1.055e-05,16
2023-04-08 00:00:00,2.68e-06,0
2023-04-08 08:00:00,4.66e-06,8
2023-04-08 16:00:00,3.192e-05,16
2023-04-09 00:00:00,9.5e-06,0
2023-04-09 08:00:00,-9.04e-06,8
2023-04-09 16:00:00,-8.53e-06,16
2023-04-10 00:00:00,0.0001,0
2023-04-10 08:00:00,0.0001,8
2023-04-10 16:00:00,6.167e-05,16
2023-04-11 00:00:00,0.0001,0
2023-04-11 08:00:00,0.0001,8
2023-04-11 16:00:00,0.0001,16
2023-04-12 00:00:00,9.582e-05,0
2023-04-12 08:00:00,8.195e-05,8
2023-04-12 16:00:00,1.747e-05,16
2023-04-13 00:00:00,6.665e-05,0
2023-04-13 08:00:00,4.427e-05,8
2023-04-13 16:00:00,0.0001,16
2023-04-14 00:00:00,-1.13e-06,0
2023-04-14 08:00:00,0.0001,8
2023-04-14 16:00:00,3.42e-05,16
2023-04-15 00:00:00,-4.975e-05,0
2023-04-15 08:00:00,8.455e-05,8
2023-04-15 16:00:00,0.0001,16
2023-04-16 00:00:00,7.144e-05,0
2023-04-16 08:00:00,0.0001,8
2023-04-16 16:00:00,0.0001,16
2023-04-17 00:00:00,0.0001,0
2023-04-17 08:00:00,7.376e-05,8
2023-04-17 16:00:00,0.0001,16
2023-04-18 00:00:00,4.683e-05,0
2023-04-18 08:00:00,-5.1e-06,8
2023-04-18 16:00:00,6.772e-05,16
2023-04-19 00:00:00,0.0001,0
2023-04-19 08:00:00,6.231e-05,8
2023-04-19 16:00:00,-8.1e-07,16
2023-04-20 00:00:00,8.579e-05,0
2023-04-20 08:00:00,3.668e-05,8
2023-04-20 16:00:00,5.898e-05,16
2023-04-21 00:00:00,6.297e-05,0
2023-04-21 08:00:00,0.0001,8
2023-04-21 16:00:00,0.0001,16
2023-04-22 00:00:00,0.0001,0
2023-04-22 08:00:00,6.858e-05,8
2023-04-22 16:00:00,2.09e-05,16
2023-04-23 00:00:00,3.768e-05,0
2023-04-23 08:00:00,1.376e-05,8
2023-04-23 16:00:00,2.369e-05,16
2023-04-24 00:00:00,4.679e-05,0
2023-04-24 08:00:00,3.694e-05,8
2023-04-24 16:00:00,2.63e-05,16
2023-04-25 00:00:00,5.066e-05,0
2023-04-25 08:00:00,6.606e-05,8
2023-04-25 16:00:00,8.541e-05,16
2023-04-26 00:00:00,4.346e-05,0
2023-04-26 08:00:00,1.686e-05,8
2023-04-26 16:00:00,0.0001,16
2023-04-27 00:00:00,2.518e-05,0
2023-04-27 08:00:00,5.769e-05,8
2023-04-27 16:00:00,3.265e-05,16
2023-04-28 00:00:00,0.0001,0
2023-04-28 08:00:00,0.0001,8
2023-04-28 16:00:00,4.476e-05,16
2023-04-29 00:00:00,3.7e-07,0
2023-04-29 08:00:00,6.751e-05,8
2023-04-29 16:00:00,7.826e-05,16
2023-04-30 00:00:00,3.132e-05,0
2023-04-30 08:00:00,3.501e-05,8
2023-04-30 16:00:00,6.078e-05,16
2023-05-01 00:00:00,2.435e-05,0
2023-05-01 08:00:00,-6.37e-05,8
2023-05-01 16:00:00,5.66e-06,16
2023-05-02 00:00:00,9.68e-06,0
2023-05-02 08:00:00,6.135e-05,8
2023-05-02 16:00:00,1.204e-05,16
2023-05-03 00:00:00,8.568e-05,0
2023-05-03 08:00:00,5.435e-05,8
2023-05-03 16:00:00,5.701e-05,16
2023-05-04 00:00:00,0.0001,0
2023-05-04 08:00:00,9.992e-05,8
2023-05-04 16:00:00,4.314e-05,16
2023-05-05 00:00:00,3.731e-05,0
2023-05-05 08:00:00,9.909e-05,8
2023-05-05 16:00:00,8.548e-05,16
2023-05-06 00:00:00,0.0001,0
2023-05-06 08:00:00,0.0001,8
2023-05-06 16:00:00,0.0001,16
2023-05-07 00:00:00,4.321e-05,0
2023-05-07 08:00:00,4.047e-05,8
2023-05-07 16:00:00,6.046e-05,16
2023-05-08 00:00:00,7.2e-06,0
2023-05-08 08:00:00,4.07e-06,8
2023-05-08 16:00:00,3.902e-05,16
2023-05-09 00:00:00,5.11e-05,0
2023-05-09 08:00:00,6.841e-05,8
2023-05-09 16:00:00,3.78e-06,16
2023-05-10 00:00:00,3.752e-05,0
2023-05-10 08:00:00,4.785e-05,8
2023-05-10 16:00:00,3.792e-05,16
2023-05-11 00:00:00,1.596e-05,0
2023-05-11 08:00:00,6.926e-05,8
2023-05-11 16:00:00,5.207e-05,16
2023-05-12 00:00:00,3.633e-05,0
2023-05-12 08:00:00,3.964e-05,8
2023-05-12 16:00:00,2.762e-05,16
2023-05-13 00:00:00,-1e-07,0
2023-05-13 08:00:00,5.385e-05,8
2023-05-13 16:00:00,4.494e-05,16
2023-05-14 00:00:00,1.715e-05,0
2023-05-14 08:00:00,3.039e-05,8
2023-05-14 16:00:00,3.537e-05,16
2023-05-15 00:00:00,4.407e-05,0
2023-05-15 08:00:00,-1.576e-05,8
2023-05-15 16:00:00,-1.9e-06,16
2023-05-16 00:00:00,8.66e-05,0
2023-05-16 08:00:00,3.165e-05,8
2023-05-16 16:00:00,5.8e-05,16
2023-05-17 00:00:00,8.392e-05,0
2023-05-17 08:00:00,7.029e-05,8
2023-05-17 16:00:00,4.461e-05,16
2023-05-18 00:00:00,0.0001,0
2023-05-18 08:00:00,0.0001,8
2023-05-18 16:00:00,8.342e-05,16
2023-05-19 00:00:00,2.716e-05,0
2023-05-19 08:00:00,4.474e-05,8
2023-05-19 16:00:00,3.815e-05,16
2023-05-20 00:00:00,5.313e-05,0
2023-05-20 08:00:00,2.455e-05,8
2023-05-20 16:00:00,-8.49e-06,16
2023-05-21 00:00:00,4.776e-05,0
2023-05-21 08:00:00,7.262e-05,8
2023-05-21 16:00:00,5.071e-05,16
2023-05-22 00:00:00,3.019e-05,0
2023-05-22 08:00:00,2.1e-06,8
2023-05-22 16:00:00,4.77e-05,16
2023-05-23 00:00:00,0.0001,0
2023-05-23 08:00:00,0.0001,8
2023-05-23 16:00:00,0.0001,16
2023-05-24 00:00:00,0.0001,0
2023-05-24 08:00:00,2.067e-05,8
2023-05-24 16:00:00,4.362e-05,16
2023-05-25 00:00:00,5.82e-05,0
2023-05-25 08:00:00,0.0001,8
2023-05-25 16:00:00,0.0001,16
2023-05-26 00:00:00,0.0001,0
2023-05-26 08:00:00,9.583e-05,8
2023-05-26 16:00:00,4.953e-05,16
2023-05-27 00:00:00,7.146e-05,0
2023-05-27 08:00:00,8.564e-05,8
2023-05-27 16:00:00,7.362e-05,16
2023-05-28 00:00:00,9.88e-05,0
2023-05-28 08:00:00,0.0001,8
2023-05-28 16:00:00,0.0001,16
2023-05-29 00:00:00,0.0001,0
2023-05-29 08:00:00,0.0001,8
2023-05-29 16:00:00,0.0001,16
2023-05-30 00:00:00,6.187e-05,0
2023-05-30 08:00:00,9.036e-05,8
2023-05-30 16:00:00,3.861e-05,16
2023-05-31 00:00:00,2.344e-05,0
2023-05-31 08:00:00,2.864e-05,8
2023-05-31 16:00:00,9.865e-05,16
2023-06-01 00:00:00,2.096e-05,0
2023-06-01 08:00:00,9.641e-05,8
2023-06-01 16:00:00,0.0001,16
2023-06-02 00:00:00,4.77e-05,0
2023-06-02 08:00:00,9.266e-05,8
2023-06-02 16:00:00,9.946e-05,16
2023-06-03 00:00:00,7.42e-05,0
2023-06-03 08:00:00,0.0001,8
2023-06-03 16:00:00,5.566e-05,16
2023-06-04 00:00:00,4.85e-05,0
2023-06-04 08:00:00,0.0001,8
2023-06-04 16:00:00,0.0001,16
2023-06-05 00:00:00,0.0001,0
2023-06-05 08:00:00,9.538e-05,8
2023-06-05 16:00:00,7.856e-05,16
2023-06-06 00:00:00,-7.157e-05,0
2023-06-06 08:00:00,-3.047e-05,8
2023-06-06 16:00:00,4.288e-05,16
2023-06-07 00:00:00,0.0001,0
2023-06-07 08:00:00,0.0001,8
2023-06-07 16:00:00,4.005e-05,16
2023-06-08 00:00:00,5.504e-05,0
2023-06-08 08:00:00,3.09e-05,8
2023-06-08 16:00:00,4.011e-05,16
2023-06-09 00:00:00,6.588e-05,0
2023-06-09 08:00:00,7.916e-05,8
2023-06-09 16:00:00,4.404e-05,16
2023-06-10 00:00:00,8.702e-05,0
2023-06-10 08:00:00,2.417e-05,8
2023-06-10 16:00:00,3.854e-05,16
2023-06-11 00:00:00,4.45e-05,0
2023-06-11 08:00:00,3.197e-05,8
2023-06-11 16:00:00,5.925e-05,16
2023-06-12 00:00:00,8.66e-05,0
2023-06-12 08:00:00,3.065e-05,8
2023-06-12 16:00:00,3.624e-05,16
2023-06-13 00:00:00,0.0001,0
2023-06-13 08:00:00,6.18e-05,8
2023-06-13 16:00:00,6.503e-05,16
2023-06-14 00:00:00,2.438e-05,0
2023-06-14 08:00:00,2.716e-05,8
2023-06-14 16:00:00,3.661e-05,16
2023-06-15 00:00:00,-3.265e-05,0
2023-06-15 08:00:00,6.193e-05,8
2023-06-15 16:00:00,6.687e-05,16
2023-06-16 00:00:00,3.971e-05,0
2023-06-16 08:00:00,7.81e-06,8
2023-06-16 16:00:00,2.36e-06,16
2023-06-17 00:00:00,9.868e-05,0
2023-06-17 08:00:00,0.0001,8
2023-06-17 16:00:00,7.543e-05,16
2023-06-18 00:00:00,3.706e-05,0
2023-06-18 08:00:00,8.233e-05,8
2023-06-18 16:00:00,6.705e-05,16
2023-06-19 00:00:00,7.04e-05,0
2023-06-19 08:00:00,6.397e-05,8
2023-06-19 16:00:00,3.69e-05,16
2023-06-20 00:00:00,4.35e-05,0
2023-06-20 08:00:00,-4.48e-06,8
2023-06-20 16:00:00,-2.597e-05,16
2023-06-21 00:00:00,6.295e-05,0
2023-06-21 08:00:00,0.0001,8
2023-06-21 16:00:00,2.551e-05,16
2023-06-22 00:00:00,0.0001,0
2023-06-22 08:00:00,0.0001,8
2023-06-22 16:00:00,9.236e-05,16
2023-06-23 00:00:00,0.0001,0
2023-06-23 08:00:00,0.0001,8
2023-06-23 16:00:00,0.0001,16
2023-06-24 00:00:00,0.0001,0
2023-06-24 08:00:00,0.0001,8
2023-06-24 16:00:00,0.0001,16
2023-06-25 00:00:00,0.0001,0
2023-06-25 08:00:00,0.0001,8
2023-06-25 16:00:00,0.0001,16
2023-06-26 00:00:00,0.0001,0
2023-06-26 08:00:00,0.0001,8
2023-06-26 16:00:00,0.0001,16
2023-06-27 00:00:00,0.0001,0
2023-06-27 08:00:00,0.0001,8
2023-06-27 16:00:00,0.0001,16
2023-06-28 00:00:00,0.0001,0
2023-06-28 08:00:00,9.302e-05,8
2023-06-28 16:00:00,4.598e-05,16
2023-06-29 00:00:00,6.574e-05,0
2023-06-29 08:00:00,9.3e-05,8
2023-06-29 16:00:00,0.0001,16
2023-06-30 00:00:00,0.0001,0
2023-06-30 08:00:00,0.0001,8
2023-06-30 16:00:00,0.0001,16
2023-07-01 00:00:00,0.0001,0
2023-07-01 08:00:00,0.0001,8
2023-07-01 16:00:00,0.0001,16
2023-07-02 00:00:00,0.0001,0
2023-07-02 08:00:00,0.0001,8
2023-07-02 16:00:00,0.0001,16
2023-07-03 00:00:00,0.0001,0
2023-07-03 08:00:00,0.0001,8
2023-07-03 16:00:00,0.0001,16
2023-07-04 00:00:00,0.0001,0
2023-07-04 08:00:00,0.0001,8
2023-07-04 16:00:00,0.0001,16
2023-07-05 00:00:00,0.0001,0
2023-07-05 08:00:00,0.0001,8
2023-07-05 16:00:00,0.0001,16
2023-07-06 00:00:00,0.0001,0
2023-07-06 08:00:00,7.72e-05,8
2023-07-06 16:00:00,1.492e-05,16
2023-07-07 00:00:00,6.98e-06,0
2023-07-07 08:00:00,4.221e-05,8
2023-07-07 16:00:00,-6.58e-06,16
2023-07-08 00:00:00,3.757e-05,0
2023-07-08 08:00:00,2.631e-05,8
2023-07-08 16:00:00,1.686e-05,16
2023-07-09 00:00:00,5.707e-05,0
2023-07-09 08:00:00,6.821e-05,8
2023-07-09 16:00:00,6.153e-05,16
2023-07-10 00:00:00,-2.182e-05,0
2023-07-10 08:00:00,4.85e-05,8
2023-07-10 16:00:00,2.995e-05,16
2023-07-11 00:00:00,8.01e-05,0
2023-07-11 08:00:00,8.265e-05,8
2023-07-11 16:00:00,3.954e-05,16
2023-07-12 00:00:00,7.041e-05,0
2023-07-12 08:00:00,6.479e-05,8
2023-07-12 16:00:00,4.65e-05,16
2023-07-13 00:00:00,-1.135e-05,0
2023-07-13 08:00:00,6.12e-05,8
2023-07-13 16:00:00,5.29e-06,16
2023-07-14 00:00:00,0.0001,0
2023-07-14 08:00:00,0.0001,8
2023-07-14 16:00:00,0.0001,16
2023-07-15 00:00:00,-7.313e-05,0
2023-07-15 08:00:00,3.007e-05,8
2023-07-15 16:00:00,2.984e-05,16
2023-07-16 00:00:00,1.993e-05,0
2023-07-16 08:00:00,7.772e-05,8
2023-07-16 16:00:00,4.583e-05,16
2023-07-17 00:00:00,2.785e-05,0
2023-07-17 08:00:00,6.278e-05,8
2023-07-17 16:00:00,6.261e-05,16
2023-07-18 00:00:00,3.983e-05,0
2023-07-18 08:00:00,6.798e-05,8
2023-07-18 16:00:00,7.477e-05,16
2023-07-19 00:00:00,0.0001,0
2023-07-19 08:00:00,5.224e-05,8
2023-07-19 16:00:00,7.69e-05,16
2023-07-20 00:00:00,2.652e-05,0
2023-07-20 08:00:00,9.641e-05,8
2023-07-20 16:00:00,5.563e-05,16
2023-07-21 00:00:00,2.877e-05,0
2023-07-21 08:00:00,7.77e-06,8
2023-07-21 16:00:00,3.717e-05,16
2023-07-22 00:00:00,2.195e-05,0
2023-07-22 08:00:00,9.44e-06,8
2023-07-22 16:00:00,1.77e-06,16
2023-07-23 00:00:00,2.908e-05,0
2023-07-23 08:00:00,0.0001,8
2023-07-23 16:00:00,9.372e-05,16
2023-07-24 00:00:00,0.0001,0
2023-07-24 08:00:00,4.338e-05,8
2023-07-24 16:00:00,0.0001,16
2023-07-25 00:00:00,7.702e-05,0
2023-07-25 08:00:00,6.913e-05,8
2023-07-25 16:00:00,9.465e-05,16
2023-07-26 00:00:00,9.451e-05,0
2023-07-26 08:00:00,0.0001,8
2023-07-26 16:00:00,5.768e-05,16
2023-07-27 00:00:00,3.136e-05,0
2023-07-27 08:00:00,3.83e-05,8
2023-07-27 16:00:00,2.876e-05,16
2023-07-28 00:00:00,4.373e-05,0
2023-07-28 08:00:00,6.675e-05,8
2023-07-28 16:00:00,0.0001,16
2023-07-29 00:00:00,0.0001,0
2023-07-29 08:00:00,4.567e-05,8
2023-07-29 16:00:00,7.53e-05,16
2023-07-30 00:00:00,8.151e-05,0
2023-07-30 08:00:00,5.56e-05,8
2023-07-30 16:00:00,4.357e-05,16
2023-07-31 00:00:00,2.369e-05,0
2023-07-31 08:00:00,7.362e-05,8
2023-07-31 16:00:00,8.239e-05,16
2023-08-01 00:00:00,6.3e-05,0
2023-08-01 08:00:00,6.768e-05,8
2023-08-01 16:00:00,0.0001,16
2023-08-02 00:00:00,0.0001,0
2023-08-02 08:00:00,0.0001,8
2023-08-02 16:00:00,0.0001,16
2023-08-03 00:00:00,0.0001,0
2023-08-03 08:00:00,0.0001,8
2023-08-03 16:00:00,0.0001,16
2023-08-04 00:00:00,8.116e-05,0
2023-08-04 08:00:00,0.0001,8
2023-08-04 16:00:00,0.0001,16
2023-08-05 00:00:00,4.181e-05,0
2023-08-05 08:00:00,0.0001,8
2023-08-05 16:00:00,0.0001,16
2023-08-06 00:00:00,0.0001,0
2023-08-06 08:00:00,0.0001,8
2023-08-06 16:00:00,0.0001,16
2023-08-07 00:00:00,0.0001,0
2023-08-07 08:00:00,7.669e-05,8
2023-08-07 16:00:00,0.0001,16
2023-08-08 00:00:00,0.0001,0
2023-08-08 08:00:00,9.136e-05,8
2023-08-08 16:00:00,5.944e-05,16
2023-08-09 00:00:00,8.11e-05,0
2023-08-09 08:00:00,9.527e-05,8
2023-08-09 16:00:00,8.877e-05,16
2023-08-10 00:00:00,0.0001,0
2023-08-10 08:00:00,0.0001,8
2023-08-10 16:00:00,8.277e-05,16
2023-08-11 00:00:00,0.0001,0
2023-08-11 08:00:00,0.0001,8
2023-08-11 16:00:00,7.123e-05,16
2023-08-12 00:00:00,0.0001,0
2023-08-12 08:00:00,0.0001,8
2023-08-12 16:00:00,9.305e-05,16
2023-08-13 00:00:00,0.0001,0
2023-08-13 08:00:00,4.637e-05,8
2023-08-13 16:00:00,0.0001,16
2023-08-14 00:00:00,0.0001,0
2023-08-14 08:00:00,0.0001,8
2023-08-14 16:00:00,0.0001,16
2023-08-15 00:00:00,0.0001,0
2023-08-15 08:00:00,0.0001,8
2023-08-15 16:00:00,0.0001,16
2023-08-16 00:00:00,0.0001,0
2023-08-16 08:00:00,0.0001,8
2023-08-16 16:00:00,0.0001,16
2023-08-17 00:00:00,0.0001,0
2023-08-17 08:00:00,0.0001,8
2023-08-17 16:00:00,0.0001,16
2023-08-18 00:00:00,0.0001,0
2023-08-18 08:00:00,-4.6e-07,8
2023-08-18 16:00:00,5.166e-05,16
2023-08-19 00:00:00,-2.74e-06,0
2023-08-19 08:00:00,-3.22e-06,8
2023-08-19 16:00:00,-5.286e-05,16
2023-08-20 00:00:00,-3.069e-05,0
2023-08-20 08:00:00,-4.364e-05,8
2023-08-20 16:00:00,-1.93e-06,16
2023-08-21 00:00:00,-2.797e-05,0
2023-08-21 08:00:00,8.16e-06,8
2023-08-21 16:00:00,-1.619e-05,16
2023-08-22 00:00:00,-3.08e-06,0
2023-08-22 08:00:00,-1.928e-05,8
2023-08-22 16:00:00,3.048e-05,16
2023-08-23 00:00:00,7.39e-06,0
2023-08-23 08:00:00,-1.02e-05,8
2023-08-23 16:00:00,3.247e-05,16
2023-08-24 00:00:00,-2.822e-05,0
2023-08-24 08:00:00,2.506e-05,8
2023-08-24 16:00:00,4.9e-05,16
2023-08-25 00:00:00,-6.59e-06,0
2023-08-25 08:00:00,2.802e-05,8
2023-08-25 16:00:00,5.218e-05,16
2023-08-26 00:00:00,3.82e-05,0
2023-08-26 08:00:00,5.334e-05,8
2023-08-26 16:00:00,2.096e-05,16
2023-08-27 00:00:00,9.9e-07,0
2023-08-27 08:00:00,3.976e-05,8
2023-08-27 16:00:00,1.232e-05,16
2023-08-28 00:00:00,-3.95e-06,0
2023-08-28 08:00:00,4.424e-05,8
2023-08-28 16:00:00,4.524e-05,16
2023-08-29 00:00:00,8.24e-06,0
2023-08-29 08:00:00,3.769e-05,8
2023-08-29 16:00:00,-0.00010934,16
2023-08-30 00:00:00,4.868e-05,0
2023-08-30 08:00:00,5.731e-05,8
2023-08-30 16:00:00,3.944e-05,16
2023-08-31 00:00:00,2.909e-05,0
2023-08-31 08:00:00,6.859e-05,8
2023-08-31 16:00:00,8.105e-05,16
2023-09-01 00:00:00,2.583e-05,0
2023-09-01 08:00:00,5.968e-05,8
2023-09-01 16:00:00,6.254e-05,16
2023-09-02 00:00:00,4.998e-05,0
2023-09-02 08:00:00,1.937e-05,8
2023-09-02 16:00:00,-2.018e-05,16
2023-09-03 00:00:00,4.839e-05,0
2023-09-03 08:00:00,2.35e-06,8
2023-09-03 16:00:00,2.89e-05,16
2023-09-04 00:00:00,2.69e-05,0
2023-09-04 08:00:00,1.469e-05,8
2023-09-04 16:00:00,-1.059e-05,16
2023-09-05 00:00:00,5.3e-07,0
2023-09-05 08:00:00,1.975e-05,8
2023-09-05 16:00:00,3.366e-05,16
2023-09-06 00:00:00,1.737e-05,0
2023-09-06 08:00:00,-2.763e-05,8
2023-09-06 16:00:00,2.135e-05,16
2023-09-07 00:00:00,3.83e-05,0
2023-09-07 08:00:00,3.883e-05,8
2023-09-07 16:00:00,6.924e-05,16
2023-09-08 00:00:00,-1.525e-05,0
2023-09-08 08:00:00,5.12e-06,8
2023-09-08 16:00:00,-1.691e-05,16
2023-09-09 00:00:00,-5.057e-05,0
2023-09-09 08:00:00,-3.77e-06,8
2023-09-09 16:00:00,1.423e-05,16
2023-09-10 00:00:00,-7.3e-07,0
2023-09-10 08:00:00,3.294e-05,8
2023-09-10 16:00:00,2.609e-05,16
2023-09-11 00:00:00,-3e-06,0
2023-09-11 08:00:00,1.823e-05,8
2023-09-11 16:00:00,1.838e-05,16
2023-09-12 00:00:00,2.73e-05,0
2023-09-12 08:00:00,5.425e-05,8
2023-09-12 16:00:00,-3.502e-05,16
2023-09-13 00:00:00,2.342e-05,0
2023-09-13 08:00:00,1.26e-05,8
2023-09-13 16:00:00,3.099e-05,16
2023-09-14 00:00:00,4.61e-06,0
2023-09-14 08:00:00,3.428e-05,8
2023-09-14 16:00:00,-4.748e-05,16
2023-09-15 00:00:00,-2.641e-05,0
2023-09-15 08:00:00,-7.61e-06,8
2023-09-15 16:00:00,7.561e-05,16
2023-09-16 00:00:00,-1.381e-05,0
2023-09-16 08:00:00,-4.32e-05,8
2023-09-16 16:00:00,-3.161e-05,16
2023-09-17 00:00:00,8.97e-06,0
2023-09-17 08:00:00,1.142e-05,8
2023-09-17 16:00:00,6.49e-06,16
2023-09-18 00:00:00,-5.08e-06,0
2023-09-18 08:00:00,5.79e-06,8
2023-09-18 16:00:00,-6.774e-05,16
2023-09-19 00:00:00,2.468e-05,0
2023-09-19 08:00:00,-1.972e-05,8
2023-09-19 16:00:00,-1.756e-05,16
2023-09-20 00:00:00,-2.614e-05,0
2023-09-20 08:00:00,-3.777e-05,8
2023-09-20 16:00:00,-9.91e-06,16
2023-09-21 00:00:00,-2.9e-07,0
2023-09-21 08:00:00,4.303e-05,8
2023-09-21 16:00:00,7.429e-05,16
2023-09-22 00:00:00,-6.2e-07,0
2023-09-22 08:00:00,1.034e-05,8
2023-09-22 16:00:00,2.136e-05,16
2023-09-23 00:00:00,6.676e-05,0
2023-09-23 08:00:00,1.556e-05,8
2023-09-23 16:00:00,2.09e-06,16
2023-09-24 00:00:00,-1.392e-05,0
2023-09-24 08:00:00,4.721e-05,8
2023-09-24 16:00:00,2.887e-05,16
2023-09-25 00:00:00,-1.26e-05,0
2023-09-25 08:00:00,8.565e-05,8
2023-09-25 16:00:00,4.792e-05,16
2023-09-26 00:00:00,-3.91e-05,0
2023-09-26 08:00:00,-1.215e-05,8
2023-09-26 16:00:00,5.626e-05,16
2023-09-27 00:00:00,9.944e-05,0
2023-09-27 08:00:00,3.378e-05,8
2023-09-27 16:00:00,2.074e-05,16
2023-09-28 00:00:00,6.74e-06,0
2023-09-28 08:00:00,-1.581e-05,8
2023-09-28 16:00:00,-4.732e-05,16
2023-09-29 00:00:00,-3.894e-05,0
2023-09-29 08:00:00,-2.567e-05,8
2023-09-29 16:00:00,4.76e-06,16
2023-09-30 00:00:00,6.43e-06,0
2023-09-30 08:00:00,1.864e-05,8
2023-09-30 16:00:00,1.525e-05,16
2023-10-01 00:00:00,2.95e-06,0
2023-10-01 08:00:00,-6.19e-06,8
2023-10-01 16:00:00,-2.263e-05,16
2023-10-02 00:00:00,5.831e-05,0
2023-10-02 08:00:00,7.28e-06,8
2023-10-02 16:00:00,-1.477e-05,16
2023-10-03 00:00:00,4.172e-05,0
2023-10-03 08:00:00,1.667e-05,8
2023-10-03 16:00:00,2.5e-05,16
2023-10-04 00:00:00,6.031e-05,0
2023-10-04 08:00:00,6.2e-05,8
2023-10-04 16:00:00,-2.857e-05,16
2023-10-05 00:00:00,-3.807e-05,0
2023-10-05 08:00:00,-4.268e-05,8
2023-10-05 16:00:00,-2.302e-05,16
2023-10-06 00:00:00,-1.106e-05,0
2023-10-06 08:00:00,1.436e-05,8
2023-10-06 16:00:00,-3.149e-05,16
2023-10-07 00:00:00,2.124e-05,0
2023-10-07 08:00:00,2.849e-05,8
2023-10-07 16:00:00,2.083e-05,16
2023-10-08 00:00:00,3.14e-06,0
2023-10-08 08:00:00,9.74e-06,8
2023-10-08 16:00:00,5.163e-05,16
2023-10-09 00:00:00,3.992e-05,0
2023-10-09 08:00:00,3.515e-05,8
2023-10-09 16:00:00,7.838e-05,16
2023-10-10 00:00:00,6.349e-05,0
2023-10-10 08:00:00,1.894e-05,8
2023-10-10 16:00:00,4.548e-05,16
2023-10-11 00:00:00,5.918e-05,0
2023-10-11 08:00:00,8.33e-05,8
2023-10-11 16:00:00,6.319e-05,16
2023-10-12 00:00:00,0.0001,0
2023-10-12 08:00:00,2.661e-05,8
2023-10-12 16:00:00,7.304e-05,16
2023-10-13 00:00:00,2.294e-05,0
2023-10-13 08:00:00,2.039e-05,8
2023-10-13 16:00:00,2.326e-05,16
2023-10-14 00:00:00,1.05e-06,0
2023-10-14 08:00:00,2.211e-05,8
2023-10-14 16:00:00,2.456e-05,16
2023-10-15 00:00:00,-1.509e-05,0
2023-10-15 08:00:00,4.292e-05,8
2023-10-15 16:00:00,2.224e-05,16
2023-10-16 00:00:00,5.11e-06,0
2023-10-16 08:00:00,2.8e-07,8
2023-10-16 16:00:00,9.644e-05,16
2023-10-17 00:00:00,2.04e-06,0
2023-10-17 08:00:00,1.493e-05,8
2023-10-17 16:00:00,-2.311e-05,16
2023-10-18 00:00:00,-3.343e-05,0
2023-10-18 08:00:00,-1.216e-05,8
2023-10-18 16:00:00,1.644e-05,16
2023-10-19 00:00:00,-1.028e-05,0
2023-10-19 08:00:00,-6.24e-06,8
2023-10-19 16:00:00,-0.00011006,16
2023-10-20 00:00:00,-9.272e-05,0
2023-10-20 08:00:00,1.938e-05,8
2023-10-20 16:00:00,2.687e-05,16
2023-10-21 00:00:00,-1.585e-05,0
2023-10-21 08:00:00,4.374e-05,8
2023-10-21 16:00:00,5.827e-05,16
2023-10-22 00:00:00,2.567e-05,0
2023-10-22 08:00:00,2.579e-05,8
2023-10-22 16:00:00,3.115e-05,16
2023-10-23 00:00:00,8.25e-05,0
2023-10-23 08:00:00,9.59e-05,8
2023-10-23 16:00:00,6.48e-06,16
2023-10-24 00:00:00,0.0001,0
2023-10-24 08:00:00,0.0001,8
2023-10-24 16:00:00,0.0001,16
2023-10-25 00:00:00,0.0001,0
2023-10-25 08:00:00,0.0001,8
2023-10-25 16:00:00,0.0001,16
2023-10-26 00:00:00,0.0001,0
2023-10-26 08:00:00,0.0001,8
2023-10-26 16:00:00,0.0001,16
2023-10-27 00:00:00,0.0001,0
2023-10-27 08:00:00,0.0001,8
2023-10-27 16:00:00,0.0001,16
2023-10-28 00:00:00,0.0001,0
2023-10-28 08:00:00,0.0001,8
2023-10-28 16:00:00,0.0001,16
2023-10-29 00:00:00,0.0001,0
2023-10-29 08:00:00,0.0001,8
2023-10-29 16:00:00,0.0001,16
2023-10-30 00:00:00,0.0001,0
2023-10-30 08:00:00,0.0001,8
2023-10-30 16:00:00,0.0001,16
2023-10-31 00:00:00,0.0001,0
2023-10-31 08:00:00,0.0001,8
2023-10-31 16:00:00,0.0001,16
2023-11-01 00:00:00,0.0001,0
2023-11-01 08:00:00,0.0001,8
2023-11-01 16:00:00,0.0001,16
2023-11-02 00:00:00,0.0001,0
2023-11-02 08:00:00,0.0001,8
2023-11-02 16:00:00,0.0001,16
2023-11-03 00:00:00,0.0001,0
2023-11-03 08:00:00,0.0001,8
2023-11-03 16:00:00,0.0001,16
2023-11-04 00:00:00,0.0001,0
2023-11-04 08:00:00,0.0001,8
2023-11-04 16:00:00,0.0001,16
2023-11-05 00:00:00,0.0001,0
2023-11-05 08:00:00,0.0001,8
2023-11-05 16:00:00,0.0001,16
2023-11-06 00:00:00,0.0001,0
2023-11-06 08:00:00,0.0001,8
2023-11-06 16:00:00,0.0001,16
2023-11-07 00:00:00,0.0001,0
2023-11-07 08:00:00,0.0001,8
2023-11-07 16:00:00,0.0001,16
2023-11-08 00:00:00,0.0001,0
2023-11-08 08:00:00,0.0001,8
2023-11-08 16:00:00,0.0001,16
2023-11-09 00:00:00,0.0001,0
2023-11-09 08:00:00,0.0001,8
2023-11-09 16:00:00,0.00020027,16
2023-11-10 00:00:00,0.0001,0
2023-11-10 08:00:00,0.00011682,8
2023-11-10 16:00:00,0.0001,16
2023-11-11 00:00:00,0.0001,0
2023-11-11 08:00:00,0.00016607,8
2023-11-11 16:00:00,0.00014648,16
2023-11-12 00:00:00,0.0001543,0
2023-11-12 08:00:00,0.00023487,8
2023-11-12 16:00:00,0.00027221,16
2023-11-13 00:00:00,0.00032467,0
2023-11-13 08:00:00,0.00010893,8
2023-11-13 16:00:00,0.00020492,16
2023-11-14 00:00:00,0.00017382,0
2023-11-14 08:00:00,0.00016369,8
2023-11-14 16:00:00,0.00014477,16
2023-11-15 00:00:00,0.0001,0
2023-11-15 08:00:00,0.0001,8
2023-11-15 16:00:00,0.0001,16
2023-11-16 00:00:00,0.0001,0
2023-11-16 08:00:00,0.00015199,8
2023-11-16 16:00:00,0.00012014,16
2023-11-17 00:00:00,0.0001,0
2023-11-17 08:00:00,0.0001,8
2023-11-17 16:00:00,0.0001,16
2023-11-18 00:00:00,0.0001,0
2023-11-18 08:00:00,0.0001,8
2023-11-18 16:00:00,0.0001,16
2023-11-19 00:00:00,0.0001,0
2023-11-19 08:00:00,0.0001,8
2023-11-19 16:00:00,0.0001,16
2023-11-20 00:00:00,0.0001,0
2023-11-20 08:00:00,0.0001,8
2023-11-20 16:00:00,0.0001,16
2023-11-21 00:00:00,0.0001,0
2023-11-21 08:00:00,0.0001,8
2023-11-21 16:00:00,0.0001,16
2023-11-22 00:00:00,0.0001,0
2023-11-22 08:00:00,0.0001,8
2023-11-22 16:00:00,0.0001,16
2023-11-23 00:00:00,0.0001,0
2023-11-23 08:00:00,0.0001,8
2023-11-23 16:00:00,0.0001,16
2023-11-24 00:00:00,0.0001,0
2023-11-24 08:00:00,0.0001,8
2023-11-24 16:00:00,0.0001,16
2023-11-25 00:00:00,0.0001,0
2023-11-25 08:00:00,0.0001,8
2023-11-25 16:00:00,0.0001,16
2023-11-26 00:00:00,0.0001,0
2023-11-26 08:00:00,0.0001,8
2023-11-26 16:00:00,0.0001,16
2023-11-27 00:00:00,0.0001,0
2023-11-27 08:00:00,0.0001,8
2023-11-27 16:00:00,0.0001,16
2023-11-28 00:00:00,0.0001,0
2023-11-28 08:00:00,0.0001,8
2023-11-28 16:00:00,0.0001,16
2023-11-29 00:00:00,0.0001,0
2023-11-29 08:00:00,0.0001,8
2023-11-29 16:00:00,0.0001,16
2023-11-30 00:00:00,0.0001,0
2023-11-30 08:00:00,0.0001,8
2023-11-30 16:00:00,0.0001,16
2023-12-01 00:00:00,0.0001,0
2023-12-01 08:00:00,0.0001,8
2023-12-01 16:00:00,0.0001,16
2023-12-02 00:00:00,9.95e-05,0
2023-12-02 08:00:00,6.973e-05,8
2023-12-02 16:00:00,8.541e-05,16
2023-12-03 00:00:00,0.0001,0
2023-12-03 08:00:00,0.0001,8
2023-12-03 16:00:00,0.0001,16
2023-12-04 00:00:00,0.0001,0
2023-12-04 08:00:00,0.0001,8
2023-12-04 16:00:00,0.0001,16
2023-12-05 00:00:00,0.0001,0
2023-12-05 08:00:00,0.0001,8
2023-12-05 16:00:00,0.0001,16
2023-12-06 00:00:00,0.0001,0
2023-12-06 08:00:00,0.0001,8
2023-12-06 16:00:00,0.0001,16
2023-12-07 00:00:00,0.0001,0
2023-12-07 08:00:00,0.0001,8
2023-12-07 16:00:00,0.0001,16
2023-12-08 00:00:00,0.0001,0
2023-12-08 08:00:00,0.00023288,8
2023-12-08 16:00:00,0.00020242,16
2023-12-09 00:00:00,0.00011504,0
2023-12-09 08:00:00,0.00030159,8
2023-12-09 16:00:00,0.00017192,16
2023-12-10 00:00:00,0.00020724,0
2023-12-10 08:00:00,0.00020383,8
2023-12-10 16:00:00,0.00023923,16
2023-12-11 00:00:00,0.0001473,0
2023-12-11 08:00:00,0.0001,8
2023-12-11 16:00:00,0.0001,16
2023-12-12 00:00:00,0.0001,0
2023-12-12 08:00:00,0.0001,8
2023-12-12 16:00:00,0.0001,16
2023-12-13 00:00:00,0.00011909,0
2023-12-13 08:00:00,0.00010162,8
2023-12-13 16:00:00,0.00012601,16
2023-12-14 00:00:00,0.0001,0
2023-12-14 08:00:00,0.0001,8
2023-12-14 16:00:00,0.0001,16
2023-12-15 00:00:00,0.0001,0
2023-12-15 08:00:00,0.0001,8
2023-12-15 16:00:00,0.0001,16
2023-12-16 00:00:00,0.0001,0
2023-12-16 08:00:00,0.0001,8
2023-12-16 16:00:00,0.0001,16
2023-12-17 00:00:00,0.0001,0
2023-12-17 08:00:00,0.0001,8
2023-12-17 16:00:00,0.0001,16
2023-12-18 00:00:00,0.00013355,0
2023-12-18 08:00:00,0.0001,8
2023-12-18 16:00:00,0.00015611,16
2023-12-19 00:00:00,0.0001,0
2023-12-19 08:00:00,0.0001,8
2023-12-19 16:00:00,0.0001,16
2023-12-20 00:00:00,0.00010506,0
2023-12-20 08:00:00,0.0001,8
2023-12-20 16:00:00,0.00023637,16
2023-12-21 00:00:00,0.00027143,0
2023-12-21 08:00:00,0.00029216,8
2023-12-21 16:00:00,0.00028948,16
2023-12-22 00:00:00,0.00030806,0
2023-12-22 08:00:00,0.0002961,8
2023-12-22 16:00:00,0.00018011,16
2023-12-23 00:00:00,0.00016285,0
2023-12-23 08:00:00,0.0001,8
2023-12-23 16:00:00,0.00015066,16
2023-12-24 00:00:00,0.0001,0
2023-12-24 08:00:00,0.0002079,8
2023-12-24 16:00:00,0.00019729,16
2023-12-25 00:00:00,0.0001,0
2023-12-25 08:00:00,0.0001,8
2023-12-25 16:00:00,0.00037908,16
2023-12-26 00:00:00,0.00043391,0
2023-12-26 08:00:00,0.00023757,8
2023-12-26 16:00:00,0.00029559,16
2023-12-27 00:00:00,0.00027621,0
2023-12-27 08:00:00,0.00037942,8
2023-12-27 16:00:00,0.00032304,16
2023-12-28 00:00:00,0.00013021,0
2023-12-28 08:00:00,0.00037879,8
2023-12-28 16:00:00,0.00050152,16
2023-12-29 00:00:00,0.0005517,0
2023-12-29 08:00:00,0.00049912,8
2023-12-29 16:00:00,0.00047082,16
2023-12-30 00:00:00,0.00033033,0
2023-12-30 08:00:00,0.0004358,8
2023-12-30 16:00:00,0.00037842,16
2023-12-31 00:00:00,0.00027855,0
2023-12-31 08:00:00,0.00034573,8
2023-12-31 16:00:00,0.00033597,16
2024-01-01 00:00:00,0.00037409,0
2024-01-01 08:00:00,0.00027213,8
2024-01-01 16:00:00,0.00033601,16
2024-01-02 00:00:00,0.00065846,0
2024-01-02 08:00:00,0.00035179,8
2024-01-02 16:00:00,0.0005373,16
2024-01-03 00:00:00,0.00021159,0
2024-01-03 08:00:00,0.00017123,8
2024-01-03 16:00:00,0.0001,16
2024-01-04 00:00:00,0.0001,0
2024-01-04 08:00:00,0.0001,8
2024-01-04 16:00:00,0.0001,16
2024-01-05 00:00:00,0.0001,0
2024-01-05 08:00:00,0.0001,8
2024-01-05 16:00:00,0.0001,16
2024-01-06 00:00:00,0.0001,0
2024-01-06 08:00:00,0.0001,8
2024-01-06 16:00:00,0.0001,16
2024-01-07 00:00:00,0.0001,0
2024-01-07 08:00:00,0.0001,8
2024-01-07 16:00:00,0.0001,16
2024-01-08 00:00:00,0.0001,0
2024-01-08 08:00:00,0.0001,8
2024-01-08 16:00:00,0.0001,16
2024-01-09 00:00:00,0.0001,0
2024-01-09 08:00:00,0.0001,8
2024-01-09 16:00:00,0.0001,16
2024-01-10 00:00:00,0.0001,0
2024-01-10 08:00:00,0.0001,8
2024-01-10 16:00:00,0.0001,16
2024-01-11 00:00:00,0.0001,0
2024-01-11 08:00:00,0.0001,8
2024-01-11 16:00:00,0.0001,16
2024-01-12 00:00:00,0.0001,0
2024-01-12 08:00:00,0.0001,8
2024-01-12 16:00:00,0.0001,16
2024-01-13 00:00:00,0.0001,0
2024-01-13 08:00:00,0.0001,8
2024-01-13 16:00:00,0.0001,16
2024-01-14 00:00:00,0.0001,0
2024-01-14 08:00:00,0.0001,8
2024-01-14 16:00:00,0.0001,16
2024-01-15 00:00:00,0.0001,0
2024-01-15 08:00:00,0.0001,8
2024-01-15 16:00:00,0.0001,16
2024-01-16 00:00:00,0.0001,0
2024-01-16 08:00:00,0.0001,8
2024-01-16 16:00:00,0.0001,16
2024-01-17 00:00:00,0.0001,0
2024-01-17 08:00:00,0.0001,8
2024-01-17 16:00:00,0.0001,16
2024-01-18 00:00:00,0.0001,0
2024-01-18 08:00:00,0.0001,8
2024-01-18 16:00:00,0.0001,16
2024-01-19 00:00:00,0.0001,0
2024-01-19 08:00:00,0.0001,8
2024-01-19 16:00:00,0.0001,16
2024-01-20 00:00:00,0.0001,0
2024-01-20 08:00:00,0.0001,8
2024-01-20 16:00:00,0.0001,16
2024-01-21 00:00:00,0.0001,0
2024-01-21 08:00:00,0.0001,8
2024-01-21 16:00:00,0.0001,16
2024-01-22 00:00:00,0.0001,0
2024-01-22 08:00:00,0.0001,8
2024-01-22 16:00:00,0.0001,16
2024-01-23 00:00:00,0.0001,0
2024-01-23 08:00:00,0.0001,8
2024-01-23 16:00:00,0.0001,16
2024-01-24 00:00:00,0.0001,0
2024-01-24 08:00:00,0.0001,8
2024-01-24 16:00:00,0.0001,16
2024-01-25 00:00:00,0.0001,0
2024-01-25 08:00:00,0.0001,8
2024-01-25 16:00:00,0.0001,16
2024-01-26 00:00:00,0.0001,0
2024-01-26 08:00:00,0.0001,8
2024-01-26 16:00:00,0.0001,16
2024-01-27 00:00:00,8.966e-05,0
2024-01-27 08:00:00,0.0001,8
2024-01-27 16:00:00,8.3e-05,16
2024-01-28 00:00:00,0.0001,0
2024-01-28 08:00:00,4.725e-05,8
2024-01-28 16:00:00,0.0001,16
2024-01-29 00:00:00,0.0001,0
2024-01-29 08:00:00,9.142e-05,8
2024-01-29 16:00:00,0.0001,16
2024-01-30 00:00:00,0.0001,0
2024-01-30 08:00:00,9.492e-05,8
2024-01-30 16:00:00,5.149e-05,16
2024-01-31 00:00:00,2.154e-05,0
2024-01-31 08:00:00,0.0001,8
2024-01-31 16:00:00,0.0001,16
2024-02-01 00:00:00,0.0001,0
2024-02-01 08:00:00,0.0001,8
2024-02-01 16:00:00,0.0001,16
2024-02-02 00:00:00,0.0001,0
2024-02-02 08:00:00,0.0001,8
2024-02-02 16:00:00,0.0001,16
2024-02-03 00:00:00,7.627e-05,0
2024-02-03 08:00:00,9.042e-05,8
2024-02-03 16:00:00,8.028e-05,16
2024-02-04 00:00:00,8.307e-05,0
2024-02-04 08:00:00,8.846e-05,8
2024-02-04 16:00:00,0.0001,16
2024-02-05 00:00:00,0.0001,0
2024-02-05 08:00:00,0.0001,8
2024-02-05 16:00:00,0.0001,16
2024-02-06 00:00:00,0.0001,0
2024-02-06 08:00:00,6.723e-05,8
2024-02-06 16:00:00,0.0001,16
2024-02-07 00:00:00,7.527e-05,0
2024-02-07 08:00:00,5.373e-05,8
2024-02-07 16:00:00,8.306e-05,16
2024-02-08 00:00:00,0.0001,0
2024-02-08 08:00:00,6.535e-05,8
2024-02-08 16:00:00,2.59e-05,16
2024-02-09 00:00:00,3.16e-05,0
2024-02-09 08:00:00,0.0001,8
2024-02-09 16:00:00,9.801e-05,16
2024-02-10 00:00:00,8.041e-05,0
2024-02-10 08:00:00,0.0001,8
2024-02-10 16:00:00,0.0001,16
2024-02-11 00:00:00,0.0001,0
2024-02-11 08:00:00,0.0001,8
2024-02-11 16:00:00,0.0001,16
2024-02-12 00:00:00,0.0001,0
2024-02-12 08:00:00,0.0001,8
2024-02-12 16:00:00,0.0001,16
2024-02-13 00:00:00,0.0001,0
2024-02-13 08:00:00,0.0001,8
2024-02-13 16:00:00,0.0001,16
2024-02-14 00:00:00,0.0001,0
2024-02-14 08:00:00,0.0001,8
2024-02-14 16:00:00,0.00012283,16
2024-02-15 00:00:00,0.0001,0
2024-02-15 08:00:00,0.0001,8
2024-02-15 16:00:00,0.0001,16
2024-02-16 00:00:00,0.0001,0
2024-02-16 08:00:00,0.0001,8
2024-02-16 16:00:00,0.0001,16
2024-02-17 00:00:00,0.0001,0
2024-02-17 08:00:00,0.0001,8
2024-02-17 16:00:00,0.00016041,16
2024-02-18 00:00:00,0.0001724,0
2024-02-18 08:00:00,0.00015305,8
2024-02-18 16:00:00,0.00017095,16
2024-02-19 00:00:00,0.00023064,0
2024-02-19 08:00:00,0.00019594,8
2024-02-19 16:00:00,0.00013327,16
2024-02-20 00:00:00,0.00010461,0
2024-02-20 08:00:00,0.00010912,8
2024-02-20 16:00:00,0.00020259,16
2024-02-21 00:00:00,0.0001,0
2024-02-21 08:00:00,0.00011242,8
2024-02-21 16:00:00,0.0001,16
2024-02-22 00:00:00,0.0001,0
2024-02-22 08:00:00,0.0001348,8
2024-02-22 16:00:00,0.00012557,16
2024-02-23 00:00:00,0.0001,0
2024-02-23 08:00:00,0.0001,8
2024-02-23 16:00:00,0.00012991,16
2024-02-24 00:00:00,0.0001,0
2024-02-24 08:00:00,0.0001,8
2024-02-24 16:00:00,0.0001,16
2024-02-25 00:00:00,0.00011438,0
2024-02-25 08:00:00,0.00015012,8
2024-02-25 16:00:00,0.00015062,16
2024-02-26 00:00:00,0.00026761,0
2024-02-26 08:00:00,0.00021567,8
2024-02-26 16:00:00,0.00027227,16
2024-02-27 00:00:00,0.00032262,0
2024-02-27 08:00:00,0.00073521,8
2024-02-27 16:00:00,0.00022965,16
2024-02-28 00:00:00,0.00026729,0
2024-02-28 08:00:00,0.00023682,8
2024-02-28 16:00:00,0.00053538,16
2024-02-29 00:00:00,0.00069091,0
2024-02-29 08:00:00,0.00076337,8
2024-02-29 16:00:00,0.00057031,16
2024-03-01 00:00:00,0.00053322,0
2024-03-01 08:00:00,0.00064824,8
2024-03-01 16:00:00,0.0004601,16
2024-03-02 00:00:00,0.00033426,0
2024-03-02 08:00:00,0.00057174,8
2024-03-02 16:00:00,0.00056396,16
2024-03-03 00:00:00,0.00046267,0
2024-03-03 08:00:00,0.00042989,8
2024-03-03 16:00:00,0.00044598,16
2024-03-04 00:00:00,0.00055071,0
2024-03-04 08:00:00,0.00046833,8
2024-03-04 16:00:00,0.0006362,16
2024-03-05 00:00:00,0.0004896,0
2024-03-05 08:00:00,0.00082969,8
2024-03-05 16:00:00,0.00088148,16
2024-03-06 00:00:00,0.0003628,0
2024-03-06 08:00:00,0.00033876,8
2024-03-06 16:00:00,0.00049354,16
2024-03-07 00:00:00,0.00030311,0
2024-03-07 08:00:00,0.00040984,8
2024-03-07 16:00:00,0.00054217,16
2024-03-08 00:00:00,0.00034819,0
2024-03-08 08:00:00,0.00043497,8
2024-03-08 16:00:00,0.00062913,16
2024-03-09 00:00:00,0.00019134,0
2024-03-09 08:00:00,0.00031281,8
2024-03-09 16:00:00,0.00026407,16
2024-03-10 00:00:00,0.0003101,0
2024-03-10 08:00:00,0.00063451,8
2024-03-10 16:00:00,0.00054479,16
2024-03-11 00:00:00,0.00035489,0
2024-03-11 08:00:00,0.00078428,8
2024-03-11 16:00:00,0.00066396,16
2024-03-12 00:00:00,0.0004447,0
2024-03-12 08:00:00,0.000453,8
2024-03-12 16:00:00,0.00047935,16
2024-03-13 00:00:00,0.00033224,0
2024-03-13 08:00:00,0.0006442,8
2024-03-13 16:00:00,0.00045402,16
2024-03-14 00:00:00,0.00024393,0
2024-03-14 08:00:00,0.00038753,8
2024-03-14 16:00:00,0.00038258,16
2024-03-15 00:00:00,0.00038515,0
2024-03-15 08:00:00,0.00014328,8
2024-03-15 16:00:00,0.00015306,16
2024-03-16 00:00:00,0.0001,0
2024-03-16 08:00:00,0.00023202,8
2024-03-16 16:00:00,0.00020813,16
2024-03-17 00:00:00,0.00013089,0
2024-03-17 08:00:00,0.00017773,8
2024-03-17 16:00:00,0.00024827,16
2024-03-18 00:00:00,0.00020181,0
2024-03-18 08:00:00,0.00030597,8
2024-03-18 16:00:00,0.00027195,16
2024-03-19 00:00:00,0.00026923,0
2024-03-19 08:00:00,0.00029065,8
2024-03-19 16:00:00,0.00024018,16
2024-03-20 00:00:00,0.00015847,0
2024-03-20 08:00:00,0.00018388,8
2024-03-20 16:00:00,0.0001,16
2024-03-21 00:00:00,0.00010403,0
2024-03-21 08:00:00,0.00019304,8
2024-03-21 16:00:00,0.0001951,16
2024-03-22 00:00:00,0.00016271,0
2024-03-22 08:00:00,0.0001,8
2024-03-22 16:00:00,0.00011993,16
2024-03-23 00:00:00,0.0001,0
2024-03-23 08:00:00,0.0001,8
2024-03-23 16:00:00,0.00010806,16
2024-03-24 00:00:00,0.00010351,0
2024-03-24 08:00:00,0.00014616,8
2024-03-24 16:00:00,0.00015884,16
2024-03-25 00:00:00,0.00025549,0
2024-03-25 08:00:00,0.00016324,8
2024-03-25 16:00:00,0.00028815,16
2024-03-26 00:00:00,0.00021963,0
2024-03-26 08:00:00,0.00018348,8
2024-03-26 16:00:00,0.00026764,16
2024-03-27 00:00:00,0.00028757,0
2024-03-27 08:00:00,0.00029551,8
2024-03-27 16:00:00,0.00043631,16
2024-03-28 00:00:00,0.00024195,0
2024-03-28 08:00:00,0.00029899,8
2024-03-28 16:00:00,0.0002943,16
2024-03-29 00:00:00,0.0001825,0
2024-03-29 08:00:00,0.00025456,8
2024-03-29 16:00:00,0.0003017,16
2024-03-30 00:00:00,0.00019624,0
2024-03-30 08:00:00,0.00032267,8
2024-03-30 16:00:00,0.0003436,16
2024-03-31 00:00:00,0.00032351,0
2024-03-31 08:00:00,0.00039889,8
2024-03-31 16:00:00,0.00040301,16
2024-04-01 00:00:00,0.00070161,0
2024-04-01 08:00:00,0.00033491,8
2024-04-01 16:00:00,0.00027469,16
2024-04-02 00:00:00,0.00010926,0
2024-04-02 08:00:00,0.0001,8
2024-04-02 16:00:00,0.00016456,16
2024-04-03 00:00:00,0.0001,0
2024-04-03 08:00:00,0.0001,8
2024-04-03 16:00:00,0.0001,16
2024-04-04 00:00:00,0.0001,0
2024-04-04 08:00:00,0.0001,8
2024-04-04 16:00:00,0.0001,16
2024-04-05 00:00:00,0.0001,0
2024-04-05 08:00:00,0.0001,8
2024-04-05 16:00:00,0.0001,16
2024-04-06 00:00:00,0.0001,0
2024-04-06 08:00:00,0.0001,8
2024-04-06 16:00:00,0.0001,16
2024-04-07 00:00:00,0.0001,0
2024-04-07 08:00:00,0.0001,8
2024-04-07 16:00:00,0.0001,16
2024-04-08 00:00:00,0.0001,0
2024-04-08 08:00:00,0.0001,8
2024-04-08 16:00:00,0.00035189,16
2024-04-09 00:00:00,0.00020915,0
2024-04-09 08:00:00,0.00020603,8
2024-04-09 16:00:00,0.00019061,16
2024-04-10 00:00:00,0.00011929,0
2024-04-10 08:00:00,0.00012457,8
2024-04-10 16:00:00,0.0001,16
2024-04-11 00:00:00,0.00013979,0
2024-04-11 08:00:00,0.00020153,8
2024-04-11 16:00:00,0.00019763,16
2024-04-12 00:00:00,0.00011258,0
2024-04-12 08:00:00,0.0002563,8
2024-04-12 16:00:00,0.00012214,16
2024-04-13 00:00:00,0.0001,0
2024-04-13 08:00:00,0.0001,8
2024-04-13 16:00:00,0.0001,16
2024-04-14 00:00:00,0.0001,0
2024-04-14 08:00:00,0.0001,8
2024-04-14 16:00:00,0.0001,16
2024-04-15 00:00:00,0.0001,0
2024-04-15 08:00:00,1.759e-05,8
2024-04-15 16:00:00,0.0001,16
2024-04-16 00:00:00,5.953e-05,0
2024-04-16 08:00:00,9.525e-05,8
2024-04-16 16:00:00,3.513e-05,16
2024-04-17 00:00:00,6.375e-05,0
2024-04-17 08:00:00,3.574e-05,8
2024-04-17 16:00:00,6.534e-05,16
2024-04-18 00:00:00,6.937e-05,0
2024-04-18 08:00:00,5.982e-05,8
2024-04-18 16:00:00,-3.334e-05,16
2024-04-19 00:00:00,-3.12e-05,0
2024-04-19 08:00:00,6.641e-05,8
2024-04-19 16:00:00,5.88e-05,16
2024-04-20 00:00:00,0.0001,0
2024-04-20 08:00:00,-7.66e-06,8
2024-04-20 16:00:00,4.204e-05,16
2024-04-21 00:00:00,3.186e-05,0
2024-04-21 08:00:00,-2.093e-05,8
2024-04-21 16:00:00,8.271e-05,16
2024-04-22 00:00:00,4.409e-05,0
2024-04-22 08:00:00,2.497e-05,8
2024-04-22 16:00:00,8.98e-06,16
2024-04-23 00:00:00,-1.236e-05,0
2024-04-23 08:00:00,5.24e-05,8
2024-04-23 16:00:00,-1.083e-05,16
2024-04-24 00:00:00,1.413e-05,0
2024-04-24 08:00:00,5.302e-05,8
2024-04-24 16:00:00,7.047e-05,16
2024-04-25 00:00:00,7.02e-05,0
2024-04-25 08:00:00,4.069e-05,8
2024-04-25 16:00:00,1.14e-05,16
2024-04-26 00:00:00,1.709e-05,0
2024-04-26 08:00:00,6.85e-06,8
2024-04-26 16:00:00,5.562e-05,16
2024-04-27 00:00:00,0.0001,0
2024-04-27 08:00:00,7.47e-05,8
2024-04-27 16:00:00,2.834e-05,16
2024-04-28 00:00:00,1.006e-05,0
2024-04-28 08:00:00,-2.081e-05,8
2024-04-28 16:00:00,2.782e-05,16
2024-04-29 00:00:00,2.472e-05,0
2024-04-29 08:00:00,5.544e-05,8
2024-04-29 16:00:00,6.828e-05,16
2024-04-30 00:00:00,9.74e-05,0
2024-04-30 08:00:00,9.154e-05,8
2024-04-30 16:00:00,0.0001,16
2024-05-01 00:00:00,0.0001,0
2024-05-01 08:00:00,8.946e-05,8
2024-05-01 16:00:00,9.902e-05,16
2024-05-02 00:00:00,6.634e-05,0
2024-05-02 08:00:00,6.169e-05,8
2024-05-02 16:00:00,-1.23e-06,16
2024-05-03 00:00:00,-1.549e-05,0
2024-05-03 08:00:00,-3.764e-05,8
2024-05-03 16:00:00,8.091e-05,16
2024-05-04 00:00:00,2.703e-05,0
2024-05-04 08:00:00,7.455e-05,8
2024-05-04 16:00:00,6.265e-05,16
2024-05-05 00:00:00,6.906e-05,0
2024-05-05 08:00:00,6.47e-06,8
2024-05-05 16:00:00,3.893e-05,16
2024-05-06 00:00:00,6.02e-06,0
2024-05-06 08:00:00,-1.031e-05,8
2024-05-06 16:00:00,7.746e-05,16
2024-05-07 00:00:00,6.064e-05,0
2024-05-07 08:00:00,1.581e-05,8
2024-05-07 16:00:00,9.028e-05,16
2024-05-08 00:00:00,4.891e-05,0
2024-05-08 08:00:00,5.553e-05,8
2024-05-08 16:00:00,9.292e-05,16
2024-05-09 00:00:00,5.648e-05,0
2024-05-09 08:00:00,3.315e-05,8
2024-05-09 16:00:00,7.253e-05,16
2024-05-10 00:00:00,1.026e-05,0
2024-05-10 08:00:00,5.934e-05,8
2024-05-10 16:00:00,7.653e-05,16
2024-05-11 00:00:00,8.881e-05,0
2024-05-11 08:00:00,3.771e-05,8
2024-05-11 16:00:00,5.067e-05,16
2024-05-12 00:00:00,2.604e-05,0
2024-05-12 08:00:00,2.83e-05,8
2024-05-12 16:00:00,0.0001,16
2024-05-13 00:00:00,0.0001,0
2024-05-13 08:00:00,8.469e-05,8
2024-05-13 16:00:00,9.151e-05,16
2024-05-14 00:00:00,9.866e-05,0
2024-05-14 08:00:00,0.0001,8
2024-05-14 16:00:00,4.392e-05,16
2024-05-15 00:00:00,0.0001,0
2024-05-15 08:00:00,-3.85e-06,8
2024-05-15 16:00:00,2.373e-05,16
2024-05-16 00:00:00,2.103e-05,0
2024-05-16 08:00:00,5.148e-05,8
2024-05-16 16:00:00,3.543e-05,16
2024-05-17 00:00:00,4.647e-05,0
2024-05-17 08:00:00,8.15e-06,8
2024-05-17 16:00:00,-2.98e-06,16
2024-05-18 00:00:00,6.28e-06,0
2024-05-18 08:00:00,8.012e-05,8
2024-05-18 16:00:00,-7.92e-06,16
2024-05-19 00:00:00,3.339e-05,0
2024-05-19 08:00:00,5.21e-05,8
2024-05-19 16:00:00,4.779e-05,16
2024-05-20 00:00:00,5.607e-05,0
2024-05-20 08:00:00,2.479e-05,8
2024-05-20 16:00:00,2.552e-05,16
2024-05-21 00:00:00,0.0001,0
2024-05-21 08:00:00,0.00010517,8
2024-05-21 16:00:00,0.0001,16
2024-05-22 00:00:00,0.0001,0
2024-05-22 08:00:00,0.00015759,8
2024-05-22 16:00:00,0.0001,16
2024-05-23 00:00:00,0.0001,0
2024-05-23 08:00:00,0.0001,8
2024-05-23 16:00:00,0.0001,16
2024-05-24 00:00:00,0.0001,0
2024-05-24 08:00:00,0.0001,8
2024-05-24 16:00:00,0.0001,16
2024-05-25 00:00:00,0.0001,0
2024-05-25 08:00:00,0.0001,8
2024-05-25 16:00:00,0.0001,16
2024-05-26 00:00:00,0.0001,0
2024-05-26 08:00:00,0.0001,8
2024-05-26 16:00:00,0.0001,16
2024-05-27 00:00:00,0.0001,0
2024-05-27 08:00:00,0.0001,8
2024-05-27 16:00:00,0.0001,16
2024-05-28 00:00:00,0.0001,0
2024-05-28 08:00:00,0.0001,8
2024-05-28 16:00:00,0.0001,16
2024-05-29 00:00:00,0.0001,0
2024-05-29 08:00:00,0.0001,8
2024-05-29 16:00:00,0.00012558,16
2024-05-30 00:00:00,0.0001,0
2024-05-30 08:00:00,0.0001,8
2024-05-30 16:00:00,0.0001,16
2024-05-31 00:00:00,0.00014599,0
2024-05-31 08:00:00,0.00012268,8
2024-05-31 16:00:00,0.0001,16
2024-06-01 00:00:00,0.0001,0
2024-06-01 08:00:00,0.0001,8
2024-06-01 16:00:00,0.0001025,16
2024-06-02 00:00:00,0.0001,0
2024-06-02 08:00:00,0.0001,8
2024-06-02 16:00:00,0.0001,16
2024-06-03 00:00:00,0.0001,0
2024-06-03 08:00:00,0.00014135,8
2024-06-03 16:00:00,0.0001,16
2024-06-04 00:00:00,0.00012008,0
2024-06-04 08:00:00,0.0001,8
2024-06-04 16:00:00,0.0001,16
2024-06-05 00:00:00,0.0001,0
2024-06-05 08:00:00,0.00016387,8
2024-06-05 16:00:00,0.00013226,16
2024-06-06 00:00:00,0.0001,0
2024-06-06 08:00:00,0.00010438,8
2024-06-06 16:00:00,0.0001177,16
2024-06-07 00:00:00,0.0001,0
2024-06-07 08:00:00,0.0001,8
2024-06-07 16:00:00,0.00010166,16
2024-06-08 00:00:00,0.0001,0
2024-06-08 08:00:00,0.0001,8
2024-06-08 16:00:00,0.0001,16
2024-06-09 00:00:00,0.0001,0
2024-06-09 08:00:00,0.0001,8
2024-06-09 16:00:00,0.0001,16
2024-06-10 00:00:00,0.0001,0
2024-06-10 08:00:00,0.0001,8
2024-06-10 16:00:00,0.0001,16
2024-06-11 00:00:00,0.0001,0
2024-06-11 08:00:00,0.0001,8
2024-06-11 16:00:00,0.0001,16
2024-06-12 00:00:00,0.0001,0
2024-06-12 08:00:00,0.0001,8
2024-06-12 16:00:00,0.0001,16
2024-06-13 00:00:00,0.0001,0
2024-06-13 08:00:00,0.0001,8
2024-06-13 16:00:00,0.0001,16
2024-06-14 00:00:00,0.0001,0
2024-06-14 08:00:00,0.0001,8
2024-06-14 16:00:00,0.0001,16
2024-06-15 00:00:00,0.0001,0
2024-06-15 08:00:00,0.0001,8
2024-06-15 16:00:00,0.0001,16
2024-06-16 00:00:00,0.0001,0
2024-06-16 08:00:00,0.0001,8
2024-06-16 16:00:00,0.0001,16
2024-06-17 00:00:00,0.0001,0
2024-06-17 08:00:00,0.0001,8
2024-06-17 16:00:00,0.0001,16
2024-06-18 00:00:00,0.0001,0
2024-06-18 08:00:00,8.236e-05,8
2024-06-18 16:00:00,0.0001,16
2024-06-19 00:00:00,0.0001,0
2024-06-19 08:00:00,4.127e-05,8
2024-06-19 16:00:00,2.967e-05,16
2024-06-20 00:00:00,3.934e-05,0
2024-06-20 08:00:00,5.953e-05,8
2024-06-20 16:00:00,6.879e-05,16
2024-06-21 00:00:00,3.344e-05,0
2024-06-21 08:00:00,7.328e-05,8
2024-06-21 16:00:00,0.0001,16
2024-06-22 00:00:00,0.0001,0
2024-06-22 08:00:00,4.146e-05,8
2024-06-22 16:00:00,0.0001,16
2024-06-23 00:00:00,0.0001,0
2024-06-23 08:00:00,2.307e-05,8
2024-06-23 16:00:00,4.676e-05,16
2024-06-24 00:00:00,9.534e-05,0
2024-06-24 08:00:00,0.0001,8
2024-06-24 16:00:00,7.488e-05,16
2024-06-25 00:00:00,7.447e-05,0
2024-06-25 08:00:00,5.949e-05,8
2024-06-25 16:00:00,7.752e-05,16
2024-06-26 00:00:00,0.0001,0
2024-06-26 08:00:00,0.0001,8
2024-06-26 16:00:00,0.0001,16
2024-06-27 00:00:00,0.0001,0
2024-06-27 08:00:00,0.0001,8
2024-06-27 16:00:00,0.0001,16
2024-06-28 00:00:00,0.0001,0
2024-06-28 08:00:00,0.0001,8
2024-06-28 16:00:00,0.0001,16
2024-06-29 00:00:00,0.0001,0
2024-06-29 08:00:00,0.0001,8
2024-06-29 16:00:00,0.0001,16
2024-06-30 00:00:00,0.0001,0
2024-06-30 08:00:00,0.0001,8
2024-06-30 16:00:00,0.0001,16
2024-07-01 00:00:00,0.0001,0
2024-07-01 08:00:00,0.0001,8
2024-07-01 16:00:00,0.0001,16
2024-07-02 00:00:00,0.0001,0
2024-07-02 08:00:00,0.0001,8
2024-07-02 16:00:00,0.0001,16
2024-07-03 00:00:00,0.0001,0
2024-07-03 08:00:00,0.0001,8
2024-07-03 16:00:00,0.0001,16
2024-07-04 00:00:00,0.0001,0
2024-07-04 08:00:00,0.0001,8
2024-07-04 16:00:00,0.0001,16
2024-07-05 00:00:00,0.0001,0
2024-07-05 08:00:00,0.0001,8
2024-07-05 16:00:00,1.762e-05,16
2024-07-06 00:00:00,5.729e-05,0
2024-07-06 08:00:00,7.512e-05,8
2024-07-06 16:00:00,3.25e-05,16
2024-07-07 00:00:00,8.164e-05,0
2024-07-07 08:00:00,0.0001,8
2024-07-07 16:00:00,0.0001,16
2024-07-08 00:00:00,7.905e-05,0
2024-07-08 08:00:00,8.222e-05,8
2024-07-08 16:00:00,0.0001,16
2024-07-09 00:00:00,0.0001,0
2024-07-09 08:00:00,8.61e-06,8
2024-07-09 16:00:00,0.0001,16
2024-07-10 00:00:00,0.0001,0
2024-07-10 08:00:00,9.225e-05,8
2024-07-10 16:00:00,5.485e-05,16
2024-07-11 00:00:00,0.0001,0
2024-07-11 08:00:00,0.0001,8
2024-07-11 16:00:00,0.0001,16
2024-07-12 00:00:00,6.378e-05,0
2024-07-12 08:00:00,3.026e-05,8
2024-07-12 16:00:00,4.037e-05,16
2024-07-13 00:00:00,8.319e-05,0
2024-07-13 08:00:00,6.865e-05,8
2024-07-13 16:00:00,0.0001,16
2024-07-14 00:00:00,8.737e-05,0
2024-07-14 08:00:00,3.71e-05,8
2024-07-14 16:00:00,8.342e-05,16
2024-07-15 00:00:00,4.59e-05,0
2024-07-15 08:00:00,3.202e-05,8
2024-07-15 16:00:00,-5.14e-06,16
2024-07-16 00:00:00,-5.062e-05,0
2024-07-16 08:00:00,8.814e-05,8
2024-07-16 16:00:00,2.717e-05,16
2024-07-17 00:00:00,-3.419e-05,0
2024-07-17 08:00:00,1.775e-05,8
2024-07-17 16:00:00,2.143e-05,16
2024-07-18 00:00:00,6.89e-06,0
2024-07-18 08:00:00,1.546e-05,8
2024-07-18 16:00:00,3.127e-05,16
2024-07-19 00:00:00,4.029e-05,0
2024-07-19 08:00:00,4.855e-05,8
2024-07-19 16:00:00,4.606e-05,16
2024-07-20 00:00:00,-3.077e-05,0
2024-07-20 08:00:00,1.944e-05,8
2024-07-20 16:00:00,1.622e-05,16
2024-07-21 00:00:00,-5.313e-05,0
2024-07-21 08:00:00,2.194e-05,8
2024-07-21 16:00:00,6.46e-06,16
2024-07-22 00:00:00,9.136e-05,0
2024-07-22 08:00:00,5.953e-05,8
2024-07-22 16:00:00,2.769e-05,16
2024-07-23 00:00:00,4.709e-05,0
2024-07-23 08:00:00,4.31e-05,8
2024-07-23 16:00:00,4.642e-05,16
2024-07-24 00:00:00,0.0001,0
2024-07-24 08:00:00,0.0001,8
2024-07-24 16:00:00,0.0001,16
2024-07-25 00:00:00,0.0001,0
2024-07-25 08:00:00,0.0001,8
2024-07-25 16:00:00,0.0001,16
2024-07-26 00:00:00,0.0001,0
2024-07-26 08:00:00,0.0001,8
2024-07-26 16:00:00,3.34e-05,16
2024-07-27 00:00:00,6.547e-05,0
2024-07-27 08:00:00,8.022e-05,8
2024-07-27 16:00:00,9.109e-05,16
2024-07-28 00:00:00,8.18e-05,0
2024-07-28 08:00:00,9.177e-05,8
2024-07-28 16:00:00,2.804e-05,16
2024-07-29 00:00:00,8.361e-05,0
2024-07-29 08:00:00,5.623e-05,8
2024-07-29 16:00:00,0.0001,16
2024-07-30 00:00:00,3.396e-05,0
2024-07-30 08:00:00,3.562e-05,8
2024-07-30 16:00:00,7.691e-05,16
2024-07-31 00:00:00,3.063e-05,0
2024-07-31 08:00:00,7.178e-05,8
2024-07-31 16:00:00,3.826e-05,16
2024-08-01 00:00:00,8.208e-05,0
2024-08-01 08:00:00,0.0001,8
2024-08-01 16:00:00,0.0001,16
2024-08-02 00:00:00,0.0001,0
2024-08-02 08:00:00,0.0001,8
2024-08-02 16:00:00,0.0001,16
2024-08-03 00:00:00,0.0001,0
2024-08-03 08:00:00,9.788e-05,8
2024-08-03 16:00:00,4.247e-05,16
2024-08-04 00:00:00,0.0001,0
2024-08-04 08:00:00,5.343e-05,8
2024-08-04 16:00:00,0.0001,16
2024-08-05 00:00:00,0.0001,0
2024-08-05 08:00:00,4.429e-05,8
2024-08-05 16:00:00,5.967e-05,16
2024-08-06 00:00:00,3.566e-05,0
2024-08-06 08:00:00,-2.845e-05,8
2024-08-06 16:00:00,4.485e-05,16
2024-08-07 00:00:00,-7.3e-06,0
2024-08-07 08:00:00,-6.859e-05,8
2024-08-07 16:00:00,3.241e-05,16
2024-08-08 00:00:00,2.637e-05,0
2024-08-08 08:00:00,3.086e-05,8
2024-08-08 16:00:00,1.147e-05,16
2024-08-09 00:00:00,4.994e-05,0
2024-08-09 08:00:00,2.184e-05,8
2024-08-09 16:00:00,4.846e-05,16
2024-08-10 00:00:00,-3.942e-05,0
2024-08-10 08:00:00,-1.379e-05,8
2024-08-10 16:00:00,-1.949e-05,16
2024-08-11 00:00:00,4.049e-05,0
2024-08-11 08:00:00,-1.839e-05,8
2024-08-11 16:00:00,1.185e-05,16
2024-08-12 00:00:00,1.113e-05,0
2024-08-12 08:00:00,8.783e-05,8
2024-08-12 16:00:00,-2.238e-05,16
2024-08-13 00:00:00,6.14e-05,0
2024-08-13 08:00:00,5.21e-06,8
2024-08-13 16:00:00,-3.902e-05,16
2024-08-14 00:00:00,1.152e-05,0
2024-08-14 08:00:00,-1.33e-05,8
2024-08-14 16:00:00,-7.811e-05,16
2024-08-15 00:00:00,-8.488e-05,0
2024-08-15 08:00:00,6.339e-05,8
2024-08-15 16:00:00,-6.181e-05,16
2024-08-16 00:00:00,-0.00011235,0
2024-08-16 08:00:00,-7.387e-05,8
2024-08-16 16:00:00,-5.57e-06,16
2024-08-17 00:00:00,1.912e-05,0
2024-08-17 08:00:00,4.177e-05,8
2024-08-17 16:00:00,-1.52e-06,16
2024-08-18 00:00:00,3.966e-05,0
2024-08-18 08:00:00,-1.323e-05,8
2024-08-18 16:00:00,-3.149e-05,16
2024-08-19 00:00:00,-3.616e-05,0
2024-08-19 08:00:00,-6.75e-05,8
2024-08-19 16:00:00,-1.957e-05,16
2024-08-20 00:00:00,-2.656e-05,0
2024-08-20 08:00:00,1.349e-05,8
2024-08-20 16:00:00,1.419e-05,16
2024-08-21 00:00:00,-6.756e-05,0
2024-08-21 08:00:00,-5.91e-06,8
2024-08-21 16:00:00,3.96e-06,16
2024-08-22 00:00:00,-2.229e-05,0
2024-08-22 08:00:00,1.338e-05,8
2024-08-22 16:00:00,-7.261e-05,16
2024-08-23 00:00:00,-3.329e-05,0
2024-08-23 08:00:00,2.391e-05,8
2024-08-23 16:00:00,-4.317e-05,16
2024-08-24 00:00:00,-7.72e-06,0
2024-08-24 08:00:00,-7.23e-06,8
2024-08-24 16:00:00,6.395e-05,16
2024-08-25 00:00:00,-4.806e-05,0
2024-08-25 08:00:00,-1.531e-05,8
2024-08-25 16:00:00,3.108e-05,16
2024-08-26 00:00:00,2.439e-05,0
2024-08-26 08:00:00,3.448e-05,8
2024-08-26 16:00:00,3.789e-05,16
2024-08-27 00:00:00,2.795e-05,0
2024-08-27 08:00:00,1.751e-05,8
2024-08-27 16:00:00,7.753e-05,16
2024-08-28 00:00:00,-6.803e-05,0
2024-08-28 08:00:00,2.433e-05,8
2024-08-28 16:00:00,1.143e-05,16
2024-08-29 00:00:00,-9.76e-06,0
2024-08-29 08:00:00,-1.644e-05,8
2024-08-29 16:00:00,5.59e-06,16
2024-08-30 00:00:00,9.36e-06,0
2024-08-30 08:00:00,3.578e-05,8
2024-08-30 16:00:00,2.927e-05,16
2024-08-31 00:00:00,-1.749e-05,0
2024-08-31 08:00:00,3.578e-05,8
2024-08-31 16:00:00,3.8e-05,16
2024-09-01 00:00:00,4.113e-05,0
2024-09-01 08:00:00,-3.432e-05,8
2024-09-01 16:00:00,-3.82e-06,16
2024-09-02 00:00:00,-3.386e-05,0
2024-09-02 08:00:00,2.48e-06,8
2024-09-02 16:00:00,-3.63e-06,16
2024-09-03 00:00:00,6.245e-05,0
2024-09-03 08:00:00,5.123e-05,8
2024-09-03 16:00:00,4.598e-05,16
2024-09-04 00:00:00,2.209e-05,0
2024-09-04 08:00:00,1.05e-05,8
2024-09-04 16:00:00,-1.47e-05,16
2024-09-05 00:00:00,9.016e-05,0
2024-09-05 08:00:00,2.025e-05,8
2024-09-05 16:00:00,2.49e-05,16
2024-09-06 00:00:00,2.28e-05,0
2024-09-06 08:00:00,-1e-08,8
2024-09-06 16:00:00,1.428e-05,16
2024-09-07 00:00:00,-5.57e-06,0
2024-09-07 08:00:00,-7.634e-05,8
2024-09-07 16:00:00,-7.236e-05,16
2024-09-08 00:00:00,3.745e-05,0
2024-09-08 08:00:00,-5.999e-05,8
2024-09-08 16:00:00,-5.245e-05,16
2024-09-09 00:00:00,-7.585e-05,0
2024-09-09 08:00:00,-7.108e-05,8
2024-09-09 16:00:00,-3.875e-05,16
2024-09-10 00:00:00,-6.028e-05,0
2024-09-10 08:00:00,-2.93e-05,8
2024-09-10 16:00:00,-1.126e-05,16
2024-09-11 00:00:00,-8.953e-05,0
2024-09-11 08:00:00,-2.247e-05,8
2024-09-11 16:00:00,-5.212e-05,16
2024-09-12 00:00:00,-1.951e-05,0
2024-09-12 08:00:00,-5.46e-06,8
2024-09-12 16:00:00,-2.95e-05,16
2024-09-13 00:00:00,-6.9e-07,0
2024-09-13 08:00:00,-8.69e-06,8
2024-09-13 16:00:00,-2.443e-05,16
2024-09-14 00:00:00,-8.699e-05,0
2024-09-14 08:00:00,8.59e-06,8
2024-09-14 16:00:00,2.326e-05,16
2024-09-15 00:00:00,-4.91e-06,0
2024-09-15 08:00:00,1e-08,8
2024-09-15 16:00:00,4.02e-06,16
2024-09-16 00:00:00,2.402e-05,0
2024-09-16 08:00:00,3.564e-05,8
2024-09-16 16:00:00,6.762e-05,16
2024-09-17 00:00:00,8.529e-05,0
2024-09-17 08:00:00,1.911e-05,8
2024-09-17 16:00:00,5.327e-05,16
2024-09-18 00:00:00,1.344e-05,0
2024-09-18 08:00:00,1.678e-05,8
2024-09-18 16:00:00,4.648e-05,16
2024-09-19 00:00:00,3.512e-05,0
2024-09-19 08:00:00,2.949e-05,8
2024-09-19 16:00:00,4.072e-05,16
2024-09-20 00:00:00,8.065e-05,0
2024-09-20 08:00:00,-5.03e-06,8
2024-09-20 16:00:00,5.543e-05,16
2024-09-21 00:00:00,4.638e-05,0
2024-09-21 08:00:00,0.0001,8
2024-09-21 16:00:00,8.234e-05,16
2024-09-22 00:00:00,6.285e-05,0
2024-09-22 08:00:00,9.254e-05,8
2024-09-22 16:00:00,5.537e-05,16
2024-09-23 00:00:00,6.546e-05,0
2024-09-23 08:00:00,1.364e-05,8
2024-09-23 16:00:00,5.304e-05,16
2024-09-24 00:00:00,2.324e-05,0
2024-09-24 08:00:00,2.895e-05,8
2024-09-24 16:00:00,-1.82e-06,16
2024-09-25 00:00:00,1.223e-05,0
2024-09-25 08:00:00,1.141e-05,8
2024-09-25 16:00:00,1.336e-05,16
2024-09-26 00:00:00,1.65e-05,0
2024-09-26 08:00:00,6.246e-05,8
2024-09-26 16:00:00,0.0001,16
2024-09-27 00:00:00,0.0001,0
2024-09-27 08:00:00,6.722e-05,8
2024-09-27 16:00:00,2.275e-05,16
2024-09-28 00:00:00,5.455e-05,0
2024-09-28 08:00:00,8.3e-05,8
2024-09-28 16:00:00,1.414e-05,16
2024-09-29 00:00:00,7.25e-06,0
2024-09-29 08:00:00,3.128e-05,8
2024-09-29 16:00:00,7.253e-05,16
2024-09-30 00:00:00,3.077e-05,0
2024-09-30 08:00:00,7.939e-05,8
2024-09-30 16:00:00,0.0001,16
2024-10-01 00:00:00,0.0001,0
2024-10-01 08:00:00,0.0001,8
2024-10-01 16:00:00,0.0001,16
2024-10-02 00:00:00,6.632e-05,0
2024-10-02 08:00:00,8.409e-05,8
2024-10-02 16:00:00,8.191e-05,16
2024-10-03 00:00:00,4.381e-05,0
2024-10-03 08:00:00,3.746e-05,8
2024-10-03 16:00:00,4.99e-05,16
2024-10-04 00:00:00,7.097e-05,0
2024-10-04 08:00:00,2.119e-05,8
2024-10-04 16:00:00,2.43e-06,16
2024-10-05 00:00:00,-1.596e-05,0
2024-10-05 08:00:00,1.088e-05,8
2024-10-05 16:00:00,8.61e-06,16
2024-10-06 00:00:00,5.72e-06,0
2024-10-06 08:00:00,3.288e-05,8
2024-10-06 16:00:00,4.18e-05,16
2024-10-07 00:00:00,4.573e-05,0
2024-10-07 08:00:00,-9.52e-06,8
2024-10-07 16:00:00,2.177e-05,16
2024-10-08 00:00:00,-1.678e-05,0
2024-10-08 08:00:00,7.094e-05,8
2024-10-08 16:00:00,8.1e-05,16
2024-10-09 00:00:00,0.0001,0
2024-10-09 08:00:00,5.138e-05,8
2024-10-09 16:00:00,7.939e-05,16
2024-10-10 00:00:00,2.09e-05,0
2024-10-10 08:00:00,1.532e-05,8
2024-10-10 16:00:00,0.0001,16
2024-10-11 00:00:00,2.231e-05,0
2024-10-11 08:00:00,-1.874e-05,8
2024-10-11 16:00:00,1.2e-06,16
2024-10-12 00:00:00,4.558e-05,0
2024-10-12 08:00:00,7.664e-05,8
2024-10-12 16:00:00,-1.489e-05,16
2024-10-13 00:00:00,6.93e-06,0
2024-10-13 08:00:00,1.638e-05,8
2024-10-13 16:00:00,3.938e-05,16
2024-10-14 00:00:00,5.429e-05,0
2024-10-14 08:00:00,0.0001,8
2024-10-14 16:00:00,0.0001,16
2024-10-15 00:00:00,0.0001,0
2024-10-15 08:00:00,0.0001,8
2024-10-15 16:00:00,0.0001,16
2024-10-16 00:00:00,8.325e-05,0
2024-10-16 08:00:00,8.5e-05,8
2024-10-16 16:00:00,0.0001,16
2024-10-17 00:00:00,0.0001,0
2024-10-17 08:00:00,0.0001,8
2024-10-17 16:00:00,0.0001,16
2024-10-18 00:00:00,0.0001,0
2024-10-18 08:00:00,0.0001,8
2024-10-18 16:00:00,0.0001,16
2024-10-19 00:00:00,0.0001,0
2024-10-19 08:00:00,0.0001,8
2024-10-19 16:00:00,0.0001,16
2024-10-20 00:00:00,0.0001,0
2024-10-20 08:00:00,0.0001,8
2024-10-20 16:00:00,0.0001,16
2024-10-21 00:00:00,0.0001,0
2024-10-21 08:00:00,0.0001,8
2024-10-21 16:00:00,0.0001,16
2024-10-22 00:00:00,0.0001,0
2024-10-22 08:00:00,0.0001,8
2024-10-22 16:00:00,0.0001,16
2024-10-23 00:00:00,0.0001,0
2024-10-23 08:00:00,0.0001,8
2024-10-23 16:00:00,0.0001,16
2024-10-24 00:00:00,0.0001,0
2024-10-24 08:00:00,0.0001,8
2024-10-24 16:00:00,0.0001,16
2024-10-25 00:00:00,0.0001,0
2024-10-25 08:00:00,0.0001,8
2024-10-25 16:00:00,0.0001,16
2024-10-26 00:00:00,4.755e-05,0
2024-10-26 08:00:00,7.569e-05,8
2024-10-26 16:00:00,0.0001,16
2024-10-27 00:00:00,0.0001,0
2024-10-27 08:00:00,9.724e-05,8
2024-10-27 16:00:00,0.0001,16
2024-10-28 00:00:00,9.425e-05,0
2024-10-28 08:00:00,0.0001,8
2024-10-28 16:00:00,8.946e-05,16
2024-10-29 00:00:00,0.0001,0
2024-10-29 08:00:00,0.0001,8
2024-10-29 16:00:00,0.0001,16
2024-10-30 00:00:00,0.0001,0
2024-10-30 08:00:00,0.0001,8
2024-10-30 16:00:00,0.0001,16
2024-10-31 00:00:00,0.0001,0
2024-10-31 08:00:00,0.0001,8
2024-10-31 16:00:00,0.0001,16
2024-11-01 00:00:00,0.0001,0
2024-11-01 08:00:00,0.0001,8
2024-11-01 16:00:00,0.0001,16
2024-11-02 00:00:00,0.0001,0
2024-11-02 08:00:00,0.0001,8
2024-11-02 16:00:00,0.0001,16
2024-11-03 00:00:00,0.0001,0
2024-11-03 08:00:00,0.0001,8
2024-11-03 16:00:00,0.0001,16
2024-11-04 00:00:00,0.0001,0
2024-11-04 08:00:00,0.0001,8
2024-11-04 16:00:00,0.0001,16
2024-11-05 00:00:00,0.0001,0
2024-11-05 08:00:00,0.0001,8
2024-11-05 16:00:00,0.0001,16
2024-11-06 00:00:00,0.0001,0
2024-11-06 08:00:00,0.0001,8
2024-11-06 16:00:00,0.0001,16
2024-11-07 00:00:00,0.0001,0
2024-11-07 08:00:00,0.0001,8
2024-11-07 16:00:00,0.0001,16
2024-11-08 00:00:00,0.0001,0
2024-11-08 08:00:00,0.0001,8
2024-11-08 16:00:00,0.0001,16
2024-11-09 00:00:00,0.0001,0
2024-11-09 08:00:00,0.0001,8
2024-11-09 16:00:00,0.0001,16
2024-11-10 00:00:00,0.0001,0
2024-11-10 08:00:00,0.00025603,8
2024-11-10 16:00:00,0.00014113,16
2024-11-11 00:00:00,0.00036878,0
2024-11-11 08:00:00,0.0001,8
2024-11-11 16:00:00,0.0001,16
2024-11-12 00:00:00,0.00049133,0
2024-11-12 08:00:00,0.00043737,8
2024-11-12 16:00:00,0.00038754,16
2024-11-13 00:00:00,0.0001,0
2024-11-13 08:00:00,0.00013101,8
2024-11-13 16:00:00,0.00021856,16
2024-11-14 00:00:00,0.0001,0
2024-11-14 08:00:00,0.0001,8
2024-11-14 16:00:00,0.0001,16
2024-11-15 00:00:00,0.0001,0
2024-11-15 08:00:00,0.0001,8
2024-11-15 16:00:00,0.00010977,16
2024-11-16 00:00:00,0.0001,0
2024-11-16 08:00:00,0.0001,8
2024-11-16 16:00:00,0.00013231,16
2024-11-17 00:00:00,0.00015765,0
2024-11-17 08:00:00,0.0001,8
2024-11-17 16:00:00,0.00010577,16
2024-11-18 00:00:00,0.0001,0
2024-11-18 08:00:00,0.0003645,8
2024-11-18 16:00:00,0.00021318,16
2024-11-19 00:00:00,0.00021606,0
2024-11-19 08:00:00,0.00030216,8
2024-11-19 16:00:00,0.00017959,16
2024-11-20 00:00:00,0.0001,0
2024-11-20 08:00:00,0.0001,8
2024-11-20 16:00:00,0.0001,16
2024-11-21 00:00:00,0.0001,0
2024-11-21 08:00:00,0.0001,8
2024-11-21 16:00:00,0.0001,16
2024-11-22 00:00:00,0.0001,0
2024-11-22 08:00:00,0.0001,8
2024-11-22 16:00:00,0.0001,16
2024-11-23 00:00:00,0.0001,0
2024-11-23 08:00:00,0.0001,8
2024-11-23 16:00:00,0.0001,16
2024-11-24 00:00:00,0.0001,0
2024-11-24 08:00:00,0.00016148,8
2024-11-24 16:00:00,0.00023228,16
2024-11-25 00:00:00,0.00021035,0
2024-11-25 08:00:00,0.0001,8
2024-11-25 16:00:00,0.00025233,16
2024-11-26 00:00:00,0.00021902,0
2024-11-26 08:00:00,0.00017936,8
2024-11-26 16:00:00,0.00029599,16
2024-11-27 00:00:00,0.00031205,0
2024-11-27 08:00:00,0.00016795,8
2024-11-27 16:00:00,0.0001,16
2024-11-28 00:00:00,0.0001,0
2024-11-28 08:00:00,0.00014326,8
2024-11-28 16:00:00,0.00011859,16
2024-11-29 00:00:00,0.00020619,0
2024-11-29 08:00:00,0.00011747,8
2024-11-29 16:00:00,0.00021921,16
2024-11-30 00:00:00,0.0001,0
2024-11-30 08:00:00,0.00015909,8
2024-11-30 16:00:00,0.00012063,16
2024-12-01 00:00:00,0.00015901,0
2024-12-01 08:00:00,0.00019581,8
2024-12-01 16:00:00,0.0001,16
2024-12-02 00:00:00,0.00025726,0
2024-12-02 08:00:00,0.00024556,8
2024-12-02 16:00:00,0.00013387,16
2024-12-03 00:00:00,0.00012779,0
2024-12-03 08:00:00,0.00024926,8
2024-12-03 16:00:00,0.00011952,16
2024-12-04 00:00:00,0.00026634,0
2024-12-04 08:00:00,0.00026254,8
2024-12-04 16:00:00,0.00023234,16
2024-12-05 00:00:00,0.00027625,0
2024-12-05 08:00:00,0.00072446,8
2024-12-05 16:00:00,0.00047059,16
2024-12-06 00:00:00,0.0001,0
2024-12-06 08:00:00,0.00014634,8
2024-12-06 16:00:00,0.0001,16
2024-12-07 00:00:00,0.00031972,0
2024-12-07 08:00:00,0.00012374,8
2024-12-07 16:00:00,0.0001409,16
2024-12-08 00:00:00,0.00016985,0
2024-12-08 08:00:00,0.00016572,8
2024-12-08 16:00:00,0.0001758,16
2024-12-09 00:00:00,0.00030413,0
2024-12-09 08:00:00,0.00021032,8
2024-12-09 16:00:00,0.00011115,16
2024-12-10 00:00:00,0.0001,0
2024-12-10 08:00:00,0.0001,8
2024-12-10 16:00:00,0.0001,16
2024-12-11 00:00:00,0.0001,0
2024-12-11 08:00:00,0.0001,8
2024-12-11 16:00:00,0.0001,16
2024-12-12 00:00:00,0.0001,0
2024-12-12 08:00:00,0.0001,8
2024-12-12 16:00:00,0.0001,16
2024-12-13 00:00:00,0.0001,0
2024-12-13 08:00:00,0.0001,8
2024-12-13 16:00:00,0.0001,16
2024-12-14 00:00:00,6.75e-05,0
2024-12-14 08:00:00,0.0001,8
2024-12-14 16:00:00,0.0001,16
2024-12-15 00:00:00,0.0001,0
2024-12-15 08:00:00,8.194e-05,8
2024-12-15 16:00:00,0.0001,16
2024-12-16 00:00:00,0.0001,0
2024-12-16 08:00:00,0.0001,8
2024-12-16 16:00:00,9.181e-05,16
2024-12-17 00:00:00,7.866e-05,0
2024-12-17 08:00:00,0.0001,8
2024-12-17 16:00:00,0.0001,16
2024-12-18 00:00:00,0.0001,0
2024-12-18 08:00:00,9.159e-05,8
2024-12-18 16:00:00,0.0001,16
2024-12-19 00:00:00,0.0001,0
2024-12-19 08:00:00,0.0001,8
2024-12-19 16:00:00,0.0001,16
2024-12-20 00:00:00,0.0001,0
2024-12-20 08:00:00,0.0001,8
2024-12-20 16:00:00,0.0001,16
2024-12-21 00:00:00,0.0001,0
2024-12-21 08:00:00,1.206e-05,8
2024-12-21 16:00:00,0.0001,16
2024-12-22 00:00:00,0.0001,0
2024-12-22 08:00:00,0.0001,8
2024-12-22 16:00:00,9.629e-05,16
2024-12-23 00:00:00,0.0001,0
2024-12-23 08:00:00,0.0001,8
2024-12-23 16:00:00,8.981e-05,16
2024-12-24 00:00:00,0.0001,0
2024-12-24 08:00:00,0.0001,8
2024-12-24 16:00:00,0.0001,16
2024-12-25 00:00:00,0.0001,0
2024-12-25 08:00:00,0.0001,8
2024-12-25 16:00:00,0.0001,16
2024-12-26 00:00:00,9.827e-05,0
2024-12-26 08:00:00,7.453e-05,8
2024-12-26 16:00:00,8.585e-05,16
2024-12-27 00:00:00,0.0001,0
2024-12-27 08:00:00,0.0001,8
2024-12-27 16:00:00,0.0001,16
2024-12-28 00:00:00,0.0001,0
2024-12-28 08:00:00,7.639e-05,8
2024-12-28 16:00:00,5.173e-05,16
2024-12-29 00:00:00,8.013e-05,0
2024-12-29 08:00:00,0.0001,8
2024-12-29 16:00:00,0.0001,16
2024-12-30 00:00:00,-4.2e-07,0
2024-12-30 08:00:00,8.791e-05,8
2024-12-30 16:00:00,0.0001,16
2024-12-31 00:00:00,0.0001,0
2024-12-31 08:00:00,0.0001,8
2024-12-31 16:00:00,0.0001,16
2025-01-01 00:00:00,0.0001,0
2025-01-01 08:00:00,0.0001,8
2025-01-01 16:00:00,0.0001,16
2025-01-02 00:00:00,0.0001,0
2025-01-02 08:00:00,0.0001,8
2025-01-02 16:00:00,0.0001,16
2025-01-03 00:00:00,0.0001,0
2025-01-03 08:00:00,0.0001,8
2025-01-03 16:00:00,5.242e-05,16
2025-01-04 00:00:00,7.699e-05,0
2025-01-04 08:00:00,0.0001,8
2025-01-04 16:00:00,7.98e-06,16
2025-01-05 00:00:00,0.0001,0
2025-01-05 08:00:00,0.0001,8
2025-01-05 16:00:00,8.32e-05,16
2025-01-06 00:00:00,0.0001,0
2025-01-06 08:00:00,0.0001,8
2025-01-06 16:00:00,0.0001,16
2025-01-07 00:00:00,0.0001,0
2025-01-07 08:00:00,8.903e-05,8
2025-01-07 16:00:00,8.279e-05,16
2025-01-08 00:00:00,0.0001,0
2025-01-08 08:00:00,0.0001,8
2025-01-08 16:00:00,0.0001,16
2025-01-09 00:00:00,0.0001,0
2025-01-09 08:00:00,9.834e-05,8
2025-01-09 16:00:00,-5.44e-06,16
2025-01-10 00:00:00,3.966e-05,0
2025-01-10 08:00:00,-1.06e-05,8
2025-01-10 16:00:00,8.078e-05,16
2025-01-11 00:00:00,5.68e-05,0
2025-01-11 08:00:00,4.055e-05,8
2025-01-11 16:00:00,2.608e-05,16
2025-01-12 00:00:00,5.009e-05,0
2025-01-12 08:00:00,3.21e-05,8
2025-01-12 16:00:00,6.647e-05,16
2025-01-13 00:00:00,5.266e-05,0
2025-01-13 08:00:00,6.989e-05,8
2025-01-13 16:00:00,8.81e-06,16
2025-01-14 00:00:00,0.0001,0
2025-01-14 08:00:00,0.0001,8
2025-01-14 16:00:00,9.496e-05,16
2025-01-15 00:00:00,4.989e-05,0
2025-01-15 08:00:00,8.795e-05,8
2025-01-15 16:00:00,5.844e-05,16
2025-01-16 00:00:00,7.28e-06,0
2025-01-16 08:00:00,7.568e-05,8
2025-01-16 16:00:00,4.598e-05,16
2025-01-17 00:00:00,4.597e-05,0
2025-01-17 08:00:00,9.386e-05,8
2025-01-17 16:00:00,3.432e-05,16
2025-01-18 00:00:00,6.707e-05,0
2025-01-18 08:00:00,0.0001,8
2025-01-18 16:00:00,0.0001,16
2025-01-19 00:00:00,0.0001,0
2025-01-19 08:00:00,0.0001,8
2025-01-19 16:00:00,0.0001,16
2025-01-20 00:00:00,0.0001,0
2025-01-20 08:00:00,0.0001,8
2025-01-20 16:00:00,0.0001,16
2025-01-21 00:00:00,0.0001,0
2025-01-21 08:00:00,0.0001,8
2025-01-21 16:00:00,0.0001,16
2025-01-22 00:00:00,0.0001,0
2025-01-22 08:00:00,0.0001,8
2025-01-22 16:00:00,0.0001,16
2025-01-23 00:00:00,8.654e-05,0
2025-01-23 08:00:00,0.0001,8
2025-01-23 16:00:00,8.616e-05,16
2025-01-24 00:00:00,3.34e-06,0
2025-01-24 08:00:00,7.537e-05,8
2025-01-24 16:00:00,9.54e-05,16
2025-01-25 00:00:00,5.702e-05,0
2025-01-25 08:00:00,8.495e-05,8
2025-01-25 16:00:00,7.782e-05,16
2025-01-26 00:00:00,8.363e-05,0
2025-01-26 08:00:00,0.0001,8
2025-01-26 16:00:00,8.443e-05,16
2025-01-27 00:00:00,9.084e-05,0
2025-01-27 08:00:00,3.712e-05,8
2025-01-27 16:00:00,9.8e-07,16
2025-01-28 00:00:00,0.0001,0
2025-01-28 08:00:00,3.714e-05,8
2025-01-28 16:00:00,9.848e-05,16
2025-01-29 00:00:00,0.0001,0
2025-01-29 08:00:00,0.0001,8
2025-01-29 16:00:00,9.949e-05,16
2025-01-30 00:00:00,7.59e-05,0
2025-01-30 08:00:00,0.0001,8
2025-01-30 16:00:00,9.499e-05,16
2025-01-31 00:00:00,1.225e-05,0
2025-01-31 08:00:00,0.0001,8
2025-01-31 16:00:00,0.0001,16
2025-02-01 00:00:00,8.098e-05,0
2025-02-01 08:00:00,5.369e-05,8
2025-02-01 16:00:00,5.968e-05,16
2025-02-02 00:00:00,5.824e-05,0
2025-02-02 08:00:00,3.38e-05,8
2025-02-02 16:00:00,-8.61e-06,16
2025-02-03 00:00:00,0.0001,0
2025-02-03 08:00:00,0.0001,8
2025-02-03 16:00:00,4.845e-05,16
2025-02-04 00:00:00,2.612e-05,0
2025-02-04 08:00:00,6.8e-05,8
2025-02-04 16:00:00,4.138e-05,16
2025-02-05 00:00:00,-4.61e-06,0
2025-02-05 08:00:00,4.774e-05,8
2025-02-05 16:00:00,1.61e-05,16
2025-02-06 00:00:00,2.186e-05,0
2025-02-06 08:00:00,-2.38e-06,8
2025-02-06 16:00:00,5.903e-05,16
2025-02-07 00:00:00,7.983e-05,0
2025-02-07 08:00:00,6.989e-05,8
2025-02-07 16:00:00,5.167e-05,16
2025-02-08 00:00:00,-4.1e-05,0
2025-02-08 08:00:00,1.137e-05,8
2025-02-08 16:00:00,3.24e-06,16
2025-02-09 00:00:00,3.873e-05,0
2025-02-09 08:00:00,9.6e-05,8
2025-02-09 16:00:00,2.839e-05,16
2025-02-10 00:00:00,1.802e-05,0
2025-02-10 08:00:00,9.176e-05,8
2025-02-10 16:00:00,7.457e-05,16
2025-02-11 00:00:00,4.218e-05,0
2025-02-11 08:00:00,7.09e-05,8
2025-02-11 16:00:00,-2.446e-05,16
2025-02-12 00:00:00,1.298e-05,0
2025-02-12 08:00:00,4.899e-05,8
2025-02-12 16:00:00,4.96e-05,16
2025-02-13 00:00:00,0.0001,0
2025-02-13 08:00:00,4.117e-05,8
2025-02-13 16:00:00,8.05e-06,16
2025-02-14 00:00:00,4.1e-05,0
2025-02-14 08:00:00,5.51e-05,8
2025-02-14 16:00:00,7.093e-05,16
2025-02-15 00:00:00,5.5e-07,0
2025-02-15 08:00:00,3.297e-05,8
2025-02-15 16:00:00,3.735e-05,16
2025-02-16 00:00:00,3.39e-05,0
2025-02-16 08:00:00,1.82e-06,8
2025-02-16 16:00:00,3.799e-05,16
2025-02-17 00:00:00,6.239e-05,0
2025-02-17 08:00:00,6.397e-05,8
2025-02-17 16:00:00,2.009e-05,16
2025-02-18 00:00:00,9.488e-05,0
2025-02-18 08:00:00,0.0001,8
2025-02-18 16:00:00,0.0001,16
2025-02-19 00:00:00,7.007e-05,0
2025-02-19 08:00:00,7.779e-05,8
2025-02-19 16:00:00,8.96e-05,16
2025-02-20 00:00:00,2.42e-05,0
2025-02-20 08:00:00,3.269e-05,8
2025-02-20 16:00:00,7.346e-05,16
2025-02-21 00:00:00,1.23e-06,0
2025-02-21 08:00:00,2.286e-05,8
2025-02-21 16:00:00,-9.7e-07,16
2025-02-22 00:00:00,0.0001,0
2025-02-22 08:00:00,6.466e-05,8
2025-02-22 16:00:00,2.318e-05,16
2025-02-23 00:00:00,4.112e-05,0
2025-02-23 08:00:00,3.14e-05,8
2025-02-23 16:00:00,1.478e-05,16
2025-02-24 00:00:00,-2.97e-05,0
2025-02-24 08:00:00,6.881e-05,8
2025-02-24 16:00:00,2.05e-05,16
2025-02-25 00:00:00,0.0001,0
2025-02-25 08:00:00,5.245e-05,8
2025-02-25 16:00:00,1.385e-05,16
2025-02-26 00:00:00,3.521e-05,0
2025-02-26 08:00:00,6.005e-05,8
2025-02-26 16:00:00,0.0001,16
2025-02-27 00:00:00,9.305e-05,0
2025-02-27 08:00:00,-6.17e-06,8
2025-02-27 16:00:00,9.433e-05,16
2025-02-28 00:00:00,9.444e-05,0
2025-02-28 08:00:00,9.521e-05,8
2025-02-28 16:00:00,-3.73e-06,16
2025-03-01 00:00:00,-1.4e-07,0
2025-03-01 08:00:00,-6.108e-05,8
2025-03-01 16:00:00,-8.58e-06,16
2025-03-02 00:00:00,-1.094e-05,0
2025-03-02 08:00:00,-2.783e-05,8
2025-03-02 16:00:00,-2.869e-05,16
2025-03-03 00:00:00,-5.518e-05,0
2025-03-03 08:00:00,7.91e-06,8
2025-03-03 16:00:00,5.272e-05,16
2025-03-04 00:00:00,-1.526e-05,0
2025-03-04 08:00:00,-2.7e-06,8
2025-03-04 16:00:00,1.306e-05,16
2025-03-05 00:00:00,4.113e-05,0
2025-03-05 08:00:00,2.722e-05,8
2025-03-05 16:00:00,5.028e-05,16
2025-03-06 00:00:00,3.538e-05,0
2025-03-06 08:00:00,6.413e-05,8
2025-03-06 16:00:00,6.818e-05,16
2025-03-07 00:00:00,-6.12e-06,0
2025-03-07 08:00:00,-1.539e-05,8
2025-03-07 16:00:00,2.028e-05,16
2025-03-08 00:00:00,5.328e-05,0
2025-03-08 08:00:00,3.73e-06,8
2025-03-08 16:00:00,1.208e-05,16
2025-03-09 00:00:00,-2.779e-05,0
2025-03-09 08:00:00,3.218e-05,8
2025-03-09 16:00:00,0.0001,16
2025-03-10 00:00:00,3.952e-05,0
2025-03-10 08:00:00,1.344e-05,8
2025-03-10 16:00:00,4.037e-05,16
2025-03-11 00:00:00,4.705e-05,0
2025-03-11 08:00:00,3.26e-05,8
2025-03-11 16:00:00,8.746e-05,16
2025-03-12 00:00:00,5.76e-06,0
2025-03-12 08:00:00,5.815e-05,8
2025-03-12 16:00:00,4.013e-05,16
2025-03-13 00:00:00,4.3e-06,0
2025-03-13 08:00:00,2.069e-05,8
2025-03-13 16:00:00,3.19e-05,16
2025-03-14 00:00:00,5.386e-05,0
2025-03-14 08:00:00,5.331e-05,8
2025-03-14 16:00:00,3.57e-06,16
2025-03-15 00:00:00,-6.035e-05,0
2025-03-15 08:00:00,-2.389e-05,8
2025-03-15 16:00:00,-3.21e-06,16
2025-03-16 00:00:00,4.32e-06,0
2025-03-16 08:00:00,4.236e-05,8
2025-03-16 16:00:00,1.247e-05,16
2025-03-17 00:00:00,1.065e-05,0
2025-03-17 08:00:00,8.474e-05,8
2025-03-17 16:00:00,8.59e-06,16
2025-03-18 00:00:00,7.03e-06,0
2025-03-18 08:00:00,2.059e-05,8
2025-03-18 16:00:00,3.514e-05,16
2025-03-19 00:00:00,2e-06,0
2025-03-19 08:00:00,5.961e-05,8
2025-03-19 16:00:00,5.024e-05,16
2025-03-20 00:00:00,1.944e-05,0
2025-03-20 08:00:00,3.79e-05,8
2025-03-20 16:00:00,1.086e-05,16
2025-03-21 00:00:00,1.615e-05,0
2025-03-21 08:00:00,5.324e-05,8
2025-03-21 16:00:00,2.518e-05,16
2025-03-22 00:00:00,2.836e-05,0
2025-03-22 08:00:00,-1.77e-05,8
2025-03-22 16:00:00,5.092e-05,16
2025-03-23 00:00:00,2.099e-05,0
2025-03-23 08:00:00,-1.84e-06,8
2025-03-23 16:00:00,4.02e-05,16
2025-03-24 00:00:00,2.039e-05,0
2025-03-24 08:00:00,5.512e-05,8
2025-03-24 16:00:00,-3.422e-05,16
2025-03-25 00:00:00,-2.47e-06,0
2025-03-25 08:00:00,1.15e-05,8
2025-03-25 16:00:00,-3.776e-05,16
2025-03-26 00:00:00,-2.99e-05,0
2025-03-26 08:00:00,1.659e-05,8
2025-03-26 16:00:00,-3.082e-05,16
2025-03-27 00:00:00,3.136e-05,0
2025-03-27 08:00:00,5.512e-05,8
2025-03-27 16:00:00,-3.76e-05,16
2025-03-28 00:00:00,1.584e-05,0
2025-03-28 08:00:00,-4.57e-06,8
2025-03-28 16:00:00,8.118e-05,16
2025-03-29 00:00:00,5.364e-05,0
2025-03-29 08:00:00,8.214e-05,8
2025-03-29 16:00:00,2.53e-05,16
2025-03-30 00:00:00,3.41e-06,0
2025-03-30 08:00:00,4.27e-06,8
2025-03-30 16:00:00,4.588e-05,16
2025-03-31 00:00:00,2.643e-05,0
2025-03-31 08:00:00,6.02e-05,8
2025-03-31 16:00:00,1.845e-05,16
2025-04-01 00:00:00,3.961e-05,0
2025-04-01 08:00:00,2.889e-05,8
2025-04-01 16:00:00,3.573e-05,16
2025-04-02 00:00:00,-2.112e-05,0
2025-04-02 08:00:00,3.036e-05,8
2025-04-02 16:00:00,7.33e-06,16
2025-04-03 00:00:00,5.862e-05,0
2025-04-03 08:00:00,5.038e-05,8
2025-04-03 16:00:00,6.484e-05,16
2025-04-04 00:00:00,4.283e-05,0
2025-04-04 08:00:00,4.736e-05,8
2025-04-04 16:00:00,8.038e-05,16
2025-04-05 00:00:00,8.559e-05,0
2025-04-05 08:00:00,7.437e-05,8
2025-04-05 16:00:00,4.08e-06,16
2025-04-06 00:00:00,2.21e-06,0
2025-04-06 08:00:00,5.363e-05,8
2025-04-06 16:00:00,-6.03e-06,16
2025-04-07 00:00:00,4.946e-05,0
2025-04-07 08:00:00,6.857e-05,8
2025-04-07 16:00:00,4.998e-05,16
2025-04-08 00:00:00,4.074e-05,0
2025-04-08 08:00:00,3.575e-05,8
2025-04-08 16:00:00,3.134e-05,16
2025-04-09 00:00:00,9.568e-05,0
2025-04-09 08:00:00,-2.252e-05,8
2025-04-09 16:00:00,6.856e-05,16
2025-04-10 00:00:00,7.705e-05,0
2025-04-10 08:00:00,1.14e-06,8
2025-04-10 16:00:00,6.775e-05,16
2025-04-11 00:00:00,2.065e-05,0
2025-04-11 08:00:00,-4.294e-05,8
2025-04-11 16:00:00,3.29e-05,16
2025-04-12 00:00:00,3.654e-05,0
2025-04-12 08:00:00,5.64e-05,8
2025-04-12 16:00:00,5.388e-05,16
2025-04-13 00:00:00,5.057e-05,0
2025-04-13 08:00:00,8.429e-05,8
2025-04-13 16:00:00,9.642e-05,16
2025-04-14 00:00:00,8.113e-05,0
2025-04-14 08:00:00,7.127e-05,8
2025-04-14 16:00:00,2.428e-05,16
2025-04-15 00:00:00,-2.073e-05,0
2025-04-15 08:00:00,6.606e-05,8
2025-04-15 16:00:00,1.883e-05,16
2025-04-16 00:00:00,2.428e-05,0
2025-04-16 08:00:00,6.917e-05,8
2025-04-16 16:00:00,1.978e-05,16
2025-04-17 00:00:00,1.404e-05,0
2025-04-17 08:00:00,5.679e-05,8
2025-04-17 16:00:00,3.425e-05,16
2025-04-18 00:00:00,1.788e-05,0
2025-04-18 08:00:00,7.071e-05,8
2025-04-18 16:00:00,2.995e-05,16
2025-04-19 00:00:00,2.93e-05,0
2025-04-19 08:00:00,6.024e-05,8
2025-04-19 16:00:00,-1.953e-05,16
2025-04-20 00:00:00,-2.98e-06,0
2025-04-20 08:00:00,-1.078e-05,8
2025-04-20 16:00:00,-2.258e-05,16
2025-04-21 00:00:00,5.232e-05,0
2025-04-21 08:00:00,5.403e-05,8
2025-04-21 16:00:00,1.553e-05,16
2025-04-22 00:00:00,7.749e-05,0
2025-04-22 08:00:00,-7.44e-06,8
2025-04-22 16:00:00,-7.045e-05,16
2025-04-23 00:00:00,-1.389e-05,0
2025-04-23 08:00:00,1.374e-05,8
2025-04-23 16:00:00,4.587e-05,16
2025-04-24 00:00:00,-2.671e-05,0
2025-04-24 08:00:00,5.21e-05,8
2025-04-24 16:00:00,-2.165e-05,16
2025-04-25 00:00:00,-1.764e-05,0
2025-04-25 08:00:00,1.7e-06,8
2025-04-25 16:00:00,1.2e-06,16
2025-04-26 00:00:00,-0.00010085,0
2025-04-26 08:00:00,-2.774e-05,8
2025-04-26 16:00:00,2.855e-05,16
2025-04-27 00:00:00,-1.5e-05,0
2025-04-27 08:00:00,-6.6e-06,8
2025-04-27 16:00:00,-4.21e-06,16
2025-04-28 00:00:00,3.73e-06,0
2025-04-28 08:00:00,2.46e-06,8
2025-04-28 16:00:00,-5.821e-05,16
2025-04-29 00:00:00,-7.73e-06,0
2025-04-29 08:00:00,4.13e-06,8
2025-04-29 16:00:00,1.305e-05,16
2025-04-30 00:00:00,-5.181e-05,0
2025-04-30 08:00:00,2.939e-05,8
2025-04-30 16:00:00,-3.797e-05,16
2025-05-01 00:00:00,3.519e-05,0
2025-05-01 08:00:00,5.755e-05,8
2025-05-01 16:00:00,-8.028e-05,16
2025-05-02 00:00:00,-0.00012232,0
2025-05-02 08:00:00,-9.382e-05,8
2025-05-02 16:00:00,-8.689e-05,16
2025-05-03 00:00:00,-5.953e-05,0
2025-05-03 08:00:00,3.198e-05,8
2025-05-03 16:00:00,-1.483e-05,16
2025-05-04 00:00:00,3.7e-06,0
2025-05-04 08:00:00,3.229e-05,8
2025-05-04 16:00:00,3.745e-05,16
2025-05-05 00:00:00,-2.404e-05,0
2025-05-05 08:00:00,3.636e-05,8
2025-05-05 16:00:00,-2.247e-05,16
2025-05-06 00:00:00,1.978e-05,0
2025-05-06 08:00:00,4.44e-05,8
2025-05-06 16:00:00,7.57e-06,16
2025-05-07 00:00:00,1.218e-05,0
2025-05-07 08:00:00,-2.5e-07,8
2025-05-07 16:00:00,1.32e-05,16
2025-05-08 00:00:00,2.318e-05,0
2025-05-08 08:00:00,4.608e-05,8
2025-05-08 16:00:00,5.728e-05,16
2025-05-09 00:00:00,0.0001,0
2025-05-09 08:00:00,0.0001,8
2025-05-09 16:00:00,4.378e-05,16
2025-05-10 00:00:00,9.657e-05,0
2025-05-10 08:00:00,0.0001,8
2025-05-10 16:00:00,4.257e-05,16
2025-05-11 00:00:00,0.0001,0
2025-05-11 08:00:00,4.15e-05,8
2025-05-11 16:00:00,0.0001,16
2025-05-12 00:00:00,4.454e-05,0
2025-05-12 08:00:00,0.0001,8
2025-05-12 16:00:00,2.301e-05,16
2025-05-13 00:00:00,6.847e-05,0
2025-05-13 08:00:00,0.0001,8
2025-05-13 16:00:00,7.256e-05,16
